solid OpenSCAD_Model
  facet normal 0.998629 0.0523389 0
    outer loop
      vertex 25.0795 2.3 2.01628
      vertex 25.062 2.63412 0
      vertex 25.062 2.63412 2.23326
    endloop
  endfacet
  facet normal 0.998629 0.0523368 -3.48191e-007
    outer loop
      vertex 25.1019 1.87099 1.79769
      vertex 25.062 2.63412 0
      vertex 25.0795 2.3 2.01628
    endloop
  endfacet
  facet normal 0.99863 0.0523358 -7.66264e-007
    outer loop
      vertex 25.1255 1.42148 1.62514
      vertex 25.062 2.63412 0
      vertex 25.1019 1.87099 1.79769
    endloop
  endfacet
  facet normal 0.99863 0.0523361 -5.82366e-007
    outer loop
      vertex 25.1499 0.956393 1.50052
      vertex 25.062 2.63412 0
      vertex 25.1255 1.42148 1.62514
    endloop
  endfacet
  facet normal 0.99863 0.0523361 3.88578e-007
    outer loop
      vertex 25.2 0 0
      vertex 25.1499 0.956393 1.50052
      vertex 25.1748 0.48083 1.4252
    endloop
  endfacet
  facet normal 0.998629 0.0523373 -0
    outer loop
      vertex 25.2 0 0
      vertex 25.1748 0.48083 1.4252
      vertex 25.2 0 1.4
    endloop
  endfacet
  facet normal 0.998629 0.0523367 6.4529e-008
    outer loop
      vertex 25.1499 0.956393 1.50052
      vertex 25.2 0 0
      vertex 25.062 2.63412 0
    endloop
  endfacet
  facet normal 0.998629 0.0523389 0
    outer loop
      vertex 25.062 2.63412 12
      vertex 25.0795 2.3 9.98372
      vertex 25.062 2.63412 9.76674
    endloop
  endfacet
  facet normal 0.998629 0.052338 -1.27261e-006
    outer loop
      vertex 25.1019 1.87099 11.7977
      vertex 25.062 2.63412 12
      vertex 25.0811 2.26804 12
    endloop
  endfacet
  facet normal 0.998629 0.0523376 0
    outer loop
      vertex 25.062 2.63412 12
      vertex 25.1019 1.87099 11.7977
      vertex 25.1019 1.87099 10.2023
    endloop
  endfacet
  facet normal 0.998629 0.0523368 3.48191e-007
    outer loop
      vertex 25.062 2.63412 12
      vertex 25.1019 1.87099 10.2023
      vertex 25.0795 2.3 9.98372
    endloop
  endfacet
  facet normal 0.99863 0.0523355 0
    outer loop
      vertex 25.1255 1.42148 11.6251
      vertex 25.1019 1.87099 10.2023
      vertex 25.1019 1.87099 11.7977
    endloop
  endfacet
  facet normal 0.99863 0.0523355 0
    outer loop
      vertex 25.1255 1.42148 11.6251
      vertex 25.1255 1.42148 10.3749
      vertex 25.1019 1.87099 10.2023
    endloop
  endfacet
  facet normal 0.99863 0.0523359 0
    outer loop
      vertex 25.1499 0.956393 11.5005
      vertex 25.1255 1.42148 10.3749
      vertex 25.1255 1.42148 11.6251
    endloop
  endfacet
  facet normal 0.99863 0.0523359 0
    outer loop
      vertex 25.1499 0.956393 11.5005
      vertex 25.1499 0.956393 10.4995
      vertex 25.1255 1.42148 10.3749
    endloop
  endfacet
  facet normal 0.99863 0.0523362 0
    outer loop
      vertex 25.1748 0.48083 11.4252
      vertex 25.1499 0.956393 10.4995
      vertex 25.1499 0.956393 11.5005
    endloop
  endfacet
  facet normal 0.99863 0.0523362 0
    outer loop
      vertex 25.1748 0.48083 11.4252
      vertex 25.1748 0.48083 10.5748
      vertex 25.1499 0.956393 10.4995
    endloop
  endfacet
  facet normal 0.998629 0.0523373 0
    outer loop
      vertex 25.2 0 11.4
      vertex 25.1748 0.48083 10.5748
      vertex 25.1748 0.48083 11.4252
    endloop
  endfacet
  facet normal 0.998629 0.0523373 0
    outer loop
      vertex 25.1748 0.48083 10.5748
      vertex 25.2 0 11.4
      vertex 25.2 0 10.6
    endloop
  endfacet
  facet normal -0.998629 0.0523367 0
    outer loop
      vertex -25.2 0 0
      vertex -25.062 2.63412 12
      vertex -25.062 2.63412 0
    endloop
  endfacet
  facet normal -0.998629 0.0523367 0
    outer loop
      vertex -25.062 2.63412 12
      vertex -25.2 0 0
      vertex -25.2 0 12
    endloop
  endfacet
  facet normal -0.0523367 0.998629 0
    outer loop
      vertex 0 25.2 0
      vertex -2.63412 25.062 12
      vertex 0 25.2 12
    endloop
  endfacet
  facet normal -0.0523367 0.998629 0
    outer loop
      vertex -2.63412 25.062 12
      vertex 0 25.2 0
      vertex -2.63412 25.062 0
    endloop
  endfacet
  facet normal 0.0523367 -0.998629 0
    outer loop
      vertex 0 -25.2 0
      vertex 2.63412 -25.062 12
      vertex 0 -25.2 12
    endloop
  endfacet
  facet normal 0.0523367 -0.998629 0
    outer loop
      vertex 2.63412 -25.062 12
      vertex 0 -25.2 0
      vertex 2.63412 -25.062 0
    endloop
  endfacet
  facet normal 0.62932 0.777146 -0
    outer loop
      vertex 16.8621 18.7272 0
      vertex 14.8122 20.3872 12
      vertex 16.8621 18.7272 12
    endloop
  endfacet
  facet normal 0.62932 0.777146 0
    outer loop
      vertex 14.8122 20.3872 12
      vertex 16.8621 18.7272 0
      vertex 14.8122 20.3872 0
    endloop
  endfacet
  facet normal -0.707107 0.707107 0
    outer loop
      vertex -18.7272 16.8621 0
      vertex -16.8621 18.7272 12
      vertex -16.8621 18.7272 0
    endloop
  endfacet
  facet normal -0.707107 0.707107 0
    outer loop
      vertex -16.8621 18.7272 12
      vertex -18.7272 16.8621 0
      vertex -18.7272 16.8621 12
    endloop
  endfacet
  facet normal -0.45399 0.891007 0
    outer loop
      vertex -10.2498 23.0213 0
      vertex -12.6 21.8238 12
      vertex -10.2498 23.0213 12
    endloop
  endfacet
  facet normal -0.45399 0.891007 0
    outer loop
      vertex -12.6 21.8238 12
      vertex -10.2498 23.0213 0
      vertex -12.6 21.8238 0
    endloop
  endfacet
  facet normal 0.891007 0.45399 0
    outer loop
      vertex 23.0213 10.2498 12
      vertex 21.8238 12.6 0
      vertex 21.8238 12.6 12
    endloop
  endfacet
  facet normal 0.891007 0.45399 0
    outer loop
      vertex 21.8238 12.6 0
      vertex 23.0213 10.2498 12
      vertex 23.0213 10.2498 0
    endloop
  endfacet
  facet normal 0.258819 0.965926 -0
    outer loop
      vertex 7.78723 23.9666 0
      vertex 5.23937 24.6493 12
      vertex 7.78723 23.9666 12
    endloop
  endfacet
  facet normal 0.258819 0.965926 0
    outer loop
      vertex 5.23937 24.6493 12
      vertex 7.78723 23.9666 0
      vertex 5.23937 24.6493 0
    endloop
  endfacet
  facet normal 0.156434 0.987688 -0
    outer loop
      vertex 5.23937 24.6493 0
      vertex 2.63412 25.062 12
      vertex 5.23937 24.6493 12
    endloop
  endfacet
  facet normal 0.156434 0.987688 0
    outer loop
      vertex 2.63412 25.062 12
      vertex 5.23937 24.6493 0
      vertex 2.63412 25.062 0
    endloop
  endfacet
  facet normal 0.45399 0.891007 -0
    outer loop
      vertex 12.6 21.8238 0
      vertex 10.2498 23.0213 12
      vertex 12.6 21.8238 12
    endloop
  endfacet
  facet normal 0.45399 0.891007 0
    outer loop
      vertex 10.2498 23.0213 12
      vertex 12.6 21.8238 0
      vertex 10.2498 23.0213 0
    endloop
  endfacet
  facet normal -0.891007 0.45399 0
    outer loop
      vertex -23.0213 10.2498 0
      vertex -21.8238 12.6 12
      vertex -21.8238 12.6 0
    endloop
  endfacet
  facet normal -0.891007 0.45399 0
    outer loop
      vertex -21.8238 12.6 12
      vertex -23.0213 10.2498 0
      vertex -23.0213 10.2498 12
    endloop
  endfacet
  facet normal -0.83867 0.544639 0
    outer loop
      vertex -21.8238 12.6 0
      vertex -20.3872 14.8122 12
      vertex -20.3872 14.8122 0
    endloop
  endfacet
  facet normal -0.83867 0.544639 0
    outer loop
      vertex -20.3872 14.8122 12
      vertex -21.8238 12.6 0
      vertex -21.8238 12.6 12
    endloop
  endfacet
  facet normal -0.544639 0.83867 0
    outer loop
      vertex -12.6 21.8238 0
      vertex -14.8122 20.3872 12
      vertex -12.6 21.8238 12
    endloop
  endfacet
  facet normal -0.544639 0.83867 0
    outer loop
      vertex -14.8122 20.3872 12
      vertex -12.6 21.8238 0
      vertex -14.8122 20.3872 0
    endloop
  endfacet
  facet normal -0.258819 0.965926 0
    outer loop
      vertex -5.23937 24.6493 0
      vertex -7.78723 23.9666 12
      vertex -5.23937 24.6493 12
    endloop
  endfacet
  facet normal -0.258819 0.965926 0
    outer loop
      vertex -7.78723 23.9666 12
      vertex -5.23937 24.6493 0
      vertex -7.78723 23.9666 0
    endloop
  endfacet
  facet normal 0.965926 0.258819 0
    outer loop
      vertex 24.6493 5.23937 12
      vertex 23.9666 7.78723 0
      vertex 23.9666 7.78723 12
    endloop
  endfacet
  facet normal 0.965926 0.258819 0
    outer loop
      vertex 23.9666 7.78723 0
      vertex 24.6493 5.23937 12
      vertex 24.6493 5.23937 0
    endloop
  endfacet
  facet normal 0.987688 0.156434 0
    outer loop
      vertex 24.6493 5.23937 12
      vertex 24.7506 4.6 6
      vertex 24.6493 5.23937 0
    endloop
  endfacet
  facet normal 0.987686 0.156446 -1.33162e-006
    outer loop
      vertex 24.6493 5.23937 12
      vertex 24.7546 4.5748 6.48083
      vertex 24.7506 4.6 6
    endloop
  endfacet
  facet normal 0.98769 0.156426 1.24733e-006
    outer loop
      vertex 24.6493 5.23937 12
      vertex 24.7665 4.49948 6.95639
      vertex 24.7546 4.5748 6.48083
    endloop
  endfacet
  facet normal 0.987687 0.156442 -1.19959e-006
    outer loop
      vertex 24.6493 5.23937 12
      vertex 24.7862 4.37486 7.42148
      vertex 24.7665 4.49948 6.95639
    endloop
  endfacet
  facet normal 0.987689 0.156431 8.20355e-007
    outer loop
      vertex 24.6493 5.23937 12
      vertex 24.8136 4.20231 7.87099
      vertex 24.7862 4.37486 7.42148
    endloop
  endfacet
  facet normal 0.987688 0.156436 -3.77985e-007
    outer loop
      vertex 24.6493 5.23937 12
      vertex 24.8482 3.98372 8.3
      vertex 24.8136 4.20231 7.87099
    endloop
  endfacet
  facet normal 0.987688 0.156434 1.71574e-007
    outer loop
      vertex 24.6493 5.23937 12
      vertex 24.8897 3.72148 8.70381
      vertex 24.8482 3.98372 8.3
    endloop
  endfacet
  facet normal 0.987688 0.156435 -2.18061e-007
    outer loop
      vertex 24.6493 5.23937 12
      vertex 24.9377 3.41847 9.078
      vertex 24.8897 3.72148 8.70381
    endloop
  endfacet
  facet normal 0.987688 0.156435 5.52241e-008
    outer loop
      vertex 24.6493 5.23937 12
      vertex 24.9916 3.078 9.41847
      vertex 24.9377 3.41847 9.078
    endloop
  endfacet
  facet normal 0.987688 0.156434 8.69594e-007
    outer loop
      vertex 24.6493 5.23937 12
      vertex 25.0509 2.70381 9.72148
      vertex 24.9916 3.078 9.41847
    endloop
  endfacet
  facet normal 0.987688 0.156434 3.01616e-007
    outer loop
      vertex 25.062 2.63412 12
      vertex 25.0509 2.70381 9.72148
      vertex 24.6493 5.23937 12
    endloop
  endfacet
  facet normal 0.98769 0.156425 0
    outer loop
      vertex 25.0509 2.70381 9.72148
      vertex 25.062 2.63412 12
      vertex 25.062 2.63412 9.76674
    endloop
  endfacet
  facet normal 0.987686 0.156446 1.33162e-006
    outer loop
      vertex 24.7546 4.5748 5.51917
      vertex 24.6493 5.23937 0
      vertex 24.7506 4.6 6
    endloop
  endfacet
  facet normal 0.98769 0.156426 -1.24733e-006
    outer loop
      vertex 24.7665 4.49948 5.04361
      vertex 24.6493 5.23937 0
      vertex 24.7546 4.5748 5.51917
    endloop
  endfacet
  facet normal 0.987687 0.156442 1.19959e-006
    outer loop
      vertex 24.7862 4.37486 4.57852
      vertex 24.6493 5.23937 0
      vertex 24.7665 4.49948 5.04361
    endloop
  endfacet
  facet normal 0.987689 0.156431 -8.20355e-007
    outer loop
      vertex 24.8136 4.20231 4.12901
      vertex 24.6493 5.23937 0
      vertex 24.7862 4.37486 4.57852
    endloop
  endfacet
  facet normal 0.987688 0.156436 3.77985e-007
    outer loop
      vertex 24.8482 3.98372 3.7
      vertex 24.6493 5.23937 0
      vertex 24.8136 4.20231 4.12901
    endloop
  endfacet
  facet normal 0.987688 0.156434 -1.71574e-007
    outer loop
      vertex 24.8897 3.72148 3.29619
      vertex 24.6493 5.23937 0
      vertex 24.8482 3.98372 3.7
    endloop
  endfacet
  facet normal 0.987688 0.156435 2.18061e-007
    outer loop
      vertex 24.9377 3.41847 2.922
      vertex 24.6493 5.23937 0
      vertex 24.8897 3.72148 3.29619
    endloop
  endfacet
  facet normal 0.987688 0.156435 -5.52241e-008
    outer loop
      vertex 24.9916 3.078 2.58153
      vertex 24.6493 5.23937 0
      vertex 24.9377 3.41847 2.922
    endloop
  endfacet
  facet normal 0.987688 0.156434 -8.69594e-007
    outer loop
      vertex 25.0509 2.70381 2.27852
      vertex 24.6493 5.23937 0
      vertex 24.9916 3.078 2.58153
    endloop
  endfacet
  facet normal 0.98769 0.156425 -0
    outer loop
      vertex 25.062 2.63412 0
      vertex 25.0509 2.70381 2.27852
      vertex 25.062 2.63412 2.23326
    endloop
  endfacet
  facet normal 0.987688 0.156434 -3.01616e-007
    outer loop
      vertex 25.0509 2.70381 2.27852
      vertex 25.062 2.63412 0
      vertex 24.6493 5.23937 0
    endloop
  endfacet
  facet normal 0.93358 0.358368 0
    outer loop
      vertex 23.9666 7.78723 12
      vertex 23.0213 10.2498 0
      vertex 23.0213 10.2498 12
    endloop
  endfacet
  facet normal 0.93358 0.358368 0
    outer loop
      vertex 23.0213 10.2498 0
      vertex 23.9666 7.78723 12
      vertex 23.9666 7.78723 0
    endloop
  endfacet
  facet normal 0.777146 0.62932 0
    outer loop
      vertex 20.3872 14.8122 12
      vertex 18.7272 16.8621 0
      vertex 18.7272 16.8621 12
    endloop
  endfacet
  facet normal 0.777146 0.62932 0
    outer loop
      vertex 18.7272 16.8621 0
      vertex 20.3872 14.8122 12
      vertex 20.3872 14.8122 0
    endloop
  endfacet
  facet normal 0.707107 0.707107 0
    outer loop
      vertex 18.7272 16.8621 12
      vertex 16.8621 18.7272 0
      vertex 16.8621 18.7272 12
    endloop
  endfacet
  facet normal 0.707107 0.707107 0
    outer loop
      vertex 16.8621 18.7272 0
      vertex 18.7272 16.8621 12
      vertex 18.7272 16.8621 0
    endloop
  endfacet
  facet normal 0.0523367 0.998629 -0
    outer loop
      vertex 2.63412 25.062 0
      vertex 0 25.2 12
      vertex 2.63412 25.062 12
    endloop
  endfacet
  facet normal 0.0523367 0.998629 0
    outer loop
      vertex 0 25.2 12
      vertex 2.63412 25.062 0
      vertex 0 25.2 0
    endloop
  endfacet
  facet normal 0.544639 0.83867 -0
    outer loop
      vertex 14.8122 20.3872 0
      vertex 12.6 21.8238 12
      vertex 14.8122 20.3872 12
    endloop
  endfacet
  facet normal 0.544639 0.83867 0
    outer loop
      vertex 12.6 21.8238 12
      vertex 14.8122 20.3872 0
      vertex 12.6 21.8238 0
    endloop
  endfacet
  facet normal -0.965926 0.258819 0
    outer loop
      vertex -24.6493 5.23937 0
      vertex -23.9666 7.78723 12
      vertex -23.9666 7.78723 0
    endloop
  endfacet
  facet normal -0.965926 0.258819 0
    outer loop
      vertex -23.9666 7.78723 12
      vertex -24.6493 5.23937 0
      vertex -24.6493 5.23937 12
    endloop
  endfacet
  facet normal -0.777146 0.62932 0
    outer loop
      vertex -20.3872 14.8122 0
      vertex -18.7272 16.8621 12
      vertex -18.7272 16.8621 0
    endloop
  endfacet
  facet normal -0.777146 0.62932 0
    outer loop
      vertex -18.7272 16.8621 12
      vertex -20.3872 14.8122 0
      vertex -20.3872 14.8122 12
    endloop
  endfacet
  facet normal -0.93358 0.358368 0
    outer loop
      vertex -23.9666 7.78723 0
      vertex -23.0213 10.2498 12
      vertex -23.0213 10.2498 0
    endloop
  endfacet
  facet normal -0.93358 0.358368 0
    outer loop
      vertex -23.0213 10.2498 12
      vertex -23.9666 7.78723 0
      vertex -23.9666 7.78723 12
    endloop
  endfacet
  facet normal -0.987688 0.156434 0
    outer loop
      vertex -25.062 2.63412 0
      vertex -24.6493 5.23937 12
      vertex -24.6493 5.23937 0
    endloop
  endfacet
  facet normal -0.987688 0.156434 0
    outer loop
      vertex -24.6493 5.23937 12
      vertex -25.062 2.63412 0
      vertex -25.062 2.63412 12
    endloop
  endfacet
  facet normal 0 0 1
    outer loop
      vertex 20.8 2.26804 12
      vertex 25.062 2.63412 12
      vertex 24.6493 5.23937 12
    endloop
  endfacet
  facet normal 0 0 1
    outer loop
      vertex 20.8 2.26804 12
      vertex 24.6493 5.23937 12
      vertex 23.9666 7.78723 12
    endloop
  endfacet
  facet normal 0 0 1
    outer loop
      vertex 14.6463 4.75886 12
      vertex 23.9666 7.78723 12
      vertex 23.0213 10.2498 12
    endloop
  endfacet
  facet normal 0 0 1
    outer loop
      vertex 14.0686 6.26374 12
      vertex 23.0213 10.2498 12
      vertex 21.8238 12.6 12
    endloop
  endfacet
  facet normal 0 0 1
    outer loop
      vertex 25.062 2.63412 12
      vertex 20.8 2.26804 12
      vertex 25.0811 2.26804 12
    endloop
  endfacet
  facet normal 0 -0 1
    outer loop
      vertex 14.6463 4.75886 12
      vertex 23.0213 10.2498 12
      vertex 14.0686 6.26374 12
    endloop
  endfacet
  facet normal 0 0 1
    outer loop
      vertex 14.0686 6.26374 12
      vertex 21.8238 12.6 12
      vertex 20.3872 14.8122 12
    endloop
  endfacet
  facet normal -0 0 1
    outer loop
      vertex 20.8 -2.26804 12
      vertex 25.062 -2.63412 12
      vertex 25.0811 -2.26804 12
    endloop
  endfacet
  facet normal 0 0 1
    outer loop
      vertex 25.062 -2.63412 12
      vertex 20.8 -2.26804 12
      vertex 24.6493 -5.23937 12
    endloop
  endfacet
  facet normal 0 0 1
    outer loop
      vertex 24.6493 -5.23937 12
      vertex 20.8 -2.26804 12
      vertex 23.9666 -7.78723 12
    endloop
  endfacet
  facet normal -0 0 1
    outer loop
      vertex 14.6463 -4.75886 12
      vertex 23.9666 -7.78723 12
      vertex 20.8 -2.26804 12
    endloop
  endfacet
  facet normal 0 0 1
    outer loop
      vertex 23.9666 -7.78723 12
      vertex 14.6463 -4.75886 12
      vertex 23.0213 -10.2498 12
    endloop
  endfacet
  facet normal 0 0 1
    outer loop
      vertex 23.0213 -10.2498 12
      vertex 14.0686 -6.26374 12
      vertex 21.8238 -12.6 12
    endloop
  endfacet
  facet normal 0 -0 1
    outer loop
      vertex 15.3156 1.60974 12
      vertex 20.8 2.26804 12
      vertex 15.0635 3.20184 12
    endloop
  endfacet
  facet normal 0 0 1
    outer loop
      vertex 12.4589 9.05189 12
      vertex 20.3872 14.8122 12
      vertex 18.7272 16.8621 12
    endloop
  endfacet
  facet normal -0 0 1
    outer loop
      vertex 15.3156 -1.60974 12
      vertex 20.8 -2.26804 12
      vertex 15.4 0 12
    endloop
  endfacet
  facet normal 0 0 1
    outer loop
      vertex 11.4444 10.3046 12
      vertex 18.7272 16.8621 12
      vertex 16.8621 18.7272 12
    endloop
  endfacet
  facet normal 0 0 1
    outer loop
      vertex 15.0635 -3.20184 12
      vertex 20.8 -2.26804 12
      vertex 15.3156 -1.60974 12
    endloop
  endfacet
  facet normal 0 0 1
    outer loop
      vertex 14.6463 -4.75886 12
      vertex 20.8 -2.26804 12
      vertex 15.0635 -3.20184 12
    endloop
  endfacet
  facet normal 0 0 1
    outer loop
      vertex 20.8 2.26804 12
      vertex 15.4 0 12
      vertex 20.8 -2.26804 12
    endloop
  endfacet
  facet normal 0 -0 1
    outer loop
      vertex 15.4 0 12
      vertex 20.8 2.26804 12
      vertex 15.3156 1.60974 12
    endloop
  endfacet
  facet normal 0 0 1
    outer loop
      vertex 10.3046 11.4444 12
      vertex 16.8621 18.7272 12
      vertex 14.8122 20.3872 12
    endloop
  endfacet
  facet normal 0 0 1
    outer loop
      vertex 20.8 2.26804 12
      vertex 14.6463 4.75886 12
      vertex 15.0635 3.20184 12
    endloop
  endfacet
  facet normal 0 0 1
    outer loop
      vertex 23.9666 7.78723 12
      vertex 14.6463 4.75886 12
      vertex 20.8 2.26804 12
    endloop
  endfacet
  facet normal 0 0 1
    outer loop
      vertex 20.3872 14.8122 12
      vertex 13.3368 7.7 12
      vertex 14.0686 6.26374 12
    endloop
  endfacet
  facet normal 0 0 1
    outer loop
      vertex 9.05189 12.4589 12
      vertex 14.8122 20.3872 12
      vertex 12.6 21.8238 12
    endloop
  endfacet
  facet normal 0 0 1
    outer loop
      vertex 20.3872 14.8122 12
      vertex 12.4589 9.05189 12
      vertex 13.3368 7.7 12
    endloop
  endfacet
  facet normal 0 0 1
    outer loop
      vertex 18.7272 16.8621 12
      vertex 11.4444 10.3046 12
      vertex 12.4589 9.05189 12
    endloop
  endfacet
  facet normal 0 0 1
    outer loop
      vertex 16.8621 18.7272 12
      vertex 10.3046 11.4444 12
      vertex 11.4444 10.3046 12
    endloop
  endfacet
  facet normal 0 0 1
    outer loop
      vertex 7.7 13.3368 12
      vertex 12.6 21.8238 12
      vertex 10.2498 23.0213 12
    endloop
  endfacet
  facet normal 0 0 1
    outer loop
      vertex 14.8122 20.3872 12
      vertex 9.05189 12.4589 12
      vertex 10.3046 11.4444 12
    endloop
  endfacet
  facet normal 0 0 1
    outer loop
      vertex 2.4863 19.7387 12
      vertex 10.2498 23.0213 12
      vertex 7.78723 23.9666 12
    endloop
  endfacet
  facet normal 0 0 1
    outer loop
      vertex 12.6 21.8238 12
      vertex 7.7 13.3368 12
      vertex 9.05189 12.4589 12
    endloop
  endfacet
  facet normal 0 0 1
    outer loop
      vertex 10.2498 23.0213 12
      vertex 6.26374 14.0686 12
      vertex 7.7 13.3368 12
    endloop
  endfacet
  facet normal 0 0 1
    outer loop
      vertex 2.44537 20.5198 12
      vertex 7.78723 23.9666 12
      vertex 5.23937 24.6493 12
    endloop
  endfacet
  facet normal 0 0 1
    outer loop
      vertex 2.4863 19.7387 12
      vertex 7.78723 23.9666 12
      vertex 2.5 20 12
    endloop
  endfacet
  facet normal -0 0 1
    outer loop
      vertex 2.44537 19.4802 12
      vertex 6.26374 14.0686 12
      vertex 2.4863 19.7387 12
    endloop
  endfacet
  facet normal 0 0 1
    outer loop
      vertex 1.85786 21.6728 12
      vertex 5.23937 24.6493 12
      vertex 2.63412 25.062 12
    endloop
  endfacet
  facet normal 0 0 1
    outer loop
      vertex 10.2498 23.0213 12
      vertex 2.4863 19.7387 12
      vertex 6.26374 14.0686 12
    endloop
  endfacet
  facet normal 0 0 1
    outer loop
      vertex 6.26374 14.0686 12
      vertex 2.44537 19.4802 12
      vertex 4.75886 14.6463 12
    endloop
  endfacet
  facet normal -0 0 1
    outer loop
      vertex 2.37764 19.2275 12
      vertex 4.75886 14.6463 12
      vertex 2.44537 19.4802 12
    endloop
  endfacet
  facet normal -0 0 1
    outer loop
      vertex 2.28386 18.9832 12
      vertex 4.75886 14.6463 12
      vertex 2.37764 19.2275 12
    endloop
  endfacet
  facet normal -0 0 1
    outer loop
      vertex 2.16506 18.75 12
      vertex 4.75886 14.6463 12
      vertex 2.28386 18.9832 12
    endloop
  endfacet
  facet normal 0 0 1
    outer loop
      vertex 4.75886 14.6463 12
      vertex 2.16506 18.75 12
      vertex 3.20184 15.0635 12
    endloop
  endfacet
  facet normal -0 0 1
    outer loop
      vertex 2.02254 18.5305 12
      vertex 3.20184 15.0635 12
      vertex 2.16506 18.75 12
    endloop
  endfacet
  facet normal -0 0 1
    outer loop
      vertex 1.85786 18.3272 12
      vertex 3.20184 15.0635 12
      vertex 2.02254 18.5305 12
    endloop
  endfacet
  facet normal -0 0 1
    outer loop
      vertex 1.67283 18.1421 12
      vertex 3.20184 15.0635 12
      vertex 1.85786 18.3272 12
    endloop
  endfacet
  facet normal 0 0 1
    outer loop
      vertex 1.67283 18.1421 12
      vertex 1.60974 15.3156 12
      vertex 3.20184 15.0635 12
    endloop
  endfacet
  facet normal -0 0 1
    outer loop
      vertex 1.46946 17.9775 12
      vertex 1.60974 15.3156 12
      vertex 1.67283 18.1421 12
    endloop
  endfacet
  facet normal -0 0 1
    outer loop
      vertex 1.25 17.8349 12
      vertex 1.60974 15.3156 12
      vertex 1.46946 17.9775 12
    endloop
  endfacet
  facet normal -0 0 1
    outer loop
      vertex 1.01684 17.7161 12
      vertex 1.60974 15.3156 12
      vertex 1.25 17.8349 12
    endloop
  endfacet
  facet normal -0 0 1
    outer loop
      vertex 0.772542 17.6224 12
      vertex 1.60974 15.3156 12
      vertex 1.01684 17.7161 12
    endloop
  endfacet
  facet normal -0 0 1
    outer loop
      vertex 0.519779 17.5546 12
      vertex 1.60974 15.3156 12
      vertex 0.772542 17.6224 12
    endloop
  endfacet
  facet normal 0 0 1
    outer loop
      vertex 0 15.4 12
      vertex 0.519779 17.5546 12
      vertex 0.261321 17.5137 12
    endloop
  endfacet
  facet normal 0 0 1
    outer loop
      vertex 0 15.4 12
      vertex 0.261321 17.5137 12
      vertex 0 17.5 12
    endloop
  endfacet
  facet normal 0 0 1
    outer loop
      vertex 0.519779 17.5546 12
      vertex 0 15.4 12
      vertex 1.60974 15.3156 12
    endloop
  endfacet
  facet normal 0 0 1
    outer loop
      vertex -0.261321 17.5137 12
      vertex 0 15.4 12
      vertex 0 17.5 12
    endloop
  endfacet
  facet normal 0 0 1
    outer loop
      vertex -0.519779 17.5546 12
      vertex 0 15.4 12
      vertex -0.261321 17.5137 12
    endloop
  endfacet
  facet normal 0 0 1
    outer loop
      vertex -1.60974 15.3156 12
      vertex -0.519779 17.5546 12
      vertex -0.772542 17.6224 12
    endloop
  endfacet
  facet normal 0 0 1
    outer loop
      vertex -1.60974 15.3156 12
      vertex -0.772542 17.6224 12
      vertex -1.01684 17.7161 12
    endloop
  endfacet
  facet normal 0 0 1
    outer loop
      vertex -1.60974 15.3156 12
      vertex -1.01684 17.7161 12
      vertex -1.25 17.8349 12
    endloop
  endfacet
  facet normal 0 0 1
    outer loop
      vertex -1.60974 15.3156 12
      vertex -1.25 17.8349 12
      vertex -1.46946 17.9775 12
    endloop
  endfacet
  facet normal 0 0 1
    outer loop
      vertex -0.519779 17.5546 12
      vertex -1.60974 15.3156 12
      vertex 0 15.4 12
    endloop
  endfacet
  facet normal 0 0 1
    outer loop
      vertex -1.67283 18.1421 12
      vertex -1.60974 15.3156 12
      vertex -1.46946 17.9775 12
    endloop
  endfacet
  facet normal 0 0 1
    outer loop
      vertex -3.20184 15.0635 12
      vertex -1.67283 18.1421 12
      vertex -1.85786 18.3272 12
    endloop
  endfacet
  facet normal 0 0 1
    outer loop
      vertex -3.20184 15.0635 12
      vertex -1.85786 18.3272 12
      vertex -2.02254 18.5305 12
    endloop
  endfacet
  facet normal 0 0 1
    outer loop
      vertex -3.20184 15.0635 12
      vertex -2.02254 18.5305 12
      vertex -2.16506 18.75 12
    endloop
  endfacet
  facet normal 0 0 1
    outer loop
      vertex -4.75886 14.6463 12
      vertex -2.16506 18.75 12
      vertex -2.28386 18.9832 12
    endloop
  endfacet
  facet normal 0 0 1
    outer loop
      vertex -4.75886 14.6463 12
      vertex -2.28386 18.9832 12
      vertex -2.37764 19.2275 12
    endloop
  endfacet
  facet normal 0 0 1
    outer loop
      vertex -4.75886 14.6463 12
      vertex -2.37764 19.2275 12
      vertex -2.44537 19.4802 12
    endloop
  endfacet
  facet normal 0 0 1
    outer loop
      vertex -1.67283 18.1421 12
      vertex -3.20184 15.0635 12
      vertex -1.60974 15.3156 12
    endloop
  endfacet
  facet normal 0 0 1
    outer loop
      vertex -6.26374 14.0686 12
      vertex -2.44537 19.4802 12
      vertex -2.4863 19.7387 12
    endloop
  endfacet
  facet normal 0 0 1
    outer loop
      vertex -7.78723 23.9666 12
      vertex -2.4863 19.7387 12
      vertex -2.5 20 12
    endloop
  endfacet
  facet normal 0 0 1
    outer loop
      vertex -2.44537 20.5198 12
      vertex -7.78723 23.9666 12
      vertex -2.4863 20.2613 12
    endloop
  endfacet
  facet normal 0 0 1
    outer loop
      vertex -2.4863 20.2613 12
      vertex -7.78723 23.9666 12
      vertex -2.5 20 12
    endloop
  endfacet
  facet normal 0 0 1
    outer loop
      vertex -2.16506 18.75 12
      vertex -4.75886 14.6463 12
      vertex -3.20184 15.0635 12
    endloop
  endfacet
  facet normal 0 0 1
    outer loop
      vertex -2.4863 19.7387 12
      vertex -7.78723 23.9666 12
      vertex -10.2498 23.0213 12
    endloop
  endfacet
  facet normal 0 0 1
    outer loop
      vertex -2.44537 19.4802 12
      vertex -6.26374 14.0686 12
      vertex -4.75886 14.6463 12
    endloop
  endfacet
  facet normal 0 0 1
    outer loop
      vertex -2.4863 19.7387 12
      vertex -10.2498 23.0213 12
      vertex -6.26374 14.0686 12
    endloop
  endfacet
  facet normal 0 0 1
    outer loop
      vertex -6.26374 14.0686 12
      vertex -10.2498 23.0213 12
      vertex -7.7 13.3368 12
    endloop
  endfacet
  facet normal -0 0 1
    outer loop
      vertex -12.6 21.8238 12
      vertex -7.7 13.3368 12
      vertex -10.2498 23.0213 12
    endloop
  endfacet
  facet normal 0 0 1
    outer loop
      vertex -7.7 13.3368 12
      vertex -12.6 21.8238 12
      vertex -9.05189 12.4589 12
    endloop
  endfacet
  facet normal -0 0 1
    outer loop
      vertex -14.8122 20.3872 12
      vertex -9.05189 12.4589 12
      vertex -12.6 21.8238 12
    endloop
  endfacet
  facet normal 0 0 1
    outer loop
      vertex -9.05189 12.4589 12
      vertex -14.8122 20.3872 12
      vertex -10.3046 11.4444 12
    endloop
  endfacet
  facet normal -0 0 1
    outer loop
      vertex -16.8621 18.7272 12
      vertex -10.3046 11.4444 12
      vertex -14.8122 20.3872 12
    endloop
  endfacet
  facet normal 0 0 1
    outer loop
      vertex -10.3046 11.4444 12
      vertex -16.8621 18.7272 12
      vertex -11.4444 10.3046 12
    endloop
  endfacet
  facet normal -0 0 1
    outer loop
      vertex -18.7272 16.8621 12
      vertex -11.4444 10.3046 12
      vertex -16.8621 18.7272 12
    endloop
  endfacet
  facet normal 0 0 1
    outer loop
      vertex -11.4444 10.3046 12
      vertex -18.7272 16.8621 12
      vertex -12.4589 9.05189 12
    endloop
  endfacet
  facet normal -0 0 1
    outer loop
      vertex -20.3872 14.8122 12
      vertex -12.4589 9.05189 12
      vertex -18.7272 16.8621 12
    endloop
  endfacet
  facet normal 0 0 1
    outer loop
      vertex -12.4589 9.05189 12
      vertex -20.3872 14.8122 12
      vertex -13.3368 7.7 12
    endloop
  endfacet
  facet normal -0 0 1
    outer loop
      vertex -21.8238 12.6 12
      vertex -13.3368 7.7 12
      vertex -20.3872 14.8122 12
    endloop
  endfacet
  facet normal 0 0 1
    outer loop
      vertex -13.3368 7.7 12
      vertex -21.8238 12.6 12
      vertex -14.0686 6.26374 12
    endloop
  endfacet
  facet normal -0 0 1
    outer loop
      vertex -23.0213 10.2498 12
      vertex -14.0686 6.26374 12
      vertex -21.8238 12.6 12
    endloop
  endfacet
  facet normal 0 0 1
    outer loop
      vertex 7.78723 23.9666 12
      vertex 2.4863 20.2613 12
      vertex 2.5 20 12
    endloop
  endfacet
  facet normal 0 0 1
    outer loop
      vertex 7.78723 23.9666 12
      vertex 2.44537 20.5198 12
      vertex 2.4863 20.2613 12
    endloop
  endfacet
  facet normal 0 0 1
    outer loop
      vertex 5.23937 24.6493 12
      vertex 2.37764 20.7725 12
      vertex 2.44537 20.5198 12
    endloop
  endfacet
  facet normal 0 0 1
    outer loop
      vertex 5.23937 24.6493 12
      vertex 2.28386 21.0168 12
      vertex 2.37764 20.7725 12
    endloop
  endfacet
  facet normal 0 0 1
    outer loop
      vertex 5.23937 24.6493 12
      vertex 2.16506 21.25 12
      vertex 2.28386 21.0168 12
    endloop
  endfacet
  facet normal 0 0 1
    outer loop
      vertex 5.23937 24.6493 12
      vertex 2.02254 21.4695 12
      vertex 2.16506 21.25 12
    endloop
  endfacet
  facet normal 0 0 1
    outer loop
      vertex 5.23937 24.6493 12
      vertex 1.85786 21.6728 12
      vertex 2.02254 21.4695 12
    endloop
  endfacet
  facet normal 0 0 1
    outer loop
      vertex 2.63412 25.062 12
      vertex 1.67283 21.8579 12
      vertex 1.85786 21.6728 12
    endloop
  endfacet
  facet normal 0 0 1
    outer loop
      vertex 2.63412 25.062 12
      vertex 1.46946 22.0225 12
      vertex 1.67283 21.8579 12
    endloop
  endfacet
  facet normal 0 0 1
    outer loop
      vertex 2.63412 25.062 12
      vertex 1.25 22.1651 12
      vertex 1.46946 22.0225 12
    endloop
  endfacet
  facet normal 0 0 1
    outer loop
      vertex 2.63412 25.062 12
      vertex 1.01684 22.2839 12
      vertex 1.25 22.1651 12
    endloop
  endfacet
  facet normal 0 0 1
    outer loop
      vertex 2.63412 25.062 12
      vertex 0.772542 22.3776 12
      vertex 1.01684 22.2839 12
    endloop
  endfacet
  facet normal 0 0 1
    outer loop
      vertex 0 25.2 12
      vertex 0.772542 22.3776 12
      vertex 2.63412 25.062 12
    endloop
  endfacet
  facet normal 0 0 1
    outer loop
      vertex 0.772542 22.3776 12
      vertex 0 25.2 12
      vertex 0.519779 22.4454 12
    endloop
  endfacet
  facet normal 0 0 1
    outer loop
      vertex 0.519779 22.4454 12
      vertex 0 25.2 12
      vertex 0.261321 22.4863 12
    endloop
  endfacet
  facet normal 0 0 1
    outer loop
      vertex 0 25.2 12
      vertex 0 22.5 12
      vertex 0.261321 22.4863 12
    endloop
  endfacet
  facet normal 0 0 1
    outer loop
      vertex 0 25.2 12
      vertex -0.261321 22.4863 12
      vertex 0 22.5 12
    endloop
  endfacet
  facet normal 0 0 1
    outer loop
      vertex 0 25.2 12
      vertex -0.519779 22.4454 12
      vertex -0.261321 22.4863 12
    endloop
  endfacet
  facet normal 0 0 1
    outer loop
      vertex 0 25.2 12
      vertex -0.772542 22.3776 12
      vertex -0.519779 22.4454 12
    endloop
  endfacet
  facet normal -0 0 1
    outer loop
      vertex -2.63412 25.062 12
      vertex -0.772542 22.3776 12
      vertex 0 25.2 12
    endloop
  endfacet
  facet normal 0 0 1
    outer loop
      vertex -0.772542 22.3776 12
      vertex -2.63412 25.062 12
      vertex -1.01684 22.2839 12
    endloop
  endfacet
  facet normal 0 0 1
    outer loop
      vertex -1.01684 22.2839 12
      vertex -2.63412 25.062 12
      vertex -1.25 22.1651 12
    endloop
  endfacet
  facet normal 0 0 1
    outer loop
      vertex -1.25 22.1651 12
      vertex -2.63412 25.062 12
      vertex -1.46946 22.0225 12
    endloop
  endfacet
  facet normal 0 0 1
    outer loop
      vertex -1.46946 22.0225 12
      vertex -2.63412 25.062 12
      vertex -1.67283 21.8579 12
    endloop
  endfacet
  facet normal 0 0 1
    outer loop
      vertex -1.67283 21.8579 12
      vertex -2.63412 25.062 12
      vertex -1.85786 21.6728 12
    endloop
  endfacet
  facet normal -0 0 1
    outer loop
      vertex -5.23937 24.6493 12
      vertex -1.85786 21.6728 12
      vertex -2.63412 25.062 12
    endloop
  endfacet
  facet normal -0 0 1
    outer loop
      vertex -7.78723 23.9666 12
      vertex -2.44537 20.5198 12
      vertex -5.23937 24.6493 12
    endloop
  endfacet
  facet normal 0 0 1
    outer loop
      vertex -2.37764 20.7725 12
      vertex -5.23937 24.6493 12
      vertex -2.44537 20.5198 12
    endloop
  endfacet
  facet normal 0 0 1
    outer loop
      vertex -2.28386 21.0168 12
      vertex -5.23937 24.6493 12
      vertex -2.37764 20.7725 12
    endloop
  endfacet
  facet normal 0 0 1
    outer loop
      vertex -2.16506 21.25 12
      vertex -5.23937 24.6493 12
      vertex -2.28386 21.0168 12
    endloop
  endfacet
  facet normal 0 0 1
    outer loop
      vertex -2.02254 21.4695 12
      vertex -5.23937 24.6493 12
      vertex -2.16506 21.25 12
    endloop
  endfacet
  facet normal 0 0 1
    outer loop
      vertex -1.85786 21.6728 12
      vertex -5.23937 24.6493 12
      vertex -2.02254 21.4695 12
    endloop
  endfacet
  facet normal 0 0 1
    outer loop
      vertex 23.0213 -10.2498 12
      vertex 14.6463 -4.75886 12
      vertex 14.0686 -6.26374 12
    endloop
  endfacet
  facet normal -0 0 1
    outer loop
      vertex 13.3368 -7.7 12
      vertex 21.8238 -12.6 12
      vertex 14.0686 -6.26374 12
    endloop
  endfacet
  facet normal 0 0 1
    outer loop
      vertex 21.8238 -12.6 12
      vertex 13.3368 -7.7 12
      vertex 20.3872 -14.8122 12
    endloop
  endfacet
  facet normal -0 0 1
    outer loop
      vertex 12.4589 -9.05189 12
      vertex 20.3872 -14.8122 12
      vertex 13.3368 -7.7 12
    endloop
  endfacet
  facet normal 0 0 1
    outer loop
      vertex 20.3872 -14.8122 12
      vertex 12.4589 -9.05189 12
      vertex 18.7272 -16.8621 12
    endloop
  endfacet
  facet normal -0 0 1
    outer loop
      vertex 11.4444 -10.3046 12
      vertex 18.7272 -16.8621 12
      vertex 12.4589 -9.05189 12
    endloop
  endfacet
  facet normal 0 0 1
    outer loop
      vertex 18.7272 -16.8621 12
      vertex 11.4444 -10.3046 12
      vertex 16.8621 -18.7272 12
    endloop
  endfacet
  facet normal -0 0 1
    outer loop
      vertex 10.3046 -11.4444 12
      vertex 16.8621 -18.7272 12
      vertex 11.4444 -10.3046 12
    endloop
  endfacet
  facet normal 0 0 1
    outer loop
      vertex 16.8621 -18.7272 12
      vertex 10.3046 -11.4444 12
      vertex 14.8122 -20.3872 12
    endloop
  endfacet
  facet normal -0 0 1
    outer loop
      vertex 9.05189 -12.4589 12
      vertex 14.8122 -20.3872 12
      vertex 10.3046 -11.4444 12
    endloop
  endfacet
  facet normal 0 0 1
    outer loop
      vertex 14.8122 -20.3872 12
      vertex 9.05189 -12.4589 12
      vertex 12.6 -21.8238 12
    endloop
  endfacet
  facet normal -0 0 1
    outer loop
      vertex 7.7 -13.3368 12
      vertex 12.6 -21.8238 12
      vertex 9.05189 -12.4589 12
    endloop
  endfacet
  facet normal 0 0 1
    outer loop
      vertex 12.6 -21.8238 12
      vertex 7.7 -13.3368 12
      vertex 10.2498 -23.0213 12
    endloop
  endfacet
  facet normal -0 0 1
    outer loop
      vertex 6.26374 -14.0686 12
      vertex 10.2498 -23.0213 12
      vertex 7.7 -13.3368 12
    endloop
  endfacet
  facet normal -0 0 1
    outer loop
      vertex 2.4863 -19.7387 12
      vertex 10.2498 -23.0213 12
      vertex 6.26374 -14.0686 12
    endloop
  endfacet
  facet normal 0 0 1
    outer loop
      vertex 10.2498 -23.0213 12
      vertex 2.4863 -19.7387 12
      vertex 7.78723 -23.9666 12
    endloop
  endfacet
  facet normal 0 0 1
    outer loop
      vertex 2.44537 -19.4802 12
      vertex 6.26374 -14.0686 12
      vertex 4.75886 -14.6463 12
    endloop
  endfacet
  facet normal 0 0 1
    outer loop
      vertex 2.16506 -18.75 12
      vertex 4.75886 -14.6463 12
      vertex 3.20184 -15.0635 12
    endloop
  endfacet
  facet normal 0 0 1
    outer loop
      vertex 7.78723 -23.9666 12
      vertex 2.4863 -19.7387 12
      vertex 2.5 -20 12
    endloop
  endfacet
  facet normal -0 0 1
    outer loop
      vertex 2.44537 -20.5198 12
      vertex 7.78723 -23.9666 12
      vertex 2.4863 -20.2613 12
    endloop
  endfacet
  facet normal -0 0 1
    outer loop
      vertex 2.4863 -20.2613 12
      vertex 7.78723 -23.9666 12
      vertex 2.5 -20 12
    endloop
  endfacet
  facet normal 0 0 1
    outer loop
      vertex 6.26374 -14.0686 12
      vertex 2.44537 -19.4802 12
      vertex 2.4863 -19.7387 12
    endloop
  endfacet
  facet normal 0 0 1
    outer loop
      vertex 4.75886 -14.6463 12
      vertex 2.37764 -19.2275 12
      vertex 2.44537 -19.4802 12
    endloop
  endfacet
  facet normal 0 0 1
    outer loop
      vertex 4.75886 -14.6463 12
      vertex 2.28386 -18.9832 12
      vertex 2.37764 -19.2275 12
    endloop
  endfacet
  facet normal 0 0 1
    outer loop
      vertex 4.75886 -14.6463 12
      vertex 2.16506 -18.75 12
      vertex 2.28386 -18.9832 12
    endloop
  endfacet
  facet normal 0 0 1
    outer loop
      vertex 3.20184 -15.0635 12
      vertex 2.02254 -18.5305 12
      vertex 2.16506 -18.75 12
    endloop
  endfacet
  facet normal 0 0 1
    outer loop
      vertex 3.20184 -15.0635 12
      vertex 1.85786 -18.3272 12
      vertex 2.02254 -18.5305 12
    endloop
  endfacet
  facet normal 0 0 1
    outer loop
      vertex 3.20184 -15.0635 12
      vertex 1.67283 -18.1421 12
      vertex 1.85786 -18.3272 12
    endloop
  endfacet
  facet normal -0 0 1
    outer loop
      vertex 1.60974 -15.3156 12
      vertex 1.67283 -18.1421 12
      vertex 3.20184 -15.0635 12
    endloop
  endfacet
  facet normal 0 0 1
    outer loop
      vertex 1.60974 -15.3156 12
      vertex 1.46946 -17.9775 12
      vertex 1.67283 -18.1421 12
    endloop
  endfacet
  facet normal 0 0 1
    outer loop
      vertex 1.60974 -15.3156 12
      vertex 1.25 -17.8349 12
      vertex 1.46946 -17.9775 12
    endloop
  endfacet
  facet normal 0 0 1
    outer loop
      vertex 1.60974 -15.3156 12
      vertex 1.01684 -17.7161 12
      vertex 1.25 -17.8349 12
    endloop
  endfacet
  facet normal 0 0 1
    outer loop
      vertex 1.60974 -15.3156 12
      vertex 0.772542 -17.6224 12
      vertex 1.01684 -17.7161 12
    endloop
  endfacet
  facet normal 0 0 1
    outer loop
      vertex 1.60974 -15.3156 12
      vertex 0.519779 -17.5546 12
      vertex 0.772542 -17.6224 12
    endloop
  endfacet
  facet normal -0 0 1
    outer loop
      vertex 0 -15.4 12
      vertex 0.519779 -17.5546 12
      vertex 1.60974 -15.3156 12
    endloop
  endfacet
  facet normal 0 0 1
    outer loop
      vertex 0.519779 -17.5546 12
      vertex 0 -15.4 12
      vertex 0.261321 -17.5137 12
    endloop
  endfacet
  facet normal 0 0 1
    outer loop
      vertex 0 -15.4 12
      vertex 0 -17.5 12
      vertex 0.261321 -17.5137 12
    endloop
  endfacet
  facet normal 0 0 1
    outer loop
      vertex 0 -15.4 12
      vertex -0.261321 -17.5137 12
      vertex 0 -17.5 12
    endloop
  endfacet
  facet normal 0 0 1
    outer loop
      vertex 0 -15.4 12
      vertex -0.519779 -17.5546 12
      vertex -0.261321 -17.5137 12
    endloop
  endfacet
  facet normal 0 0 1
    outer loop
      vertex -1.60974 -15.3156 12
      vertex -0.519779 -17.5546 12
      vertex 0 -15.4 12
    endloop
  endfacet
  facet normal 0 0 1
    outer loop
      vertex -0.519779 -17.5546 12
      vertex -1.60974 -15.3156 12
      vertex -0.772542 -17.6224 12
    endloop
  endfacet
  facet normal 0 0 1
    outer loop
      vertex -0.772542 -17.6224 12
      vertex -1.60974 -15.3156 12
      vertex -1.01684 -17.7161 12
    endloop
  endfacet
  facet normal 0 0 1
    outer loop
      vertex -1.01684 -17.7161 12
      vertex -1.60974 -15.3156 12
      vertex -1.25 -17.8349 12
    endloop
  endfacet
  facet normal 0 0 1
    outer loop
      vertex -1.25 -17.8349 12
      vertex -1.60974 -15.3156 12
      vertex -1.46946 -17.9775 12
    endloop
  endfacet
  facet normal 0 0 1
    outer loop
      vertex -1.60974 -15.3156 12
      vertex -1.67283 -18.1421 12
      vertex -1.46946 -17.9775 12
    endloop
  endfacet
  facet normal 0 0 1
    outer loop
      vertex -3.20184 -15.0635 12
      vertex -1.67283 -18.1421 12
      vertex -1.60974 -15.3156 12
    endloop
  endfacet
  facet normal 0 0 1
    outer loop
      vertex -1.67283 -18.1421 12
      vertex -3.20184 -15.0635 12
      vertex -1.85786 -18.3272 12
    endloop
  endfacet
  facet normal 0 0 1
    outer loop
      vertex -1.85786 -18.3272 12
      vertex -3.20184 -15.0635 12
      vertex -2.02254 -18.5305 12
    endloop
  endfacet
  facet normal 0 0 1
    outer loop
      vertex -2.02254 -18.5305 12
      vertex -3.20184 -15.0635 12
      vertex -2.16506 -18.75 12
    endloop
  endfacet
  facet normal 0 0 1
    outer loop
      vertex -4.75886 -14.6463 12
      vertex -2.16506 -18.75 12
      vertex -3.20184 -15.0635 12
    endloop
  endfacet
  facet normal 0 0 1
    outer loop
      vertex -2.16506 -18.75 12
      vertex -4.75886 -14.6463 12
      vertex -2.28386 -18.9832 12
    endloop
  endfacet
  facet normal 0 0 1
    outer loop
      vertex -2.28386 -18.9832 12
      vertex -4.75886 -14.6463 12
      vertex -2.37764 -19.2275 12
    endloop
  endfacet
  facet normal 0 0 1
    outer loop
      vertex -2.37764 -19.2275 12
      vertex -4.75886 -14.6463 12
      vertex -2.44537 -19.4802 12
    endloop
  endfacet
  facet normal 0 0 1
    outer loop
      vertex -6.26374 -14.0686 12
      vertex -2.44537 -19.4802 12
      vertex -4.75886 -14.6463 12
    endloop
  endfacet
  facet normal 0 0 1
    outer loop
      vertex -2.44537 -19.4802 12
      vertex -6.26374 -14.0686 12
      vertex -2.4863 -19.7387 12
    endloop
  endfacet
  facet normal 0 0 1
    outer loop
      vertex -10.2498 -23.0213 12
      vertex -2.4863 -19.7387 12
      vertex -6.26374 -14.0686 12
    endloop
  endfacet
  facet normal 0 0 1
    outer loop
      vertex -2.5 -20 12
      vertex -5.23937 -24.6493 12
      vertex -2.63412 -25.062 12
    endloop
  endfacet
  facet normal 0 -0 1
    outer loop
      vertex -7.78723 -23.9666 12
      vertex -2.4863 -19.7387 12
      vertex -10.2498 -23.0213 12
    endloop
  endfacet
  facet normal 0 0 1
    outer loop
      vertex -10.2498 -23.0213 12
      vertex -6.26374 -14.0686 12
      vertex -7.7 -13.3368 12
    endloop
  endfacet
  facet normal 0 0 1
    outer loop
      vertex -2.5 -20 12
      vertex -7.78723 -23.9666 12
      vertex -5.23937 -24.6493 12
    endloop
  endfacet
  facet normal 0 0 1
    outer loop
      vertex -12.6 -21.8238 12
      vertex -7.7 -13.3368 12
      vertex -9.05189 -12.4589 12
    endloop
  endfacet
  facet normal 0 0 1
    outer loop
      vertex -2.4863 -19.7387 12
      vertex -7.78723 -23.9666 12
      vertex -2.5 -20 12
    endloop
  endfacet
  facet normal 0 0 1
    outer loop
      vertex -14.8122 -20.3872 12
      vertex -9.05189 -12.4589 12
      vertex -10.3046 -11.4444 12
    endloop
  endfacet
  facet normal 0 0 1
    outer loop
      vertex -16.8621 -18.7272 12
      vertex -10.3046 -11.4444 12
      vertex -11.4444 -10.3046 12
    endloop
  endfacet
  facet normal 0 0 1
    outer loop
      vertex -18.7272 -16.8621 12
      vertex -11.4444 -10.3046 12
      vertex -12.4589 -9.05189 12
    endloop
  endfacet
  facet normal 0 0 1
    outer loop
      vertex -7.7 -13.3368 12
      vertex -12.6 -21.8238 12
      vertex -10.2498 -23.0213 12
    endloop
  endfacet
  facet normal 0 0 1
    outer loop
      vertex -20.3872 -14.8122 12
      vertex -12.4589 -9.05189 12
      vertex -13.3368 -7.7 12
    endloop
  endfacet
  facet normal 0 0 1
    outer loop
      vertex -21.8238 -12.6 12
      vertex -13.3368 -7.7 12
      vertex -14.0686 -6.26374 12
    endloop
  endfacet
  facet normal 0 0 1
    outer loop
      vertex -23.0213 -10.2498 12
      vertex -14.0686 -6.26374 12
      vertex -14.6463 -4.75886 12
    endloop
  endfacet
  facet normal 0 0 1
    outer loop
      vertex -9.05189 -12.4589 12
      vertex -14.8122 -20.3872 12
      vertex -12.6 -21.8238 12
    endloop
  endfacet
  facet normal 0 0 1
    outer loop
      vertex -23.9666 -7.78723 12
      vertex -14.6463 -4.75886 12
      vertex -15.0635 -3.20184 12
    endloop
  endfacet
  facet normal 0 0 1
    outer loop
      vertex -24.6493 -5.23937 12
      vertex -15.0635 -3.20184 12
      vertex -15.3156 -1.60974 12
    endloop
  endfacet
  facet normal 0 0 1
    outer loop
      vertex -25.062 -2.63412 12
      vertex -15.3156 -1.60974 12
      vertex -15.4 0 12
    endloop
  endfacet
  facet normal 0 0 1
    outer loop
      vertex -14.0686 6.26374 12
      vertex -23.0213 10.2498 12
      vertex -14.6463 4.75886 12
    endloop
  endfacet
  facet normal 0 0 1
    outer loop
      vertex -10.3046 -11.4444 12
      vertex -16.8621 -18.7272 12
      vertex -14.8122 -20.3872 12
    endloop
  endfacet
  facet normal -0 0 1
    outer loop
      vertex -23.9666 7.78723 12
      vertex -14.6463 4.75886 12
      vertex -23.0213 10.2498 12
    endloop
  endfacet
  facet normal 0 0 1
    outer loop
      vertex -11.4444 -10.3046 12
      vertex -18.7272 -16.8621 12
      vertex -16.8621 -18.7272 12
    endloop
  endfacet
  facet normal 0 0 1
    outer loop
      vertex -14.6463 4.75886 12
      vertex -23.9666 7.78723 12
      vertex -15.0635 3.20184 12
    endloop
  endfacet
  facet normal 0 0 1
    outer loop
      vertex -12.4589 -9.05189 12
      vertex -20.3872 -14.8122 12
      vertex -18.7272 -16.8621 12
    endloop
  endfacet
  facet normal -0 0 1
    outer loop
      vertex -24.6493 5.23937 12
      vertex -15.0635 3.20184 12
      vertex -23.9666 7.78723 12
    endloop
  endfacet
  facet normal 0 0 1
    outer loop
      vertex -13.3368 -7.7 12
      vertex -21.8238 -12.6 12
      vertex -20.3872 -14.8122 12
    endloop
  endfacet
  facet normal 0 0 1
    outer loop
      vertex -15.0635 3.20184 12
      vertex -24.6493 5.23937 12
      vertex -15.3156 1.60974 12
    endloop
  endfacet
  facet normal 0 0 1
    outer loop
      vertex -14.0686 -6.26374 12
      vertex -23.0213 -10.2498 12
      vertex -21.8238 -12.6 12
    endloop
  endfacet
  facet normal -0 0 1
    outer loop
      vertex -25.062 2.63412 12
      vertex -15.3156 1.60974 12
      vertex -24.6493 5.23937 12
    endloop
  endfacet
  facet normal 0 0 1
    outer loop
      vertex -14.6463 -4.75886 12
      vertex -23.9666 -7.78723 12
      vertex -23.0213 -10.2498 12
    endloop
  endfacet
  facet normal 0 0 1
    outer loop
      vertex -15.3156 1.60974 12
      vertex -25.062 2.63412 12
      vertex -15.4 0 12
    endloop
  endfacet
  facet normal 0 0 1
    outer loop
      vertex -15.0635 -3.20184 12
      vertex -24.6493 -5.23937 12
      vertex -23.9666 -7.78723 12
    endloop
  endfacet
  facet normal 0 0 1
    outer loop
      vertex -25.2 0 12
      vertex -15.4 0 12
      vertex -25.062 2.63412 12
    endloop
  endfacet
  facet normal 0 0 1
    outer loop
      vertex -15.3156 -1.60974 12
      vertex -25.062 -2.63412 12
      vertex -24.6493 -5.23937 12
    endloop
  endfacet
  facet normal 0 0 1
    outer loop
      vertex -15.4 0 12
      vertex -25.2 0 12
      vertex -25.062 -2.63412 12
    endloop
  endfacet
  facet normal 0 0 1
    outer loop
      vertex 7.78723 -23.9666 12
      vertex 2.44537 -20.5198 12
      vertex 5.23937 -24.6493 12
    endloop
  endfacet
  facet normal -0 0 1
    outer loop
      vertex 2.37764 -20.7725 12
      vertex 5.23937 -24.6493 12
      vertex 2.44537 -20.5198 12
    endloop
  endfacet
  facet normal -0 0 1
    outer loop
      vertex 2.28386 -21.0168 12
      vertex 5.23937 -24.6493 12
      vertex 2.37764 -20.7725 12
    endloop
  endfacet
  facet normal -0 0 1
    outer loop
      vertex 2.16506 -21.25 12
      vertex 5.23937 -24.6493 12
      vertex 2.28386 -21.0168 12
    endloop
  endfacet
  facet normal -0 0 1
    outer loop
      vertex 2.02254 -21.4695 12
      vertex 5.23937 -24.6493 12
      vertex 2.16506 -21.25 12
    endloop
  endfacet
  facet normal -0 0 1
    outer loop
      vertex 1.85786 -21.6728 12
      vertex 5.23937 -24.6493 12
      vertex 2.02254 -21.4695 12
    endloop
  endfacet
  facet normal 0 0 1
    outer loop
      vertex 5.23937 -24.6493 12
      vertex 1.85786 -21.6728 12
      vertex 2.63412 -25.062 12
    endloop
  endfacet
  facet normal -0 0 1
    outer loop
      vertex 1.67283 -21.8579 12
      vertex 2.63412 -25.062 12
      vertex 1.85786 -21.6728 12
    endloop
  endfacet
  facet normal -0 0 1
    outer loop
      vertex 1.46946 -22.0225 12
      vertex 2.63412 -25.062 12
      vertex 1.67283 -21.8579 12
    endloop
  endfacet
  facet normal -0 0 1
    outer loop
      vertex 1.25 -22.1651 12
      vertex 2.63412 -25.062 12
      vertex 1.46946 -22.0225 12
    endloop
  endfacet
  facet normal -0 0 1
    outer loop
      vertex 1.01684 -22.2839 12
      vertex 2.63412 -25.062 12
      vertex 1.25 -22.1651 12
    endloop
  endfacet
  facet normal -0 0 1
    outer loop
      vertex 0.772542 -22.3776 12
      vertex 2.63412 -25.062 12
      vertex 1.01684 -22.2839 12
    endloop
  endfacet
  facet normal 0 0 1
    outer loop
      vertex 0 -25.2 12
      vertex 0.772542 -22.3776 12
      vertex 0.519779 -22.4454 12
    endloop
  endfacet
  facet normal 0 0 1
    outer loop
      vertex 0 -25.2 12
      vertex 0.519779 -22.4454 12
      vertex 0.261321 -22.4863 12
    endloop
  endfacet
  facet normal 0 0 1
    outer loop
      vertex 0 -25.2 12
      vertex 0.261321 -22.4863 12
      vertex 0 -22.5 12
    endloop
  endfacet
  facet normal 0 0 1
    outer loop
      vertex 0.772542 -22.3776 12
      vertex 0 -25.2 12
      vertex 2.63412 -25.062 12
    endloop
  endfacet
  facet normal 0 0 1
    outer loop
      vertex -0.261321 -22.4863 12
      vertex 0 -25.2 12
      vertex 0 -22.5 12
    endloop
  endfacet
  facet normal 0 0 1
    outer loop
      vertex -0.519779 -22.4454 12
      vertex 0 -25.2 12
      vertex -0.261321 -22.4863 12
    endloop
  endfacet
  facet normal 0 0 1
    outer loop
      vertex -0.772542 -22.3776 12
      vertex 0 -25.2 12
      vertex -0.519779 -22.4454 12
    endloop
  endfacet
  facet normal 0 0 1
    outer loop
      vertex -2.63412 -25.062 12
      vertex -0.772542 -22.3776 12
      vertex -1.01684 -22.2839 12
    endloop
  endfacet
  facet normal 0 0 1
    outer loop
      vertex -2.63412 -25.062 12
      vertex -1.01684 -22.2839 12
      vertex -1.25 -22.1651 12
    endloop
  endfacet
  facet normal 0 0 1
    outer loop
      vertex -2.63412 -25.062 12
      vertex -1.25 -22.1651 12
      vertex -1.46946 -22.0225 12
    endloop
  endfacet
  facet normal 0 0 1
    outer loop
      vertex -2.63412 -25.062 12
      vertex -1.46946 -22.0225 12
      vertex -1.67283 -21.8579 12
    endloop
  endfacet
  facet normal 0 0 1
    outer loop
      vertex -2.63412 -25.062 12
      vertex -1.67283 -21.8579 12
      vertex -1.85786 -21.6728 12
    endloop
  endfacet
  facet normal 0 0 1
    outer loop
      vertex -2.63412 -25.062 12
      vertex -1.85786 -21.6728 12
      vertex -2.02254 -21.4695 12
    endloop
  endfacet
  facet normal 0 0 1
    outer loop
      vertex -2.63412 -25.062 12
      vertex -2.02254 -21.4695 12
      vertex -2.16506 -21.25 12
    endloop
  endfacet
  facet normal 0 0 1
    outer loop
      vertex -0.772542 -22.3776 12
      vertex -2.63412 -25.062 12
      vertex 0 -25.2 12
    endloop
  endfacet
  facet normal 0 0 1
    outer loop
      vertex -2.28386 -21.0168 12
      vertex -2.63412 -25.062 12
      vertex -2.16506 -21.25 12
    endloop
  endfacet
  facet normal 0 0 1
    outer loop
      vertex -2.37764 -20.7725 12
      vertex -2.63412 -25.062 12
      vertex -2.28386 -21.0168 12
    endloop
  endfacet
  facet normal 0 0 1
    outer loop
      vertex -2.44537 -20.5198 12
      vertex -2.63412 -25.062 12
      vertex -2.37764 -20.7725 12
    endloop
  endfacet
  facet normal 0 0 1
    outer loop
      vertex -2.4863 -20.2613 12
      vertex -2.63412 -25.062 12
      vertex -2.44537 -20.5198 12
    endloop
  endfacet
  facet normal 0 0 1
    outer loop
      vertex -2.63412 -25.062 12
      vertex -2.4863 -20.2613 12
      vertex -2.5 -20 12
    endloop
  endfacet
  facet normal -0.156434 0.987688 0
    outer loop
      vertex -2.63412 25.062 0
      vertex -5.23937 24.6493 12
      vertex -2.63412 25.062 12
    endloop
  endfacet
  facet normal -0.156434 0.987688 0
    outer loop
      vertex -5.23937 24.6493 12
      vertex -2.63412 25.062 0
      vertex -5.23937 24.6493 0
    endloop
  endfacet
  facet normal 0.998629 -0.0523373 0
    outer loop
      vertex 25.1748 -0.48083 1.4252
      vertex 25.2 0 0
      vertex 25.2 0 1.4
    endloop
  endfacet
  facet normal 0.99863 -0.0523361 3.88578e-007
    outer loop
      vertex 25.1499 -0.956393 1.50052
      vertex 25.2 0 0
      vertex 25.1748 -0.48083 1.4252
    endloop
  endfacet
  facet normal 0.99863 -0.0523361 -5.82366e-007
    outer loop
      vertex 25.062 -2.63412 0
      vertex 25.1499 -0.956393 1.50052
      vertex 25.1255 -1.42148 1.62514
    endloop
  endfacet
  facet normal 0.99863 -0.0523358 -7.66264e-007
    outer loop
      vertex 25.062 -2.63412 0
      vertex 25.1255 -1.42148 1.62514
      vertex 25.1019 -1.87099 1.79769
    endloop
  endfacet
  facet normal 0.998629 -0.0523368 -3.48191e-007
    outer loop
      vertex 25.062 -2.63412 0
      vertex 25.1019 -1.87099 1.79769
      vertex 25.0795 -2.3 2.01628
    endloop
  endfacet
  facet normal 0.998629 -0.0523389 0
    outer loop
      vertex 25.062 -2.63412 0
      vertex 25.0795 -2.3 2.01628
      vertex 25.062 -2.63412 2.23326
    endloop
  endfacet
  facet normal 0.998629 -0.0523367 6.4529e-008
    outer loop
      vertex 25.1499 -0.956393 1.50052
      vertex 25.062 -2.63412 0
      vertex 25.2 0 0
    endloop
  endfacet
  facet normal 0.998629 -0.0523373 0
    outer loop
      vertex 25.1748 -0.48083 11.4252
      vertex 25.2 0 10.6
      vertex 25.2 0 11.4
    endloop
  endfacet
  facet normal 0.998629 -0.0523373 0
    outer loop
      vertex 25.1748 -0.48083 11.4252
      vertex 25.1748 -0.48083 10.5748
      vertex 25.2 0 10.6
    endloop
  endfacet
  facet normal 0.99863 -0.0523362 0
    outer loop
      vertex 25.1499 -0.956393 11.5005
      vertex 25.1748 -0.48083 10.5748
      vertex 25.1748 -0.48083 11.4252
    endloop
  endfacet
  facet normal 0.99863 -0.0523362 0
    outer loop
      vertex 25.1499 -0.956393 11.5005
      vertex 25.1499 -0.956393 10.4995
      vertex 25.1748 -0.48083 10.5748
    endloop
  endfacet
  facet normal 0.99863 -0.0523359 0
    outer loop
      vertex 25.1255 -1.42148 11.6251
      vertex 25.1499 -0.956393 10.4995
      vertex 25.1499 -0.956393 11.5005
    endloop
  endfacet
  facet normal 0.99863 -0.0523359 0
    outer loop
      vertex 25.1255 -1.42148 11.6251
      vertex 25.1255 -1.42148 10.3749
      vertex 25.1499 -0.956393 10.4995
    endloop
  endfacet
  facet normal 0.99863 -0.0523355 0
    outer loop
      vertex 25.1019 -1.87099 11.7977
      vertex 25.1255 -1.42148 10.3749
      vertex 25.1255 -1.42148 11.6251
    endloop
  endfacet
  facet normal 0.99863 -0.0523355 0
    outer loop
      vertex 25.1019 -1.87099 11.7977
      vertex 25.1019 -1.87099 10.2023
      vertex 25.1255 -1.42148 10.3749
    endloop
  endfacet
  facet normal 0.998629 -0.052338 -1.27261e-006
    outer loop
      vertex 25.062 -2.63412 12
      vertex 25.1019 -1.87099 11.7977
      vertex 25.0811 -2.26804 12
    endloop
  endfacet
  facet normal 0.998629 -0.0523376 0
    outer loop
      vertex 25.1019 -1.87099 11.7977
      vertex 25.062 -2.63412 12
      vertex 25.1019 -1.87099 10.2023
    endloop
  endfacet
  facet normal 0.998629 -0.0523368 3.48191e-007
    outer loop
      vertex 25.1019 -1.87099 10.2023
      vertex 25.062 -2.63412 12
      vertex 25.0795 -2.3 9.98372
    endloop
  endfacet
  facet normal 0.998629 -0.0523389 0
    outer loop
      vertex 25.0795 -2.3 9.98372
      vertex 25.062 -2.63412 12
      vertex 25.062 -2.63412 9.76674
    endloop
  endfacet
  facet normal 0.777146 -0.62932 0
    outer loop
      vertex 18.7272 -16.8621 12
      vertex 20.3872 -14.8122 0
      vertex 20.3872 -14.8122 12
    endloop
  endfacet
  facet normal 0.777146 -0.62932 0
    outer loop
      vertex 20.3872 -14.8122 0
      vertex 18.7272 -16.8621 12
      vertex 18.7272 -16.8621 0
    endloop
  endfacet
  facet normal 0.93358 -0.358368 0
    outer loop
      vertex 23.0213 -10.2498 12
      vertex 23.9666 -7.78723 0
      vertex 23.9666 -7.78723 12
    endloop
  endfacet
  facet normal 0.93358 -0.358368 0
    outer loop
      vertex 23.9666 -7.78723 0
      vertex 23.0213 -10.2498 12
      vertex 23.0213 -10.2498 0
    endloop
  endfacet
  facet normal 0 0 -1
    outer loop
      vertex 7.78723 -23.9666 0
      vertex 2.4863 -20.2613 0
      vertex 2.5 -20 0
    endloop
  endfacet
  facet normal 0 0 -1
    outer loop
      vertex 5.23937 -24.6493 0
      vertex 2.44537 -20.5198 0
      vertex 2.4863 -20.2613 0
    endloop
  endfacet
  facet normal 0 0 -1
    outer loop
      vertex 5.23937 -24.6493 0
      vertex 2.37764 -20.7725 0
      vertex 2.44537 -20.5198 0
    endloop
  endfacet
  facet normal 0 0 -1
    outer loop
      vertex 5.23937 -24.6493 0
      vertex 2.28386 -21.0168 0
      vertex 2.37764 -20.7725 0
    endloop
  endfacet
  facet normal 0 0 -1
    outer loop
      vertex 5.23937 -24.6493 0
      vertex 2.16506 -21.25 0
      vertex 2.28386 -21.0168 0
    endloop
  endfacet
  facet normal 0 0 -1
    outer loop
      vertex 5.23937 -24.6493 0
      vertex 2.02254 -21.4695 0
      vertex 2.16506 -21.25 0
    endloop
  endfacet
  facet normal 0 0 -1
    outer loop
      vertex 5.23937 -24.6493 0
      vertex 1.85786 -21.6728 0
      vertex 2.02254 -21.4695 0
    endloop
  endfacet
  facet normal 0 0 -1
    outer loop
      vertex 2.63412 -25.062 0
      vertex 1.67283 -21.8579 0
      vertex 1.85786 -21.6728 0
    endloop
  endfacet
  facet normal 0 0 -1
    outer loop
      vertex 2.63412 -25.062 0
      vertex 1.46946 -22.0225 0
      vertex 1.67283 -21.8579 0
    endloop
  endfacet
  facet normal 0 0 -1
    outer loop
      vertex 2.63412 -25.062 0
      vertex 1.25 -22.1651 0
      vertex 1.46946 -22.0225 0
    endloop
  endfacet
  facet normal 0 0 -1
    outer loop
      vertex 2.63412 -25.062 0
      vertex 1.01684 -22.2839 0
      vertex 1.25 -22.1651 0
    endloop
  endfacet
  facet normal 0 0 -1
    outer loop
      vertex 2.63412 -25.062 0
      vertex 0.772542 -22.3776 0
      vertex 1.01684 -22.2839 0
    endloop
  endfacet
  facet normal 0 0 -1
    outer loop
      vertex 0 -25.2 0
      vertex 0.772542 -22.3776 0
      vertex 2.63412 -25.062 0
    endloop
  endfacet
  facet normal 0 0 -1
    outer loop
      vertex 0.772542 -22.3776 0
      vertex 0 -25.2 0
      vertex 0.519779 -22.4454 0
    endloop
  endfacet
  facet normal 0 0 -1
    outer loop
      vertex 0.519779 -22.4454 0
      vertex 0 -25.2 0
      vertex 0.261321 -22.4863 0
    endloop
  endfacet
  facet normal 0 0 -1
    outer loop
      vertex 0 -25.2 0
      vertex 0 -22.5 0
      vertex 0.261321 -22.4863 0
    endloop
  endfacet
  facet normal 0 0 -1
    outer loop
      vertex 0 -25.2 0
      vertex -0.261321 -22.4863 0
      vertex 0 -22.5 0
    endloop
  endfacet
  facet normal 0 0 -1
    outer loop
      vertex 0 -25.2 0
      vertex -0.519779 -22.4454 0
      vertex -0.261321 -22.4863 0
    endloop
  endfacet
  facet normal 0 0 -1
    outer loop
      vertex 0 -25.2 0
      vertex -0.772542 -22.3776 0
      vertex -0.519779 -22.4454 0
    endloop
  endfacet
  facet normal 0 0 -1
    outer loop
      vertex -2.63412 -25.062 0
      vertex -0.772542 -22.3776 0
      vertex 0 -25.2 0
    endloop
  endfacet
  facet normal -0 0 -1
    outer loop
      vertex -0.772542 -22.3776 0
      vertex -2.63412 -25.062 0
      vertex -1.01684 -22.2839 0
    endloop
  endfacet
  facet normal -0 0 -1
    outer loop
      vertex -1.01684 -22.2839 0
      vertex -2.63412 -25.062 0
      vertex -1.25 -22.1651 0
    endloop
  endfacet
  facet normal -0 0 -1
    outer loop
      vertex -1.25 -22.1651 0
      vertex -2.63412 -25.062 0
      vertex -1.46946 -22.0225 0
    endloop
  endfacet
  facet normal -0 0 -1
    outer loop
      vertex -1.46946 -22.0225 0
      vertex -2.63412 -25.062 0
      vertex -1.67283 -21.8579 0
    endloop
  endfacet
  facet normal -0 0 -1
    outer loop
      vertex -1.67283 -21.8579 0
      vertex -2.63412 -25.062 0
      vertex -1.85786 -21.6728 0
    endloop
  endfacet
  facet normal 0 0 -1
    outer loop
      vertex -5.23937 -24.6493 0
      vertex -1.85786 -21.6728 0
      vertex -2.63412 -25.062 0
    endloop
  endfacet
  facet normal 0 0 -1
    outer loop
      vertex -7.78723 -23.9666 0
      vertex -2.44537 -20.5198 0
      vertex -5.23937 -24.6493 0
    endloop
  endfacet
  facet normal -0 0 -1
    outer loop
      vertex -2.37764 -20.7725 0
      vertex -5.23937 -24.6493 0
      vertex -2.44537 -20.5198 0
    endloop
  endfacet
  facet normal -0 0 -1
    outer loop
      vertex -2.28386 -21.0168 0
      vertex -5.23937 -24.6493 0
      vertex -2.37764 -20.7725 0
    endloop
  endfacet
  facet normal -0 0 -1
    outer loop
      vertex -2.16506 -21.25 0
      vertex -5.23937 -24.6493 0
      vertex -2.28386 -21.0168 0
    endloop
  endfacet
  facet normal -0 0 -1
    outer loop
      vertex -2.02254 -21.4695 0
      vertex -5.23937 -24.6493 0
      vertex -2.16506 -21.25 0
    endloop
  endfacet
  facet normal -0 0 -1
    outer loop
      vertex -1.85786 -21.6728 0
      vertex -5.23937 -24.6493 0
      vertex -2.02254 -21.4695 0
    endloop
  endfacet
  facet normal 0 0 -1
    outer loop
      vertex 6.1 -6.04557 0
      vertex 25.2 0 0
      vertex 25.062 -2.63412 0
    endloop
  endfacet
  facet normal 0 0 -1
    outer loop
      vertex 6.1 -6.04557 0
      vertex 25.062 -2.63412 0
      vertex 24.6493 -5.23937 0
    endloop
  endfacet
  facet normal 0 0 -1
    outer loop
      vertex 6.1 6.04557 0
      vertex 25.2 0 0
      vertex 6.1 -6.04557 0
    endloop
  endfacet
  facet normal 0 0 -1
    outer loop
      vertex 6.1 -6.04557 0
      vertex 24.6493 -5.23937 0
      vertex 23.9666 -7.78723 0
    endloop
  endfacet
  facet normal 0 0 -1
    outer loop
      vertex 25.2 0 0
      vertex 6.1 6.04557 0
      vertex 25.062 2.63412 0
    endloop
  endfacet
  facet normal 0 0 -1
    outer loop
      vertex 6.1 -6.04557 0
      vertex 23.9666 -7.78723 0
      vertex 23.0213 -10.2498 0
    endloop
  endfacet
  facet normal 0 0 -1
    outer loop
      vertex 25.062 2.63412 0
      vertex 6.1 6.04557 0
      vertex 24.6493 5.23937 0
    endloop
  endfacet
  facet normal 0 0 -1
    outer loop
      vertex 6.1 -6.04557 0
      vertex 23.0213 -10.2498 0
      vertex 21.8238 -12.6 0
    endloop
  endfacet
  facet normal 0 0 -1
    outer loop
      vertex 24.6493 5.23937 0
      vertex 6.1 6.04557 0
      vertex 23.9666 7.78723 0
    endloop
  endfacet
  facet normal 0 0 -1
    outer loop
      vertex 6.1 -6.04557 0
      vertex 21.8238 -12.6 0
      vertex 20.3872 -14.8122 0
    endloop
  endfacet
  facet normal -0 0 -1
    outer loop
      vertex 23.9666 7.78723 0
      vertex 6.1 6.04557 0
      vertex 23.0213 10.2498 0
    endloop
  endfacet
  facet normal 0 0 -1
    outer loop
      vertex 6.1 -6.04557 0
      vertex 20.3872 -14.8122 0
      vertex 18.7272 -16.8621 0
    endloop
  endfacet
  facet normal -0 0 -1
    outer loop
      vertex 23.0213 10.2498 0
      vertex 6.1 6.04557 0
      vertex 21.8238 12.6 0
    endloop
  endfacet
  facet normal 0 0 -1
    outer loop
      vertex 6.1 -6.04557 0
      vertex 18.7272 -16.8621 0
      vertex 16.8621 -18.7272 0
    endloop
  endfacet
  facet normal -0 0 -1
    outer loop
      vertex 21.8238 12.6 0
      vertex 6.1 6.04557 0
      vertex 20.3872 14.8122 0
    endloop
  endfacet
  facet normal 0 0 -1
    outer loop
      vertex 5.75452 -6.39104 0
      vertex 16.8621 -18.7272 0
      vertex 14.8122 -20.3872 0
    endloop
  endfacet
  facet normal -0 0 -1
    outer loop
      vertex 20.3872 14.8122 0
      vertex 6.1 6.04557 0
      vertex 18.7272 16.8621 0
    endloop
  endfacet
  facet normal 0 0 -1
    outer loop
      vertex 5.05495 -6.95755 0
      vertex 14.8122 -20.3872 0
      vertex 12.6 -21.8238 0
    endloop
  endfacet
  facet normal -0 0 -1
    outer loop
      vertex 18.7272 16.8621 0
      vertex 6.1 6.04557 0
      vertex 16.8621 18.7272 0
    endloop
  endfacet
  facet normal 0 0 -1
    outer loop
      vertex 2.28386 -18.9832 0
      vertex 12.6 -21.8238 0
      vertex 10.2498 -23.0213 0
    endloop
  endfacet
  facet normal 0 0 -1
    outer loop
      vertex 5.75452 6.39104 0
      vertex 16.8621 18.7272 0
      vertex 6.1 6.04557 0
    endloop
  endfacet
  facet normal 0 0 -1
    outer loop
      vertex 2.4863 -19.7387 0
      vertex 10.2498 -23.0213 0
      vertex 7.78723 -23.9666 0
    endloop
  endfacet
  facet normal -0 0 -1
    outer loop
      vertex 16.8621 18.7272 0
      vertex 5.75452 6.39104 0
      vertex 14.8122 20.3872 0
    endloop
  endfacet
  facet normal 0 0 -1
    outer loop
      vertex 5.05495 6.95755 0
      vertex 14.8122 20.3872 0
      vertex 5.75452 6.39104 0
    endloop
  endfacet
  facet normal 0 0 -1
    outer loop
      vertex 16.8621 -18.7272 0
      vertex 5.75452 -6.39104 0
      vertex 6.1 -6.04557 0
    endloop
  endfacet
  facet normal 0 0 -1
    outer loop
      vertex 2.4863 -20.2613 0
      vertex 7.78723 -23.9666 0
      vertex 5.23937 -24.6493 0
    endloop
  endfacet
  facet normal 0 0 -1
    outer loop
      vertex 10.2498 -23.0213 0
      vertex 2.37764 -19.2275 0
      vertex 2.28386 -18.9832 0
    endloop
  endfacet
  facet normal 0 0 -1
    outer loop
      vertex 12.6 -21.8238 0
      vertex 2.28386 -18.9832 0
      vertex 2.16506 -18.75 0
    endloop
  endfacet
  facet normal 0 0 -1
    outer loop
      vertex 14.8122 -20.3872 0
      vertex 5.05495 -6.95755 0
      vertex 5.75452 -6.39104 0
    endloop
  endfacet
  facet normal 0 0 -1
    outer loop
      vertex 12.6 -21.8238 0
      vertex 2.16506 -18.75 0
      vertex 5.05495 -6.95755 0
    endloop
  endfacet
  facet normal 0 0 -1
    outer loop
      vertex 1.85786 -21.6728 0
      vertex 5.23937 -24.6493 0
      vertex 2.63412 -25.062 0
    endloop
  endfacet
  facet normal 0 0 -1
    outer loop
      vertex 7.78723 -23.9666 0
      vertex 2.5 -20 0
      vertex 2.4863 -19.7387 0
    endloop
  endfacet
  facet normal 0 0 -1
    outer loop
      vertex 10.2498 -23.0213 0
      vertex 2.4863 -19.7387 0
      vertex 2.44537 -19.4802 0
    endloop
  endfacet
  facet normal 0 0 -1
    outer loop
      vertex 10.2498 -23.0213 0
      vertex 2.44537 -19.4802 0
      vertex 2.37764 -19.2275 0
    endloop
  endfacet
  facet normal 0 0 -1
    outer loop
      vertex 5.05495 -6.95755 0
      vertex 2.16506 -18.75 0
      vertex 4.3 -7.44782 0
    endloop
  endfacet
  facet normal 0 0 -1
    outer loop
      vertex 2.02254 -18.5305 0
      vertex 4.3 -7.44782 0
      vertex 2.16506 -18.75 0
    endloop
  endfacet
  facet normal 0 0 -1
    outer loop
      vertex 1.85786 -18.3272 0
      vertex 4.3 -7.44782 0
      vertex 2.02254 -18.5305 0
    endloop
  endfacet
  facet normal 0 0 -1
    outer loop
      vertex 4.3 -7.44782 0
      vertex 1.85786 -18.3272 0
      vertex 3.49793 -7.85649 0
    endloop
  endfacet
  facet normal 0 0 -1
    outer loop
      vertex 1.67283 -18.1421 0
      vertex 3.49793 -7.85649 0
      vertex 1.85786 -18.3272 0
    endloop
  endfacet
  facet normal 0 0 -1
    outer loop
      vertex 1.46946 -17.9775 0
      vertex 3.49793 -7.85649 0
      vertex 1.67283 -18.1421 0
    endloop
  endfacet
  facet normal 0 0 -1
    outer loop
      vertex 3.49793 -7.85649 0
      vertex 1.46946 -17.9775 0
      vertex 2.65755 -8.17909 0
    endloop
  endfacet
  facet normal 0 0 -1
    outer loop
      vertex 1.25 -17.8349 0
      vertex 2.65755 -8.17909 0
      vertex 1.46946 -17.9775 0
    endloop
  endfacet
  facet normal 0 0 -1
    outer loop
      vertex 2.65755 -8.17909 0
      vertex 1.25 -17.8349 0
      vertex 1.78804 -8.41207 0
    endloop
  endfacet
  facet normal 0 0 -1
    outer loop
      vertex 1.01684 -17.7161 0
      vertex 1.78804 -8.41207 0
      vertex 1.25 -17.8349 0
    endloop
  endfacet
  facet normal 0 0 -1
    outer loop
      vertex 0.772542 -17.6224 0
      vertex 1.78804 -8.41207 0
      vertex 1.01684 -17.7161 0
    endloop
  endfacet
  facet normal 0 0 -1
    outer loop
      vertex 1.78804 -8.41207 0
      vertex 0.772542 -17.6224 0
      vertex 0.898944 -8.55289 0
    endloop
  endfacet
  facet normal 0 0 -1
    outer loop
      vertex 0.519779 -17.5546 0
      vertex 0.898944 -8.55289 0
      vertex 0.772542 -17.6224 0
    endloop
  endfacet
  facet normal 0 0 -1
    outer loop
      vertex 0.261321 -17.5137 0
      vertex 0.898944 -8.55289 0
      vertex 0.519779 -17.5546 0
    endloop
  endfacet
  facet normal 0 0 -1
    outer loop
      vertex 0 -8.6 0
      vertex 0.261321 -17.5137 0
      vertex 0 -17.5 0
    endloop
  endfacet
  facet normal 0 0 -1
    outer loop
      vertex 0.261321 -17.5137 0
      vertex 0 -8.6 0
      vertex 0.898944 -8.55289 0
    endloop
  endfacet
  facet normal 0 0 -1
    outer loop
      vertex -0.261321 -17.5137 0
      vertex 0 -8.6 0
      vertex 0 -17.5 0
    endloop
  endfacet
  facet normal 0 0 -1
    outer loop
      vertex -0.898944 -8.55289 0
      vertex -0.261321 -17.5137 0
      vertex -0.519779 -17.5546 0
    endloop
  endfacet
  facet normal 0 0 -1
    outer loop
      vertex -0.898944 -8.55289 0
      vertex -0.519779 -17.5546 0
      vertex -0.772542 -17.6224 0
    endloop
  endfacet
  facet normal 0 0 -1
    outer loop
      vertex -0.261321 -17.5137 0
      vertex -0.898944 -8.55289 0
      vertex 0 -8.6 0
    endloop
  endfacet
  facet normal 0 0 -1
    outer loop
      vertex -1.78804 -8.41207 0
      vertex -0.772542 -17.6224 0
      vertex -1.01684 -17.7161 0
    endloop
  endfacet
  facet normal 0 0 -1
    outer loop
      vertex -1.78804 -8.41207 0
      vertex -1.01684 -17.7161 0
      vertex -1.25 -17.8349 0
    endloop
  endfacet
  facet normal 0 0 -1
    outer loop
      vertex -2.65755 -8.17909 0
      vertex -1.25 -17.8349 0
      vertex -1.46946 -17.9775 0
    endloop
  endfacet
  facet normal 0 0 -1
    outer loop
      vertex -3.49793 -7.85649 0
      vertex -1.46946 -17.9775 0
      vertex -1.67283 -18.1421 0
    endloop
  endfacet
  facet normal 0 0 -1
    outer loop
      vertex -0.772542 -17.6224 0
      vertex -1.78804 -8.41207 0
      vertex -0.898944 -8.55289 0
    endloop
  endfacet
  facet normal 0 0 -1
    outer loop
      vertex -3.49793 -7.85649 0
      vertex -1.67283 -18.1421 0
      vertex -1.85786 -18.3272 0
    endloop
  endfacet
  facet normal 0 0 -1
    outer loop
      vertex -4.3 -7.44782 0
      vertex -1.85786 -18.3272 0
      vertex -2.02254 -18.5305 0
    endloop
  endfacet
  facet normal 0 0 -1
    outer loop
      vertex -4.3 -7.44782 0
      vertex -2.02254 -18.5305 0
      vertex -2.16506 -18.75 0
    endloop
  endfacet
  facet normal 0 0 -1
    outer loop
      vertex -12.6 -21.8238 0
      vertex -2.16506 -18.75 0
      vertex -2.28386 -18.9832 0
    endloop
  endfacet
  facet normal 0 0 -1
    outer loop
      vertex -10.2498 -23.0213 0
      vertex -2.28386 -18.9832 0
      vertex -2.37764 -19.2275 0
    endloop
  endfacet
  facet normal 0 0 -1
    outer loop
      vertex -10.2498 -23.0213 0
      vertex -2.37764 -19.2275 0
      vertex -2.44537 -19.4802 0
    endloop
  endfacet
  facet normal 0 0 -1
    outer loop
      vertex -10.2498 -23.0213 0
      vertex -2.44537 -19.4802 0
      vertex -2.4863 -19.7387 0
    endloop
  endfacet
  facet normal 0 0 -1
    outer loop
      vertex -1.25 -17.8349 0
      vertex -2.65755 -8.17909 0
      vertex -1.78804 -8.41207 0
    endloop
  endfacet
  facet normal 0 0 -1
    outer loop
      vertex -7.78723 -23.9666 0
      vertex -2.4863 -19.7387 0
      vertex -2.5 -20 0
    endloop
  endfacet
  facet normal -0 0 -1
    outer loop
      vertex -2.44537 -20.5198 0
      vertex -7.78723 -23.9666 0
      vertex -2.4863 -20.2613 0
    endloop
  endfacet
  facet normal -0 0 -1
    outer loop
      vertex -2.4863 -20.2613 0
      vertex -7.78723 -23.9666 0
      vertex -2.5 -20 0
    endloop
  endfacet
  facet normal 0 0 -1
    outer loop
      vertex -2.4863 -19.7387 0
      vertex -7.78723 -23.9666 0
      vertex -10.2498 -23.0213 0
    endloop
  endfacet
  facet normal 0 0 -1
    outer loop
      vertex -1.46946 -17.9775 0
      vertex -3.49793 -7.85649 0
      vertex -2.65755 -8.17909 0
    endloop
  endfacet
  facet normal 0 0 -1
    outer loop
      vertex -2.28386 -18.9832 0
      vertex -10.2498 -23.0213 0
      vertex -12.6 -21.8238 0
    endloop
  endfacet
  facet normal 0 0 -1
    outer loop
      vertex -1.85786 -18.3272 0
      vertex -4.3 -7.44782 0
      vertex -3.49793 -7.85649 0
    endloop
  endfacet
  facet normal -0 0 -1
    outer loop
      vertex -2.16506 -18.75 0
      vertex -12.6 -21.8238 0
      vertex -4.3 -7.44782 0
    endloop
  endfacet
  facet normal 0 0 -1
    outer loop
      vertex -14.8122 -20.3872 0
      vertex -5.05495 -6.95755 0
      vertex -12.6 -21.8238 0
    endloop
  endfacet
  facet normal -0 0 -1
    outer loop
      vertex -4.3 -7.44782 0
      vertex -12.6 -21.8238 0
      vertex -5.05495 -6.95755 0
    endloop
  endfacet
  facet normal -0 0 -1
    outer loop
      vertex 14.8122 20.3872 0
      vertex 5.05495 6.95755 0
      vertex 12.6 21.8238 0
    endloop
  endfacet
  facet normal 0 0 -1
    outer loop
      vertex 2.16506 18.75 0
      vertex 12.6 21.8238 0
      vertex 5.05495 6.95755 0
    endloop
  endfacet
  facet normal 0 -0 -1
    outer loop
      vertex 2.28386 18.9832 0
      vertex 12.6 21.8238 0
      vertex 2.16506 18.75 0
    endloop
  endfacet
  facet normal 0 -0 -1
    outer loop
      vertex 2.37764 19.2275 0
      vertex 10.2498 23.0213 0
      vertex 2.28386 18.9832 0
    endloop
  endfacet
  facet normal 0 0 -1
    outer loop
      vertex 2.16506 18.75 0
      vertex 5.05495 6.95755 0
      vertex 4.3 7.44782 0
    endloop
  endfacet
  facet normal 0 0 -1
    outer loop
      vertex 1.85786 18.3272 0
      vertex 4.3 7.44782 0
      vertex 3.49793 7.85649 0
    endloop
  endfacet
  facet normal 0 0 -1
    outer loop
      vertex 1.46946 17.9775 0
      vertex 3.49793 7.85649 0
      vertex 2.65755 8.17909 0
    endloop
  endfacet
  facet normal 0 -0 -1
    outer loop
      vertex 2.4863 19.7387 0
      vertex 10.2498 23.0213 0
      vertex 2.44537 19.4802 0
    endloop
  endfacet
  facet normal 0 0 -1
    outer loop
      vertex 2.44537 20.5198 0
      vertex 7.78723 23.9666 0
      vertex 2.4863 20.2613 0
    endloop
  endfacet
  facet normal 0 0 -1
    outer loop
      vertex 2.4863 20.2613 0
      vertex 7.78723 23.9666 0
      vertex 2.5 20 0
    endloop
  endfacet
  facet normal 0 -0 -1
    outer loop
      vertex 2.5 20 0
      vertex 7.78723 23.9666 0
      vertex 2.4863 19.7387 0
    endloop
  endfacet
  facet normal -0 0 -1
    outer loop
      vertex 10.2498 23.0213 0
      vertex 2.4863 19.7387 0
      vertex 7.78723 23.9666 0
    endloop
  endfacet
  facet normal 0 -0 -1
    outer loop
      vertex 2.44537 19.4802 0
      vertex 10.2498 23.0213 0
      vertex 2.37764 19.2275 0
    endloop
  endfacet
  facet normal -0 0 -1
    outer loop
      vertex 12.6 21.8238 0
      vertex 2.28386 18.9832 0
      vertex 10.2498 23.0213 0
    endloop
  endfacet
  facet normal 0 0 -1
    outer loop
      vertex 4.3 7.44782 0
      vertex 2.02254 18.5305 0
      vertex 2.16506 18.75 0
    endloop
  endfacet
  facet normal 0 0 -1
    outer loop
      vertex 4.3 7.44782 0
      vertex 1.85786 18.3272 0
      vertex 2.02254 18.5305 0
    endloop
  endfacet
  facet normal 0 0 -1
    outer loop
      vertex 1.25 17.8349 0
      vertex 2.65755 8.17909 0
      vertex 1.78804 8.41207 0
    endloop
  endfacet
  facet normal 0 0 -1
    outer loop
      vertex 3.49793 7.85649 0
      vertex 1.67283 18.1421 0
      vertex 1.85786 18.3272 0
    endloop
  endfacet
  facet normal 0 0 -1
    outer loop
      vertex 3.49793 7.85649 0
      vertex 1.46946 17.9775 0
      vertex 1.67283 18.1421 0
    endloop
  endfacet
  facet normal 0 0 -1
    outer loop
      vertex 2.65755 8.17909 0
      vertex 1.25 17.8349 0
      vertex 1.46946 17.9775 0
    endloop
  endfacet
  facet normal 0 0 -1
    outer loop
      vertex 1.78804 8.41207 0
      vertex 1.01684 17.7161 0
      vertex 1.25 17.8349 0
    endloop
  endfacet
  facet normal 0 0 -1
    outer loop
      vertex 0.772542 17.6224 0
      vertex 1.78804 8.41207 0
      vertex 0.898944 8.55289 0
    endloop
  endfacet
  facet normal 0 0 -1
    outer loop
      vertex 1.78804 8.41207 0
      vertex 0.772542 17.6224 0
      vertex 1.01684 17.7161 0
    endloop
  endfacet
  facet normal 0 0 -1
    outer loop
      vertex 0.898944 8.55289 0
      vertex 0.519779 17.5546 0
      vertex 0.772542 17.6224 0
    endloop
  endfacet
  facet normal 0 0 -1
    outer loop
      vertex 0.898944 8.55289 0
      vertex 0.261321 17.5137 0
      vertex 0.519779 17.5546 0
    endloop
  endfacet
  facet normal 0 0 -1
    outer loop
      vertex 0 8.6 0
      vertex 0.261321 17.5137 0
      vertex 0.898944 8.55289 0
    endloop
  endfacet
  facet normal 0 0 -1
    outer loop
      vertex 0 8.6 0
      vertex 0 17.5 0
      vertex 0.261321 17.5137 0
    endloop
  endfacet
  facet normal 0 0 -1
    outer loop
      vertex 0 8.6 0
      vertex -0.261321 17.5137 0
      vertex 0 17.5 0
    endloop
  endfacet
  facet normal 0 0 -1
    outer loop
      vertex -0.898944 8.55289 0
      vertex -0.261321 17.5137 0
      vertex 0 8.6 0
    endloop
  endfacet
  facet normal -0 0 -1
    outer loop
      vertex -0.261321 17.5137 0
      vertex -0.898944 8.55289 0
      vertex -0.519779 17.5546 0
    endloop
  endfacet
  facet normal -0 0 -1
    outer loop
      vertex -0.519779 17.5546 0
      vertex -0.898944 8.55289 0
      vertex -0.772542 17.6224 0
    endloop
  endfacet
  facet normal 0 0 -1
    outer loop
      vertex -1.78804 8.41207 0
      vertex -0.772542 17.6224 0
      vertex -0.898944 8.55289 0
    endloop
  endfacet
  facet normal -0 0 -1
    outer loop
      vertex -0.772542 17.6224 0
      vertex -1.78804 8.41207 0
      vertex -1.01684 17.7161 0
    endloop
  endfacet
  facet normal -0 0 -1
    outer loop
      vertex -1.01684 17.7161 0
      vertex -1.78804 8.41207 0
      vertex -1.25 17.8349 0
    endloop
  endfacet
  facet normal 0 0 -1
    outer loop
      vertex -2.65755 8.17909 0
      vertex -1.25 17.8349 0
      vertex -1.78804 8.41207 0
    endloop
  endfacet
  facet normal -0 0 -1
    outer loop
      vertex -1.25 17.8349 0
      vertex -2.65755 8.17909 0
      vertex -1.46946 17.9775 0
    endloop
  endfacet
  facet normal 0 0 -1
    outer loop
      vertex -3.49793 7.85649 0
      vertex -1.46946 17.9775 0
      vertex -2.65755 8.17909 0
    endloop
  endfacet
  facet normal -0 0 -1
    outer loop
      vertex -1.46946 17.9775 0
      vertex -3.49793 7.85649 0
      vertex -1.67283 18.1421 0
    endloop
  endfacet
  facet normal -0 0 -1
    outer loop
      vertex -1.67283 18.1421 0
      vertex -3.49793 7.85649 0
      vertex -1.85786 18.3272 0
    endloop
  endfacet
  facet normal 0 0 -1
    outer loop
      vertex -4.3 7.44782 0
      vertex -1.85786 18.3272 0
      vertex -3.49793 7.85649 0
    endloop
  endfacet
  facet normal -0 0 -1
    outer loop
      vertex -1.85786 18.3272 0
      vertex -4.3 7.44782 0
      vertex -2.02254 18.5305 0
    endloop
  endfacet
  facet normal -0 0 -1
    outer loop
      vertex -2.02254 18.5305 0
      vertex -4.3 7.44782 0
      vertex -2.16506 18.75 0
    endloop
  endfacet
  facet normal 0 0 -1
    outer loop
      vertex -12.6 21.8238 0
      vertex -2.16506 18.75 0
      vertex -4.3 7.44782 0
    endloop
  endfacet
  facet normal 0 0 -1
    outer loop
      vertex -2.16506 18.75 0
      vertex -12.6 21.8238 0
      vertex -2.28386 18.9832 0
    endloop
  endfacet
  facet normal 0 -0 -1
    outer loop
      vertex -10.2498 23.0213 0
      vertex -2.28386 18.9832 0
      vertex -12.6 21.8238 0
    endloop
  endfacet
  facet normal 0 0 -1
    outer loop
      vertex -2.28386 18.9832 0
      vertex -10.2498 23.0213 0
      vertex -2.37764 19.2275 0
    endloop
  endfacet
  facet normal 0 0 -1
    outer loop
      vertex -2.37764 19.2275 0
      vertex -10.2498 23.0213 0
      vertex -2.44537 19.4802 0
    endloop
  endfacet
  facet normal 0 0 -1
    outer loop
      vertex -2.44537 19.4802 0
      vertex -10.2498 23.0213 0
      vertex -2.4863 19.7387 0
    endloop
  endfacet
  facet normal 0 0 -1
    outer loop
      vertex -12.6 21.8238 0
      vertex -4.3 7.44782 0
      vertex -5.05495 6.95755 0
    endloop
  endfacet
  facet normal 0 0 -1
    outer loop
      vertex -2.5 20 0
      vertex -5.23937 24.6493 0
      vertex -2.63412 25.062 0
    endloop
  endfacet
  facet normal 0 0 -1
    outer loop
      vertex -14.8122 20.3872 0
      vertex -5.05495 6.95755 0
      vertex -5.75452 6.39104 0
    endloop
  endfacet
  facet normal 0 0 -1
    outer loop
      vertex -16.8621 18.7272 0
      vertex -5.75452 6.39104 0
      vertex -6.1 6.04557 0
    endloop
  endfacet
  facet normal -0 0 -1
    outer loop
      vertex -5.05495 -6.95755 0
      vertex -14.8122 -20.3872 0
      vertex -5.75452 -6.39104 0
    endloop
  endfacet
  facet normal 0 0 -1
    outer loop
      vertex -2.5 20 0
      vertex -7.78723 23.9666 0
      vertex -5.23937 24.6493 0
    endloop
  endfacet
  facet normal 0 0 -1
    outer loop
      vertex -16.8621 -18.7272 0
      vertex -5.75452 -6.39104 0
      vertex -14.8122 -20.3872 0
    endloop
  endfacet
  facet normal 0 0 -1
    outer loop
      vertex -2.4863 19.7387 0
      vertex -7.78723 23.9666 0
      vertex -2.5 20 0
    endloop
  endfacet
  facet normal -0 0 -1
    outer loop
      vertex -5.75452 -6.39104 0
      vertex -16.8621 -18.7272 0
      vertex -6.1 -6.04557 0
    endloop
  endfacet
  facet normal 0 -0 -1
    outer loop
      vertex -7.78723 23.9666 0
      vertex -2.4863 19.7387 0
      vertex -10.2498 23.0213 0
    endloop
  endfacet
  facet normal 0 0 -1
    outer loop
      vertex -18.7272 -16.8621 0
      vertex -6.1 -6.04557 0
      vertex -16.8621 -18.7272 0
    endloop
  endfacet
  facet normal 0 0 -1
    outer loop
      vertex -5.05495 6.95755 0
      vertex -14.8122 20.3872 0
      vertex -12.6 21.8238 0
    endloop
  endfacet
  facet normal 0 0 -1
    outer loop
      vertex -20.3872 -14.8122 0
      vertex -6.1 -6.04557 0
      vertex -18.7272 -16.8621 0
    endloop
  endfacet
  facet normal 0 0 -1
    outer loop
      vertex -5.75452 6.39104 0
      vertex -16.8621 18.7272 0
      vertex -14.8122 20.3872 0
    endloop
  endfacet
  facet normal 0 0 -1
    outer loop
      vertex -21.8238 -12.6 0
      vertex -6.1 -6.04557 0
      vertex -20.3872 -14.8122 0
    endloop
  endfacet
  facet normal 0 0 -1
    outer loop
      vertex -6.1 6.04557 0
      vertex -18.7272 16.8621 0
      vertex -16.8621 18.7272 0
    endloop
  endfacet
  facet normal 0 0 -1
    outer loop
      vertex -23.0213 -10.2498 0
      vertex -6.1 -6.04557 0
      vertex -21.8238 -12.6 0
    endloop
  endfacet
  facet normal 0 0 -1
    outer loop
      vertex -6.1 6.04557 0
      vertex -20.3872 14.8122 0
      vertex -18.7272 16.8621 0
    endloop
  endfacet
  facet normal 0 0 -1
    outer loop
      vertex -23.9666 -7.78723 0
      vertex -6.1 -6.04557 0
      vertex -23.0213 -10.2498 0
    endloop
  endfacet
  facet normal 0 0 -1
    outer loop
      vertex -6.1 6.04557 0
      vertex -21.8238 12.6 0
      vertex -20.3872 14.8122 0
    endloop
  endfacet
  facet normal 0 0 -1
    outer loop
      vertex -24.6493 -5.23937 0
      vertex -6.1 -6.04557 0
      vertex -23.9666 -7.78723 0
    endloop
  endfacet
  facet normal 0 0 -1
    outer loop
      vertex -6.1 6.04557 0
      vertex -23.0213 10.2498 0
      vertex -21.8238 12.6 0
    endloop
  endfacet
  facet normal 0 0 -1
    outer loop
      vertex -25.062 -2.63412 0
      vertex -6.1 -6.04557 0
      vertex -24.6493 -5.23937 0
    endloop
  endfacet
  facet normal 0 0 -1
    outer loop
      vertex -6.1 6.04557 0
      vertex -23.9666 7.78723 0
      vertex -23.0213 10.2498 0
    endloop
  endfacet
  facet normal 0 0 -1
    outer loop
      vertex -25.2 0 0
      vertex -6.1 -6.04557 0
      vertex -25.062 -2.63412 0
    endloop
  endfacet
  facet normal -0 0 -1
    outer loop
      vertex -6.1 6.04557 0
      vertex -24.6493 5.23937 0
      vertex -23.9666 7.78723 0
    endloop
  endfacet
  facet normal 0 0 -1
    outer loop
      vertex -6.1 -6.04557 0
      vertex -25.2 0 0
      vertex -6.1 6.04557 0
    endloop
  endfacet
  facet normal 0 0 -1
    outer loop
      vertex -6.1 6.04557 0
      vertex -25.062 2.63412 0
      vertex -24.6493 5.23937 0
    endloop
  endfacet
  facet normal 0 0 -1
    outer loop
      vertex -6.1 6.04557 0
      vertex -25.2 0 0
      vertex -25.062 2.63412 0
    endloop
  endfacet
  facet normal -0 0 -1
    outer loop
      vertex 7.78723 23.9666 0
      vertex 2.44537 20.5198 0
      vertex 5.23937 24.6493 0
    endloop
  endfacet
  facet normal 0 0 -1
    outer loop
      vertex 2.37764 20.7725 0
      vertex 5.23937 24.6493 0
      vertex 2.44537 20.5198 0
    endloop
  endfacet
  facet normal 0 0 -1
    outer loop
      vertex 2.28386 21.0168 0
      vertex 5.23937 24.6493 0
      vertex 2.37764 20.7725 0
    endloop
  endfacet
  facet normal 0 0 -1
    outer loop
      vertex 2.16506 21.25 0
      vertex 5.23937 24.6493 0
      vertex 2.28386 21.0168 0
    endloop
  endfacet
  facet normal 0 0 -1
    outer loop
      vertex 2.02254 21.4695 0
      vertex 5.23937 24.6493 0
      vertex 2.16506 21.25 0
    endloop
  endfacet
  facet normal 0 0 -1
    outer loop
      vertex 1.85786 21.6728 0
      vertex 5.23937 24.6493 0
      vertex 2.02254 21.4695 0
    endloop
  endfacet
  facet normal -0 0 -1
    outer loop
      vertex 5.23937 24.6493 0
      vertex 1.85786 21.6728 0
      vertex 2.63412 25.062 0
    endloop
  endfacet
  facet normal 0 0 -1
    outer loop
      vertex 1.67283 21.8579 0
      vertex 2.63412 25.062 0
      vertex 1.85786 21.6728 0
    endloop
  endfacet
  facet normal 0 0 -1
    outer loop
      vertex 1.46946 22.0225 0
      vertex 2.63412 25.062 0
      vertex 1.67283 21.8579 0
    endloop
  endfacet
  facet normal 0 0 -1
    outer loop
      vertex 1.25 22.1651 0
      vertex 2.63412 25.062 0
      vertex 1.46946 22.0225 0
    endloop
  endfacet
  facet normal 0 0 -1
    outer loop
      vertex 1.01684 22.2839 0
      vertex 2.63412 25.062 0
      vertex 1.25 22.1651 0
    endloop
  endfacet
  facet normal 0 0 -1
    outer loop
      vertex 0.772542 22.3776 0
      vertex 2.63412 25.062 0
      vertex 1.01684 22.2839 0
    endloop
  endfacet
  facet normal 0 0 -1
    outer loop
      vertex 0 25.2 0
      vertex 0.772542 22.3776 0
      vertex 0.519779 22.4454 0
    endloop
  endfacet
  facet normal 0 0 -1
    outer loop
      vertex 0 25.2 0
      vertex 0.519779 22.4454 0
      vertex 0.261321 22.4863 0
    endloop
  endfacet
  facet normal 0 0 -1
    outer loop
      vertex 0 25.2 0
      vertex 0.261321 22.4863 0
      vertex 0 22.5 0
    endloop
  endfacet
  facet normal 0 0 -1
    outer loop
      vertex 0.772542 22.3776 0
      vertex 0 25.2 0
      vertex 2.63412 25.062 0
    endloop
  endfacet
  facet normal 0 0 -1
    outer loop
      vertex -0.261321 22.4863 0
      vertex 0 25.2 0
      vertex 0 22.5 0
    endloop
  endfacet
  facet normal 0 0 -1
    outer loop
      vertex -0.519779 22.4454 0
      vertex 0 25.2 0
      vertex -0.261321 22.4863 0
    endloop
  endfacet
  facet normal 0 0 -1
    outer loop
      vertex -0.772542 22.3776 0
      vertex 0 25.2 0
      vertex -0.519779 22.4454 0
    endloop
  endfacet
  facet normal 0 0 -1
    outer loop
      vertex -2.63412 25.062 0
      vertex -0.772542 22.3776 0
      vertex -1.01684 22.2839 0
    endloop
  endfacet
  facet normal 0 0 -1
    outer loop
      vertex -2.63412 25.062 0
      vertex -1.01684 22.2839 0
      vertex -1.25 22.1651 0
    endloop
  endfacet
  facet normal 0 0 -1
    outer loop
      vertex -2.63412 25.062 0
      vertex -1.25 22.1651 0
      vertex -1.46946 22.0225 0
    endloop
  endfacet
  facet normal 0 0 -1
    outer loop
      vertex -2.63412 25.062 0
      vertex -1.46946 22.0225 0
      vertex -1.67283 21.8579 0
    endloop
  endfacet
  facet normal 0 0 -1
    outer loop
      vertex -2.63412 25.062 0
      vertex -1.67283 21.8579 0
      vertex -1.85786 21.6728 0
    endloop
  endfacet
  facet normal 0 0 -1
    outer loop
      vertex -2.63412 25.062 0
      vertex -1.85786 21.6728 0
      vertex -2.02254 21.4695 0
    endloop
  endfacet
  facet normal 0 0 -1
    outer loop
      vertex -2.63412 25.062 0
      vertex -2.02254 21.4695 0
      vertex -2.16506 21.25 0
    endloop
  endfacet
  facet normal 0 0 -1
    outer loop
      vertex -0.772542 22.3776 0
      vertex -2.63412 25.062 0
      vertex 0 25.2 0
    endloop
  endfacet
  facet normal 0 0 -1
    outer loop
      vertex -2.28386 21.0168 0
      vertex -2.63412 25.062 0
      vertex -2.16506 21.25 0
    endloop
  endfacet
  facet normal 0 0 -1
    outer loop
      vertex -2.37764 20.7725 0
      vertex -2.63412 25.062 0
      vertex -2.28386 21.0168 0
    endloop
  endfacet
  facet normal 0 0 -1
    outer loop
      vertex -2.44537 20.5198 0
      vertex -2.63412 25.062 0
      vertex -2.37764 20.7725 0
    endloop
  endfacet
  facet normal 0 0 -1
    outer loop
      vertex -2.4863 20.2613 0
      vertex -2.63412 25.062 0
      vertex -2.44537 20.5198 0
    endloop
  endfacet
  facet normal 0 0 -1
    outer loop
      vertex -2.63412 25.062 0
      vertex -2.4863 20.2613 0
      vertex -2.5 20 0
    endloop
  endfacet
  facet normal 0.45399 -0.891007 0
    outer loop
      vertex 10.2498 -23.0213 0
      vertex 12.6 -21.8238 12
      vertex 10.2498 -23.0213 12
    endloop
  endfacet
  facet normal 0.45399 -0.891007 0
    outer loop
      vertex 12.6 -21.8238 12
      vertex 10.2498 -23.0213 0
      vertex 12.6 -21.8238 0
    endloop
  endfacet
  facet normal 0.83867 0.544639 0
    outer loop
      vertex 21.8238 12.6 12
      vertex 20.3872 14.8122 0
      vertex 20.3872 14.8122 12
    endloop
  endfacet
  facet normal 0.83867 0.544639 0
    outer loop
      vertex 20.3872 14.8122 0
      vertex 21.8238 12.6 12
      vertex 21.8238 12.6 0
    endloop
  endfacet
  facet normal 0.358368 0.93358 -0
    outer loop
      vertex 10.2498 23.0213 0
      vertex 7.78723 23.9666 12
      vertex 10.2498 23.0213 12
    endloop
  endfacet
  facet normal 0.358368 0.93358 0
    outer loop
      vertex 7.78723 23.9666 12
      vertex 10.2498 23.0213 0
      vertex 7.78723 23.9666 0
    endloop
  endfacet
  facet normal -0.62932 0.777146 0
    outer loop
      vertex -14.8122 20.3872 0
      vertex -16.8621 18.7272 12
      vertex -14.8122 20.3872 12
    endloop
  endfacet
  facet normal -0.62932 0.777146 0
    outer loop
      vertex -16.8621 18.7272 12
      vertex -14.8122 20.3872 0
      vertex -16.8621 18.7272 0
    endloop
  endfacet
  facet normal -0.358368 0.93358 0
    outer loop
      vertex -7.78723 23.9666 0
      vertex -10.2498 23.0213 12
      vertex -7.78723 23.9666 12
    endloop
  endfacet
  facet normal -0.358368 0.93358 0
    outer loop
      vertex -10.2498 23.0213 12
      vertex -7.78723 23.9666 0
      vertex -10.2498 23.0213 0
    endloop
  endfacet
  facet normal 0.83867 -0.544639 0
    outer loop
      vertex 20.3872 -14.8122 12
      vertex 21.8238 -12.6 0
      vertex 21.8238 -12.6 12
    endloop
  endfacet
  facet normal 0.83867 -0.544639 0
    outer loop
      vertex 21.8238 -12.6 0
      vertex 20.3872 -14.8122 12
      vertex 20.3872 -14.8122 0
    endloop
  endfacet
  facet normal 0.544639 -0.83867 0
    outer loop
      vertex 12.6 -21.8238 0
      vertex 14.8122 -20.3872 12
      vertex 12.6 -21.8238 12
    endloop
  endfacet
  facet normal 0.544639 -0.83867 0
    outer loop
      vertex 14.8122 -20.3872 12
      vertex 12.6 -21.8238 0
      vertex 14.8122 -20.3872 0
    endloop
  endfacet
  facet normal 0.707107 -0.707107 0
    outer loop
      vertex 16.8621 -18.7272 12
      vertex 18.7272 -16.8621 0
      vertex 18.7272 -16.8621 12
    endloop
  endfacet
  facet normal 0.707107 -0.707107 0
    outer loop
      vertex 18.7272 -16.8621 0
      vertex 16.8621 -18.7272 12
      vertex 16.8621 -18.7272 0
    endloop
  endfacet
  facet normal -0.965926 -0.258819 0
    outer loop
      vertex -23.9666 -7.78723 0
      vertex -24.6493 -5.23937 12
      vertex -24.6493 -5.23937 0
    endloop
  endfacet
  facet normal -0.965926 -0.258819 0
    outer loop
      vertex -24.6493 -5.23937 12
      vertex -23.9666 -7.78723 0
      vertex -23.9666 -7.78723 12
    endloop
  endfacet
  facet normal -0.93358 -0.358368 0
    outer loop
      vertex -23.0213 -10.2498 0
      vertex -23.9666 -7.78723 12
      vertex -23.9666 -7.78723 0
    endloop
  endfacet
  facet normal -0.93358 -0.358368 0
    outer loop
      vertex -23.9666 -7.78723 12
      vertex -23.0213 -10.2498 0
      vertex -23.0213 -10.2498 12
    endloop
  endfacet
  facet normal 0.358368 -0.93358 0
    outer loop
      vertex 7.78723 -23.9666 0
      vertex 10.2498 -23.0213 12
      vertex 7.78723 -23.9666 12
    endloop
  endfacet
  facet normal 0.358368 -0.93358 0
    outer loop
      vertex 10.2498 -23.0213 12
      vertex 7.78723 -23.9666 0
      vertex 10.2498 -23.0213 0
    endloop
  endfacet
  facet normal 0.965926 -0.258819 0
    outer loop
      vertex 23.9666 -7.78723 12
      vertex 24.6493 -5.23937 0
      vertex 24.6493 -5.23937 12
    endloop
  endfacet
  facet normal 0.965926 -0.258819 0
    outer loop
      vertex 24.6493 -5.23937 0
      vertex 23.9666 -7.78723 12
      vertex 23.9666 -7.78723 0
    endloop
  endfacet
  facet normal 0.98769 -0.156425 0
    outer loop
      vertex 25.062 -2.63412 12
      vertex 25.0509 -2.70381 9.72148
      vertex 25.062 -2.63412 9.76674
    endloop
  endfacet
  facet normal 0.987688 -0.156434 3.01616e-007
    outer loop
      vertex 24.6493 -5.23937 12
      vertex 25.0509 -2.70381 9.72148
      vertex 25.062 -2.63412 12
    endloop
  endfacet
  facet normal 0.987688 -0.156434 8.69594e-007
    outer loop
      vertex 25.0509 -2.70381 9.72148
      vertex 24.6493 -5.23937 12
      vertex 24.9916 -3.078 9.41847
    endloop
  endfacet
  facet normal 0.987688 -0.156435 5.52241e-008
    outer loop
      vertex 24.9916 -3.078 9.41847
      vertex 24.6493 -5.23937 12
      vertex 24.9377 -3.41847 9.078
    endloop
  endfacet
  facet normal 0.987688 -0.156435 -2.18061e-007
    outer loop
      vertex 24.9377 -3.41847 9.078
      vertex 24.6493 -5.23937 12
      vertex 24.8897 -3.72148 8.70381
    endloop
  endfacet
  facet normal 0.987688 -0.156434 1.71574e-007
    outer loop
      vertex 24.8897 -3.72148 8.70381
      vertex 24.6493 -5.23937 12
      vertex 24.8482 -3.98372 8.3
    endloop
  endfacet
  facet normal 0.987688 -0.156436 -3.77985e-007
    outer loop
      vertex 24.8482 -3.98372 8.3
      vertex 24.6493 -5.23937 12
      vertex 24.8136 -4.20231 7.87099
    endloop
  endfacet
  facet normal 0.987686 -0.156446 -1.33162e-006
    outer loop
      vertex 24.7546 -4.5748 6.48083
      vertex 24.6493 -5.23937 12
      vertex 24.7506 -4.6 6
    endloop
  endfacet
  facet normal 0.98769 -0.156426 1.24733e-006
    outer loop
      vertex 24.7665 -4.49948 6.95639
      vertex 24.6493 -5.23937 12
      vertex 24.7546 -4.5748 6.48083
    endloop
  endfacet
  facet normal 0.987687 -0.156442 -1.19959e-006
    outer loop
      vertex 24.7862 -4.37486 7.42148
      vertex 24.6493 -5.23937 12
      vertex 24.7665 -4.49948 6.95639
    endloop
  endfacet
  facet normal 0.987689 -0.156431 8.20355e-007
    outer loop
      vertex 24.8136 -4.20231 7.87099
      vertex 24.6493 -5.23937 12
      vertex 24.7862 -4.37486 7.42148
    endloop
  endfacet
  facet normal 0.98769 -0.156425 0
    outer loop
      vertex 25.0509 -2.70381 2.27852
      vertex 25.062 -2.63412 0
      vertex 25.062 -2.63412 2.23326
    endloop
  endfacet
  facet normal 0.987688 -0.156434 -8.69594e-007
    outer loop
      vertex 24.6493 -5.23937 0
      vertex 25.0509 -2.70381 2.27852
      vertex 24.9916 -3.078 2.58153
    endloop
  endfacet
  facet normal 0.987688 -0.156435 -5.52241e-008
    outer loop
      vertex 24.6493 -5.23937 0
      vertex 24.9916 -3.078 2.58153
      vertex 24.9377 -3.41847 2.922
    endloop
  endfacet
  facet normal 0.987688 -0.156435 2.18061e-007
    outer loop
      vertex 24.6493 -5.23937 0
      vertex 24.9377 -3.41847 2.922
      vertex 24.8897 -3.72148 3.29619
    endloop
  endfacet
  facet normal 0.987688 -0.156434 -1.71574e-007
    outer loop
      vertex 24.6493 -5.23937 0
      vertex 24.8897 -3.72148 3.29619
      vertex 24.8482 -3.98372 3.7
    endloop
  endfacet
  facet normal 0.987688 -0.156436 3.77985e-007
    outer loop
      vertex 24.6493 -5.23937 0
      vertex 24.8482 -3.98372 3.7
      vertex 24.8136 -4.20231 4.12901
    endloop
  endfacet
  facet normal 0.987689 -0.156431 -8.20355e-007
    outer loop
      vertex 24.6493 -5.23937 0
      vertex 24.8136 -4.20231 4.12901
      vertex 24.7862 -4.37486 4.57852
    endloop
  endfacet
  facet normal 0.987688 -0.156434 0
    outer loop
      vertex 24.6493 -5.23937 0
      vertex 24.7506 -4.6 6
      vertex 24.6493 -5.23937 12
    endloop
  endfacet
  facet normal 0.987688 -0.156434 -3.01616e-007
    outer loop
      vertex 25.0509 -2.70381 2.27852
      vertex 24.6493 -5.23937 0
      vertex 25.062 -2.63412 0
    endloop
  endfacet
  facet normal 0.987687 -0.156442 1.19959e-006
    outer loop
      vertex 24.7665 -4.49948 5.04361
      vertex 24.6493 -5.23937 0
      vertex 24.7862 -4.37486 4.57852
    endloop
  endfacet
  facet normal 0.98769 -0.156426 -1.24733e-006
    outer loop
      vertex 24.7546 -4.5748 5.51917
      vertex 24.6493 -5.23937 0
      vertex 24.7665 -4.49948 5.04361
    endloop
  endfacet
  facet normal 0.987686 -0.156446 1.33162e-006
    outer loop
      vertex 24.7506 -4.6 6
      vertex 24.6493 -5.23937 0
      vertex 24.7546 -4.5748 5.51917
    endloop
  endfacet
  facet normal 0.891007 -0.45399 0
    outer loop
      vertex 21.8238 -12.6 12
      vertex 23.0213 -10.2498 0
      vertex 23.0213 -10.2498 12
    endloop
  endfacet
  facet normal 0.891007 -0.45399 0
    outer loop
      vertex 23.0213 -10.2498 0
      vertex 21.8238 -12.6 12
      vertex 21.8238 -12.6 0
    endloop
  endfacet
  facet normal 0.62932 -0.777146 0
    outer loop
      vertex 14.8122 -20.3872 0
      vertex 16.8621 -18.7272 12
      vertex 14.8122 -20.3872 12
    endloop
  endfacet
  facet normal 0.62932 -0.777146 0
    outer loop
      vertex 16.8621 -18.7272 12
      vertex 14.8122 -20.3872 0
      vertex 16.8621 -18.7272 0
    endloop
  endfacet
  facet normal -0.0523367 -0.998629 0
    outer loop
      vertex -2.63412 -25.062 0
      vertex 0 -25.2 12
      vertex -2.63412 -25.062 12
    endloop
  endfacet
  facet normal -0.0523367 -0.998629 -0
    outer loop
      vertex 0 -25.2 12
      vertex -2.63412 -25.062 0
      vertex 0 -25.2 0
    endloop
  endfacet
  facet normal -0.707107 -0.707107 0
    outer loop
      vertex -16.8621 -18.7272 0
      vertex -18.7272 -16.8621 12
      vertex -18.7272 -16.8621 0
    endloop
  endfacet
  facet normal -0.707107 -0.707107 0
    outer loop
      vertex -18.7272 -16.8621 12
      vertex -16.8621 -18.7272 0
      vertex -16.8621 -18.7272 12
    endloop
  endfacet
  facet normal -0.891007 -0.45399 0
    outer loop
      vertex -21.8238 -12.6 0
      vertex -23.0213 -10.2498 12
      vertex -23.0213 -10.2498 0
    endloop
  endfacet
  facet normal -0.891007 -0.45399 0
    outer loop
      vertex -23.0213 -10.2498 12
      vertex -21.8238 -12.6 0
      vertex -21.8238 -12.6 12
    endloop
  endfacet
  facet normal -0.987688 -0.156434 0
    outer loop
      vertex -24.6493 -5.23937 0
      vertex -25.062 -2.63412 12
      vertex -25.062 -2.63412 0
    endloop
  endfacet
  facet normal -0.987688 -0.156434 0
    outer loop
      vertex -25.062 -2.63412 12
      vertex -24.6493 -5.23937 0
      vertex -24.6493 -5.23937 12
    endloop
  endfacet
  facet normal -0.998629 -0.0523367 0
    outer loop
      vertex -25.062 -2.63412 0
      vertex -25.2 0 12
      vertex -25.2 0 0
    endloop
  endfacet
  facet normal -0.998629 -0.0523367 0
    outer loop
      vertex -25.2 0 12
      vertex -25.062 -2.63412 0
      vertex -25.062 -2.63412 12
    endloop
  endfacet
  facet normal 0.258819 -0.965926 0
    outer loop
      vertex 5.23937 -24.6493 0
      vertex 7.78723 -23.9666 12
      vertex 5.23937 -24.6493 12
    endloop
  endfacet
  facet normal 0.258819 -0.965926 0
    outer loop
      vertex 7.78723 -23.9666 12
      vertex 5.23937 -24.6493 0
      vertex 7.78723 -23.9666 0
    endloop
  endfacet
  facet normal 0.156434 -0.987688 0
    outer loop
      vertex 2.63412 -25.062 0
      vertex 5.23937 -24.6493 12
      vertex 2.63412 -25.062 12
    endloop
  endfacet
  facet normal 0.156434 -0.987688 0
    outer loop
      vertex 5.23937 -24.6493 12
      vertex 2.63412 -25.062 0
      vertex 5.23937 -24.6493 0
    endloop
  endfacet
  facet normal -0.62932 -0.777146 0
    outer loop
      vertex -16.8621 -18.7272 0
      vertex -14.8122 -20.3872 12
      vertex -16.8621 -18.7272 12
    endloop
  endfacet
  facet normal -0.62932 -0.777146 -0
    outer loop
      vertex -14.8122 -20.3872 12
      vertex -16.8621 -18.7272 0
      vertex -14.8122 -20.3872 0
    endloop
  endfacet
  facet normal -0.258819 -0.965926 0
    outer loop
      vertex -7.78723 -23.9666 0
      vertex -5.23937 -24.6493 12
      vertex -7.78723 -23.9666 12
    endloop
  endfacet
  facet normal -0.258819 -0.965926 -0
    outer loop
      vertex -5.23937 -24.6493 12
      vertex -7.78723 -23.9666 0
      vertex -5.23937 -24.6493 0
    endloop
  endfacet
  facet normal -0.156434 -0.987688 0
    outer loop
      vertex -5.23937 -24.6493 0
      vertex -2.63412 -25.062 12
      vertex -5.23937 -24.6493 12
    endloop
  endfacet
  facet normal -0.156434 -0.987688 -0
    outer loop
      vertex -2.63412 -25.062 12
      vertex -5.23937 -24.6493 0
      vertex -2.63412 -25.062 0
    endloop
  endfacet
  facet normal -0.83867 -0.544639 0
    outer loop
      vertex -20.3872 -14.8122 0
      vertex -21.8238 -12.6 12
      vertex -21.8238 -12.6 0
    endloop
  endfacet
  facet normal -0.83867 -0.544639 0
    outer loop
      vertex -21.8238 -12.6 12
      vertex -20.3872 -14.8122 0
      vertex -20.3872 -14.8122 12
    endloop
  endfacet
  facet normal -0.777146 -0.62932 0
    outer loop
      vertex -18.7272 -16.8621 0
      vertex -20.3872 -14.8122 12
      vertex -20.3872 -14.8122 0
    endloop
  endfacet
  facet normal -0.777146 -0.62932 0
    outer loop
      vertex -20.3872 -14.8122 12
      vertex -18.7272 -16.8621 0
      vertex -18.7272 -16.8621 12
    endloop
  endfacet
  facet normal -0.544639 -0.83867 0
    outer loop
      vertex -14.8122 -20.3872 0
      vertex -12.6 -21.8238 12
      vertex -14.8122 -20.3872 12
    endloop
  endfacet
  facet normal -0.544639 -0.83867 -0
    outer loop
      vertex -12.6 -21.8238 12
      vertex -14.8122 -20.3872 0
      vertex -12.6 -21.8238 0
    endloop
  endfacet
  facet normal -0.358368 -0.93358 0
    outer loop
      vertex -10.2498 -23.0213 0
      vertex -7.78723 -23.9666 12
      vertex -10.2498 -23.0213 12
    endloop
  endfacet
  facet normal -0.358368 -0.93358 -0
    outer loop
      vertex -7.78723 -23.9666 12
      vertex -10.2498 -23.0213 0
      vertex -7.78723 -23.9666 0
    endloop
  endfacet
  facet normal -0.45399 -0.891007 0
    outer loop
      vertex -12.6 -21.8238 0
      vertex -10.2498 -23.0213 12
      vertex -12.6 -21.8238 12
    endloop
  endfacet
  facet normal -0.45399 -0.891007 -0
    outer loop
      vertex -10.2498 -23.0213 12
      vertex -12.6 -21.8238 0
      vertex -10.2498 -23.0213 0
    endloop
  endfacet
  facet normal 0.998629 0.0523386 0
    outer loop
      vertex 15.323 1.46946 13.9775
      vertex 15.3156 1.60974 12
      vertex 15.3156 1.60974 14.0911
    endloop
  endfacet
  facet normal 0.99863 0.0523349 -2.65241e-007
    outer loop
      vertex 15.3345 1.25 13.8349
      vertex 15.3156 1.60974 12
      vertex 15.323 1.46946 13.9775
    endloop
  endfacet
  facet normal 0.99863 0.0523365 5.01308e-008
    outer loop
      vertex 15.3467 1.01684 13.7161
      vertex 15.3156 1.60974 12
      vertex 15.3345 1.25 13.8349
    endloop
  endfacet
  facet normal 0.99863 0.0523357 -2.26439e-007
    outer loop
      vertex 15.3595 0.772542 13.6224
      vertex 15.3156 1.60974 12
      vertex 15.3467 1.01684 13.7161
    endloop
  endfacet
  facet normal 0.99863 0.0523353 -4.36281e-007
    outer loop
      vertex 15.3728 0.519779 13.5546
      vertex 15.3156 1.60974 12
      vertex 15.3595 0.772542 13.6224
    endloop
  endfacet
  facet normal 0.99863 0.0523352 4.35944e-007
    outer loop
      vertex 15.4 0 12
      vertex 15.3728 0.519779 13.5546
      vertex 15.3863 0.261321 13.5137
    endloop
  endfacet
  facet normal 0.998629 0.0523415 -6.52111e-007
    outer loop
      vertex 15.4 0 12
      vertex 15.3863 0.261321 13.5137
      vertex 15.3916 0.159609 13.5084
    endloop
  endfacet
  facet normal 0.99863 0.0523353 -0
    outer loop
      vertex 15.4 0 12
      vertex 15.3916 0.159609 13.5084
      vertex 15.4 0 13.5
    endloop
  endfacet
  facet normal 0.99863 0.0523361 1.33464e-007
    outer loop
      vertex 15.3728 0.519779 13.5546
      vertex 15.4 0 12
      vertex 15.3156 1.60974 12
    endloop
  endfacet
  facet normal 0.998629 0.0523386 0
    outer loop
      vertex 15.3156 1.60974 20
      vertex 15.323 1.46946 18.0225
      vertex 15.3156 1.60974 17.9089
    endloop
  endfacet
  facet normal 0.99863 0.0523349 2.65241e-007
    outer loop
      vertex 15.3156 1.60974 20
      vertex 15.3345 1.25 18.1651
      vertex 15.323 1.46946 18.0225
    endloop
  endfacet
  facet normal 0.99863 0.0523365 -5.01308e-008
    outer loop
      vertex 15.3156 1.60974 20
      vertex 15.3467 1.01684 18.2839
      vertex 15.3345 1.25 18.1651
    endloop
  endfacet
  facet normal 0.99863 0.0523357 2.26439e-007
    outer loop
      vertex 15.3156 1.60974 20
      vertex 15.3595 0.772542 18.3776
      vertex 15.3467 1.01684 18.2839
    endloop
  endfacet
  facet normal 0.99863 0.0523353 4.3628e-007
    outer loop
      vertex 15.3156 1.60974 20
      vertex 15.3728 0.519779 18.4454
      vertex 15.3595 0.772542 18.3776
    endloop
  endfacet
  facet normal 0.99863 0.0523361 -1.33464e-007
    outer loop
      vertex 15.4 0 20
      vertex 15.3728 0.519779 18.4454
      vertex 15.3156 1.60974 20
    endloop
  endfacet
  facet normal 0.99863 0.0523352 -4.35945e-007
    outer loop
      vertex 15.3728 0.519779 18.4454
      vertex 15.4 0 20
      vertex 15.3863 0.261321 18.4863
    endloop
  endfacet
  facet normal 0.998629 0.0523377 0
    outer loop
      vertex 15.3863 0.261321 18.4863
      vertex 15.4 0 20
      vertex 15.4 0 18.5
    endloop
  endfacet
  facet normal -0.99863 0.0523361 0
    outer loop
      vertex -15.4 0 12
      vertex -15.3156 1.60974 20
      vertex -15.3156 1.60974 12
    endloop
  endfacet
  facet normal -0.99863 0.0523361 0
    outer loop
      vertex -15.3156 1.60974 20
      vertex -15.4 0 12
      vertex -15.4 0 20
    endloop
  endfacet
  facet normal 0.0523361 0.99863 -0
    outer loop
      vertex 1.60974 15.3156 12
      vertex 0 15.4 20
      vertex 1.60974 15.3156 20
    endloop
  endfacet
  facet normal 0.0523361 0.99863 0
    outer loop
      vertex 0 15.4 20
      vertex 1.60974 15.3156 12
      vertex 0 15.4 12
    endloop
  endfacet
  facet normal -0.0523361 -0.99863 0
    outer loop
      vertex -1.60974 -15.3156 12
      vertex 0 -15.4 20
      vertex -1.60974 -15.3156 20
    endloop
  endfacet
  facet normal -0.0523361 -0.99863 -0
    outer loop
      vertex 0 -15.4 20
      vertex -1.60974 -15.3156 12
      vertex 0 -15.4 12
    endloop
  endfacet
  facet normal 0.707107 0.707107 0
    outer loop
      vertex 11.4444 10.3046 20
      vertex 10.3046 11.4444 12
      vertex 10.3046 11.4444 20
    endloop
  endfacet
  facet normal 0.707107 0.707107 0
    outer loop
      vertex 10.3046 11.4444 12
      vertex 11.4444 10.3046 20
      vertex 11.4444 10.3046 12
    endloop
  endfacet
  facet normal -0.62932 0.777146 0
    outer loop
      vertex -9.05189 12.4589 12
      vertex -10.3046 11.4444 20
      vertex -9.05189 12.4589 20
    endloop
  endfacet
  facet normal -0.62932 0.777146 0
    outer loop
      vertex -10.3046 11.4444 20
      vertex -9.05189 12.4589 12
      vertex -10.3046 11.4444 12
    endloop
  endfacet
  facet normal -0.358368 0.93358 0
    outer loop
      vertex -4.75886 14.6463 12
      vertex -6.26374 14.0686 20
      vertex -4.75886 14.6463 20
    endloop
  endfacet
  facet normal -0.358368 0.93358 0
    outer loop
      vertex -6.26374 14.0686 20
      vertex -4.75886 14.6463 12
      vertex -6.26374 14.0686 12
    endloop
  endfacet
  facet normal -0.965926 -0.258819 0
    outer loop
      vertex -14.6463 -4.75886 12
      vertex -15.0635 -3.20184 20
      vertex -15.0635 -3.20184 12
    endloop
  endfacet
  facet normal -0.965926 -0.258819 0
    outer loop
      vertex -15.0635 -3.20184 20
      vertex -14.6463 -4.75886 12
      vertex -14.6463 -4.75886 20
    endloop
  endfacet
  facet normal 0.891007 0.45399 0
    outer loop
      vertex 14.0686 6.26374 20
      vertex 13.3368 7.7 12
      vertex 13.3368 7.7 20
    endloop
  endfacet
  facet normal 0.891007 0.45399 0
    outer loop
      vertex 13.3368 7.7 12
      vertex 14.0686 6.26374 20
      vertex 14.0686 6.26374 12
    endloop
  endfacet
  facet normal 0.45399 0.891007 -0
    outer loop
      vertex 7.7 13.3368 12
      vertex 6.26374 14.0686 20
      vertex 7.7 13.3368 20
    endloop
  endfacet
  facet normal 0.45399 0.891007 0
    outer loop
      vertex 6.26374 14.0686 20
      vertex 7.7 13.3368 12
      vertex 6.26374 14.0686 12
    endloop
  endfacet
  facet normal 0.544639 0.83867 -0
    outer loop
      vertex 9.05189 12.4589 12
      vertex 7.7 13.3368 20
      vertex 9.05189 12.4589 20
    endloop
  endfacet
  facet normal 0.544639 0.83867 0
    outer loop
      vertex 7.7 13.3368 20
      vertex 9.05189 12.4589 12
      vertex 7.7 13.3368 12
    endloop
  endfacet
  facet normal -0.83867 0.544639 0
    outer loop
      vertex -13.3368 7.7 12
      vertex -12.4589 9.05189 20
      vertex -12.4589 9.05189 12
    endloop
  endfacet
  facet normal -0.83867 0.544639 0
    outer loop
      vertex -12.4589 9.05189 20
      vertex -13.3368 7.7 12
      vertex -13.3368 7.7 20
    endloop
  endfacet
  facet normal -0.777146 0.62932 0
    outer loop
      vertex -12.4589 9.05189 12
      vertex -11.4444 10.3046 20
      vertex -11.4444 10.3046 12
    endloop
  endfacet
  facet normal -0.777146 0.62932 0
    outer loop
      vertex -11.4444 10.3046 20
      vertex -12.4589 9.05189 12
      vertex -12.4589 9.05189 20
    endloop
  endfacet
  facet normal -0.45399 0.891007 0
    outer loop
      vertex -6.26374 14.0686 12
      vertex -7.7 13.3368 20
      vertex -6.26374 14.0686 20
    endloop
  endfacet
  facet normal -0.45399 0.891007 0
    outer loop
      vertex -7.7 13.3368 20
      vertex -6.26374 14.0686 12
      vertex -7.7 13.3368 12
    endloop
  endfacet
  facet normal -0.156434 0.987688 0
    outer loop
      vertex -1.60974 15.3156 12
      vertex -3.20184 15.0635 20
      vertex -1.60974 15.3156 20
    endloop
  endfacet
  facet normal -0.156434 0.987688 0
    outer loop
      vertex -3.20184 15.0635 20
      vertex -1.60974 15.3156 12
      vertex -3.20184 15.0635 12
    endloop
  endfacet
  facet normal 0.891007 -0.45399 0
    outer loop
      vertex 13.3368 -7.7 20
      vertex 14.0686 -6.26374 12
      vertex 14.0686 -6.26374 20
    endloop
  endfacet
  facet normal 0.891007 -0.45399 0
    outer loop
      vertex 14.0686 -6.26374 12
      vertex 13.3368 -7.7 20
      vertex 13.3368 -7.7 12
    endloop
  endfacet
  facet normal 0.258819 -0.965926 0
    outer loop
      vertex 3.20184 -15.0635 12
      vertex 4.75886 -14.6463 20
      vertex 3.20184 -15.0635 20
    endloop
  endfacet
  facet normal 0.258819 -0.965926 0
    outer loop
      vertex 4.75886 -14.6463 20
      vertex 3.20184 -15.0635 12
      vertex 4.75886 -14.6463 12
    endloop
  endfacet
  facet normal 0.707107 -0.707107 0
    outer loop
      vertex 10.3046 -11.4444 20
      vertex 11.4444 -10.3046 12
      vertex 11.4444 -10.3046 20
    endloop
  endfacet
  facet normal 0.707107 -0.707107 0
    outer loop
      vertex 11.4444 -10.3046 12
      vertex 10.3046 -11.4444 20
      vertex 10.3046 -11.4444 12
    endloop
  endfacet
  facet normal 0.965926 -0.258819 0
    outer loop
      vertex 14.6463 -4.75886 20
      vertex 15.0635 -3.20184 12
      vertex 15.0635 -3.20184 20
    endloop
  endfacet
  facet normal 0.965926 -0.258819 0
    outer loop
      vertex 15.0635 -3.20184 12
      vertex 14.6463 -4.75886 20
      vertex 14.6463 -4.75886 12
    endloop
  endfacet
  facet normal -0.358368 -0.93358 0
    outer loop
      vertex -6.26374 -14.0686 12
      vertex -4.75886 -14.6463 20
      vertex -6.26374 -14.0686 20
    endloop
  endfacet
  facet normal -0.358368 -0.93358 -0
    outer loop
      vertex -4.75886 -14.6463 20
      vertex -6.26374 -14.0686 12
      vertex -4.75886 -14.6463 12
    endloop
  endfacet
  facet normal -0.891007 -0.45399 0
    outer loop
      vertex -13.3368 -7.7 12
      vertex -14.0686 -6.26374 20
      vertex -14.0686 -6.26374 12
    endloop
  endfacet
  facet normal -0.891007 -0.45399 0
    outer loop
      vertex -14.0686 -6.26374 20
      vertex -13.3368 -7.7 12
      vertex -13.3368 -7.7 20
    endloop
  endfacet
  facet normal -0.83867 -0.544639 0
    outer loop
      vertex -12.4589 -9.05189 12
      vertex -13.3368 -7.7 20
      vertex -13.3368 -7.7 12
    endloop
  endfacet
  facet normal -0.83867 -0.544639 0
    outer loop
      vertex -13.3368 -7.7 20
      vertex -12.4589 -9.05189 12
      vertex -12.4589 -9.05189 20
    endloop
  endfacet
  facet normal 0.965926 0.258819 0
    outer loop
      vertex 15.0635 3.20184 20
      vertex 14.6463 4.75886 12
      vertex 14.6463 4.75886 20
    endloop
  endfacet
  facet normal 0.965926 0.258819 0
    outer loop
      vertex 14.6463 4.75886 12
      vertex 15.0635 3.20184 20
      vertex 15.0635 3.20184 12
    endloop
  endfacet
  facet normal 0.987688 0.156434 0
    outer loop
      vertex 15.0635 3.20184 20
      vertex 15.1746 2.5 16
      vertex 15.0635 3.20184 12
    endloop
  endfacet
  facet normal 0.987687 0.156441 -1.23376e-006
    outer loop
      vertex 15.0635 3.20184 20
      vertex 15.1768 2.4863 16.2613
      vertex 15.1746 2.5 16
    endloop
  endfacet
  facet normal 0.987689 0.15643 1.01457e-006
    outer loop
      vertex 15.0635 3.20184 20
      vertex 15.1833 2.44537 16.5198
      vertex 15.1768 2.4863 16.2613
    endloop
  endfacet
  facet normal 0.987689 0.156433 2.09528e-007
    outer loop
      vertex 15.0635 3.20184 20
      vertex 15.194 2.37764 16.7725
      vertex 15.1833 2.44537 16.5198
    endloop
  endfacet
  facet normal 0.987688 0.156438 -9.63771e-007
    outer loop
      vertex 15.0635 3.20184 20
      vertex 15.2089 2.28386 17.0168
      vertex 15.194 2.37764 16.7725
    endloop
  endfacet
  facet normal 0.987689 0.15643 1.37168e-006
    outer loop
      vertex 15.0635 3.20184 20
      vertex 15.2202 2.21211 17.1577
      vertex 15.2089 2.28386 17.0168
    endloop
  endfacet
  facet normal 0.987688 0.156439 -1.8045e-006
    outer loop
      vertex 15.0635 3.20184 20
      vertex 15.2277 2.16506 17.25
      vertex 15.2202 2.21211 17.1577
    endloop
  endfacet
  facet normal 0.987689 0.156431 1.22955e-006
    outer loop
      vertex 15.0635 3.20184 20
      vertex 15.2366 2.10871 17.3368
      vertex 15.2277 2.16506 17.25
    endloop
  endfacet
  facet normal 0.987689 0.156432 7.83727e-007
    outer loop
      vertex 15.0635 3.20184 20
      vertex 15.2503 2.02254 17.4695
      vertex 15.2366 2.10871 17.3368
    endloop
  endfacet
  facet normal 0.987688 0.156435 -4.15454e-007
    outer loop
      vertex 15.0635 3.20184 20
      vertex 15.2763 1.85786 17.6728
      vertex 15.2503 2.02254 17.4695
    endloop
  endfacet
  facet normal 0.987689 0.156433 6.28046e-007
    outer loop
      vertex 15.0635 3.20184 20
      vertex 15.3056 1.67283 17.8579
      vertex 15.2763 1.85786 17.6728
    endloop
  endfacet
  facet normal 0.987688 0.156434 -0
    outer loop
      vertex 15.3156 1.60974 17.9089
      vertex 15.0635 3.20184 20
      vertex 15.3156 1.60974 20
    endloop
  endfacet
  facet normal 0.987688 0.156438 -2.86066e-006
    outer loop
      vertex 15.0635 3.20184 20
      vertex 15.3156 1.60974 17.9089
      vertex 15.3056 1.67283 17.8579
    endloop
  endfacet
  facet normal 0.987687 0.156441 1.23377e-006
    outer loop
      vertex 15.1768 2.4863 15.7387
      vertex 15.0635 3.20184 12
      vertex 15.1746 2.5 16
    endloop
  endfacet
  facet normal 0.987689 0.15643 -1.01457e-006
    outer loop
      vertex 15.1833 2.44537 15.4802
      vertex 15.0635 3.20184 12
      vertex 15.1768 2.4863 15.7387
    endloop
  endfacet
  facet normal 0.987689 0.156433 -2.09527e-007
    outer loop
      vertex 15.194 2.37764 15.2275
      vertex 15.0635 3.20184 12
      vertex 15.1833 2.44537 15.4802
    endloop
  endfacet
  facet normal 0.987688 0.156438 9.63774e-007
    outer loop
      vertex 15.2089 2.28386 14.9832
      vertex 15.0635 3.20184 12
      vertex 15.194 2.37764 15.2275
    endloop
  endfacet
  facet normal 0.98769 0.156427 -2.4537e-006
    outer loop
      vertex 15.2163 2.2368 14.8908
      vertex 15.0635 3.20184 12
      vertex 15.2089 2.28386 14.9832
    endloop
  endfacet
  facet normal 0.987688 0.156438 1.46132e-006
    outer loop
      vertex 15.2277 2.16506 14.75
      vertex 15.0635 3.20184 12
      vertex 15.2163 2.2368 14.8908
    endloop
  endfacet
  facet normal 0.987689 0.15643 -1.93969e-006
    outer loop
      vertex 15.2413 2.07886 14.6173
      vertex 15.0635 3.20184 12
      vertex 15.2277 2.16506 14.75
    endloop
  endfacet
  facet normal 0.987688 0.156436 7.07443e-007
    outer loop
      vertex 15.2503 2.02254 14.5305
      vertex 15.0635 3.20184 12
      vertex 15.2413 2.07886 14.6173
    endloop
  endfacet
  facet normal 0.987688 0.156435 4.15453e-007
    outer loop
      vertex 15.2763 1.85786 14.3272
      vertex 15.0635 3.20184 12
      vertex 15.2503 2.02254 14.5305
    endloop
  endfacet
  facet normal 0.987689 0.156433 -6.28047e-007
    outer loop
      vertex 15.3056 1.67283 14.1421
      vertex 15.0635 3.20184 12
      vertex 15.2763 1.85786 14.3272
    endloop
  endfacet
  facet normal 0.987688 0.156438 2.86066e-006
    outer loop
      vertex 15.3156 1.60974 14.0911
      vertex 15.0635 3.20184 12
      vertex 15.3056 1.67283 14.1421
    endloop
  endfacet
  facet normal 0.987688 0.156434 0
    outer loop
      vertex 15.0635 3.20184 12
      vertex 15.3156 1.60974 14.0911
      vertex 15.3156 1.60974 12
    endloop
  endfacet
  facet normal 0.93358 0.358368 0
    outer loop
      vertex 14.6463 4.75886 20
      vertex 14.0686 6.26374 12
      vertex 14.0686 6.26374 20
    endloop
  endfacet
  facet normal 0.93358 0.358368 0
    outer loop
      vertex 14.0686 6.26374 12
      vertex 14.6463 4.75886 20
      vertex 14.6463 4.75886 12
    endloop
  endfacet
  facet normal 0.777146 0.62932 0
    outer loop
      vertex 12.4589 9.05189 20
      vertex 11.4444 10.3046 12
      vertex 11.4444 10.3046 20
    endloop
  endfacet
  facet normal 0.777146 0.62932 0
    outer loop
      vertex 11.4444 10.3046 12
      vertex 12.4589 9.05189 20
      vertex 12.4589 9.05189 12
    endloop
  endfacet
  facet normal 0.83867 0.544639 0
    outer loop
      vertex 13.3368 7.7 20
      vertex 12.4589 9.05189 12
      vertex 12.4589 9.05189 20
    endloop
  endfacet
  facet normal 0.83867 0.544639 0
    outer loop
      vertex 12.4589 9.05189 12
      vertex 13.3368 7.7 20
      vertex 13.3368 7.7 12
    endloop
  endfacet
  facet normal 0.258819 0.965926 -0
    outer loop
      vertex 4.75886 14.6463 12
      vertex 3.20184 15.0635 20
      vertex 4.75886 14.6463 20
    endloop
  endfacet
  facet normal 0.258819 0.965926 0
    outer loop
      vertex 3.20184 15.0635 20
      vertex 4.75886 14.6463 12
      vertex 3.20184 15.0635 12
    endloop
  endfacet
  facet normal 0.358368 0.93358 -0
    outer loop
      vertex 6.26374 14.0686 12
      vertex 4.75886 14.6463 20
      vertex 6.26374 14.0686 20
    endloop
  endfacet
  facet normal 0.358368 0.93358 0
    outer loop
      vertex 4.75886 14.6463 20
      vertex 6.26374 14.0686 12
      vertex 4.75886 14.6463 12
    endloop
  endfacet
  facet normal 0.156434 0.987688 -0
    outer loop
      vertex 3.20184 15.0635 12
      vertex 1.60974 15.3156 20
      vertex 3.20184 15.0635 20
    endloop
  endfacet
  facet normal 0.156434 0.987688 0
    outer loop
      vertex 1.60974 15.3156 20
      vertex 3.20184 15.0635 12
      vertex 1.60974 15.3156 12
    endloop
  endfacet
  facet normal 0.62932 0.777146 -0
    outer loop
      vertex 10.3046 11.4444 12
      vertex 9.05189 12.4589 20
      vertex 10.3046 11.4444 20
    endloop
  endfacet
  facet normal 0.62932 0.777146 0
    outer loop
      vertex 9.05189 12.4589 20
      vertex 10.3046 11.4444 12
      vertex 9.05189 12.4589 12
    endloop
  endfacet
  facet normal -0.965926 0.258819 0
    outer loop
      vertex -15.0635 3.20184 12
      vertex -14.6463 4.75886 20
      vertex -14.6463 4.75886 12
    endloop
  endfacet
  facet normal -0.965926 0.258819 0
    outer loop
      vertex -14.6463 4.75886 20
      vertex -15.0635 3.20184 12
      vertex -15.0635 3.20184 20
    endloop
  endfacet
  facet normal -0.707107 0.707107 0
    outer loop
      vertex -11.4444 10.3046 12
      vertex -10.3046 11.4444 20
      vertex -10.3046 11.4444 12
    endloop
  endfacet
  facet normal -0.707107 0.707107 0
    outer loop
      vertex -10.3046 11.4444 20
      vertex -11.4444 10.3046 12
      vertex -11.4444 10.3046 20
    endloop
  endfacet
  facet normal -0.891007 0.45399 0
    outer loop
      vertex -14.0686 6.26374 12
      vertex -13.3368 7.7 20
      vertex -13.3368 7.7 12
    endloop
  endfacet
  facet normal -0.891007 0.45399 0
    outer loop
      vertex -13.3368 7.7 20
      vertex -14.0686 6.26374 12
      vertex -14.0686 6.26374 20
    endloop
  endfacet
  facet normal -0.93358 0.358368 0
    outer loop
      vertex -14.6463 4.75886 12
      vertex -14.0686 6.26374 20
      vertex -14.0686 6.26374 12
    endloop
  endfacet
  facet normal -0.93358 0.358368 0
    outer loop
      vertex -14.0686 6.26374 20
      vertex -14.6463 4.75886 12
      vertex -14.6463 4.75886 20
    endloop
  endfacet
  facet normal -0.987688 0.156434 0
    outer loop
      vertex -15.3156 1.60974 12
      vertex -15.0635 3.20184 20
      vertex -15.0635 3.20184 12
    endloop
  endfacet
  facet normal -0.987688 0.156434 0
    outer loop
      vertex -15.0635 3.20184 20
      vertex -15.3156 1.60974 12
      vertex -15.3156 1.60974 20
    endloop
  endfacet
  facet normal 0 0 1
    outer loop
      vertex 10.3046 11.4444 20
      vertex 5.75452 6.39104 20
      vertex 6.1 6.04557 20
    endloop
  endfacet
  facet normal 0 0 1
    outer loop
      vertex 7.7 13.3368 20
      vertex 5.05495 6.95755 20
      vertex 5.75452 6.39104 20
    endloop
  endfacet
  facet normal 0 0 1
    outer loop
      vertex 3.49793 7.85649 20
      vertex 6.26374 14.0686 20
      vertex 4.75886 14.6463 20
    endloop
  endfacet
  facet normal 0 0 1
    outer loop
      vertex 7.7 13.3368 20
      vertex 4.3 7.44782 20
      vertex 5.05495 6.95755 20
    endloop
  endfacet
  facet normal 0 0 1
    outer loop
      vertex 6.26374 14.0686 20
      vertex 3.49793 7.85649 20
      vertex 4.3 7.44782 20
    endloop
  endfacet
  facet normal 0 0 1
    outer loop
      vertex 2.65755 8.17909 20
      vertex 4.75886 14.6463 20
      vertex 3.20184 15.0635 20
    endloop
  endfacet
  facet normal 0 0 1
    outer loop
      vertex 4.75886 14.6463 20
      vertex 2.65755 8.17909 20
      vertex 3.49793 7.85649 20
    endloop
  endfacet
  facet normal 0 0 1
    outer loop
      vertex 3.20184 15.0635 20
      vertex 1.78804 8.41207 20
      vertex 2.65755 8.17909 20
    endloop
  endfacet
  facet normal 0 0 1
    outer loop
      vertex 1.60974 15.3156 20
      vertex 1.78804 8.41207 20
      vertex 3.20184 15.0635 20
    endloop
  endfacet
  facet normal 0 0 1
    outer loop
      vertex 1.60974 15.3156 20
      vertex 0.898944 8.55289 20
      vertex 1.78804 8.41207 20
    endloop
  endfacet
  facet normal 0 0 1
    outer loop
      vertex 0 15.4 20
      vertex 0.898944 8.55289 20
      vertex 1.60974 15.3156 20
    endloop
  endfacet
  facet normal 0 0 1
    outer loop
      vertex 0 15.4 20
      vertex 0 8.6 20
      vertex 0.898944 8.55289 20
    endloop
  endfacet
  facet normal 0 0 1
    outer loop
      vertex 0 15.4 20
      vertex -0.898944 8.55289 20
      vertex 0 8.6 20
    endloop
  endfacet
  facet normal -0 0 1
    outer loop
      vertex -1.60974 15.3156 20
      vertex -0.898944 8.55289 20
      vertex 0 15.4 20
    endloop
  endfacet
  facet normal 0 0 1
    outer loop
      vertex -1.60974 15.3156 20
      vertex -1.78804 8.41207 20
      vertex -0.898944 8.55289 20
    endloop
  endfacet
  facet normal -0 0 1
    outer loop
      vertex -3.20184 15.0635 20
      vertex -1.78804 8.41207 20
      vertex -1.60974 15.3156 20
    endloop
  endfacet
  facet normal 0 0 1
    outer loop
      vertex -1.78804 8.41207 20
      vertex -3.20184 15.0635 20
      vertex -2.65755 8.17909 20
    endloop
  endfacet
  facet normal -0 0 1
    outer loop
      vertex -4.75886 14.6463 20
      vertex -2.65755 8.17909 20
      vertex -3.20184 15.0635 20
    endloop
  endfacet
  facet normal 0 0 1
    outer loop
      vertex -2.65755 8.17909 20
      vertex -4.75886 14.6463 20
      vertex -3.49793 7.85649 20
    endloop
  endfacet
  facet normal -0 0 1
    outer loop
      vertex -6.26374 14.0686 20
      vertex -3.49793 7.85649 20
      vertex -4.75886 14.6463 20
    endloop
  endfacet
  facet normal 0 0 1
    outer loop
      vertex -3.49793 7.85649 20
      vertex -6.26374 14.0686 20
      vertex -4.3 7.44782 20
    endloop
  endfacet
  facet normal -0 0 1
    outer loop
      vertex -7.7 13.3368 20
      vertex -4.3 7.44782 20
      vertex -6.26374 14.0686 20
    endloop
  endfacet
  facet normal 0 0 1
    outer loop
      vertex -4.3 7.44782 20
      vertex -7.7 13.3368 20
      vertex -5.05495 6.95755 20
    endloop
  endfacet
  facet normal 0 0 1
    outer loop
      vertex -5.05495 6.95755 20
      vertex -9.05189 12.4589 20
      vertex -5.75452 6.39104 20
    endloop
  endfacet
  facet normal -0 0 1
    outer loop
      vertex -9.05189 12.4589 20
      vertex -5.05495 6.95755 20
      vertex -7.7 13.3368 20
    endloop
  endfacet
  facet normal -0 0 1
    outer loop
      vertex 10.5 1.03923 20
      vertex 15.4 0 20
      vertex 15.3156 1.60974 20
    endloop
  endfacet
  facet normal 0 0 1
    outer loop
      vertex 10.5 1.03923 20
      vertex 15.3156 1.60974 20
      vertex 15.0635 3.20184 20
    endloop
  endfacet
  facet normal 0 0 1
    outer loop
      vertex 10.5 -1.03923 20
      vertex 15.4 0 20
      vertex 10.5 1.03923 20
    endloop
  endfacet
  facet normal 0 0 1
    outer loop
      vertex 10.5 1.03923 20
      vertex 15.0635 3.20184 20
      vertex 14.6463 4.75886 20
    endloop
  endfacet
  facet normal 0 0 1
    outer loop
      vertex 15.4 0 20
      vertex 10.5 -1.03923 20
      vertex 15.3156 -1.60974 20
    endloop
  endfacet
  facet normal 0 0 1
    outer loop
      vertex 10.5 1.03923 20
      vertex 14.6463 4.75886 20
      vertex 14.0686 6.26374 20
    endloop
  endfacet
  facet normal 0 0 1
    outer loop
      vertex 15.3156 -1.60974 20
      vertex 10.5 -1.03923 20
      vertex 15.0635 -3.20184 20
    endloop
  endfacet
  facet normal 0 0 1
    outer loop
      vertex 10.5 1.03923 20
      vertex 14.0686 6.26374 20
      vertex 13.3368 7.7 20
    endloop
  endfacet
  facet normal 0 0 1
    outer loop
      vertex 15.0635 -3.20184 20
      vertex 10.5 -1.03923 20
      vertex 14.6463 -4.75886 20
    endloop
  endfacet
  facet normal 0 0 1
    outer loop
      vertex 6.1 6.04557 20
      vertex 13.3368 7.7 20
      vertex 12.4589 9.05189 20
    endloop
  endfacet
  facet normal 0 0 1
    outer loop
      vertex 14.6463 -4.75886 20
      vertex 10.5 -1.03923 20
      vertex 14.0686 -6.26374 20
    endloop
  endfacet
  facet normal 0 0 1
    outer loop
      vertex 6.1 6.04557 20
      vertex 12.4589 9.05189 20
      vertex 11.4444 10.3046 20
    endloop
  endfacet
  facet normal 0 0 1
    outer loop
      vertex 14.0686 -6.26374 20
      vertex 10.5 -1.03923 20
      vertex 13.3368 -7.7 20
    endloop
  endfacet
  facet normal -0 0 1
    outer loop
      vertex 6.1 -6.04557 20
      vertex 13.3368 -7.7 20
      vertex 10.5 -1.03923 20
    endloop
  endfacet
  facet normal 0 0 1
    outer loop
      vertex 6.1 6.04557 20
      vertex 11.4444 10.3046 20
      vertex 10.3046 11.4444 20
    endloop
  endfacet
  facet normal 0 0 1
    outer loop
      vertex 5.75452 6.39104 20
      vertex 10.3046 11.4444 20
      vertex 9.05189 12.4589 20
    endloop
  endfacet
  facet normal 0 0 1
    outer loop
      vertex 5.75452 6.39104 20
      vertex 9.05189 12.4589 20
      vertex 7.7 13.3368 20
    endloop
  endfacet
  facet normal 0 0 1
    outer loop
      vertex 4.3 7.44782 20
      vertex 7.7 13.3368 20
      vertex 6.26374 14.0686 20
    endloop
  endfacet
  facet normal 0 0 1
    outer loop
      vertex 13.3368 7.7 20
      vertex 6.1 6.04557 20
      vertex 10.5 1.03923 20
    endloop
  endfacet
  facet normal 0 0 1
    outer loop
      vertex 10.5 1.03923 20
      vertex 6.1 6.04557 20
      vertex 6.1 1.03923 20
    endloop
  endfacet
  facet normal 0 0 1
    outer loop
      vertex 13.3368 -7.7 20
      vertex 6.1 -6.04557 20
      vertex 12.4589 -9.05189 20
    endloop
  endfacet
  facet normal 0 0 1
    outer loop
      vertex 12.4589 -9.05189 20
      vertex 6.1 -6.04557 20
      vertex 11.4444 -10.3046 20
    endloop
  endfacet
  facet normal 0 0 1
    outer loop
      vertex 11.4444 -10.3046 20
      vertex 6.1 -6.04557 20
      vertex 10.3046 -11.4444 20
    endloop
  endfacet
  facet normal -0 0 1
    outer loop
      vertex 5.75452 -6.39104 20
      vertex 10.3046 -11.4444 20
      vertex 6.1 -6.04557 20
    endloop
  endfacet
  facet normal 0 0 1
    outer loop
      vertex 10.3046 -11.4444 20
      vertex 5.75452 -6.39104 20
      vertex 9.05189 -12.4589 20
    endloop
  endfacet
  facet normal 0 0 1
    outer loop
      vertex 6.1 -6.04557 20
      vertex 10.5 -1.03923 20
      vertex 6.1 -1.03923 20
    endloop
  endfacet
  facet normal -0 0 1
    outer loop
      vertex 5.05495 -6.95755 20
      vertex 9.05189 -12.4589 20
      vertex 5.75452 -6.39104 20
    endloop
  endfacet
  facet normal 0 0 1
    outer loop
      vertex 9.05189 -12.4589 20
      vertex 5.05495 -6.95755 20
      vertex 7.7 -13.3368 20
    endloop
  endfacet
  facet normal -0 0 1
    outer loop
      vertex 4.3 -7.44782 20
      vertex 7.7 -13.3368 20
      vertex 5.05495 -6.95755 20
    endloop
  endfacet
  facet normal 0 0 1
    outer loop
      vertex 7.7 -13.3368 20
      vertex 4.3 -7.44782 20
      vertex 6.26374 -14.0686 20
    endloop
  endfacet
  facet normal -0 0 1
    outer loop
      vertex 3.49793 -7.85649 20
      vertex 6.26374 -14.0686 20
      vertex 4.3 -7.44782 20
    endloop
  endfacet
  facet normal 0 0 1
    outer loop
      vertex 6.26374 -14.0686 20
      vertex 3.49793 -7.85649 20
      vertex 4.75886 -14.6463 20
    endloop
  endfacet
  facet normal -0 0 1
    outer loop
      vertex 2.65755 -8.17909 20
      vertex 4.75886 -14.6463 20
      vertex 3.49793 -7.85649 20
    endloop
  endfacet
  facet normal 0 0 1
    outer loop
      vertex 4.75886 -14.6463 20
      vertex 2.65755 -8.17909 20
      vertex 3.20184 -15.0635 20
    endloop
  endfacet
  facet normal -0 0 1
    outer loop
      vertex 1.78804 -8.41207 20
      vertex 3.20184 -15.0635 20
      vertex 2.65755 -8.17909 20
    endloop
  endfacet
  facet normal 0 0 1
    outer loop
      vertex 1.78804 -8.41207 20
      vertex 1.60974 -15.3156 20
      vertex 3.20184 -15.0635 20
    endloop
  endfacet
  facet normal -0 0 1
    outer loop
      vertex 0.898944 -8.55289 20
      vertex 1.60974 -15.3156 20
      vertex 1.78804 -8.41207 20
    endloop
  endfacet
  facet normal -0 0 1
    outer loop
      vertex 0 -8.6 20
      vertex 1.60974 -15.3156 20
      vertex 0.898944 -8.55289 20
    endloop
  endfacet
  facet normal 0 0 1
    outer loop
      vertex 0 -8.6 20
      vertex 0 -15.4 20
      vertex 1.60974 -15.3156 20
    endloop
  endfacet
  facet normal 0 0 1
    outer loop
      vertex -0.898944 -8.55289 20
      vertex 0 -15.4 20
      vertex 0 -8.6 20
    endloop
  endfacet
  facet normal 0 0 1
    outer loop
      vertex -0.898944 -8.55289 20
      vertex -1.60974 -15.3156 20
      vertex 0 -15.4 20
    endloop
  endfacet
  facet normal 0 0 1
    outer loop
      vertex -1.78804 -8.41207 20
      vertex -1.60974 -15.3156 20
      vertex -0.898944 -8.55289 20
    endloop
  endfacet
  facet normal 0 0 1
    outer loop
      vertex -3.20184 -15.0635 20
      vertex -1.78804 -8.41207 20
      vertex -2.65755 -8.17909 20
    endloop
  endfacet
  facet normal 0 0 1
    outer loop
      vertex -1.78804 -8.41207 20
      vertex -3.20184 -15.0635 20
      vertex -1.60974 -15.3156 20
    endloop
  endfacet
  facet normal 0 0 1
    outer loop
      vertex -4.75886 -14.6463 20
      vertex -2.65755 -8.17909 20
      vertex -3.49793 -7.85649 20
    endloop
  endfacet
  facet normal 0 0 1
    outer loop
      vertex -6.26374 -14.0686 20
      vertex -3.49793 -7.85649 20
      vertex -4.3 -7.44782 20
    endloop
  endfacet
  facet normal 0 0 1
    outer loop
      vertex -2.65755 -8.17909 20
      vertex -4.75886 -14.6463 20
      vertex -3.20184 -15.0635 20
    endloop
  endfacet
  facet normal 0 0 1
    outer loop
      vertex -7.7 -13.3368 20
      vertex -4.3 -7.44782 20
      vertex -5.05495 -6.95755 20
    endloop
  endfacet
  facet normal 0 0 1
    outer loop
      vertex -9.05189 -12.4589 20
      vertex -5.05495 -6.95755 20
      vertex -5.75452 -6.39104 20
    endloop
  endfacet
  facet normal 0 0 1
    outer loop
      vertex -10.3046 -11.4444 20
      vertex -5.75452 -6.39104 20
      vertex -6.1 -6.04557 20
    endloop
  endfacet
  facet normal 0 0 1
    outer loop
      vertex -3.49793 -7.85649 20
      vertex -6.26374 -14.0686 20
      vertex -4.75886 -14.6463 20
    endloop
  endfacet
  facet normal -0 0 1
    outer loop
      vertex -10.3046 11.4444 20
      vertex -5.75452 6.39104 20
      vertex -9.05189 12.4589 20
    endloop
  endfacet
  facet normal 0 0 1
    outer loop
      vertex -5.75452 6.39104 20
      vertex -10.3046 11.4444 20
      vertex -6.1 6.04557 20
    endloop
  endfacet
  facet normal 0 0 1
    outer loop
      vertex -4.3 -7.44782 20
      vertex -7.7 -13.3368 20
      vertex -6.26374 -14.0686 20
    endloop
  endfacet
  facet normal -0 0 1
    outer loop
      vertex -11.4444 10.3046 20
      vertex -6.1 6.04557 20
      vertex -10.3046 11.4444 20
    endloop
  endfacet
  facet normal 0 0 1
    outer loop
      vertex -5.05495 -6.95755 20
      vertex -9.05189 -12.4589 20
      vertex -7.7 -13.3368 20
    endloop
  endfacet
  facet normal -0 0 1
    outer loop
      vertex -12.4589 9.05189 20
      vertex -6.1 6.04557 20
      vertex -11.4444 10.3046 20
    endloop
  endfacet
  facet normal 0 0 1
    outer loop
      vertex -5.75452 -6.39104 20
      vertex -10.3046 -11.4444 20
      vertex -9.05189 -12.4589 20
    endloop
  endfacet
  facet normal -0 0 1
    outer loop
      vertex -13.3368 7.7 20
      vertex -6.1 6.04557 20
      vertex -12.4589 9.05189 20
    endloop
  endfacet
  facet normal 0 0 1
    outer loop
      vertex -6.1 -6.04557 20
      vertex -11.4444 -10.3046 20
      vertex -10.3046 -11.4444 20
    endloop
  endfacet
  facet normal -0 0 1
    outer loop
      vertex -14.0686 6.26374 20
      vertex -6.1 6.04557 20
      vertex -13.3368 7.7 20
    endloop
  endfacet
  facet normal 0 0 1
    outer loop
      vertex -6.1 -6.04557 20
      vertex -12.4589 -9.05189 20
      vertex -11.4444 -10.3046 20
    endloop
  endfacet
  facet normal 0 0 1
    outer loop
      vertex -14.6463 4.75886 20
      vertex -6.1 6.04557 20
      vertex -14.0686 6.26374 20
    endloop
  endfacet
  facet normal 0 0 1
    outer loop
      vertex -6.1 -6.04557 20
      vertex -13.3368 -7.7 20
      vertex -12.4589 -9.05189 20
    endloop
  endfacet
  facet normal 0 0 1
    outer loop
      vertex -15.0635 3.20184 20
      vertex -6.1 6.04557 20
      vertex -14.6463 4.75886 20
    endloop
  endfacet
  facet normal 0 0 1
    outer loop
      vertex -6.1 -6.04557 20
      vertex -14.0686 -6.26374 20
      vertex -13.3368 -7.7 20
    endloop
  endfacet
  facet normal 0 0 1
    outer loop
      vertex -15.3156 1.60974 20
      vertex -6.1 6.04557 20
      vertex -15.0635 3.20184 20
    endloop
  endfacet
  facet normal 0 0 1
    outer loop
      vertex -6.1 -6.04557 20
      vertex -14.6463 -4.75886 20
      vertex -14.0686 -6.26374 20
    endloop
  endfacet
  facet normal 0 0 1
    outer loop
      vertex -15.4 0 20
      vertex -6.1 6.04557 20
      vertex -15.3156 1.60974 20
    endloop
  endfacet
  facet normal 0 0 1
    outer loop
      vertex -6.1 -6.04557 20
      vertex -15.0635 -3.20184 20
      vertex -14.6463 -4.75886 20
    endloop
  endfacet
  facet normal 0 0 1
    outer loop
      vertex -6.1 6.04557 20
      vertex -15.4 0 20
      vertex -6.1 -6.04557 20
    endloop
  endfacet
  facet normal 0 0 1
    outer loop
      vertex -6.1 -6.04557 20
      vertex -15.3156 -1.60974 20
      vertex -15.0635 -3.20184 20
    endloop
  endfacet
  facet normal 0 0 1
    outer loop
      vertex -6.1 -6.04557 20
      vertex -15.4 0 20
      vertex -15.3156 -1.60974 20
    endloop
  endfacet
  facet normal -0.0523361 0.99863 0
    outer loop
      vertex 0 15.4 12
      vertex -1.60974 15.3156 20
      vertex 0 15.4 20
    endloop
  endfacet
  facet normal -0.0523361 0.99863 0
    outer loop
      vertex -1.60974 15.3156 20
      vertex 0 15.4 12
      vertex -1.60974 15.3156 12
    endloop
  endfacet
  facet normal 0.998629 -0.0523377 0
    outer loop
      vertex 15.4 0 20
      vertex 15.3863 -0.261321 18.4863
      vertex 15.4 0 18.5
    endloop
  endfacet
  facet normal 0.99863 -0.0523352 -4.35945e-007
    outer loop
      vertex 15.4 0 20
      vertex 15.3728 -0.519779 18.4454
      vertex 15.3863 -0.261321 18.4863
    endloop
  endfacet
  facet normal 0.99863 -0.0523361 -1.33464e-007
    outer loop
      vertex 15.3156 -1.60974 20
      vertex 15.3728 -0.519779 18.4454
      vertex 15.4 0 20
    endloop
  endfacet
  facet normal 0.99863 -0.0523353 4.3628e-007
    outer loop
      vertex 15.3728 -0.519779 18.4454
      vertex 15.3156 -1.60974 20
      vertex 15.3595 -0.772542 18.3776
    endloop
  endfacet
  facet normal 0.99863 -0.0523357 2.26439e-007
    outer loop
      vertex 15.3595 -0.772542 18.3776
      vertex 15.3156 -1.60974 20
      vertex 15.3467 -1.01684 18.2839
    endloop
  endfacet
  facet normal 0.99863 -0.0523365 -5.01308e-008
    outer loop
      vertex 15.3467 -1.01684 18.2839
      vertex 15.3156 -1.60974 20
      vertex 15.3345 -1.25 18.1651
    endloop
  endfacet
  facet normal 0.99863 -0.0523349 2.65241e-007
    outer loop
      vertex 15.3345 -1.25 18.1651
      vertex 15.3156 -1.60974 20
      vertex 15.323 -1.46946 18.0225
    endloop
  endfacet
  facet normal 0.998629 -0.0523386 0
    outer loop
      vertex 15.323 -1.46946 18.0225
      vertex 15.3156 -1.60974 20
      vertex 15.3156 -1.60974 17.9089
    endloop
  endfacet
  facet normal 0.99863 -0.0523353 0
    outer loop
      vertex 15.3916 -0.159609 13.5084
      vertex 15.4 0 12
      vertex 15.4 0 13.5
    endloop
  endfacet
  facet normal 0.998629 -0.0523415 -6.52111e-007
    outer loop
      vertex 15.3863 -0.261321 13.5137
      vertex 15.4 0 12
      vertex 15.3916 -0.159609 13.5084
    endloop
  endfacet
  facet normal 0.99863 -0.0523352 4.35944e-007
    outer loop
      vertex 15.3728 -0.519779 13.5546
      vertex 15.4 0 12
      vertex 15.3863 -0.261321 13.5137
    endloop
  endfacet
  facet normal 0.99863 -0.0523353 -4.36281e-007
    outer loop
      vertex 15.3156 -1.60974 12
      vertex 15.3728 -0.519779 13.5546
      vertex 15.3595 -0.772542 13.6224
    endloop
  endfacet
  facet normal 0.99863 -0.0523357 -2.26439e-007
    outer loop
      vertex 15.3156 -1.60974 12
      vertex 15.3595 -0.772542 13.6224
      vertex 15.3467 -1.01684 13.7161
    endloop
  endfacet
  facet normal 0.99863 -0.0523365 5.01308e-008
    outer loop
      vertex 15.3156 -1.60974 12
      vertex 15.3467 -1.01684 13.7161
      vertex 15.3345 -1.25 13.8349
    endloop
  endfacet
  facet normal 0.99863 -0.0523349 -2.65241e-007
    outer loop
      vertex 15.3156 -1.60974 12
      vertex 15.3345 -1.25 13.8349
      vertex 15.323 -1.46946 13.9775
    endloop
  endfacet
  facet normal 0.998629 -0.0523386 0
    outer loop
      vertex 15.3156 -1.60974 12
      vertex 15.323 -1.46946 13.9775
      vertex 15.3156 -1.60974 14.0911
    endloop
  endfacet
  facet normal 0.99863 -0.0523361 1.33464e-007
    outer loop
      vertex 15.3728 -0.519779 13.5546
      vertex 15.3156 -1.60974 12
      vertex 15.4 0 12
    endloop
  endfacet
  facet normal 0.0523361 -0.99863 0
    outer loop
      vertex 0 -15.4 12
      vertex 1.60974 -15.3156 20
      vertex 0 -15.4 20
    endloop
  endfacet
  facet normal 0.0523361 -0.99863 0
    outer loop
      vertex 1.60974 -15.3156 20
      vertex 0 -15.4 12
      vertex 1.60974 -15.3156 12
    endloop
  endfacet
  facet normal 0.45399 -0.891007 0
    outer loop
      vertex 6.26374 -14.0686 12
      vertex 7.7 -13.3368 20
      vertex 6.26374 -14.0686 20
    endloop
  endfacet
  facet normal 0.45399 -0.891007 0
    outer loop
      vertex 7.7 -13.3368 20
      vertex 6.26374 -14.0686 12
      vertex 7.7 -13.3368 12
    endloop
  endfacet
  facet normal 0.62932 -0.777146 0
    outer loop
      vertex 9.05189 -12.4589 12
      vertex 10.3046 -11.4444 20
      vertex 9.05189 -12.4589 20
    endloop
  endfacet
  facet normal 0.62932 -0.777146 0
    outer loop
      vertex 10.3046 -11.4444 20
      vertex 9.05189 -12.4589 12
      vertex 10.3046 -11.4444 12
    endloop
  endfacet
  facet normal 0.544639 -0.83867 0
    outer loop
      vertex 7.7 -13.3368 12
      vertex 9.05189 -12.4589 20
      vertex 7.7 -13.3368 20
    endloop
  endfacet
  facet normal 0.544639 -0.83867 0
    outer loop
      vertex 9.05189 -12.4589 20
      vertex 7.7 -13.3368 12
      vertex 9.05189 -12.4589 12
    endloop
  endfacet
  facet normal 0.777146 -0.62932 0
    outer loop
      vertex 11.4444 -10.3046 20
      vertex 12.4589 -9.05189 12
      vertex 12.4589 -9.05189 20
    endloop
  endfacet
  facet normal 0.777146 -0.62932 0
    outer loop
      vertex 12.4589 -9.05189 12
      vertex 11.4444 -10.3046 20
      vertex 11.4444 -10.3046 12
    endloop
  endfacet
  facet normal 0.83867 -0.544639 0
    outer loop
      vertex 12.4589 -9.05189 20
      vertex 13.3368 -7.7 12
      vertex 13.3368 -7.7 20
    endloop
  endfacet
  facet normal 0.83867 -0.544639 0
    outer loop
      vertex 13.3368 -7.7 12
      vertex 12.4589 -9.05189 20
      vertex 12.4589 -9.05189 12
    endloop
  endfacet
  facet normal -0.707107 -0.707107 0
    outer loop
      vertex -10.3046 -11.4444 12
      vertex -11.4444 -10.3046 20
      vertex -11.4444 -10.3046 12
    endloop
  endfacet
  facet normal -0.707107 -0.707107 0
    outer loop
      vertex -11.4444 -10.3046 20
      vertex -10.3046 -11.4444 12
      vertex -10.3046 -11.4444 20
    endloop
  endfacet
  facet normal -0.62932 -0.777146 0
    outer loop
      vertex -10.3046 -11.4444 12
      vertex -9.05189 -12.4589 20
      vertex -10.3046 -11.4444 20
    endloop
  endfacet
  facet normal -0.62932 -0.777146 -0
    outer loop
      vertex -9.05189 -12.4589 20
      vertex -10.3046 -11.4444 12
      vertex -9.05189 -12.4589 12
    endloop
  endfacet
  facet normal -0.544639 -0.83867 0
    outer loop
      vertex -9.05189 -12.4589 12
      vertex -7.7 -13.3368 20
      vertex -9.05189 -12.4589 20
    endloop
  endfacet
  facet normal -0.544639 -0.83867 -0
    outer loop
      vertex -7.7 -13.3368 20
      vertex -9.05189 -12.4589 12
      vertex -7.7 -13.3368 12
    endloop
  endfacet
  facet normal -0.156434 -0.987688 0
    outer loop
      vertex -3.20184 -15.0635 12
      vertex -1.60974 -15.3156 20
      vertex -3.20184 -15.0635 20
    endloop
  endfacet
  facet normal -0.156434 -0.987688 -0
    outer loop
      vertex -1.60974 -15.3156 20
      vertex -3.20184 -15.0635 12
      vertex -1.60974 -15.3156 12
    endloop
  endfacet
  facet normal -0.777146 -0.62932 0
    outer loop
      vertex -11.4444 -10.3046 12
      vertex -12.4589 -9.05189 20
      vertex -12.4589 -9.05189 12
    endloop
  endfacet
  facet normal -0.777146 -0.62932 0
    outer loop
      vertex -12.4589 -9.05189 20
      vertex -11.4444 -10.3046 12
      vertex -11.4444 -10.3046 20
    endloop
  endfacet
  facet normal -0.99863 -0.0523361 0
    outer loop
      vertex -15.3156 -1.60974 12
      vertex -15.4 0 20
      vertex -15.4 0 12
    endloop
  endfacet
  facet normal -0.99863 -0.0523361 0
    outer loop
      vertex -15.4 0 20
      vertex -15.3156 -1.60974 12
      vertex -15.3156 -1.60974 20
    endloop
  endfacet
  facet normal -0.544639 0.83867 0
    outer loop
      vertex -7.7 13.3368 12
      vertex -9.05189 12.4589 20
      vertex -7.7 13.3368 20
    endloop
  endfacet
  facet normal -0.544639 0.83867 0
    outer loop
      vertex -9.05189 12.4589 20
      vertex -7.7 13.3368 12
      vertex -9.05189 12.4589 12
    endloop
  endfacet
  facet normal -0.258819 0.965926 0
    outer loop
      vertex -3.20184 15.0635 12
      vertex -4.75886 14.6463 20
      vertex -3.20184 15.0635 20
    endloop
  endfacet
  facet normal -0.258819 0.965926 0
    outer loop
      vertex -4.75886 14.6463 20
      vertex -3.20184 15.0635 12
      vertex -4.75886 14.6463 12
    endloop
  endfacet
  facet normal 0.156434 -0.987688 0
    outer loop
      vertex 1.60974 -15.3156 12
      vertex 3.20184 -15.0635 20
      vertex 1.60974 -15.3156 20
    endloop
  endfacet
  facet normal 0.156434 -0.987688 0
    outer loop
      vertex 3.20184 -15.0635 20
      vertex 1.60974 -15.3156 12
      vertex 3.20184 -15.0635 12
    endloop
  endfacet
  facet normal 0.358368 -0.93358 0
    outer loop
      vertex 4.75886 -14.6463 12
      vertex 6.26374 -14.0686 20
      vertex 4.75886 -14.6463 20
    endloop
  endfacet
  facet normal 0.358368 -0.93358 0
    outer loop
      vertex 6.26374 -14.0686 20
      vertex 4.75886 -14.6463 12
      vertex 6.26374 -14.0686 12
    endloop
  endfacet
  facet normal 0.93358 -0.358368 0
    outer loop
      vertex 14.0686 -6.26374 20
      vertex 14.6463 -4.75886 12
      vertex 14.6463 -4.75886 20
    endloop
  endfacet
  facet normal 0.93358 -0.358368 0
    outer loop
      vertex 14.6463 -4.75886 12
      vertex 14.0686 -6.26374 20
      vertex 14.0686 -6.26374 12
    endloop
  endfacet
  facet normal 0.987688 -0.156434 0
    outer loop
      vertex 15.0635 -3.20184 20
      vertex 15.3156 -1.60974 17.9089
      vertex 15.3156 -1.60974 20
    endloop
  endfacet
  facet normal 0.987688 -0.156438 -2.86066e-006
    outer loop
      vertex 15.3156 -1.60974 17.9089
      vertex 15.0635 -3.20184 20
      vertex 15.3056 -1.67283 17.8579
    endloop
  endfacet
  facet normal 0.987689 -0.156433 6.28046e-007
    outer loop
      vertex 15.3056 -1.67283 17.8579
      vertex 15.0635 -3.20184 20
      vertex 15.2763 -1.85786 17.6728
    endloop
  endfacet
  facet normal 0.987688 -0.156435 -4.15454e-007
    outer loop
      vertex 15.2763 -1.85786 17.6728
      vertex 15.0635 -3.20184 20
      vertex 15.2503 -2.02254 17.4695
    endloop
  endfacet
  facet normal 0.987689 -0.156432 9.73886e-007
    outer loop
      vertex 15.2503 -2.02254 17.4695
      vertex 15.0635 -3.20184 20
      vertex 15.2277 -2.16506 17.25
    endloop
  endfacet
  facet normal 0.987688 -0.156434 2.05022e-007
    outer loop
      vertex 15.2277 -2.16506 17.25
      vertex 15.0635 -3.20184 20
      vertex 15.2089 -2.28386 17.0168
    endloop
  endfacet
  facet normal 0.987688 -0.156438 -9.63771e-007
    outer loop
      vertex 15.2089 -2.28386 17.0168
      vertex 15.0635 -3.20184 20
      vertex 15.194 -2.37764 16.7725
    endloop
  endfacet
  facet normal 0.987687 -0.156441 -1.23376e-006
    outer loop
      vertex 15.1768 -2.4863 16.2613
      vertex 15.0635 -3.20184 20
      vertex 15.1746 -2.5 16
    endloop
  endfacet
  facet normal 0.987689 -0.15643 1.01457e-006
    outer loop
      vertex 15.1833 -2.44537 16.5198
      vertex 15.0635 -3.20184 20
      vertex 15.1768 -2.4863 16.2613
    endloop
  endfacet
  facet normal 0.987689 -0.156433 2.09528e-007
    outer loop
      vertex 15.194 -2.37764 16.7725
      vertex 15.0635 -3.20184 20
      vertex 15.1833 -2.44537 16.5198
    endloop
  endfacet
  facet normal 0.987688 -0.156438 2.86066e-006
    outer loop
      vertex 15.0635 -3.20184 12
      vertex 15.3156 -1.60974 14.0911
      vertex 15.3056 -1.67283 14.1421
    endloop
  endfacet
  facet normal 0.987689 -0.156433 -6.28047e-007
    outer loop
      vertex 15.0635 -3.20184 12
      vertex 15.3056 -1.67283 14.1421
      vertex 15.2763 -1.85786 14.3272
    endloop
  endfacet
  facet normal 0.987688 -0.156435 4.15453e-007
    outer loop
      vertex 15.0635 -3.20184 12
      vertex 15.2763 -1.85786 14.3272
      vertex 15.2503 -2.02254 14.5305
    endloop
  endfacet
  facet normal 0.987688 -0.156436 7.07443e-007
    outer loop
      vertex 15.0635 -3.20184 12
      vertex 15.2503 -2.02254 14.5305
      vertex 15.2413 -2.07886 14.6173
    endloop
  endfacet
  facet normal 0.987689 -0.15643 -1.93969e-006
    outer loop
      vertex 15.0635 -3.20184 12
      vertex 15.2413 -2.07886 14.6173
      vertex 15.2277 -2.16506 14.75
    endloop
  endfacet
  facet normal 0.987688 -0.156438 1.46132e-006
    outer loop
      vertex 15.0635 -3.20184 12
      vertex 15.2277 -2.16506 14.75
      vertex 15.2163 -2.2368 14.8908
    endloop
  endfacet
  facet normal 0.98769 -0.156427 -2.4537e-006
    outer loop
      vertex 15.0635 -3.20184 12
      vertex 15.2163 -2.2368 14.8908
      vertex 15.2089 -2.28386 14.9832
    endloop
  endfacet
  facet normal 0.987688 -0.156438 9.63774e-007
    outer loop
      vertex 15.0635 -3.20184 12
      vertex 15.2089 -2.28386 14.9832
      vertex 15.194 -2.37764 15.2275
    endloop
  endfacet
  facet normal 0.987689 -0.156433 -2.09527e-007
    outer loop
      vertex 15.0635 -3.20184 12
      vertex 15.194 -2.37764 15.2275
      vertex 15.1833 -2.44537 15.4802
    endloop
  endfacet
  facet normal 0.987688 -0.156434 0
    outer loop
      vertex 15.0635 -3.20184 12
      vertex 15.1746 -2.5 16
      vertex 15.0635 -3.20184 20
    endloop
  endfacet
  facet normal 0.987687 -0.156441 1.23377e-006
    outer loop
      vertex 15.1746 -2.5 16
      vertex 15.0635 -3.20184 12
      vertex 15.1768 -2.4863 15.7387
    endloop
  endfacet
  facet normal 0.987688 -0.156434 0
    outer loop
      vertex 15.3156 -1.60974 14.0911
      vertex 15.0635 -3.20184 12
      vertex 15.3156 -1.60974 12
    endloop
  endfacet
  facet normal 0.987689 -0.15643 -1.01457e-006
    outer loop
      vertex 15.1768 -2.4863 15.7387
      vertex 15.0635 -3.20184 12
      vertex 15.1833 -2.44537 15.4802
    endloop
  endfacet
  facet normal -0.45399 -0.891007 0
    outer loop
      vertex -7.7 -13.3368 12
      vertex -6.26374 -14.0686 20
      vertex -7.7 -13.3368 20
    endloop
  endfacet
  facet normal -0.45399 -0.891007 -0
    outer loop
      vertex -6.26374 -14.0686 20
      vertex -7.7 -13.3368 12
      vertex -6.26374 -14.0686 12
    endloop
  endfacet
  facet normal -0.258819 -0.965926 0
    outer loop
      vertex -4.75886 -14.6463 12
      vertex -3.20184 -15.0635 20
      vertex -4.75886 -14.6463 20
    endloop
  endfacet
  facet normal -0.258819 -0.965926 -0
    outer loop
      vertex -3.20184 -15.0635 20
      vertex -4.75886 -14.6463 12
      vertex -3.20184 -15.0635 12
    endloop
  endfacet
  facet normal -0.93358 -0.358368 0
    outer loop
      vertex -14.0686 -6.26374 12
      vertex -14.6463 -4.75886 20
      vertex -14.6463 -4.75886 12
    endloop
  endfacet
  facet normal -0.93358 -0.358368 0
    outer loop
      vertex -14.6463 -4.75886 20
      vertex -14.0686 -6.26374 12
      vertex -14.0686 -6.26374 20
    endloop
  endfacet
  facet normal -0.987688 -0.156434 0
    outer loop
      vertex -15.0635 -3.20184 12
      vertex -15.3156 -1.60974 20
      vertex -15.3156 -1.60974 12
    endloop
  endfacet
  facet normal -0.987688 -0.156434 0
    outer loop
      vertex -15.3156 -1.60974 20
      vertex -15.0635 -3.20184 12
      vertex -15.0635 -3.20184 20
    endloop
  endfacet
  facet normal 0.0523358 -0.99863 0
    outer loop
      vertex -0.898944 8.55289 0
      vertex 0 8.6 20
      vertex -0.898944 8.55289 20
    endloop
  endfacet
  facet normal 0.0523358 -0.99863 0
    outer loop
      vertex 0 8.6 20
      vertex -0.898944 8.55289 0
      vertex 0 8.6 0
    endloop
  endfacet
  facet normal -0.629321 -0.777146 0
    outer loop
      vertex 5.05495 6.95755 0
      vertex 5.75452 6.39104 20
      vertex 5.05495 6.95755 20
    endloop
  endfacet
  facet normal -0.629321 -0.777146 -0
    outer loop
      vertex 5.75452 6.39104 20
      vertex 5.05495 6.95755 0
      vertex 5.75452 6.39104 0
    endloop
  endfacet
  facet normal 0.707107 -0.707107 0
    outer loop
      vertex -6.1 6.04557 20
      vertex -5.75452 6.39104 0
      vertex -5.75452 6.39104 20
    endloop
  endfacet
  facet normal 0.707107 -0.707107 0
    outer loop
      vertex -5.75452 6.39104 0
      vertex -6.1 6.04557 20
      vertex -6.1 6.04557 0
    endloop
  endfacet
  facet normal 0.45399 -0.891007 0
    outer loop
      vertex -4.3 7.44782 0
      vertex -3.49793 7.85649 20
      vertex -4.3 7.44782 20
    endloop
  endfacet
  facet normal 0.45399 -0.891007 0
    outer loop
      vertex -3.49793 7.85649 20
      vertex -4.3 7.44782 0
      vertex -3.49793 7.85649 0
    endloop
  endfacet
  facet normal -0.258819 -0.965926 0
    outer loop
      vertex 1.78804 8.41207 0
      vertex 2.65755 8.17909 20
      vertex 1.78804 8.41207 20
    endloop
  endfacet
  facet normal -0.258819 -0.965926 -0
    outer loop
      vertex 2.65755 8.17909 20
      vertex 1.78804 8.41207 0
      vertex 2.65755 8.17909 0
    endloop
  endfacet
  facet normal -0.156434 -0.987688 0
    outer loop
      vertex 0.898944 8.55289 0
      vertex 1.78804 8.41207 20
      vertex 0.898944 8.55289 20
    endloop
  endfacet
  facet normal -0.156434 -0.987688 -0
    outer loop
      vertex 1.78804 8.41207 20
      vertex 0.898944 8.55289 0
      vertex 1.78804 8.41207 0
    endloop
  endfacet
  facet normal 0.544639 -0.838671 0
    outer loop
      vertex -5.05495 6.95755 0
      vertex -4.3 7.44782 20
      vertex -5.05495 6.95755 20
    endloop
  endfacet
  facet normal 0.544639 -0.838671 0
    outer loop
      vertex -4.3 7.44782 20
      vertex -5.05495 6.95755 0
      vertex -4.3 7.44782 0
    endloop
  endfacet
  facet normal 0.0523358 0.99863 -0
    outer loop
      vertex 0 -8.6 0
      vertex -0.898944 -8.55289 20
      vertex 0 -8.6 20
    endloop
  endfacet
  facet normal 0.0523358 0.99863 0
    outer loop
      vertex -0.898944 -8.55289 20
      vertex 0 -8.6 0
      vertex -0.898944 -8.55289 0
    endloop
  endfacet
  facet normal -0.156434 0.987688 0
    outer loop
      vertex 1.78804 -8.41207 0
      vertex 0.898944 -8.55289 20
      vertex 1.78804 -8.41207 20
    endloop
  endfacet
  facet normal -0.156434 0.987688 0
    outer loop
      vertex 0.898944 -8.55289 20
      vertex 1.78804 -8.41207 0
      vertex 0.898944 -8.55289 0
    endloop
  endfacet
  facet normal -0.707107 -0.707107 0
    outer loop
      vertex 6.1 6.04557 0
      vertex 5.75452 6.39104 20
      vertex 5.75452 6.39104 0
    endloop
  endfacet
  facet normal -0.707107 -0.707107 0
    outer loop
      vertex 5.75452 6.39104 20
      vertex 6.1 6.04557 0
      vertex 6.1 6.04557 20
    endloop
  endfacet
  facet normal -0.0523358 -0.99863 0
    outer loop
      vertex 0 8.6 0
      vertex 0.898944 8.55289 20
      vertex 0 8.6 20
    endloop
  endfacet
  facet normal -0.0523358 -0.99863 -0
    outer loop
      vertex 0.898944 8.55289 20
      vertex 0 8.6 0
      vertex 0.898944 8.55289 0
    endloop
  endfacet
  facet normal -0.544639 -0.838671 0
    outer loop
      vertex 4.3 7.44782 0
      vertex 5.05495 6.95755 20
      vertex 4.3 7.44782 20
    endloop
  endfacet
  facet normal -0.544639 -0.838671 -0
    outer loop
      vertex 5.05495 6.95755 20
      vertex 4.3 7.44782 0
      vertex 5.05495 6.95755 0
    endloop
  endfacet
  facet normal -0.45399 -0.891007 0
    outer loop
      vertex 3.49793 7.85649 0
      vertex 4.3 7.44782 20
      vertex 3.49793 7.85649 20
    endloop
  endfacet
  facet normal -0.45399 -0.891007 -0
    outer loop
      vertex 4.3 7.44782 20
      vertex 3.49793 7.85649 0
      vertex 4.3 7.44782 0
    endloop
  endfacet
  facet normal 0.629321 -0.777146 0
    outer loop
      vertex -5.75452 6.39104 0
      vertex -5.05495 6.95755 20
      vertex -5.75452 6.39104 20
    endloop
  endfacet
  facet normal 0.629321 -0.777146 0
    outer loop
      vertex -5.05495 6.95755 20
      vertex -5.75452 6.39104 0
      vertex -5.05495 6.95755 0
    endloop
  endfacet
  facet normal 0.156434 -0.987688 0
    outer loop
      vertex -1.78804 8.41207 0
      vertex -0.898944 8.55289 20
      vertex -1.78804 8.41207 20
    endloop
  endfacet
  facet normal 0.156434 -0.987688 0
    outer loop
      vertex -0.898944 8.55289 20
      vertex -1.78804 8.41207 0
      vertex -0.898944 8.55289 0
    endloop
  endfacet
  facet normal 0.258819 -0.965926 0
    outer loop
      vertex -2.65755 8.17909 0
      vertex -1.78804 8.41207 20
      vertex -2.65755 8.17909 20
    endloop
  endfacet
  facet normal 0.258819 -0.965926 0
    outer loop
      vertex -1.78804 8.41207 20
      vertex -2.65755 8.17909 0
      vertex -1.78804 8.41207 0
    endloop
  endfacet
  facet normal -0.544639 0.838671 0
    outer loop
      vertex 5.05495 -6.95755 0
      vertex 4.3 -7.44782 20
      vertex 5.05495 -6.95755 20
    endloop
  endfacet
  facet normal -0.544639 0.838671 0
    outer loop
      vertex 4.3 -7.44782 20
      vertex 5.05495 -6.95755 0
      vertex 4.3 -7.44782 0
    endloop
  endfacet
  facet normal -0.358369 0.93358 0
    outer loop
      vertex 3.49793 -7.85649 0
      vertex 2.65755 -8.17909 20
      vertex 3.49793 -7.85649 20
    endloop
  endfacet
  facet normal -0.358369 0.93358 0
    outer loop
      vertex 2.65755 -8.17909 20
      vertex 3.49793 -7.85649 0
      vertex 2.65755 -8.17909 0
    endloop
  endfacet
  facet normal -0.258819 0.965926 0
    outer loop
      vertex 2.65755 -8.17909 0
      vertex 1.78804 -8.41207 20
      vertex 2.65755 -8.17909 20
    endloop
  endfacet
  facet normal -0.258819 0.965926 0
    outer loop
      vertex 1.78804 -8.41207 20
      vertex 2.65755 -8.17909 0
      vertex 1.78804 -8.41207 0
    endloop
  endfacet
  facet normal -0.358369 -0.93358 0
    outer loop
      vertex 2.65755 8.17909 0
      vertex 3.49793 7.85649 20
      vertex 2.65755 8.17909 20
    endloop
  endfacet
  facet normal -0.358369 -0.93358 -0
    outer loop
      vertex 3.49793 7.85649 20
      vertex 2.65755 8.17909 0
      vertex 3.49793 7.85649 0
    endloop
  endfacet
  facet normal 0.358369 -0.93358 0
    outer loop
      vertex -3.49793 7.85649 0
      vertex -2.65755 8.17909 20
      vertex -3.49793 7.85649 20
    endloop
  endfacet
  facet normal 0.358369 -0.93358 0
    outer loop
      vertex -2.65755 8.17909 20
      vertex -3.49793 7.85649 0
      vertex -2.65755 8.17909 0
    endloop
  endfacet
  facet normal 0.358369 0.93358 -0
    outer loop
      vertex -2.65755 -8.17909 0
      vertex -3.49793 -7.85649 20
      vertex -2.65755 -8.17909 20
    endloop
  endfacet
  facet normal 0.358369 0.93358 0
    outer loop
      vertex -3.49793 -7.85649 20
      vertex -2.65755 -8.17909 0
      vertex -3.49793 -7.85649 0
    endloop
  endfacet
  facet normal -0.45399 0.891007 0
    outer loop
      vertex 4.3 -7.44782 0
      vertex 3.49793 -7.85649 20
      vertex 4.3 -7.44782 20
    endloop
  endfacet
  facet normal -0.45399 0.891007 0
    outer loop
      vertex 3.49793 -7.85649 20
      vertex 4.3 -7.44782 0
      vertex 3.49793 -7.85649 0
    endloop
  endfacet
  facet normal -0.0523358 0.99863 0
    outer loop
      vertex 0.898944 -8.55289 0
      vertex 0 -8.6 20
      vertex 0.898944 -8.55289 20
    endloop
  endfacet
  facet normal -0.0523358 0.99863 0
    outer loop
      vertex 0 -8.6 20
      vertex 0.898944 -8.55289 0
      vertex 0 -8.6 0
    endloop
  endfacet
  facet normal 0.258819 0.965926 -0
    outer loop
      vertex -1.78804 -8.41207 0
      vertex -2.65755 -8.17909 20
      vertex -1.78804 -8.41207 20
    endloop
  endfacet
  facet normal 0.258819 0.965926 0
    outer loop
      vertex -2.65755 -8.17909 20
      vertex -1.78804 -8.41207 0
      vertex -2.65755 -8.17909 0
    endloop
  endfacet
  facet normal 0.707107 0.707107 0
    outer loop
      vertex -5.75452 -6.39104 20
      vertex -6.1 -6.04557 0
      vertex -6.1 -6.04557 20
    endloop
  endfacet
  facet normal 0.707107 0.707107 0
    outer loop
      vertex -6.1 -6.04557 0
      vertex -5.75452 -6.39104 20
      vertex -5.75452 -6.39104 0
    endloop
  endfacet
  facet normal -0.707107 0.707107 0
    outer loop
      vertex 5.75452 -6.39104 0
      vertex 6.1 -6.04557 20
      vertex 6.1 -6.04557 0
    endloop
  endfacet
  facet normal -0.707107 0.707107 0
    outer loop
      vertex 6.1 -6.04557 20
      vertex 5.75452 -6.39104 0
      vertex 5.75452 -6.39104 20
    endloop
  endfacet
  facet normal -0.629321 0.777146 0
    outer loop
      vertex 5.75452 -6.39104 0
      vertex 5.05495 -6.95755 20
      vertex 5.75452 -6.39104 20
    endloop
  endfacet
  facet normal -0.629321 0.777146 0
    outer loop
      vertex 5.05495 -6.95755 20
      vertex 5.75452 -6.39104 0
      vertex 5.05495 -6.95755 0
    endloop
  endfacet
  facet normal 0.156434 0.987688 -0
    outer loop
      vertex -0.898944 -8.55289 0
      vertex -1.78804 -8.41207 20
      vertex -0.898944 -8.55289 20
    endloop
  endfacet
  facet normal 0.156434 0.987688 0
    outer loop
      vertex -1.78804 -8.41207 20
      vertex -0.898944 -8.55289 0
      vertex -1.78804 -8.41207 0
    endloop
  endfacet
  facet normal 0.629321 0.777146 -0
    outer loop
      vertex -5.05495 -6.95755 0
      vertex -5.75452 -6.39104 20
      vertex -5.05495 -6.95755 20
    endloop
  endfacet
  facet normal 0.629321 0.777146 0
    outer loop
      vertex -5.75452 -6.39104 20
      vertex -5.05495 -6.95755 0
      vertex -5.75452 -6.39104 0
    endloop
  endfacet
  facet normal 0.45399 0.891007 -0
    outer loop
      vertex -3.49793 -7.85649 0
      vertex -4.3 -7.44782 20
      vertex -3.49793 -7.85649 20
    endloop
  endfacet
  facet normal 0.45399 0.891007 0
    outer loop
      vertex -4.3 -7.44782 20
      vertex -3.49793 -7.85649 0
      vertex -4.3 -7.44782 0
    endloop
  endfacet
  facet normal 0.544639 0.838671 -0
    outer loop
      vertex -4.3 -7.44782 0
      vertex -5.05495 -6.95755 20
      vertex -4.3 -7.44782 20
    endloop
  endfacet
  facet normal 0.544639 0.838671 0
    outer loop
      vertex -5.05495 -6.95755 20
      vertex -4.3 -7.44782 0
      vertex -5.05495 -6.95755 0
    endloop
  endfacet
  facet normal -1 0 0
    outer loop
      vertex 6.1 0 10.6
      vertex 6.1 3.98372 13.7
      vertex 6.1 3.98372 8.3
    endloop
  endfacet
  facet normal -1 0 0
    outer loop
      vertex 6.1 0 10.6
      vertex 6.1 0 11.4
      vertex 6.1 3.98372 13.7
    endloop
  endfacet
  facet normal -1 0 0
    outer loop
      vertex 6.1 -3.98372 8.3
      vertex 6.1 0 11.4
      vertex 6.1 0 10.6
    endloop
  endfacet
  facet normal -1 -0 0
    outer loop
      vertex 6.1 0 11.4
      vertex 6.1 -3.98372 8.3
      vertex 6.1 -3.98372 13.7
    endloop
  endfacet
  facet normal -1 0 0
    outer loop
      vertex 6.1 3.98372 8.3
      vertex 6.1 6.04557 0
      vertex 6.1 3.98372 3.7
    endloop
  endfacet
  facet normal -1 0 0
    outer loop
      vertex 6.1 6.04557 0
      vertex 6.1 0 1.4
      vertex 6.1 3.98372 3.7
    endloop
  endfacet
  facet normal -1 0 0
    outer loop
      vertex 6.1 -6.04557 0
      vertex 6.1 -3.98372 8.3
      vertex 6.1 -3.98372 3.7
    endloop
  endfacet
  facet normal -1 0 0
    outer loop
      vertex 6.1 -6.04557 20
      vertex 6.1 -3.98372 8.3
      vertex 6.1 -6.04557 0
    endloop
  endfacet
  facet normal -1 0 0
    outer loop
      vertex 6.1 -3.98372 8.3
      vertex 6.1 -6.04557 20
      vertex 6.1 -3.98372 13.7
    endloop
  endfacet
  facet normal -1 -0 0
    outer loop
      vertex 6.1 0 1.4
      vertex 6.1 -6.04557 0
      vertex 6.1 -3.98372 3.7
    endloop
  endfacet
  facet normal -1 0 0
    outer loop
      vertex 6.1 -6.04557 0
      vertex 6.1 0 1.4
      vertex 6.1 6.04557 0
    endloop
  endfacet
  facet normal -1 0 0
    outer loop
      vertex 6.1 6.04557 0
      vertex 6.1 3.98372 8.3
      vertex 6.1 6.04557 20
    endloop
  endfacet
  facet normal -1 0 0
    outer loop
      vertex 6.1 3.98372 13.7
      vertex 6.1 6.04557 20
      vertex 6.1 3.98372 8.3
    endloop
  endfacet
  facet normal -1 0 0
    outer loop
      vertex 6.1 3.98372 18.3
      vertex 6.1 6.04557 20
      vertex 6.1 3.98372 13.7
    endloop
  endfacet
  facet normal -1 -0 0
    outer loop
      vertex 6.1 6.04557 20
      vertex 6.1 3.98372 18.3
      vertex 6.1 1.03923 20
    endloop
  endfacet
  facet normal -1 0 0
    outer loop
      vertex 6.1 -3.98372 18.3
      vertex 6.1 -6.04557 20
      vertex 6.1 -1.03923 20
    endloop
  endfacet
  facet normal -1 0 0
    outer loop
      vertex 6.1 -3.98372 13.7
      vertex 6.1 -6.04557 20
      vertex 6.1 -3.98372 18.3
    endloop
  endfacet
  facet normal 1 -0 0
    outer loop
      vertex -6.1 -6.04557 20
      vertex -6.1 6.04557 0
      vertex -6.1 6.04557 20
    endloop
  endfacet
  facet normal 1 0 0
    outer loop
      vertex -6.1 6.04557 0
      vertex -6.1 -6.04557 20
      vertex -6.1 -6.04557 0
    endloop
  endfacet
  facet normal 0 -0.0523382 0.998629
    outer loop
      vertex 10.5 0.261321 3.5137
      vertex 20.8 0.215694 3.5113
      vertex 20.8 0.261321 3.5137
    endloop
  endfacet
  facet normal 2.19686e-009 -0.0523377 0.998629
    outer loop
      vertex 20.8 0.215694 3.5113
      vertex 10.5 0.261321 3.5137
      vertex 10.5 0.108884 3.50571
    endloop
  endfacet
  facet normal -3.32205e-008 -0.0523343 0.99863
    outer loop
      vertex 10.5 0.108884 3.50571
      vertex 20.8 0 3.5
      vertex 20.8 0.215694 3.5113
    endloop
  endfacet
  facet normal -2.31157e-008 -0.0523333 0.99863
    outer loop
      vertex 20.8 0 3.5
      vertex 10.5 0.108884 3.50571
      vertex 10.5 0 3.5
    endloop
  endfacet
  facet normal 0 -0.0523377 -0.998629
    outer loop
      vertex 10.5 0 8.5
      vertex 20.8 0.261321 8.4863
      vertex 20.8 0 8.5
    endloop
  endfacet
  facet normal -0 -0.0523377 -0.998629
    outer loop
      vertex 20.8 0.261321 8.4863
      vertex 10.5 0 8.5
      vertex 10.5 0.261321 8.4863
    endloop
  endfacet
  facet normal 0 0.998629 -0.0523377
    outer loop
      vertex 20.8 -2.5 6
      vertex 10.5 -2.4863 6.26132
      vertex 20.8 -2.4863 6.26132
    endloop
  endfacet
  facet normal 0 0.998629 -0.0523377
    outer loop
      vertex 10.5 -2.4863 6.26132
      vertex 20.8 -2.5 6
      vertex 10.5 -2.5 6
    endloop
  endfacet
  facet normal 0 0.62932 -0.777146
    outer loop
      vertex 10.5 -1.67283 7.85786
      vertex 20.8 -1.46946 8.02254
      vertex 20.8 -1.67283 7.85786
    endloop
  endfacet
  facet normal 0 0.62932 -0.777146
    outer loop
      vertex 20.8 -1.46946 8.02254
      vertex 10.5 -1.67283 7.85786
      vertex 10.5 -1.46946 8.02254
    endloop
  endfacet
  facet normal 0 -0.777146 -0.62932
    outer loop
      vertex 10.5 2.02254 7.46946
      vertex 20.8 1.85786 7.67283
      vertex 10.5 1.85786 7.67283
    endloop
  endfacet
  facet normal 0 -0.777146 -0.62932
    outer loop
      vertex 20.8 1.85786 7.67283
      vertex 10.5 2.02254 7.46946
      vertex 20.8 2.02254 7.46946
    endloop
  endfacet
  facet normal 0 0.358368 -0.93358
    outer loop
      vertex 10.5 -1.01684 8.28386
      vertex 20.8 -0.772542 8.37764
      vertex 20.8 -1.01684 8.28386
    endloop
  endfacet
  facet normal 0 0.358368 -0.93358
    outer loop
      vertex 20.8 -0.772542 8.37764
      vertex 10.5 -1.01684 8.28386
      vertex 10.5 -0.772542 8.37764
    endloop
  endfacet
  facet normal 0 -0.156434 0.987688
    outer loop
      vertex 10.5 0.519779 3.55463
      vertex 20.8 0.261321 3.5137
      vertex 20.8 0.519779 3.55463
    endloop
  endfacet
  facet normal 0 -0.156434 0.987688
    outer loop
      vertex 20.8 0.261321 3.5137
      vertex 10.5 0.519779 3.55463
      vertex 10.5 0.261321 3.5137
    endloop
  endfacet
  facet normal 0 -0.707107 0.707107
    outer loop
      vertex 10.5 1.67283 4.14214
      vertex 20.8 1.85786 4.32717
      vertex 10.5 1.85786 4.32717
    endloop
  endfacet
  facet normal 0 -0.707107 0.707107
    outer loop
      vertex 20.8 1.85786 4.32717
      vertex 10.5 1.67283 4.14214
      vertex 20.8 1.67283 4.14214
    endloop
  endfacet
  facet normal 0 -0.891008 0.453988
    outer loop
      vertex 10.5 2.28386 4.98316
      vertex 20.8 2.26312 4.94245
      vertex 20.8 2.28386 4.98316
    endloop
  endfacet
  facet normal 1.05535e-008 -0.891006 0.453991
    outer loop
      vertex 20.8 2.26312 4.94245
      vertex 10.5 2.28386 4.98316
      vertex 10.5 2.21456 4.84715
    endloop
  endfacet
  facet normal 0 -0.998629 0.0523377
    outer loop
      vertex 10.5 2.4863 5.73868
      vertex 20.8 2.5 6
      vertex 10.5 2.5 6
    endloop
  endfacet
  facet normal 0 -0.998629 0.0523377
    outer loop
      vertex 20.8 2.5 6
      vertex 10.5 2.4863 5.73868
      vertex 20.8 2.4863 5.73868
    endloop
  endfacet
  facet normal -2.52139e-008 -0.838671 0.544638
    outer loop
      vertex 10.5 2.10568 4.65856
      vertex 20.8 2.16506 4.75
      vertex 10.5 2.16506 4.75
    endloop
  endfacet
  facet normal -1.79429e-008 -0.838672 0.544637
    outer loop
      vertex 20.8 2.16506 4.75
      vertex 10.5 2.10568 4.65856
      vertex 20.8 2.04743 4.56886
    endloop
  endfacet
  facet normal 0 -0.544638 -0.838671
    outer loop
      vertex 10.5 1.25 8.16506
      vertex 20.8 1.46946 8.02254
      vertex 20.8 1.25 8.16506
    endloop
  endfacet
  facet normal -0 -0.544638 -0.838671
    outer loop
      vertex 20.8 1.46946 8.02254
      vertex 10.5 1.25 8.16506
      vertex 10.5 1.46946 8.02254
    endloop
  endfacet
  facet normal 0 -0.62932 -0.777146
    outer loop
      vertex 10.5 1.46946 8.02254
      vertex 20.8 1.67283 7.85786
      vertex 20.8 1.46946 8.02254
    endloop
  endfacet
  facet normal -0 -0.62932 -0.777146
    outer loop
      vertex 20.8 1.67283 7.85786
      vertex 10.5 1.46946 8.02254
      vertex 10.5 1.67283 7.85786
    endloop
  endfacet
  facet normal 0 -0.965925 -0.258821
    outer loop
      vertex 10.5 2.44537 6.51978
      vertex 20.8 2.37764 6.77254
      vertex 10.5 2.37764 6.77254
    endloop
  endfacet
  facet normal 0 -0.965925 -0.258821
    outer loop
      vertex 20.8 2.37764 6.77254
      vertex 10.5 2.44537 6.51978
      vertex 20.8 2.44537 6.51978
    endloop
  endfacet
  facet normal 0 0.83867 -0.54464
    outer loop
      vertex 20.8 -2.16506 7.25
      vertex 10.5 -2.02254 7.46946
      vertex 20.8 -2.02254 7.46946
    endloop
  endfacet
  facet normal 0 0.83867 -0.54464
    outer loop
      vertex 10.5 -2.02254 7.46946
      vertex 20.8 -2.16506 7.25
      vertex 10.5 -2.16506 7.25
    endloop
  endfacet
  facet normal 0 0.777146 -0.62932
    outer loop
      vertex 20.8 -2.02254 7.46946
      vertex 10.5 -1.85786 7.67283
      vertex 20.8 -1.85786 7.67283
    endloop
  endfacet
  facet normal 0 0.777146 -0.62932
    outer loop
      vertex 10.5 -1.85786 7.67283
      vertex 20.8 -2.02254 7.46946
      vertex 10.5 -2.02254 7.46946
    endloop
  endfacet
  facet normal 0 0.544638 -0.838671
    outer loop
      vertex 10.5 -1.46946 8.02254
      vertex 20.8 -1.25 8.16506
      vertex 20.8 -1.46946 8.02254
    endloop
  endfacet
  facet normal 0 0.544638 -0.838671
    outer loop
      vertex 20.8 -1.25 8.16506
      vertex 10.5 -1.46946 8.02254
      vertex 10.5 -1.25 8.16506
    endloop
  endfacet
  facet normal 0 -0.358368 0.93358
    outer loop
      vertex 10.5 1.01684 3.71614
      vertex 20.8 0.772542 3.62236
      vertex 20.8 1.01684 3.71614
    endloop
  endfacet
  facet normal 0 -0.358368 0.93358
    outer loop
      vertex 20.8 0.772542 3.62236
      vertex 10.5 1.01684 3.71614
      vertex 10.5 0.772542 3.62236
    endloop
  endfacet
  facet normal 0 -0.258821 0.965925
    outer loop
      vertex 10.5 0.772542 3.62236
      vertex 20.8 0.519779 3.55463
      vertex 20.8 0.772542 3.62236
    endloop
  endfacet
  facet normal 0 -0.258821 0.965925
    outer loop
      vertex 20.8 0.519779 3.55463
      vertex 10.5 0.772542 3.62236
      vertex 10.5 0.519779 3.55463
    endloop
  endfacet
  facet normal 0 -0.453991 0.891006
    outer loop
      vertex 10.5 1.25 3.83494
      vertex 20.8 1.01684 3.71614
      vertex 20.8 1.25 3.83494
    endloop
  endfacet
  facet normal 0 -0.453991 0.891006
    outer loop
      vertex 20.8 1.01684 3.71614
      vertex 10.5 1.25 3.83494
      vertex 10.5 1.01684 3.71614
    endloop
  endfacet
  facet normal 0 -0.62932 0.777146
    outer loop
      vertex 10.5 1.67283 4.14214
      vertex 20.8 1.46946 3.97746
      vertex 20.8 1.67283 4.14214
    endloop
  endfacet
  facet normal 0 -0.62932 0.777146
    outer loop
      vertex 20.8 1.46946 3.97746
      vertex 10.5 1.67283 4.14214
      vertex 10.5 1.46946 3.97746
    endloop
  endfacet
  facet normal 0 -0.544638 0.838671
    outer loop
      vertex 10.5 1.46946 3.97746
      vertex 20.8 1.25 3.83494
      vertex 20.8 1.46946 3.97746
    endloop
  endfacet
  facet normal 0 -0.544638 0.838671
    outer loop
      vertex 20.8 1.25 3.83494
      vertex 10.5 1.46946 3.97746
      vertex 10.5 1.25 3.83494
    endloop
  endfacet
  facet normal 0 -0.965925 0.258821
    outer loop
      vertex 10.5 2.37764 5.22746
      vertex 20.8 2.44537 5.48022
      vertex 10.5 2.44537 5.48022
    endloop
  endfacet
  facet normal 0 -0.965925 0.258821
    outer loop
      vertex 20.8 2.44537 5.48022
      vertex 10.5 2.37764 5.22746
      vertex 20.8 2.37764 5.22746
    endloop
  endfacet
  facet normal 0 -0.93358 0.358368
    outer loop
      vertex 10.5 2.28386 4.98316
      vertex 20.8 2.37764 5.22746
      vertex 10.5 2.37764 5.22746
    endloop
  endfacet
  facet normal 0 -0.93358 0.358368
    outer loop
      vertex 20.8 2.37764 5.22746
      vertex 10.5 2.28386 4.98316
      vertex 20.8 2.28386 4.98316
    endloop
  endfacet
  facet normal 0 -0.987688 0.156434
    outer loop
      vertex 10.5 2.44537 5.48022
      vertex 20.8 2.4863 5.73868
      vertex 10.5 2.4863 5.73868
    endloop
  endfacet
  facet normal 0 -0.987688 0.156434
    outer loop
      vertex 20.8 2.4863 5.73868
      vertex 10.5 2.44537 5.48022
      vertex 20.8 2.44537 5.48022
    endloop
  endfacet
  facet normal 0 -0.777146 0.62932
    outer loop
      vertex 10.5 1.85786 4.32717
      vertex 20.8 2.02254 4.53054
      vertex 10.5 2.02254 4.53054
    endloop
  endfacet
  facet normal 0 -0.777146 0.62932
    outer loop
      vertex 20.8 2.02254 4.53054
      vertex 10.5 1.85786 4.32717
      vertex 20.8 1.85786 4.32717
    endloop
  endfacet
  facet normal 0 -0.707107 -0.707107
    outer loop
      vertex 10.5 1.85786 7.67283
      vertex 20.8 1.67283 7.85786
      vertex 10.5 1.67283 7.85786
    endloop
  endfacet
  facet normal 0 -0.707107 -0.707107
    outer loop
      vertex 20.8 1.67283 7.85786
      vertex 10.5 1.85786 7.67283
      vertex 20.8 1.85786 7.67283
    endloop
  endfacet
  facet normal 0 -0.453991 -0.891006
    outer loop
      vertex 10.5 1.01684 8.28386
      vertex 20.8 1.25 8.16506
      vertex 20.8 1.01684 8.28386
    endloop
  endfacet
  facet normal -0 -0.453991 -0.891006
    outer loop
      vertex 20.8 1.25 8.16506
      vertex 10.5 1.01684 8.28386
      vertex 10.5 1.25 8.16506
    endloop
  endfacet
  facet normal 0 -0.358368 -0.93358
    outer loop
      vertex 10.5 0.772542 8.37764
      vertex 20.8 1.01684 8.28386
      vertex 20.8 0.772542 8.37764
    endloop
  endfacet
  facet normal -0 -0.358368 -0.93358
    outer loop
      vertex 20.8 1.01684 8.28386
      vertex 10.5 0.772542 8.37764
      vertex 10.5 1.01684 8.28386
    endloop
  endfacet
  facet normal 0 -0.258821 -0.965925
    outer loop
      vertex 10.5 0.519779 8.44537
      vertex 20.8 0.772542 8.37764
      vertex 20.8 0.519779 8.44537
    endloop
  endfacet
  facet normal -0 -0.258821 -0.965925
    outer loop
      vertex 20.8 0.772542 8.37764
      vertex 10.5 0.519779 8.44537
      vertex 10.5 0.772542 8.37764
    endloop
  endfacet
  facet normal -5.92628e-008 -0.838668 -0.544643
    outer loop
      vertex 10.5 2.08193 7.37802
      vertex 20.8 2.16506 7.25
      vertex 20.8 2.14018 7.28832
    endloop
  endfacet
  facet normal 2.5214e-008 -0.838671 -0.544639
    outer loop
      vertex 20.8 2.16506 7.25
      vertex 10.5 2.08193 7.37802
      vertex 10.5 2.16506 7.25
    endloop
  endfacet
  facet normal 0 -0.998629 -0.0523377
    outer loop
      vertex 10.5 2.5 6
      vertex 20.8 2.4863 6.26132
      vertex 10.5 2.4863 6.26132
    endloop
  endfacet
  facet normal 0 -0.998629 -0.0523377
    outer loop
      vertex 20.8 2.4863 6.26132
      vertex 10.5 2.5 6
      vertex 20.8 2.5 6
    endloop
  endfacet
  facet normal -0 0.156434 0.987688
    outer loop
      vertex 10.5 -0.261321 3.5137
      vertex 20.8 -0.519779 3.55463
      vertex 20.8 -0.261321 3.5137
    endloop
  endfacet
  facet normal 0 0.156434 0.987688
    outer loop
      vertex 20.8 -0.519779 3.55463
      vertex 10.5 -0.261321 3.5137
      vertex 10.5 -0.519779 3.55463
    endloop
  endfacet
  facet normal -0 0.544638 0.838671
    outer loop
      vertex 10.5 -1.25 3.83494
      vertex 20.8 -1.46946 3.97746
      vertex 20.8 -1.25 3.83494
    endloop
  endfacet
  facet normal 0 0.544638 0.838671
    outer loop
      vertex 20.8 -1.46946 3.97746
      vertex 10.5 -1.25 3.83494
      vertex 10.5 -1.46946 3.97746
    endloop
  endfacet
  facet normal 0 0.707107 -0.707107
    outer loop
      vertex 20.8 -1.85786 7.67283
      vertex 10.5 -1.67283 7.85786
      vertex 20.8 -1.67283 7.85786
    endloop
  endfacet
  facet normal 0 0.707107 -0.707107
    outer loop
      vertex 10.5 -1.67283 7.85786
      vertex 20.8 -1.85786 7.67283
      vertex 10.5 -1.85786 7.67283
    endloop
  endfacet
  facet normal 0 0.891007 -0.45399
    outer loop
      vertex 20.8 -2.28386 7.01684
      vertex 10.5 -2.16506 7.25
      vertex 20.8 -2.16506 7.25
    endloop
  endfacet
  facet normal 0 0.891007 -0.45399
    outer loop
      vertex 10.5 -2.16506 7.25
      vertex 20.8 -2.28386 7.01684
      vertex 10.5 -2.28386 7.01684
    endloop
  endfacet
  facet normal 0 0.93358 -0.358368
    outer loop
      vertex 20.8 -2.37764 6.77254
      vertex 10.5 -2.28386 7.01684
      vertex 20.8 -2.28386 7.01684
    endloop
  endfacet
  facet normal 0 0.93358 -0.358368
    outer loop
      vertex 10.5 -2.28386 7.01684
      vertex 20.8 -2.37764 6.77254
      vertex 10.5 -2.37764 6.77254
    endloop
  endfacet
  facet normal 0 0.965925 -0.258821
    outer loop
      vertex 20.8 -2.44537 6.51978
      vertex 10.5 -2.37764 6.77254
      vertex 20.8 -2.37764 6.77254
    endloop
  endfacet
  facet normal 0 0.965925 -0.258821
    outer loop
      vertex 10.5 -2.37764 6.77254
      vertex 20.8 -2.44537 6.51978
      vertex 10.5 -2.44537 6.51978
    endloop
  endfacet
  facet normal 0 0.453991 -0.891006
    outer loop
      vertex 10.5 -1.25 8.16506
      vertex 20.8 -1.01684 8.28386
      vertex 20.8 -1.25 8.16506
    endloop
  endfacet
  facet normal 0 0.453991 -0.891006
    outer loop
      vertex 20.8 -1.01684 8.28386
      vertex 10.5 -1.25 8.16506
      vertex 10.5 -1.01684 8.28386
    endloop
  endfacet
  facet normal 0 0.0523377 -0.998629
    outer loop
      vertex 10.5 -0.261321 8.4863
      vertex 20.8 0 8.5
      vertex 20.8 -0.261321 8.4863
    endloop
  endfacet
  facet normal 0 0.0523377 -0.998629
    outer loop
      vertex 20.8 0 8.5
      vertex 10.5 -0.261321 8.4863
      vertex 10.5 0 8.5
    endloop
  endfacet
  facet normal 0 0.156434 -0.987688
    outer loop
      vertex 10.5 -0.519779 8.44537
      vertex 20.8 -0.261321 8.4863
      vertex 20.8 -0.519779 8.44537
    endloop
  endfacet
  facet normal 0 0.156434 -0.987688
    outer loop
      vertex 20.8 -0.261321 8.4863
      vertex 10.5 -0.519779 8.44537
      vertex 10.5 -0.261321 8.4863
    endloop
  endfacet
  facet normal 1.77385e-008 -0.83867 0.54464
    outer loop
      vertex 10.5 2.02254 4.53054
      vertex 20.8 2.04743 4.56886
      vertex 10.5 2.10568 4.65856
    endloop
  endfacet
  facet normal 0 -0.838668 0.544643
    outer loop
      vertex 20.8 2.04743 4.56886
      vertex 10.5 2.02254 4.53054
      vertex 20.8 2.02254 4.53054
    endloop
  endfacet
  facet normal -7.30968e-010 -0.891006 0.453992
    outer loop
      vertex 10.5 2.21456 4.84715
      vertex 20.8 2.16506 4.75
      vertex 20.8 2.26312 4.94245
    endloop
  endfacet
  facet normal -2.10174e-008 -0.891007 0.45399
    outer loop
      vertex 20.8 2.16506 4.75
      vertex 10.5 2.21456 4.84715
      vertex 10.5 2.16506 4.75
    endloop
  endfacet
  facet normal 0 -0.156434 -0.987688
    outer loop
      vertex 10.5 0.261321 8.4863
      vertex 20.8 0.519779 8.44537
      vertex 20.8 0.261321 8.4863
    endloop
  endfacet
  facet normal -0 -0.156434 -0.987688
    outer loop
      vertex 20.8 0.519779 8.44537
      vertex 10.5 0.261321 8.4863
      vertex 10.5 0.519779 8.44537
    endloop
  endfacet
  facet normal 0 -0.83867 -0.54464
    outer loop
      vertex 10.5 2.08193 7.37802
      vertex 20.8 2.02254 7.46946
      vertex 10.5 2.02254 7.46946
    endloop
  endfacet
  facet normal -7.02862e-009 -0.83867 -0.544639
    outer loop
      vertex 20.8 2.02254 7.46946
      vertex 10.5 2.08193 7.37802
      vertex 20.8 2.14018 7.28832
    endloop
  endfacet
  facet normal 2.10173e-008 -0.891008 -0.453988
    outer loop
      vertex 10.5 2.16506 7.25
      vertex 20.8 2.18581 7.20929
      vertex 20.8 2.16506 7.25
    endloop
  endfacet
  facet normal 4.17304e-009 -0.891006 -0.453992
    outer loop
      vertex 20.8 2.18581 7.20929
      vertex 10.5 2.16506 7.25
      vertex 10.5 2.23436 7.11399
    endloop
  endfacet
  facet normal 0 -0.987688 -0.156434
    outer loop
      vertex 10.5 2.4863 6.26132
      vertex 20.8 2.44537 6.51978
      vertex 10.5 2.44537 6.51978
    endloop
  endfacet
  facet normal 0 -0.987688 -0.156434
    outer loop
      vertex 20.8 2.44537 6.51978
      vertex 10.5 2.4863 6.26132
      vertex 20.8 2.4863 6.26132
    endloop
  endfacet
  facet normal 0 -0.93358 -0.358368
    outer loop
      vertex 10.5 2.37764 6.77254
      vertex 20.8 2.28386 7.01684
      vertex 10.5 2.28386 7.01684
    endloop
  endfacet
  facet normal 0 -0.93358 -0.358368
    outer loop
      vertex 20.8 2.28386 7.01684
      vertex 10.5 2.37764 6.77254
      vertex 20.8 2.37764 6.77254
    endloop
  endfacet
  facet normal -3.97861e-008 -0.891008 -0.453988
    outer loop
      vertex 10.5 2.28386 7.01684
      vertex 20.8 2.18581 7.20929
      vertex 10.5 2.23436 7.11399
    endloop
  endfacet
  facet normal 0 -0.891007 -0.45399
    outer loop
      vertex 20.8 2.18581 7.20929
      vertex 10.5 2.28386 7.01684
      vertex 20.8 2.28386 7.01684
    endloop
  endfacet
  facet normal 0 0.891008 0.453988
    outer loop
      vertex 20.8 -2.26312 4.94245
      vertex 10.5 -2.28386 4.98316
      vertex 20.8 -2.28386 4.98316
    endloop
  endfacet
  facet normal 1.05535e-008 0.891006 0.453991
    outer loop
      vertex 10.5 -2.28386 4.98316
      vertex 20.8 -2.26312 4.94245
      vertex 10.5 -2.21456 4.84715
    endloop
  endfacet
  facet normal -2.52139e-008 0.838671 0.544638
    outer loop
      vertex 20.8 -2.16506 4.75
      vertex 10.5 -2.10568 4.65856
      vertex 10.5 -2.16506 4.75
    endloop
  endfacet
  facet normal -1.79429e-008 0.838672 0.544637
    outer loop
      vertex 10.5 -2.10568 4.65856
      vertex 20.8 -2.16506 4.75
      vertex 20.8 -2.04743 4.56886
    endloop
  endfacet
  facet normal 0 0.707107 0.707107
    outer loop
      vertex 20.8 -1.67283 4.14214
      vertex 10.5 -1.85786 4.32717
      vertex 20.8 -1.85786 4.32717
    endloop
  endfacet
  facet normal 0 0.707107 0.707107
    outer loop
      vertex 10.5 -1.85786 4.32717
      vertex 20.8 -1.67283 4.14214
      vertex 10.5 -1.67283 4.14214
    endloop
  endfacet
  facet normal -0 0.453991 0.891006
    outer loop
      vertex 10.5 -1.01684 3.71614
      vertex 20.8 -1.25 3.83494
      vertex 20.8 -1.01684 3.71614
    endloop
  endfacet
  facet normal 0 0.453991 0.891006
    outer loop
      vertex 20.8 -1.25 3.83494
      vertex 10.5 -1.01684 3.71614
      vertex 10.5 -1.25 3.83494
    endloop
  endfacet
  facet normal 2.19686e-009 0.0523377 0.998629
    outer loop
      vertex 10.5 -0.261321 3.5137
      vertex 20.8 -0.215694 3.5113
      vertex 10.5 -0.108884 3.50571
    endloop
  endfacet
  facet normal 0 0.0523382 0.998629
    outer loop
      vertex 20.8 -0.215694 3.5113
      vertex 10.5 -0.261321 3.5137
      vertex 20.8 -0.261321 3.5137
    endloop
  endfacet
  facet normal -2.31157e-008 0.0523333 0.99863
    outer loop
      vertex 10.5 -0.108884 3.50571
      vertex 20.8 0 3.5
      vertex 10.5 0 3.5
    endloop
  endfacet
  facet normal -3.32205e-008 0.0523343 0.99863
    outer loop
      vertex 20.8 0 3.5
      vertex 10.5 -0.108884 3.50571
      vertex 20.8 -0.215694 3.5113
    endloop
  endfacet
  facet normal 0 0.987688 -0.156434
    outer loop
      vertex 20.8 -2.4863 6.26132
      vertex 10.5 -2.44537 6.51978
      vertex 20.8 -2.44537 6.51978
    endloop
  endfacet
  facet normal 0 0.987688 -0.156434
    outer loop
      vertex 10.5 -2.44537 6.51978
      vertex 20.8 -2.4863 6.26132
      vertex 10.5 -2.4863 6.26132
    endloop
  endfacet
  facet normal 0 0.258821 -0.965925
    outer loop
      vertex 10.5 -0.772542 8.37764
      vertex 20.8 -0.519779 8.44537
      vertex 20.8 -0.772542 8.37764
    endloop
  endfacet
  facet normal 0 0.258821 -0.965925
    outer loop
      vertex 20.8 -0.519779 8.44537
      vertex 10.5 -0.772542 8.37764
      vertex 10.5 -0.519779 8.44537
    endloop
  endfacet
  facet normal 0 0.987688 0.156434
    outer loop
      vertex 20.8 -2.44537 5.48022
      vertex 10.5 -2.4863 5.73868
      vertex 20.8 -2.4863 5.73868
    endloop
  endfacet
  facet normal 0 0.987688 0.156434
    outer loop
      vertex 10.5 -2.4863 5.73868
      vertex 20.8 -2.44537 5.48022
      vertex 10.5 -2.44537 5.48022
    endloop
  endfacet
  facet normal 0 0.998629 0.0523377
    outer loop
      vertex 20.8 -2.4863 5.73868
      vertex 10.5 -2.5 6
      vertex 20.8 -2.5 6
    endloop
  endfacet
  facet normal 0 0.998629 0.0523377
    outer loop
      vertex 10.5 -2.5 6
      vertex 20.8 -2.4863 5.73868
      vertex 10.5 -2.4863 5.73868
    endloop
  endfacet
  facet normal 0 0.777146 0.62932
    outer loop
      vertex 20.8 -1.85786 4.32717
      vertex 10.5 -2.02254 4.53054
      vertex 20.8 -2.02254 4.53054
    endloop
  endfacet
  facet normal 0 0.777146 0.62932
    outer loop
      vertex 10.5 -2.02254 4.53054
      vertex 20.8 -1.85786 4.32717
      vertex 10.5 -1.85786 4.32717
    endloop
  endfacet
  facet normal 5.92628e-008 0.838668 0.544643
    outer loop
      vertex 20.8 -2.02254 4.53054
      vertex 10.5 -2.10568 4.65856
      vertex 20.8 -2.04743 4.56886
    endloop
  endfacet
  facet normal 0 0.83867 0.54464
    outer loop
      vertex 10.5 -2.10568 4.65856
      vertex 20.8 -2.02254 4.53054
      vertex 10.5 -2.02254 4.53054
    endloop
  endfacet
  facet normal -7.30968e-010 0.891006 0.453992
    outer loop
      vertex 20.8 -2.16506 4.75
      vertex 10.5 -2.21456 4.84715
      vertex 20.8 -2.26312 4.94245
    endloop
  endfacet
  facet normal -2.10174e-008 0.891007 0.45399
    outer loop
      vertex 10.5 -2.21456 4.84715
      vertex 20.8 -2.16506 4.75
      vertex 10.5 -2.16506 4.75
    endloop
  endfacet
  facet normal -0 0.62932 0.777146
    outer loop
      vertex 10.5 -1.46946 3.97746
      vertex 20.8 -1.67283 4.14214
      vertex 20.8 -1.46946 3.97746
    endloop
  endfacet
  facet normal 0 0.62932 0.777146
    outer loop
      vertex 20.8 -1.67283 4.14214
      vertex 10.5 -1.46946 3.97746
      vertex 10.5 -1.67283 4.14214
    endloop
  endfacet
  facet normal -0 0.258821 0.965925
    outer loop
      vertex 10.5 -0.519779 3.55463
      vertex 20.8 -0.772542 3.62236
      vertex 20.8 -0.519779 3.55463
    endloop
  endfacet
  facet normal 0 0.258821 0.965925
    outer loop
      vertex 20.8 -0.772542 3.62236
      vertex 10.5 -0.519779 3.55463
      vertex 10.5 -0.772542 3.62236
    endloop
  endfacet
  facet normal -0 0.358368 0.93358
    outer loop
      vertex 10.5 -0.772542 3.62236
      vertex 20.8 -1.01684 3.71614
      vertex 20.8 -0.772542 3.62236
    endloop
  endfacet
  facet normal 0 0.358368 0.93358
    outer loop
      vertex 20.8 -1.01684 3.71614
      vertex 10.5 -0.772542 3.62236
      vertex 10.5 -1.01684 3.71614
    endloop
  endfacet
  facet normal 0 0.93358 0.358368
    outer loop
      vertex 20.8 -2.28386 4.98316
      vertex 10.5 -2.37764 5.22746
      vertex 20.8 -2.37764 5.22746
    endloop
  endfacet
  facet normal 0 0.93358 0.358368
    outer loop
      vertex 10.5 -2.37764 5.22746
      vertex 20.8 -2.28386 4.98316
      vertex 10.5 -2.28386 4.98316
    endloop
  endfacet
  facet normal 0 0.965925 0.258821
    outer loop
      vertex 20.8 -2.37764 5.22746
      vertex 10.5 -2.44537 5.48022
      vertex 20.8 -2.44537 5.48022
    endloop
  endfacet
  facet normal 0 0.965925 0.258821
    outer loop
      vertex 10.5 -2.44537 5.48022
      vertex 20.8 -2.37764 5.22746
      vertex 10.5 -2.37764 5.22746
    endloop
  endfacet
  facet normal 0 -0.0523353 -0.99863
    outer loop
      vertex 20.8 0 10.6
      vertex 25.1748 0.48083 10.5748
      vertex 25.2 0 10.6
    endloop
  endfacet
  facet normal -0 -0.0523353 -0.99863
    outer loop
      vertex 25.1748 0.48083 10.5748
      vertex 20.8 0 10.6
      vertex 20.8 0.48083 10.5748
    endloop
  endfacet
  facet normal 0 -0.156435 -0.987688
    outer loop
      vertex 20.8 0.48083 10.5748
      vertex 25.1499 0.956393 10.4995
      vertex 25.1748 0.48083 10.5748
    endloop
  endfacet
  facet normal -0 -0.156435 -0.987688
    outer loop
      vertex 25.1499 0.956393 10.4995
      vertex 20.8 0.48083 10.5748
      vertex 20.8 0.956393 10.4995
    endloop
  endfacet
  facet normal 0 -0.0523353 0.99863
    outer loop
      vertex 20.8 0 1.4
      vertex 25.1748 0.48083 1.4252
      vertex 20.8 0.48083 1.4252
    endloop
  endfacet
  facet normal 0 -0.0523353 0.99863
    outer loop
      vertex 25.1748 0.48083 1.4252
      vertex 20.8 0 1.4
      vertex 25.2 0 1.4
    endloop
  endfacet
  facet normal 0 -0.99863 0.0523353
    outer loop
      vertex 20.8 4.5748 5.51917
      vertex 24.7506 4.6 6
      vertex 20.8 4.6 6
    endloop
  endfacet
  facet normal 0 -0.99863 0.0523353
    outer loop
      vertex 24.7506 4.6 6
      vertex 20.8 4.5748 5.51917
      vertex 24.7546 4.5748 5.51917
    endloop
  endfacet
  facet normal 0 -0.707107 0.707107
    outer loop
      vertex 20.8 3.078 2.58153
      vertex 24.9377 3.41847 2.922
      vertex 20.8 3.41847 2.922
    endloop
  endfacet
  facet normal 0 -0.707107 0.707107
    outer loop
      vertex 24.9377 3.41847 2.922
      vertex 20.8 3.078 2.58153
      vertex 24.9916 3.078 2.58153
    endloop
  endfacet
  facet normal 0 -0.93358 0.358368
    outer loop
      vertex 20.8 4.20231 4.12901
      vertex 24.7862 4.37486 4.57852
      vertex 20.8 4.37486 4.57852
    endloop
  endfacet
  facet normal 0 -0.93358 0.358368
    outer loop
      vertex 24.7862 4.37486 4.57852
      vertex 20.8 4.20231 4.12901
      vertex 24.8136 4.20231 4.12901
    endloop
  endfacet
  facet normal 0 0.707107 -0.707107
    outer loop
      vertex 24.9377 -3.41847 9.078
      vertex 20.8 -3.078 9.41847
      vertex 24.9916 -3.078 9.41847
    endloop
  endfacet
  facet normal 0 0.707107 -0.707107
    outer loop
      vertex 20.8 -3.078 9.41847
      vertex 24.9377 -3.41847 9.078
      vertex 20.8 -3.41847 9.078
    endloop
  endfacet
  facet normal -0 -0.93358 -0.358368
    outer loop
      vertex 24.7862 4.37486 7.42148
      vertex 20.8 4.20231 7.87099
      vertex 20.8 4.37486 7.42148
    endloop
  endfacet
  facet normal 0 -0.93358 -0.358368
    outer loop
      vertex 20.8 4.20231 7.87099
      vertex 24.7862 4.37486 7.42148
      vertex 24.8136 4.20231 7.87099
    endloop
  endfacet
  facet normal 1.37361e-005 -0.544638 0.838671
    outer loop
      vertex 25.0509 2.70381 2.27852
      vertex 25.0795 2.3 2.01628
      vertex 25.062 2.63412 2.23326
    endloop
  endfacet
  facet normal 0 -0.544639 0.838671
    outer loop
      vertex 20.8 2.3 2.01628
      vertex 25.0509 2.70381 2.27852
      vertex 20.8 2.70381 2.27852
    endloop
  endfacet
  facet normal 0 -0.544639 0.838671
    outer loop
      vertex 25.0509 2.70381 2.27852
      vertex 20.8 2.3 2.01628
      vertex 25.0795 2.3 2.01628
    endloop
  endfacet
  facet normal 0 -0.156435 0.987688
    outer loop
      vertex 20.8 0.48083 1.4252
      vertex 25.1499 0.956393 1.50052
      vertex 20.8 0.956393 1.50052
    endloop
  endfacet
  facet normal 0 -0.156435 0.987688
    outer loop
      vertex 25.1499 0.956393 1.50052
      vertex 20.8 0.48083 1.4252
      vertex 25.1748 0.48083 1.4252
    endloop
  endfacet
  facet normal -0 0.156435 0.987688
    outer loop
      vertex 20.8 -0.48083 1.4252
      vertex 25.1499 -0.956393 1.50052
      vertex 25.1748 -0.48083 1.4252
    endloop
  endfacet
  facet normal 0 0.156435 0.987688
    outer loop
      vertex 25.1499 -0.956393 1.50052
      vertex 20.8 -0.48083 1.4252
      vertex 20.8 -0.956393 1.50052
    endloop
  endfacet
  facet normal 0 0.987688 -0.156435
    outer loop
      vertex 24.7546 -4.5748 6.48083
      vertex 20.8 -4.49948 6.95639
      vertex 24.7665 -4.49948 6.95639
    endloop
  endfacet
  facet normal 0 0.987688 -0.156435
    outer loop
      vertex 20.8 -4.49948 6.95639
      vertex 24.7546 -4.5748 6.48083
      vertex 20.8 -4.5748 6.48083
    endloop
  endfacet
  facet normal 0 -0.358368 -0.93358
    outer loop
      vertex 20.8 1.42148 10.3749
      vertex 25.1019 1.87099 10.2023
      vertex 25.1255 1.42148 10.3749
    endloop
  endfacet
  facet normal -0 -0.358368 -0.93358
    outer loop
      vertex 25.1019 1.87099 10.2023
      vertex 20.8 1.42148 10.3749
      vertex 20.8 1.87099 10.2023
    endloop
  endfacet
  facet normal 0 -0.453991 -0.891006
    outer loop
      vertex 20.8 1.87099 10.2023
      vertex 25.0795 2.3 9.98372
      vertex 25.1019 1.87099 10.2023
    endloop
  endfacet
  facet normal -0 -0.453991 -0.891006
    outer loop
      vertex 25.0795 2.3 9.98372
      vertex 20.8 1.87099 10.2023
      vertex 20.8 2.3 9.98372
    endloop
  endfacet
  facet normal -0 -0.987688 -0.156435
    outer loop
      vertex 24.7546 4.5748 6.48083
      vertex 20.8 4.49948 6.95639
      vertex 20.8 4.5748 6.48083
    endloop
  endfacet
  facet normal 0 -0.987688 -0.156435
    outer loop
      vertex 20.8 4.49948 6.95639
      vertex 24.7546 4.5748 6.48083
      vertex 24.7665 4.49948 6.95639
    endloop
  endfacet
  facet normal -0 -0.891006 -0.453991
    outer loop
      vertex 24.8136 4.20231 7.87099
      vertex 20.8 3.98372 8.3
      vertex 20.8 4.20231 7.87099
    endloop
  endfacet
  facet normal 0 -0.891006 -0.453991
    outer loop
      vertex 20.8 3.98372 8.3
      vertex 24.8136 4.20231 7.87099
      vertex 24.8482 3.98372 8.3
    endloop
  endfacet
  facet normal 0 -0.358368 0.93358
    outer loop
      vertex 20.8 1.42148 1.62514
      vertex 25.1019 1.87099 1.79769
      vertex 20.8 1.87099 1.79769
    endloop
  endfacet
  facet normal 0 -0.358368 0.93358
    outer loop
      vertex 25.1019 1.87099 1.79769
      vertex 20.8 1.42148 1.62514
      vertex 25.1255 1.42148 1.62514
    endloop
  endfacet
  facet normal 0 -0.453991 0.891006
    outer loop
      vertex 20.8 1.87099 1.79769
      vertex 25.0795 2.3 2.01628
      vertex 20.8 2.3 2.01628
    endloop
  endfacet
  facet normal 0 -0.453991 0.891006
    outer loop
      vertex 25.0795 2.3 2.01628
      vertex 20.8 1.87099 1.79769
      vertex 25.1019 1.87099 1.79769
    endloop
  endfacet
  facet normal 0 -0.838671 0.544639
    outer loop
      vertex 20.8 3.72148 3.29619
      vertex 24.8482 3.98372 3.7
      vertex 20.8 3.98372 3.7
    endloop
  endfacet
  facet normal 0 -0.838671 0.544639
    outer loop
      vertex 24.8482 3.98372 3.7
      vertex 20.8 3.72148 3.29619
      vertex 24.8897 3.72148 3.29619
    endloop
  endfacet
  facet normal 0 -0.965926 0.258818
    outer loop
      vertex 20.8 4.37486 4.57852
      vertex 24.7665 4.49948 5.04361
      vertex 20.8 4.49948 5.04361
    endloop
  endfacet
  facet normal 0 -0.965926 0.258818
    outer loop
      vertex 24.7665 4.49948 5.04361
      vertex 20.8 4.37486 4.57852
      vertex 24.7862 4.37486 4.57852
    endloop
  endfacet
  facet normal 0 0.0523353 -0.99863
    outer loop
      vertex 20.8 0 10.6
      vertex 25.1748 -0.48083 10.5748
      vertex 20.8 -0.48083 10.5748
    endloop
  endfacet
  facet normal 0 0.0523353 -0.99863
    outer loop
      vertex 25.1748 -0.48083 10.5748
      vertex 20.8 0 10.6
      vertex 25.2 0 10.6
    endloop
  endfacet
  facet normal 0 0.99863 -0.0523353
    outer loop
      vertex 24.7506 -4.6 6
      vertex 20.8 -4.5748 6.48083
      vertex 24.7546 -4.5748 6.48083
    endloop
  endfacet
  facet normal 0 0.99863 -0.0523353
    outer loop
      vertex 20.8 -4.5748 6.48083
      vertex 24.7506 -4.6 6
      vertex 20.8 -4.6 6
    endloop
  endfacet
  facet normal 0 0.93358 -0.358368
    outer loop
      vertex 24.7862 -4.37486 7.42148
      vertex 20.8 -4.20231 7.87099
      vertex 24.8136 -4.20231 7.87099
    endloop
  endfacet
  facet normal 0 0.93358 -0.358368
    outer loop
      vertex 20.8 -4.20231 7.87099
      vertex 24.7862 -4.37486 7.42148
      vertex 20.8 -4.37486 7.42148
    endloop
  endfacet
  facet normal 0 -0.258818 -0.965926
    outer loop
      vertex 20.8 0.956393 10.4995
      vertex 25.1255 1.42148 10.3749
      vertex 25.1499 0.956393 10.4995
    endloop
  endfacet
  facet normal -0 -0.258818 -0.965926
    outer loop
      vertex 25.1255 1.42148 10.3749
      vertex 20.8 0.956393 10.4995
      vertex 20.8 1.42148 10.3749
    endloop
  endfacet
  facet normal 0 -0.62932 -0.777146
    outer loop
      vertex 20.8 2.70381 9.72148
      vertex 24.9916 3.078 9.41847
      vertex 25.0509 2.70381 9.72148
    endloop
  endfacet
  facet normal -0 -0.62932 -0.777146
    outer loop
      vertex 24.9916 3.078 9.41847
      vertex 20.8 2.70381 9.72148
      vertex 20.8 3.078 9.41847
    endloop
  endfacet
  facet normal -0 -0.707107 -0.707107
    outer loop
      vertex 24.9377 3.41847 9.078
      vertex 20.8 3.078 9.41847
      vertex 20.8 3.41847 9.078
    endloop
  endfacet
  facet normal 0 -0.707107 -0.707107
    outer loop
      vertex 20.8 3.078 9.41847
      vertex 24.9377 3.41847 9.078
      vertex 24.9916 3.078 9.41847
    endloop
  endfacet
  facet normal 4.64594e-005 -0.544636 -0.838672
    outer loop
      vertex 25.0795 2.3 9.98372
      vertex 25.0509 2.70381 9.72148
      vertex 25.062 2.63412 9.76674
    endloop
  endfacet
  facet normal 0 -0.544639 -0.838671
    outer loop
      vertex 20.8 2.3 9.98372
      vertex 25.0509 2.70381 9.72148
      vertex 25.0795 2.3 9.98372
    endloop
  endfacet
  facet normal -0 -0.544639 -0.838671
    outer loop
      vertex 25.0509 2.70381 9.72148
      vertex 20.8 2.3 9.98372
      vertex 20.8 2.70381 9.72148
    endloop
  endfacet
  facet normal 0 -0.99863 -0.0523353
    outer loop
      vertex 20.8 4.6 6
      vertex 24.7546 4.5748 6.48083
      vertex 20.8 4.5748 6.48083
    endloop
  endfacet
  facet normal 0 -0.99863 -0.0523353
    outer loop
      vertex 24.7546 4.5748 6.48083
      vertex 20.8 4.6 6
      vertex 24.7506 4.6 6
    endloop
  endfacet
  facet normal -0 -0.965926 -0.258818
    outer loop
      vertex 24.7665 4.49948 6.95639
      vertex 20.8 4.37486 7.42148
      vertex 20.8 4.49948 6.95639
    endloop
  endfacet
  facet normal 0 -0.965926 -0.258818
    outer loop
      vertex 20.8 4.37486 7.42148
      vertex 24.7665 4.49948 6.95639
      vertex 24.7862 4.37486 7.42148
    endloop
  endfacet
  facet normal -0 -0.777146 -0.62932
    outer loop
      vertex 24.8897 3.72148 8.70381
      vertex 20.8 3.41847 9.078
      vertex 20.8 3.72148 8.70381
    endloop
  endfacet
  facet normal 0 -0.777146 -0.62932
    outer loop
      vertex 20.8 3.41847 9.078
      vertex 24.8897 3.72148 8.70381
      vertex 24.9377 3.41847 9.078
    endloop
  endfacet
  facet normal -0 -0.838671 -0.544639
    outer loop
      vertex 24.8482 3.98372 8.3
      vertex 20.8 3.72148 8.70381
      vertex 20.8 3.98372 8.3
    endloop
  endfacet
  facet normal 0 -0.838671 -0.544639
    outer loop
      vertex 20.8 3.72148 8.70381
      vertex 24.8482 3.98372 8.3
      vertex 24.8897 3.72148 8.70381
    endloop
  endfacet
  facet normal 0 -0.62932 0.777146
    outer loop
      vertex 20.8 2.70381 2.27852
      vertex 24.9916 3.078 2.58153
      vertex 20.8 3.078 2.58153
    endloop
  endfacet
  facet normal 0 -0.62932 0.777146
    outer loop
      vertex 24.9916 3.078 2.58153
      vertex 20.8 2.70381 2.27852
      vertex 25.0509 2.70381 2.27852
    endloop
  endfacet
  facet normal 0 -0.258818 0.965926
    outer loop
      vertex 20.8 0.956393 1.50052
      vertex 25.1255 1.42148 1.62514
      vertex 20.8 1.42148 1.62514
    endloop
  endfacet
  facet normal 0 -0.258818 0.965926
    outer loop
      vertex 25.1255 1.42148 1.62514
      vertex 20.8 0.956393 1.50052
      vertex 25.1499 0.956393 1.50052
    endloop
  endfacet
  facet normal 0 -0.777146 0.62932
    outer loop
      vertex 20.8 3.41847 2.922
      vertex 24.8897 3.72148 3.29619
      vertex 20.8 3.72148 3.29619
    endloop
  endfacet
  facet normal 0 -0.777146 0.62932
    outer loop
      vertex 24.8897 3.72148 3.29619
      vertex 20.8 3.41847 2.922
      vertex 24.9377 3.41847 2.922
    endloop
  endfacet
  facet normal 0 -0.891006 0.453991
    outer loop
      vertex 20.8 3.98372 3.7
      vertex 24.8136 4.20231 4.12901
      vertex 20.8 4.20231 4.12901
    endloop
  endfacet
  facet normal 0 -0.891006 0.453991
    outer loop
      vertex 24.8136 4.20231 4.12901
      vertex 20.8 3.98372 3.7
      vertex 24.8482 3.98372 3.7
    endloop
  endfacet
  facet normal 0 -0.987688 0.156435
    outer loop
      vertex 20.8 4.49948 5.04361
      vertex 24.7546 4.5748 5.51917
      vertex 20.8 4.5748 5.51917
    endloop
  endfacet
  facet normal 0 -0.987688 0.156435
    outer loop
      vertex 24.7546 4.5748 5.51917
      vertex 20.8 4.49948 5.04361
      vertex 24.7665 4.49948 5.04361
    endloop
  endfacet
  facet normal 4.64594e-005 0.544636 -0.838672
    outer loop
      vertex 25.0509 -2.70381 9.72148
      vertex 25.0795 -2.3 9.98372
      vertex 25.062 -2.63412 9.76674
    endloop
  endfacet
  facet normal 0 0.544639 -0.838671
    outer loop
      vertex 20.8 -2.3 9.98372
      vertex 25.0509 -2.70381 9.72148
      vertex 20.8 -2.70381 9.72148
    endloop
  endfacet
  facet normal 0 0.544639 -0.838671
    outer loop
      vertex 25.0509 -2.70381 9.72148
      vertex 20.8 -2.3 9.98372
      vertex 25.0795 -2.3 9.98372
    endloop
  endfacet
  facet normal 0 0.777146 -0.62932
    outer loop
      vertex 24.8897 -3.72148 8.70381
      vertex 20.8 -3.41847 9.078
      vertex 24.9377 -3.41847 9.078
    endloop
  endfacet
  facet normal 0 0.777146 -0.62932
    outer loop
      vertex 20.8 -3.41847 9.078
      vertex 24.8897 -3.72148 8.70381
      vertex 20.8 -3.72148 8.70381
    endloop
  endfacet
  facet normal 0 0.838671 -0.544639
    outer loop
      vertex 24.8482 -3.98372 8.3
      vertex 20.8 -3.72148 8.70381
      vertex 24.8897 -3.72148 8.70381
    endloop
  endfacet
  facet normal 0 0.838671 -0.544639
    outer loop
      vertex 20.8 -3.72148 8.70381
      vertex 24.8482 -3.98372 8.3
      vertex 20.8 -3.98372 8.3
    endloop
  endfacet
  facet normal -0 0.0523353 0.99863
    outer loop
      vertex 20.8 0 1.4
      vertex 25.1748 -0.48083 1.4252
      vertex 25.2 0 1.4
    endloop
  endfacet
  facet normal 0 0.0523353 0.99863
    outer loop
      vertex 25.1748 -0.48083 1.4252
      vertex 20.8 0 1.4
      vertex 20.8 -0.48083 1.4252
    endloop
  endfacet
  facet normal 0 0.965926 -0.258818
    outer loop
      vertex 24.7665 -4.49948 6.95639
      vertex 20.8 -4.37486 7.42148
      vertex 24.7862 -4.37486 7.42148
    endloop
  endfacet
  facet normal 0 0.965926 -0.258818
    outer loop
      vertex 20.8 -4.37486 7.42148
      vertex 24.7665 -4.49948 6.95639
      vertex 20.8 -4.49948 6.95639
    endloop
  endfacet
  facet normal 0 0.258818 -0.965926
    outer loop
      vertex 20.8 -0.956393 10.4995
      vertex 25.1255 -1.42148 10.3749
      vertex 20.8 -1.42148 10.3749
    endloop
  endfacet
  facet normal 0 0.258818 -0.965926
    outer loop
      vertex 25.1255 -1.42148 10.3749
      vertex 20.8 -0.956393 10.4995
      vertex 25.1499 -0.956393 10.4995
    endloop
  endfacet
  facet normal 0 0.156435 -0.987688
    outer loop
      vertex 20.8 -0.48083 10.5748
      vertex 25.1499 -0.956393 10.4995
      vertex 20.8 -0.956393 10.4995
    endloop
  endfacet
  facet normal 0 0.156435 -0.987688
    outer loop
      vertex 25.1499 -0.956393 10.4995
      vertex 20.8 -0.48083 10.5748
      vertex 25.1748 -0.48083 10.5748
    endloop
  endfacet
  facet normal 0 0.62932 -0.777146
    outer loop
      vertex 20.8 -2.70381 9.72148
      vertex 24.9916 -3.078 9.41847
      vertex 20.8 -3.078 9.41847
    endloop
  endfacet
  facet normal 0 0.62932 -0.777146
    outer loop
      vertex 24.9916 -3.078 9.41847
      vertex 20.8 -2.70381 9.72148
      vertex 25.0509 -2.70381 9.72148
    endloop
  endfacet
  facet normal 0 0.891006 -0.453991
    outer loop
      vertex 24.8136 -4.20231 7.87099
      vertex 20.8 -3.98372 8.3
      vertex 24.8482 -3.98372 8.3
    endloop
  endfacet
  facet normal 0 0.891006 -0.453991
    outer loop
      vertex 20.8 -3.98372 8.3
      vertex 24.8136 -4.20231 7.87099
      vertex 20.8 -4.20231 7.87099
    endloop
  endfacet
  facet normal 0 0.453991 -0.891006
    outer loop
      vertex 20.8 -1.87099 10.2023
      vertex 25.0795 -2.3 9.98372
      vertex 20.8 -2.3 9.98372
    endloop
  endfacet
  facet normal 0 0.453991 -0.891006
    outer loop
      vertex 25.0795 -2.3 9.98372
      vertex 20.8 -1.87099 10.2023
      vertex 25.1019 -1.87099 10.2023
    endloop
  endfacet
  facet normal 0 0.358368 -0.93358
    outer loop
      vertex 20.8 -1.42148 10.3749
      vertex 25.1019 -1.87099 10.2023
      vertex 20.8 -1.87099 10.2023
    endloop
  endfacet
  facet normal 0 0.358368 -0.93358
    outer loop
      vertex 25.1019 -1.87099 10.2023
      vertex 20.8 -1.42148 10.3749
      vertex 25.1255 -1.42148 10.3749
    endloop
  endfacet
  facet normal 0 0.99863 0.0523353
    outer loop
      vertex 24.7546 -4.5748 5.51917
      vertex 20.8 -4.6 6
      vertex 24.7506 -4.6 6
    endloop
  endfacet
  facet normal 0 0.99863 0.0523353
    outer loop
      vertex 20.8 -4.6 6
      vertex 24.7546 -4.5748 5.51917
      vertex 20.8 -4.5748 5.51917
    endloop
  endfacet
  facet normal 1 0 0
    outer loop
      vertex 20.8 2.5 6
      vertex 20.8 4.6 6
      vertex 20.8 4.5748 6.48083
    endloop
  endfacet
  facet normal 1 0 0
    outer loop
      vertex 20.8 2.4863 6.26132
      vertex 20.8 4.5748 6.48083
      vertex 20.8 4.49948 6.95639
    endloop
  endfacet
  facet normal 1 0 0
    outer loop
      vertex 20.8 4.6 6
      vertex 20.8 2.5 6
      vertex 20.8 4.5748 5.51917
    endloop
  endfacet
  facet normal 1 0 0
    outer loop
      vertex 20.8 2.44537 6.51978
      vertex 20.8 4.49948 6.95639
      vertex 20.8 4.37486 7.42148
    endloop
  endfacet
  facet normal 1 -0 0
    outer loop
      vertex 20.8 2.4863 5.73868
      vertex 20.8 4.5748 5.51917
      vertex 20.8 2.5 6
    endloop
  endfacet
  facet normal 1 0 0
    outer loop
      vertex 20.8 2.37764 6.77254
      vertex 20.8 4.37486 7.42148
      vertex 20.8 4.20231 7.87099
    endloop
  endfacet
  facet normal 1 0 0
    outer loop
      vertex 20.8 4.5748 5.51917
      vertex 20.8 2.4863 5.73868
      vertex 20.8 4.49948 5.04361
    endloop
  endfacet
  facet normal 1 0 0
    outer loop
      vertex 20.8 2.18581 7.20929
      vertex 20.8 4.20231 7.87099
      vertex 20.8 3.98372 8.3
    endloop
  endfacet
  facet normal 1 -0 0
    outer loop
      vertex 20.8 2.44537 5.48022
      vertex 20.8 4.49948 5.04361
      vertex 20.8 2.4863 5.73868
    endloop
  endfacet
  facet normal 1 0 0
    outer loop
      vertex 20.8 2.14018 7.28832
      vertex 20.8 3.98372 8.3
      vertex 20.8 3.72148 8.70381
    endloop
  endfacet
  facet normal 1 0 0
    outer loop
      vertex 20.8 4.49948 5.04361
      vertex 20.8 2.44537 5.48022
      vertex 20.8 4.37486 4.57852
    endloop
  endfacet
  facet normal 1 0 0
    outer loop
      vertex 20.8 2.02254 7.46946
      vertex 20.8 3.72148 8.70381
      vertex 20.8 3.41847 9.078
    endloop
  endfacet
  facet normal 1 -0 0
    outer loop
      vertex 20.8 2.37764 5.22746
      vertex 20.8 4.37486 4.57852
      vertex 20.8 2.44537 5.48022
    endloop
  endfacet
  facet normal 1 0 0
    outer loop
      vertex 20.8 1.85786 7.67283
      vertex 20.8 3.41847 9.078
      vertex 20.8 3.078 9.41847
    endloop
  endfacet
  facet normal 1 0 0
    outer loop
      vertex 20.8 4.37486 4.57852
      vertex 20.8 2.37764 5.22746
      vertex 20.8 4.20231 4.12901
    endloop
  endfacet
  facet normal 1 0 0
    outer loop
      vertex 20.8 1.67283 7.85786
      vertex 20.8 3.078 9.41847
      vertex 20.8 2.70381 9.72148
    endloop
  endfacet
  facet normal 1 -0 0
    outer loop
      vertex 20.8 2.28386 4.98316
      vertex 20.8 4.20231 4.12901
      vertex 20.8 2.37764 5.22746
    endloop
  endfacet
  facet normal 1 -0 0
    outer loop
      vertex 20.8 2.26312 4.94245
      vertex 20.8 4.20231 4.12901
      vertex 20.8 2.28386 4.98316
    endloop
  endfacet
  facet normal 1 0 0
    outer loop
      vertex 20.8 4.5748 6.48083
      vertex 20.8 2.4863 6.26132
      vertex 20.8 2.5 6
    endloop
  endfacet
  facet normal 1 0 0
    outer loop
      vertex 20.8 4.49948 6.95639
      vertex 20.8 2.44537 6.51978
      vertex 20.8 2.4863 6.26132
    endloop
  endfacet
  facet normal 1 0 0
    outer loop
      vertex 20.8 4.37486 7.42148
      vertex 20.8 2.37764 6.77254
      vertex 20.8 2.44537 6.51978
    endloop
  endfacet
  facet normal 1 0 0
    outer loop
      vertex 20.8 1.46946 8.02254
      vertex 20.8 2.70381 9.72148
      vertex 20.8 2.3 9.98372
    endloop
  endfacet
  facet normal 1 0 0
    outer loop
      vertex 20.8 4.20231 7.87099
      vertex 20.8 2.28386 7.01684
      vertex 20.8 2.37764 6.77254
    endloop
  endfacet
  facet normal 1 0 0
    outer loop
      vertex 20.8 4.20231 7.87099
      vertex 20.8 2.18581 7.20929
      vertex 20.8 2.28386 7.01684
    endloop
  endfacet
  facet normal 1 0 0
    outer loop
      vertex 20.8 3.98372 8.3
      vertex 20.8 2.16506 7.25
      vertex 20.8 2.18581 7.20929
    endloop
  endfacet
  facet normal 1 0 0
    outer loop
      vertex 20.8 3.98372 8.3
      vertex 20.8 2.14018 7.28832
      vertex 20.8 2.16506 7.25
    endloop
  endfacet
  facet normal 1 0 0
    outer loop
      vertex 20.8 3.72148 8.70381
      vertex 20.8 2.02254 7.46946
      vertex 20.8 2.14018 7.28832
    endloop
  endfacet
  facet normal 1 0 0
    outer loop
      vertex 20.8 1.25 8.16506
      vertex 20.8 2.3 9.98372
      vertex 20.8 1.87099 10.2023
    endloop
  endfacet
  facet normal 1 0 0
    outer loop
      vertex 20.8 3.41847 9.078
      vertex 20.8 1.85786 7.67283
      vertex 20.8 2.02254 7.46946
    endloop
  endfacet
  facet normal 1 0 0
    outer loop
      vertex 20.8 3.078 9.41847
      vertex 20.8 1.67283 7.85786
      vertex 20.8 1.85786 7.67283
    endloop
  endfacet
  facet normal 1 0 0
    outer loop
      vertex 20.8 2.70381 9.72148
      vertex 20.8 1.46946 8.02254
      vertex 20.8 1.67283 7.85786
    endloop
  endfacet
  facet normal 1 0 0
    outer loop
      vertex 20.8 1.01684 8.28386
      vertex 20.8 1.87099 10.2023
      vertex 20.8 1.42148 10.3749
    endloop
  endfacet
  facet normal 1 0 0
    outer loop
      vertex 20.8 2.3 9.98372
      vertex 20.8 1.25 8.16506
      vertex 20.8 1.46946 8.02254
    endloop
  endfacet
  facet normal 1 0 0
    outer loop
      vertex 20.8 1.87099 10.2023
      vertex 20.8 1.01684 8.28386
      vertex 20.8 1.25 8.16506
    endloop
  endfacet
  facet normal 1 0 0
    outer loop
      vertex 20.8 0.772542 8.37764
      vertex 20.8 1.42148 10.3749
      vertex 20.8 0.956393 10.4995
    endloop
  endfacet
  facet normal 1 0 0
    outer loop
      vertex 20.8 1.42148 10.3749
      vertex 20.8 0.772542 8.37764
      vertex 20.8 1.01684 8.28386
    endloop
  endfacet
  facet normal 1 0 0
    outer loop
      vertex 20.8 0.956393 10.4995
      vertex 20.8 0.519779 8.44537
      vertex 20.8 0.772542 8.37764
    endloop
  endfacet
  facet normal 1 0 0
    outer loop
      vertex 20.8 0.48083 10.5748
      vertex 20.8 0.519779 8.44537
      vertex 20.8 0.956393 10.4995
    endloop
  endfacet
  facet normal 1 0 0
    outer loop
      vertex 20.8 0.48083 10.5748
      vertex 20.8 0.261321 8.4863
      vertex 20.8 0.519779 8.44537
    endloop
  endfacet
  facet normal 1 0 0
    outer loop
      vertex 20.8 0 10.6
      vertex 20.8 0.261321 8.4863
      vertex 20.8 0.48083 10.5748
    endloop
  endfacet
  facet normal 1 0 0
    outer loop
      vertex 20.8 0 10.6
      vertex 20.8 0 8.5
      vertex 20.8 0.261321 8.4863
    endloop
  endfacet
  facet normal 1 0 0
    outer loop
      vertex 20.8 0 10.6
      vertex 20.8 -0.261321 8.4863
      vertex 20.8 0 8.5
    endloop
  endfacet
  facet normal 1 -0 0
    outer loop
      vertex 20.8 -0.48083 10.5748
      vertex 20.8 -0.261321 8.4863
      vertex 20.8 0 10.6
    endloop
  endfacet
  facet normal 1 0 0
    outer loop
      vertex 20.8 -0.48083 10.5748
      vertex 20.8 -0.519779 8.44537
      vertex 20.8 -0.261321 8.4863
    endloop
  endfacet
  facet normal 1 -0 0
    outer loop
      vertex 20.8 -0.956393 10.4995
      vertex 20.8 -0.519779 8.44537
      vertex 20.8 -0.48083 10.5748
    endloop
  endfacet
  facet normal 1 0 0
    outer loop
      vertex 20.8 -0.519779 8.44537
      vertex 20.8 -0.956393 10.4995
      vertex 20.8 -0.772542 8.37764
    endloop
  endfacet
  facet normal 1 -0 0
    outer loop
      vertex 20.8 -1.42148 10.3749
      vertex 20.8 -0.772542 8.37764
      vertex 20.8 -0.956393 10.4995
    endloop
  endfacet
  facet normal 1 0 0
    outer loop
      vertex 20.8 -0.772542 8.37764
      vertex 20.8 -1.42148 10.3749
      vertex 20.8 -1.01684 8.28386
    endloop
  endfacet
  facet normal 1 -0 0
    outer loop
      vertex 20.8 -1.87099 10.2023
      vertex 20.8 -1.01684 8.28386
      vertex 20.8 -1.42148 10.3749
    endloop
  endfacet
  facet normal 1 0 0
    outer loop
      vertex 20.8 -1.01684 8.28386
      vertex 20.8 -1.87099 10.2023
      vertex 20.8 -1.25 8.16506
    endloop
  endfacet
  facet normal 1 -0 0
    outer loop
      vertex 20.8 -2.3 9.98372
      vertex 20.8 -1.25 8.16506
      vertex 20.8 -1.87099 10.2023
    endloop
  endfacet
  facet normal 1 0 0
    outer loop
      vertex 20.8 -1.25 8.16506
      vertex 20.8 -2.3 9.98372
      vertex 20.8 -1.46946 8.02254
    endloop
  endfacet
  facet normal 1 -0 0
    outer loop
      vertex 20.8 -2.70381 9.72148
      vertex 20.8 -1.46946 8.02254
      vertex 20.8 -2.3 9.98372
    endloop
  endfacet
  facet normal 1 0 0
    outer loop
      vertex 20.8 -1.46946 8.02254
      vertex 20.8 -2.70381 9.72148
      vertex 20.8 -1.67283 7.85786
    endloop
  endfacet
  facet normal 1 -0 0
    outer loop
      vertex 20.8 -3.078 9.41847
      vertex 20.8 -1.67283 7.85786
      vertex 20.8 -2.70381 9.72148
    endloop
  endfacet
  facet normal 1 0 0
    outer loop
      vertex 20.8 -1.67283 7.85786
      vertex 20.8 -3.078 9.41847
      vertex 20.8 -1.85786 7.67283
    endloop
  endfacet
  facet normal 1 -0 0
    outer loop
      vertex 20.8 -3.41847 9.078
      vertex 20.8 -1.85786 7.67283
      vertex 20.8 -3.078 9.41847
    endloop
  endfacet
  facet normal 1 0 0
    outer loop
      vertex 20.8 -1.85786 7.67283
      vertex 20.8 -3.41847 9.078
      vertex 20.8 -2.02254 7.46946
    endloop
  endfacet
  facet normal 1 -0 0
    outer loop
      vertex 20.8 -3.72148 8.70381
      vertex 20.8 -2.02254 7.46946
      vertex 20.8 -3.41847 9.078
    endloop
  endfacet
  facet normal 1 0 0
    outer loop
      vertex 20.8 -2.02254 7.46946
      vertex 20.8 -3.72148 8.70381
      vertex 20.8 -2.16506 7.25
    endloop
  endfacet
  facet normal 1 -0 0
    outer loop
      vertex 20.8 -3.98372 8.3
      vertex 20.8 -2.16506 7.25
      vertex 20.8 -3.72148 8.70381
    endloop
  endfacet
  facet normal 1 0 0
    outer loop
      vertex 20.8 -2.16506 7.25
      vertex 20.8 -3.98372 8.3
      vertex 20.8 -2.28386 7.01684
    endloop
  endfacet
  facet normal 1 0 0
    outer loop
      vertex 20.8 4.20231 4.12901
      vertex 20.8 2.26312 4.94245
      vertex 20.8 3.98372 3.7
    endloop
  endfacet
  facet normal 1 -0 0
    outer loop
      vertex 20.8 2.16506 4.75
      vertex 20.8 3.98372 3.7
      vertex 20.8 2.26312 4.94245
    endloop
  endfacet
  facet normal 1 -0 0
    outer loop
      vertex 20.8 2.04743 4.56886
      vertex 20.8 3.98372 3.7
      vertex 20.8 2.16506 4.75
    endloop
  endfacet
  facet normal 1 0 0
    outer loop
      vertex 20.8 3.98372 3.7
      vertex 20.8 2.04743 4.56886
      vertex 20.8 3.72148 3.29619
    endloop
  endfacet
  facet normal 1 -0 0
    outer loop
      vertex 20.8 2.02254 4.53054
      vertex 20.8 3.72148 3.29619
      vertex 20.8 2.04743 4.56886
    endloop
  endfacet
  facet normal 1 0 0
    outer loop
      vertex 20.8 3.72148 3.29619
      vertex 20.8 2.02254 4.53054
      vertex 20.8 3.41847 2.922
    endloop
  endfacet
  facet normal 1 -0 0
    outer loop
      vertex 20.8 1.85786 4.32717
      vertex 20.8 3.41847 2.922
      vertex 20.8 2.02254 4.53054
    endloop
  endfacet
  facet normal 1 0 0
    outer loop
      vertex 20.8 3.41847 2.922
      vertex 20.8 1.85786 4.32717
      vertex 20.8 3.078 2.58153
    endloop
  endfacet
  facet normal 1 -0 0
    outer loop
      vertex 20.8 1.67283 4.14214
      vertex 20.8 3.078 2.58153
      vertex 20.8 1.85786 4.32717
    endloop
  endfacet
  facet normal 1 0 0
    outer loop
      vertex 20.8 3.078 2.58153
      vertex 20.8 1.67283 4.14214
      vertex 20.8 2.70381 2.27852
    endloop
  endfacet
  facet normal 1 -0 0
    outer loop
      vertex 20.8 1.46946 3.97746
      vertex 20.8 2.70381 2.27852
      vertex 20.8 1.67283 4.14214
    endloop
  endfacet
  facet normal 1 0 0
    outer loop
      vertex 20.8 2.70381 2.27852
      vertex 20.8 1.46946 3.97746
      vertex 20.8 2.3 2.01628
    endloop
  endfacet
  facet normal 1 -0 0
    outer loop
      vertex 20.8 1.25 3.83494
      vertex 20.8 2.3 2.01628
      vertex 20.8 1.46946 3.97746
    endloop
  endfacet
  facet normal 1 0 0
    outer loop
      vertex 20.8 2.3 2.01628
      vertex 20.8 1.25 3.83494
      vertex 20.8 1.87099 1.79769
    endloop
  endfacet
  facet normal 1 -0 0
    outer loop
      vertex 20.8 1.01684 3.71614
      vertex 20.8 1.87099 1.79769
      vertex 20.8 1.25 3.83494
    endloop
  endfacet
  facet normal 1 0 0
    outer loop
      vertex 20.8 1.87099 1.79769
      vertex 20.8 1.01684 3.71614
      vertex 20.8 1.42148 1.62514
    endloop
  endfacet
  facet normal 1 -0 0
    outer loop
      vertex 20.8 0.772542 3.62236
      vertex 20.8 1.42148 1.62514
      vertex 20.8 1.01684 3.71614
    endloop
  endfacet
  facet normal 1 0 0
    outer loop
      vertex 20.8 1.42148 1.62514
      vertex 20.8 0.772542 3.62236
      vertex 20.8 0.956393 1.50052
    endloop
  endfacet
  facet normal 1 -0 0
    outer loop
      vertex 20.8 0.519779 3.55463
      vertex 20.8 0.956393 1.50052
      vertex 20.8 0.772542 3.62236
    endloop
  endfacet
  facet normal 1 0 0
    outer loop
      vertex 20.8 0.519779 3.55463
      vertex 20.8 0.48083 1.4252
      vertex 20.8 0.956393 1.50052
    endloop
  endfacet
  facet normal 1 -0 0
    outer loop
      vertex 20.8 0.261321 3.5137
      vertex 20.8 0.48083 1.4252
      vertex 20.8 0.519779 3.55463
    endloop
  endfacet
  facet normal 1 -0 0
    outer loop
      vertex 20.8 0.215694 3.5113
      vertex 20.8 0.48083 1.4252
      vertex 20.8 0.261321 3.5137
    endloop
  endfacet
  facet normal 1 0 0
    outer loop
      vertex 20.8 0 1.4
      vertex 20.8 0.215694 3.5113
      vertex 20.8 0 3.5
    endloop
  endfacet
  facet normal 1 0 0
    outer loop
      vertex 20.8 0.215694 3.5113
      vertex 20.8 0 1.4
      vertex 20.8 0.48083 1.4252
    endloop
  endfacet
  facet normal 1 0 0
    outer loop
      vertex 20.8 -0.215694 3.5113
      vertex 20.8 0 1.4
      vertex 20.8 0 3.5
    endloop
  endfacet
  facet normal 1 0 0
    outer loop
      vertex 20.8 -0.48083 1.4252
      vertex 20.8 -0.215694 3.5113
      vertex 20.8 -0.261321 3.5137
    endloop
  endfacet
  facet normal 1 0 0
    outer loop
      vertex 20.8 -0.215694 3.5113
      vertex 20.8 -0.48083 1.4252
      vertex 20.8 0 1.4
    endloop
  endfacet
  facet normal 1 0 0
    outer loop
      vertex 20.8 -0.519779 3.55463
      vertex 20.8 -0.48083 1.4252
      vertex 20.8 -0.261321 3.5137
    endloop
  endfacet
  facet normal 1 0 0
    outer loop
      vertex 20.8 -0.956393 1.50052
      vertex 20.8 -0.519779 3.55463
      vertex 20.8 -0.772542 3.62236
    endloop
  endfacet
  facet normal 1 0 0
    outer loop
      vertex 20.8 -0.519779 3.55463
      vertex 20.8 -0.956393 1.50052
      vertex 20.8 -0.48083 1.4252
    endloop
  endfacet
  facet normal 1 0 0
    outer loop
      vertex 20.8 -1.42148 1.62514
      vertex 20.8 -0.772542 3.62236
      vertex 20.8 -1.01684 3.71614
    endloop
  endfacet
  facet normal 1 0 0
    outer loop
      vertex 20.8 -1.87099 1.79769
      vertex 20.8 -1.01684 3.71614
      vertex 20.8 -1.25 3.83494
    endloop
  endfacet
  facet normal 1 0 0
    outer loop
      vertex 20.8 -0.772542 3.62236
      vertex 20.8 -1.42148 1.62514
      vertex 20.8 -0.956393 1.50052
    endloop
  endfacet
  facet normal 1 0 0
    outer loop
      vertex 20.8 -2.3 2.01628
      vertex 20.8 -1.25 3.83494
      vertex 20.8 -1.46946 3.97746
    endloop
  endfacet
  facet normal 1 0 0
    outer loop
      vertex 20.8 -2.70381 2.27852
      vertex 20.8 -1.46946 3.97746
      vertex 20.8 -1.67283 4.14214
    endloop
  endfacet
  facet normal 1 0 0
    outer loop
      vertex 20.8 -3.078 2.58153
      vertex 20.8 -1.67283 4.14214
      vertex 20.8 -1.85786 4.32717
    endloop
  endfacet
  facet normal 1 0 0
    outer loop
      vertex 20.8 -1.01684 3.71614
      vertex 20.8 -1.87099 1.79769
      vertex 20.8 -1.42148 1.62514
    endloop
  endfacet
  facet normal 1 0 0
    outer loop
      vertex 20.8 -3.41847 2.922
      vertex 20.8 -1.85786 4.32717
      vertex 20.8 -2.02254 4.53054
    endloop
  endfacet
  facet normal 1 0 0
    outer loop
      vertex 20.8 -3.72148 3.29619
      vertex 20.8 -2.02254 4.53054
      vertex 20.8 -2.04743 4.56886
    endloop
  endfacet
  facet normal 1 0 0
    outer loop
      vertex 20.8 -3.98372 3.7
      vertex 20.8 -2.04743 4.56886
      vertex 20.8 -2.16506 4.75
    endloop
  endfacet
  facet normal 1 0 0
    outer loop
      vertex 20.8 -3.98372 3.7
      vertex 20.8 -2.16506 4.75
      vertex 20.8 -2.26312 4.94245
    endloop
  endfacet
  facet normal 1 0 0
    outer loop
      vertex 20.8 -4.20231 4.12901
      vertex 20.8 -2.26312 4.94245
      vertex 20.8 -2.28386 4.98316
    endloop
  endfacet
  facet normal 1 0 0
    outer loop
      vertex 20.8 -1.25 3.83494
      vertex 20.8 -2.3 2.01628
      vertex 20.8 -1.87099 1.79769
    endloop
  endfacet
  facet normal 1 0 0
    outer loop
      vertex 20.8 -4.20231 4.12901
      vertex 20.8 -2.28386 4.98316
      vertex 20.8 -2.37764 5.22746
    endloop
  endfacet
  facet normal 1 0 0
    outer loop
      vertex 20.8 -4.37486 4.57852
      vertex 20.8 -2.37764 5.22746
      vertex 20.8 -2.44537 5.48022
    endloop
  endfacet
  facet normal 1 0 0
    outer loop
      vertex 20.8 -4.49948 5.04361
      vertex 20.8 -2.44537 5.48022
      vertex 20.8 -2.4863 5.73868
    endloop
  endfacet
  facet normal 1 0 0
    outer loop
      vertex 20.8 -4.5748 5.51917
      vertex 20.8 -2.4863 5.73868
      vertex 20.8 -2.5 6
    endloop
  endfacet
  facet normal 1 -0 0
    outer loop
      vertex 20.8 -4.20231 7.87099
      vertex 20.8 -2.28386 7.01684
      vertex 20.8 -3.98372 8.3
    endloop
  endfacet
  facet normal 1 0 0
    outer loop
      vertex 20.8 -1.46946 3.97746
      vertex 20.8 -2.70381 2.27852
      vertex 20.8 -2.3 2.01628
    endloop
  endfacet
  facet normal 1 0 0
    outer loop
      vertex 20.8 -2.28386 7.01684
      vertex 20.8 -4.20231 7.87099
      vertex 20.8 -2.37764 6.77254
    endloop
  endfacet
  facet normal 1 0 0
    outer loop
      vertex 20.8 -1.67283 4.14214
      vertex 20.8 -3.078 2.58153
      vertex 20.8 -2.70381 2.27852
    endloop
  endfacet
  facet normal 1 -0 0
    outer loop
      vertex 20.8 -4.37486 7.42148
      vertex 20.8 -2.37764 6.77254
      vertex 20.8 -4.20231 7.87099
    endloop
  endfacet
  facet normal 1 0 0
    outer loop
      vertex 20.8 -1.85786 4.32717
      vertex 20.8 -3.41847 2.922
      vertex 20.8 -3.078 2.58153
    endloop
  endfacet
  facet normal 1 0 0
    outer loop
      vertex 20.8 -2.37764 6.77254
      vertex 20.8 -4.37486 7.42148
      vertex 20.8 -2.44537 6.51978
    endloop
  endfacet
  facet normal 1 0 0
    outer loop
      vertex 20.8 -2.02254 4.53054
      vertex 20.8 -3.72148 3.29619
      vertex 20.8 -3.41847 2.922
    endloop
  endfacet
  facet normal 1 -0 0
    outer loop
      vertex 20.8 -4.49948 6.95639
      vertex 20.8 -2.44537 6.51978
      vertex 20.8 -4.37486 7.42148
    endloop
  endfacet
  facet normal 1 0 0
    outer loop
      vertex 20.8 -2.04743 4.56886
      vertex 20.8 -3.98372 3.7
      vertex 20.8 -3.72148 3.29619
    endloop
  endfacet
  facet normal 1 0 0
    outer loop
      vertex 20.8 -2.44537 6.51978
      vertex 20.8 -4.49948 6.95639
      vertex 20.8 -2.4863 6.26132
    endloop
  endfacet
  facet normal 1 0 0
    outer loop
      vertex 20.8 -2.26312 4.94245
      vertex 20.8 -4.20231 4.12901
      vertex 20.8 -3.98372 3.7
    endloop
  endfacet
  facet normal 1 -0 0
    outer loop
      vertex 20.8 -4.5748 6.48083
      vertex 20.8 -2.4863 6.26132
      vertex 20.8 -4.49948 6.95639
    endloop
  endfacet
  facet normal 1 0 0
    outer loop
      vertex 20.8 -2.37764 5.22746
      vertex 20.8 -4.37486 4.57852
      vertex 20.8 -4.20231 4.12901
    endloop
  endfacet
  facet normal 1 0 0
    outer loop
      vertex 20.8 -2.4863 6.26132
      vertex 20.8 -4.5748 6.48083
      vertex 20.8 -2.5 6
    endloop
  endfacet
  facet normal 1 0 0
    outer loop
      vertex 20.8 -2.44537 5.48022
      vertex 20.8 -4.49948 5.04361
      vertex 20.8 -4.37486 4.57852
    endloop
  endfacet
  facet normal 1 0 0
    outer loop
      vertex 20.8 -4.6 6
      vertex 20.8 -2.5 6
      vertex 20.8 -4.5748 6.48083
    endloop
  endfacet
  facet normal 1 0 0
    outer loop
      vertex 20.8 -2.4863 5.73868
      vertex 20.8 -4.5748 5.51917
      vertex 20.8 -4.49948 5.04361
    endloop
  endfacet
  facet normal 1 0 0
    outer loop
      vertex 20.8 -2.5 6
      vertex 20.8 -4.6 6
      vertex 20.8 -4.5748 5.51917
    endloop
  endfacet
  facet normal -0 0.707107 0.707107
    outer loop
      vertex 20.8 -3.078 2.58153
      vertex 24.9377 -3.41847 2.922
      vertex 24.9916 -3.078 2.58153
    endloop
  endfacet
  facet normal 0 0.707107 0.707107
    outer loop
      vertex 24.9377 -3.41847 2.922
      vertex 20.8 -3.078 2.58153
      vertex 20.8 -3.41847 2.922
    endloop
  endfacet
  facet normal -0 0.62932 0.777146
    outer loop
      vertex 20.8 -2.70381 2.27852
      vertex 24.9916 -3.078 2.58153
      vertex 25.0509 -2.70381 2.27852
    endloop
  endfacet
  facet normal 0 0.62932 0.777146
    outer loop
      vertex 24.9916 -3.078 2.58153
      vertex 20.8 -2.70381 2.27852
      vertex 20.8 -3.078 2.58153
    endloop
  endfacet
  facet normal -0 0.258818 0.965926
    outer loop
      vertex 20.8 -0.956393 1.50052
      vertex 25.1255 -1.42148 1.62514
      vertex 25.1499 -0.956393 1.50052
    endloop
  endfacet
  facet normal 0 0.258818 0.965926
    outer loop
      vertex 25.1255 -1.42148 1.62514
      vertex 20.8 -0.956393 1.50052
      vertex 20.8 -1.42148 1.62514
    endloop
  endfacet
  facet normal -0 0.987688 0.156435
    outer loop
      vertex 20.8 -4.49948 5.04361
      vertex 24.7546 -4.5748 5.51917
      vertex 24.7665 -4.49948 5.04361
    endloop
  endfacet
  facet normal 0 0.987688 0.156435
    outer loop
      vertex 24.7546 -4.5748 5.51917
      vertex 20.8 -4.49948 5.04361
      vertex 20.8 -4.5748 5.51917
    endloop
  endfacet
  facet normal -0 0.93358 0.358368
    outer loop
      vertex 20.8 -4.20231 4.12901
      vertex 24.7862 -4.37486 4.57852
      vertex 24.8136 -4.20231 4.12901
    endloop
  endfacet
  facet normal 0 0.93358 0.358368
    outer loop
      vertex 24.7862 -4.37486 4.57852
      vertex 20.8 -4.20231 4.12901
      vertex 20.8 -4.37486 4.57852
    endloop
  endfacet
  facet normal -0 0.453991 0.891006
    outer loop
      vertex 20.8 -1.87099 1.79769
      vertex 25.0795 -2.3 2.01628
      vertex 25.1019 -1.87099 1.79769
    endloop
  endfacet
  facet normal 0 0.453991 0.891006
    outer loop
      vertex 25.0795 -2.3 2.01628
      vertex 20.8 -1.87099 1.79769
      vertex 20.8 -2.3 2.01628
    endloop
  endfacet
  facet normal 1.37361e-005 0.544638 0.838671
    outer loop
      vertex 25.0795 -2.3 2.01628
      vertex 25.0509 -2.70381 2.27852
      vertex 25.062 -2.63412 2.23326
    endloop
  endfacet
  facet normal -0 0.544639 0.838671
    outer loop
      vertex 20.8 -2.3 2.01628
      vertex 25.0509 -2.70381 2.27852
      vertex 25.0795 -2.3 2.01628
    endloop
  endfacet
  facet normal 0 0.544639 0.838671
    outer loop
      vertex 25.0509 -2.70381 2.27852
      vertex 20.8 -2.3 2.01628
      vertex 20.8 -2.70381 2.27852
    endloop
  endfacet
  facet normal -0 0.358368 0.93358
    outer loop
      vertex 20.8 -1.42148 1.62514
      vertex 25.1019 -1.87099 1.79769
      vertex 25.1255 -1.42148 1.62514
    endloop
  endfacet
  facet normal 0 0.358368 0.93358
    outer loop
      vertex 25.1019 -1.87099 1.79769
      vertex 20.8 -1.42148 1.62514
      vertex 20.8 -1.87099 1.79769
    endloop
  endfacet
  facet normal -0 0.965926 0.258818
    outer loop
      vertex 20.8 -4.37486 4.57852
      vertex 24.7665 -4.49948 5.04361
      vertex 24.7862 -4.37486 4.57852
    endloop
  endfacet
  facet normal 0 0.965926 0.258818
    outer loop
      vertex 24.7665 -4.49948 5.04361
      vertex 20.8 -4.37486 4.57852
      vertex 20.8 -4.49948 5.04361
    endloop
  endfacet
  facet normal -0 0.891006 0.453991
    outer loop
      vertex 20.8 -3.98372 3.7
      vertex 24.8136 -4.20231 4.12901
      vertex 24.8482 -3.98372 3.7
    endloop
  endfacet
  facet normal 0 0.891006 0.453991
    outer loop
      vertex 24.8136 -4.20231 4.12901
      vertex 20.8 -3.98372 3.7
      vertex 20.8 -4.20231 4.12901
    endloop
  endfacet
  facet normal -0 0.838671 0.544639
    outer loop
      vertex 20.8 -3.72148 3.29619
      vertex 24.8482 -3.98372 3.7
      vertex 24.8897 -3.72148 3.29619
    endloop
  endfacet
  facet normal 0 0.838671 0.544639
    outer loop
      vertex 24.8482 -3.98372 3.7
      vertex 20.8 -3.72148 3.29619
      vertex 20.8 -3.98372 3.7
    endloop
  endfacet
  facet normal -0 0.777146 0.62932
    outer loop
      vertex 20.8 -3.41847 2.922
      vertex 24.8897 -3.72148 3.29619
      vertex 24.9377 -3.41847 2.922
    endloop
  endfacet
  facet normal 0 0.777146 0.62932
    outer loop
      vertex 24.8897 -3.72148 3.29619
      vertex 20.8 -3.41847 2.922
      vertex 20.8 -3.72148 3.29619
    endloop
  endfacet
  facet normal 0 -0.5 0.866025
    outer loop
      vertex 6.1 3.98372 3.7
      vertex 10.5 0 1.4
      vertex 10.5 3.98372 3.7
    endloop
  endfacet
  facet normal 0 -0.5 0.866025
    outer loop
      vertex 10.5 0 1.4
      vertex 6.1 3.98372 3.7
      vertex 6.1 0 1.4
    endloop
  endfacet
  facet normal 0 -0.5 -0.866025
    outer loop
      vertex 6.1 0 10.6
      vertex 10.5 3.98372 8.3
      vertex 10.5 0 10.6
    endloop
  endfacet
  facet normal -0 -0.5 -0.866025
    outer loop
      vertex 10.5 3.98372 8.3
      vertex 6.1 0 10.6
      vertex 6.1 3.98372 8.3
    endloop
  endfacet
  facet normal 0 -1 0
    outer loop
      vertex 6.1 3.98372 3.7
      vertex 10.5 3.98372 8.3
      vertex 6.1 3.98372 8.3
    endloop
  endfacet
  facet normal 0 -1 -0
    outer loop
      vertex 10.5 3.98372 8.3
      vertex 6.1 3.98372 3.7
      vertex 10.5 3.98372 3.7
    endloop
  endfacet
  facet normal -0 0.5 0.866025
    outer loop
      vertex 6.1 0 1.4
      vertex 10.5 -3.98372 3.7
      vertex 10.5 0 1.4
    endloop
  endfacet
  facet normal 0 0.5 0.866025
    outer loop
      vertex 10.5 -3.98372 3.7
      vertex 6.1 0 1.4
      vertex 6.1 -3.98372 3.7
    endloop
  endfacet
  facet normal -1 0 0
    outer loop
      vertex 10.5 3.98372 3.7
      vertex 10.5 2.5 6
      vertex 10.5 3.98372 8.3
    endloop
  endfacet
  facet normal -1 0 0
    outer loop
      vertex 10.5 3.98372 3.7
      vertex 10.5 2.4863 5.73868
      vertex 10.5 2.5 6
    endloop
  endfacet
  facet normal -1 0 0
    outer loop
      vertex 10.5 3.98372 3.7
      vertex 10.5 2.44537 5.48022
      vertex 10.5 2.4863 5.73868
    endloop
  endfacet
  facet normal -1 0 0
    outer loop
      vertex 10.5 3.98372 3.7
      vertex 10.5 2.37764 5.22746
      vertex 10.5 2.44537 5.48022
    endloop
  endfacet
  facet normal -1 0 0
    outer loop
      vertex 10.5 3.98372 3.7
      vertex 10.5 2.28386 4.98316
      vertex 10.5 2.37764 5.22746
    endloop
  endfacet
  facet normal -1 0 0
    outer loop
      vertex 10.5 3.98372 3.7
      vertex 10.5 2.21456 4.84715
      vertex 10.5 2.28386 4.98316
    endloop
  endfacet
  facet normal -1 0 0
    outer loop
      vertex 10.5 3.98372 3.7
      vertex 10.5 2.16506 4.75
      vertex 10.5 2.21456 4.84715
    endloop
  endfacet
  facet normal -1 0 0
    outer loop
      vertex 10.5 3.98372 3.7
      vertex 10.5 2.10568 4.65856
      vertex 10.5 2.16506 4.75
    endloop
  endfacet
  facet normal -1 0 0
    outer loop
      vertex 10.5 3.98372 3.7
      vertex 10.5 2.02254 4.53054
      vertex 10.5 2.10568 4.65856
    endloop
  endfacet
  facet normal -1 0 0
    outer loop
      vertex 10.5 3.98372 3.7
      vertex 10.5 1.85786 4.32717
      vertex 10.5 2.02254 4.53054
    endloop
  endfacet
  facet normal -1 0 0
    outer loop
      vertex 10.5 3.98372 3.7
      vertex 10.5 1.67283 4.14214
      vertex 10.5 1.85786 4.32717
    endloop
  endfacet
  facet normal -1 0 0
    outer loop
      vertex 10.5 3.98372 3.7
      vertex 10.5 1.46946 3.97746
      vertex 10.5 1.67283 4.14214
    endloop
  endfacet
  facet normal -1 0 0
    outer loop
      vertex 10.5 3.98372 3.7
      vertex 10.5 1.25 3.83494
      vertex 10.5 1.46946 3.97746
    endloop
  endfacet
  facet normal -1 0 0
    outer loop
      vertex 10.5 0 1.4
      vertex 10.5 1.25 3.83494
      vertex 10.5 3.98372 3.7
    endloop
  endfacet
  facet normal -1 0 0
    outer loop
      vertex 10.5 1.25 3.83494
      vertex 10.5 0 1.4
      vertex 10.5 1.01684 3.71614
    endloop
  endfacet
  facet normal -1 0 0
    outer loop
      vertex 10.5 1.01684 3.71614
      vertex 10.5 0 1.4
      vertex 10.5 0.772542 3.62236
    endloop
  endfacet
  facet normal -1 0 0
    outer loop
      vertex 10.5 0.772542 3.62236
      vertex 10.5 0 1.4
      vertex 10.5 0.519779 3.55463
    endloop
  endfacet
  facet normal -1 0 0
    outer loop
      vertex 10.5 0.519779 3.55463
      vertex 10.5 0 1.4
      vertex 10.5 0.261321 3.5137
    endloop
  endfacet
  facet normal -1 0 0
    outer loop
      vertex 10.5 0.261321 3.5137
      vertex 10.5 0 1.4
      vertex 10.5 0.108884 3.50571
    endloop
  endfacet
  facet normal -1 0 0
    outer loop
      vertex 10.5 0 1.4
      vertex 10.5 0 3.5
      vertex 10.5 0.108884 3.50571
    endloop
  endfacet
  facet normal -1 0 0
    outer loop
      vertex 10.5 0 1.4
      vertex 10.5 -0.108884 3.50571
      vertex 10.5 0 3.5
    endloop
  endfacet
  facet normal -1 0 0
    outer loop
      vertex 10.5 0 1.4
      vertex 10.5 -0.261321 3.5137
      vertex 10.5 -0.108884 3.50571
    endloop
  endfacet
  facet normal -1 0 0
    outer loop
      vertex 10.5 0 1.4
      vertex 10.5 -0.519779 3.55463
      vertex 10.5 -0.261321 3.5137
    endloop
  endfacet
  facet normal -1 0 0
    outer loop
      vertex 10.5 0 1.4
      vertex 10.5 -0.772542 3.62236
      vertex 10.5 -0.519779 3.55463
    endloop
  endfacet
  facet normal -1 0 0
    outer loop
      vertex 10.5 0 1.4
      vertex 10.5 -1.01684 3.71614
      vertex 10.5 -0.772542 3.62236
    endloop
  endfacet
  facet normal -1 0 0
    outer loop
      vertex 10.5 0 1.4
      vertex 10.5 -1.25 3.83494
      vertex 10.5 -1.01684 3.71614
    endloop
  endfacet
  facet normal -1 0 0
    outer loop
      vertex 10.5 -3.98372 3.7
      vertex 10.5 -1.25 3.83494
      vertex 10.5 0 1.4
    endloop
  endfacet
  facet normal -1 -0 0
    outer loop
      vertex 10.5 -1.25 3.83494
      vertex 10.5 -3.98372 3.7
      vertex 10.5 -1.46946 3.97746
    endloop
  endfacet
  facet normal -1 -0 0
    outer loop
      vertex 10.5 -1.46946 3.97746
      vertex 10.5 -3.98372 3.7
      vertex 10.5 -1.67283 4.14214
    endloop
  endfacet
  facet normal -1 -0 0
    outer loop
      vertex 10.5 -1.67283 4.14214
      vertex 10.5 -3.98372 3.7
      vertex 10.5 -1.85786 4.32717
    endloop
  endfacet
  facet normal -1 -0 0
    outer loop
      vertex 10.5 -1.85786 4.32717
      vertex 10.5 -3.98372 3.7
      vertex 10.5 -2.02254 4.53054
    endloop
  endfacet
  facet normal -1 -0 0
    outer loop
      vertex 10.5 -2.02254 4.53054
      vertex 10.5 -3.98372 3.7
      vertex 10.5 -2.10568 4.65856
    endloop
  endfacet
  facet normal -1 0 0
    outer loop
      vertex 10.5 -3.98372 3.7
      vertex 10.5 -2.21456 4.84715
      vertex 10.5 -2.16506 4.75
    endloop
  endfacet
  facet normal -1 -0 0
    outer loop
      vertex 10.5 -2.4863 5.73868
      vertex 10.5 -3.98372 3.7
      vertex 10.5 -2.5 6
    endloop
  endfacet
  facet normal -1 -0 0
    outer loop
      vertex 10.5 -2.44537 5.48022
      vertex 10.5 -3.98372 3.7
      vertex 10.5 -2.4863 5.73868
    endloop
  endfacet
  facet normal -1 -0 0
    outer loop
      vertex 10.5 -2.37764 5.22746
      vertex 10.5 -3.98372 3.7
      vertex 10.5 -2.44537 5.48022
    endloop
  endfacet
  facet normal -1 -0 0
    outer loop
      vertex 10.5 -2.28386 4.98316
      vertex 10.5 -3.98372 3.7
      vertex 10.5 -2.37764 5.22746
    endloop
  endfacet
  facet normal -1 -0 0
    outer loop
      vertex 10.5 -2.21456 4.84715
      vertex 10.5 -3.98372 3.7
      vertex 10.5 -2.28386 4.98316
    endloop
  endfacet
  facet normal -1 -0 0
    outer loop
      vertex 10.5 -2.10568 4.65856
      vertex 10.5 -3.98372 3.7
      vertex 10.5 -2.16506 4.75
    endloop
  endfacet
  facet normal -1 0 0
    outer loop
      vertex 10.5 2.4863 6.26132
      vertex 10.5 3.98372 8.3
      vertex 10.5 2.5 6
    endloop
  endfacet
  facet normal -1 0 0
    outer loop
      vertex 10.5 2.44537 6.51978
      vertex 10.5 3.98372 8.3
      vertex 10.5 2.4863 6.26132
    endloop
  endfacet
  facet normal -1 0 0
    outer loop
      vertex 10.5 2.37764 6.77254
      vertex 10.5 3.98372 8.3
      vertex 10.5 2.44537 6.51978
    endloop
  endfacet
  facet normal -1 0 0
    outer loop
      vertex 10.5 2.28386 7.01684
      vertex 10.5 3.98372 8.3
      vertex 10.5 2.37764 6.77254
    endloop
  endfacet
  facet normal -1 0 0
    outer loop
      vertex 10.5 2.23436 7.11399
      vertex 10.5 3.98372 8.3
      vertex 10.5 2.28386 7.01684
    endloop
  endfacet
  facet normal -1 0 0
    outer loop
      vertex 10.5 2.16506 7.25
      vertex 10.5 3.98372 8.3
      vertex 10.5 2.23436 7.11399
    endloop
  endfacet
  facet normal -1 0 0
    outer loop
      vertex 10.5 2.08193 7.37802
      vertex 10.5 3.98372 8.3
      vertex 10.5 2.16506 7.25
    endloop
  endfacet
  facet normal -1 0 0
    outer loop
      vertex 10.5 2.02254 7.46946
      vertex 10.5 3.98372 8.3
      vertex 10.5 2.08193 7.37802
    endloop
  endfacet
  facet normal -1 0 0
    outer loop
      vertex 10.5 1.85786 7.67283
      vertex 10.5 3.98372 8.3
      vertex 10.5 2.02254 7.46946
    endloop
  endfacet
  facet normal -1 0 0
    outer loop
      vertex 10.5 1.67283 7.85786
      vertex 10.5 3.98372 8.3
      vertex 10.5 1.85786 7.67283
    endloop
  endfacet
  facet normal -1 0 0
    outer loop
      vertex 10.5 1.46946 8.02254
      vertex 10.5 3.98372 8.3
      vertex 10.5 1.67283 7.85786
    endloop
  endfacet
  facet normal -1 0 0
    outer loop
      vertex 10.5 1.25 8.16506
      vertex 10.5 3.98372 8.3
      vertex 10.5 1.46946 8.02254
    endloop
  endfacet
  facet normal -1 0 0
    outer loop
      vertex 10.5 0 10.6
      vertex 10.5 1.25 8.16506
      vertex 10.5 1.01684 8.28386
    endloop
  endfacet
  facet normal -1 0 0
    outer loop
      vertex 10.5 0 10.6
      vertex 10.5 1.01684 8.28386
      vertex 10.5 0.772542 8.37764
    endloop
  endfacet
  facet normal -1 0 0
    outer loop
      vertex 10.5 0 10.6
      vertex 10.5 0.772542 8.37764
      vertex 10.5 0.519779 8.44537
    endloop
  endfacet
  facet normal -1 0 0
    outer loop
      vertex 10.5 0 10.6
      vertex 10.5 0.519779 8.44537
      vertex 10.5 0.261321 8.4863
    endloop
  endfacet
  facet normal -1 0 0
    outer loop
      vertex 10.5 0 10.6
      vertex 10.5 0.261321 8.4863
      vertex 10.5 0 8.5
    endloop
  endfacet
  facet normal -1 0 0
    outer loop
      vertex 10.5 1.25 8.16506
      vertex 10.5 0 10.6
      vertex 10.5 3.98372 8.3
    endloop
  endfacet
  facet normal -1 0 0
    outer loop
      vertex 10.5 -0.261321 8.4863
      vertex 10.5 0 10.6
      vertex 10.5 0 8.5
    endloop
  endfacet
  facet normal -1 0 0
    outer loop
      vertex 10.5 -0.519779 8.44537
      vertex 10.5 0 10.6
      vertex 10.5 -0.261321 8.4863
    endloop
  endfacet
  facet normal -1 0 0
    outer loop
      vertex 10.5 -0.772542 8.37764
      vertex 10.5 0 10.6
      vertex 10.5 -0.519779 8.44537
    endloop
  endfacet
  facet normal -1 0 0
    outer loop
      vertex 10.5 -1.01684 8.28386
      vertex 10.5 0 10.6
      vertex 10.5 -0.772542 8.37764
    endloop
  endfacet
  facet normal -1 0 0
    outer loop
      vertex 10.5 -1.25 8.16506
      vertex 10.5 0 10.6
      vertex 10.5 -1.01684 8.28386
    endloop
  endfacet
  facet normal -1 0 0
    outer loop
      vertex 10.5 -3.98372 8.3
      vertex 10.5 -1.25 8.16506
      vertex 10.5 -1.46946 8.02254
    endloop
  endfacet
  facet normal -1 0 0
    outer loop
      vertex 10.5 -3.98372 8.3
      vertex 10.5 -1.46946 8.02254
      vertex 10.5 -1.67283 7.85786
    endloop
  endfacet
  facet normal -1 0 0
    outer loop
      vertex 10.5 -3.98372 8.3
      vertex 10.5 -1.67283 7.85786
      vertex 10.5 -1.85786 7.67283
    endloop
  endfacet
  facet normal -1 0 0
    outer loop
      vertex 10.5 -3.98372 8.3
      vertex 10.5 -1.85786 7.67283
      vertex 10.5 -2.02254 7.46946
    endloop
  endfacet
  facet normal -1 0 0
    outer loop
      vertex 10.5 -3.98372 8.3
      vertex 10.5 -2.02254 7.46946
      vertex 10.5 -2.16506 7.25
    endloop
  endfacet
  facet normal -1 0 0
    outer loop
      vertex 10.5 -3.98372 8.3
      vertex 10.5 -2.5 6
      vertex 10.5 -3.98372 3.7
    endloop
  endfacet
  facet normal -1 0 0
    outer loop
      vertex 10.5 -2.5 6
      vertex 10.5 -3.98372 8.3
      vertex 10.5 -2.4863 6.26132
    endloop
  endfacet
  facet normal -1 0 0
    outer loop
      vertex 10.5 -2.4863 6.26132
      vertex 10.5 -3.98372 8.3
      vertex 10.5 -2.44537 6.51978
    endloop
  endfacet
  facet normal -1 0 0
    outer loop
      vertex 10.5 -2.44537 6.51978
      vertex 10.5 -3.98372 8.3
      vertex 10.5 -2.37764 6.77254
    endloop
  endfacet
  facet normal -1 0 0
    outer loop
      vertex 10.5 -2.37764 6.77254
      vertex 10.5 -3.98372 8.3
      vertex 10.5 -2.28386 7.01684
    endloop
  endfacet
  facet normal -1 0 0
    outer loop
      vertex 10.5 -1.25 8.16506
      vertex 10.5 -3.98372 8.3
      vertex 10.5 0 10.6
    endloop
  endfacet
  facet normal -1 0 0
    outer loop
      vertex 10.5 -2.28386 7.01684
      vertex 10.5 -3.98372 8.3
      vertex 10.5 -2.16506 7.25
    endloop
  endfacet
  facet normal 0 1 -0
    outer loop
      vertex 10.5 -3.98372 3.7
      vertex 6.1 -3.98372 8.3
      vertex 10.5 -3.98372 8.3
    endloop
  endfacet
  facet normal 0 1 0
    outer loop
      vertex 6.1 -3.98372 8.3
      vertex 10.5 -3.98372 3.7
      vertex 6.1 -3.98372 3.7
    endloop
  endfacet
  facet normal 0 0.5 -0.866025
    outer loop
      vertex 6.1 -3.98372 8.3
      vertex 10.5 0 10.6
      vertex 10.5 -3.98372 8.3
    endloop
  endfacet
  facet normal 0 0.5 -0.866025
    outer loop
      vertex 10.5 0 10.6
      vertex 6.1 -3.98372 8.3
      vertex 6.1 0 10.6
    endloop
  endfacet
  facet normal 0 -0.0523362 0.99863
    outer loop
      vertex 10.5 0.108884 13.5057
      vertex 15.3863 0.261321 13.5137
      vertex 10.5 0.261321 13.5137
    endloop
  endfacet
  facet normal 1.65257e-007 -0.0523414 0.998629
    outer loop
      vertex 15.3863 0.261321 13.5137
      vertex 10.5 0.108884 13.5057
      vertex 15.3916 0.159609 13.5084
    endloop
  endfacet
  facet normal 1.49219e-007 -0.0523399 0.998629
    outer loop
      vertex 10.5 0 13.5
      vertex 15.3916 0.159609 13.5084
      vertex 10.5 0.108884 13.5057
    endloop
  endfacet
  facet normal -1.94361e-007 -0.0523294 0.99863
    outer loop
      vertex 15.3916 0.159609 13.5084
      vertex 10.5 0 13.5
      vertex 15.4 0 13.5
    endloop
  endfacet
  facet normal 0 -0.0523341 -0.99863
    outer loop
      vertex 10.5 0 18.5
      vertex 15.3863 0.261321 18.4863
      vertex 15.4 0 18.5
    endloop
  endfacet
  facet normal -0 -0.0523341 -0.99863
    outer loop
      vertex 15.3863 0.261321 18.4863
      vertex 10.5 0 18.5
      vertex 10.5 0.261321 18.4863
    endloop
  endfacet
  facet normal 0 0.998629 -0.0523375
    outer loop
      vertex 15.1746 -2.5 16
      vertex 10.5 -2.4863 16.2613
      vertex 15.1768 -2.4863 16.2613
    endloop
  endfacet
  facet normal 0 0.998629 -0.0523375
    outer loop
      vertex 10.5 -2.4863 16.2613
      vertex 15.1746 -2.5 16
      vertex 10.5 -2.5 16
    endloop
  endfacet
  facet normal 5.56923e-005 0.629318 -0.777148
    outer loop
      vertex 15.3056 -1.67283 17.8579
      vertex 15.323 -1.46946 18.0225
      vertex 15.3156 -1.60974 17.9089
    endloop
  endfacet
  facet normal 0 0.62932 -0.777146
    outer loop
      vertex 10.5 -1.46946 18.0225
      vertex 15.3056 -1.67283 17.8579
      vertex 10.5 -1.67283 17.8579
    endloop
  endfacet
  facet normal 0 0.62932 -0.777146
    outer loop
      vertex 15.3056 -1.67283 17.8579
      vertex 10.5 -1.46946 18.0225
      vertex 15.323 -1.46946 18.0225
    endloop
  endfacet
  facet normal -0 -0.777143 -0.629324
    outer loop
      vertex 15.2503 2.02254 17.4695
      vertex 10.5 1.85786 17.6728
      vertex 10.5 2.02254 17.4695
    endloop
  endfacet
  facet normal 0 -0.777143 -0.629324
    outer loop
      vertex 10.5 1.85786 17.6728
      vertex 15.2503 2.02254 17.4695
      vertex 15.2763 1.85786 17.6728
    endloop
  endfacet
  facet normal 0 0.358365 -0.933582
    outer loop
      vertex 10.5 -0.772542 18.3776
      vertex 15.3467 -1.01684 18.2839
      vertex 10.5 -1.01684 18.2839
    endloop
  endfacet
  facet normal 0 0.358365 -0.933582
    outer loop
      vertex 15.3467 -1.01684 18.2839
      vertex 10.5 -0.772542 18.3776
      vertex 15.3595 -0.772542 18.3776
    endloop
  endfacet
  facet normal 0 -0.156434 0.987688
    outer loop
      vertex 10.5 0.261321 13.5137
      vertex 15.3728 0.519779 13.5546
      vertex 10.5 0.519779 13.5546
    endloop
  endfacet
  facet normal 0 -0.156434 0.987688
    outer loop
      vertex 15.3728 0.519779 13.5546
      vertex 10.5 0.261321 13.5137
      vertex 15.3863 0.261321 13.5137
    endloop
  endfacet
  facet normal 0 -0.707107 0.707107
    outer loop
      vertex 10.5 1.67283 14.1421
      vertex 15.2763 1.85786 14.3272
      vertex 10.5 1.85786 14.3272
    endloop
  endfacet
  facet normal 0 -0.707107 0.707107
    outer loop
      vertex 15.2763 1.85786 14.3272
      vertex 10.5 1.67283 14.1421
      vertex 15.3056 1.67283 14.1421
    endloop
  endfacet
  facet normal 0 -0.891006 0.453991
    outer loop
      vertex 10.5 2.21456 14.8471
      vertex 15.2089 2.28386 14.9832
      vertex 10.5 2.28386 14.9832
    endloop
  endfacet
  facet normal 1.05396e-007 -0.891008 0.453988
    outer loop
      vertex 15.2089 2.28386 14.9832
      vertex 10.5 2.21456 14.8471
      vertex 15.2163 2.2368 14.8908
    endloop
  endfacet
  facet normal 0 -0.998629 0.0523377
    outer loop
      vertex 10.5 2.4863 15.7387
      vertex 15.1746 2.5 16
      vertex 10.5 2.5 16
    endloop
  endfacet
  facet normal 0 -0.998629 0.0523377
    outer loop
      vertex 15.1746 2.5 16
      vertex 10.5 2.4863 15.7387
      vertex 15.1768 2.4863 15.7387
    endloop
  endfacet
  facet normal -1.09865e-007 -0.838671 0.544638
    outer loop
      vertex 10.5 2.10568 14.6586
      vertex 15.2277 2.16506 14.75
      vertex 10.5 2.16506 14.75
    endloop
  endfacet
  facet normal -8.51062e-008 -0.838672 0.544637
    outer loop
      vertex 15.2277 2.16506 14.75
      vertex 10.5 2.10568 14.6586
      vertex 15.2413 2.07886 14.6173
    endloop
  endfacet
  facet normal 0 -0.544638 -0.838671
    outer loop
      vertex 10.5 1.25 18.1651
      vertex 15.323 1.46946 18.0225
      vertex 15.3345 1.25 18.1651
    endloop
  endfacet
  facet normal -0 -0.544638 -0.838671
    outer loop
      vertex 15.323 1.46946 18.0225
      vertex 10.5 1.25 18.1651
      vertex 10.5 1.46946 18.0225
    endloop
  endfacet
  facet normal 5.56923e-005 -0.629318 -0.777148
    outer loop
      vertex 15.323 1.46946 18.0225
      vertex 15.3056 1.67283 17.8579
      vertex 15.3156 1.60974 17.9089
    endloop
  endfacet
  facet normal 0 -0.62932 -0.777146
    outer loop
      vertex 10.5 1.46946 18.0225
      vertex 15.3056 1.67283 17.8579
      vertex 15.323 1.46946 18.0225
    endloop
  endfacet
  facet normal -0 -0.62932 -0.777146
    outer loop
      vertex 15.3056 1.67283 17.8579
      vertex 10.5 1.46946 18.0225
      vertex 10.5 1.67283 17.8579
    endloop
  endfacet
  facet normal -0 -0.965925 -0.258822
    outer loop
      vertex 15.1833 2.44537 16.5198
      vertex 10.5 2.37764 16.7725
      vertex 10.5 2.44537 16.5198
    endloop
  endfacet
  facet normal 0 -0.965925 -0.258822
    outer loop
      vertex 10.5 2.37764 16.7725
      vertex 15.1833 2.44537 16.5198
      vertex 15.194 2.37764 16.7725
    endloop
  endfacet
  facet normal 0 0.838671 -0.544638
    outer loop
      vertex 15.2277 -2.16506 17.25
      vertex 10.5 -2.02254 17.4695
      vertex 15.2503 -2.02254 17.4695
    endloop
  endfacet
  facet normal 0 0.838671 -0.544638
    outer loop
      vertex 10.5 -2.02254 17.4695
      vertex 15.2277 -2.16506 17.25
      vertex 10.5 -2.16506 17.25
    endloop
  endfacet
  facet normal 0 0.777143 -0.629324
    outer loop
      vertex 15.2503 -2.02254 17.4695
      vertex 10.5 -1.85786 17.6728
      vertex 15.2763 -1.85786 17.6728
    endloop
  endfacet
  facet normal 0 0.777143 -0.629324
    outer loop
      vertex 10.5 -1.85786 17.6728
      vertex 15.2503 -2.02254 17.4695
      vertex 10.5 -2.02254 17.4695
    endloop
  endfacet
  facet normal 0 0.544638 -0.838671
    outer loop
      vertex 10.5 -1.25 18.1651
      vertex 15.323 -1.46946 18.0225
      vertex 10.5 -1.46946 18.0225
    endloop
  endfacet
  facet normal 0 0.544638 -0.838671
    outer loop
      vertex 15.323 -1.46946 18.0225
      vertex 10.5 -1.25 18.1651
      vertex 15.3345 -1.25 18.1651
    endloop
  endfacet
  facet normal 0 -0.358368 0.93358
    outer loop
      vertex 10.5 0.772542 13.6224
      vertex 15.3467 1.01684 13.7161
      vertex 10.5 1.01684 13.7161
    endloop
  endfacet
  facet normal 0 -0.358368 0.93358
    outer loop
      vertex 15.3467 1.01684 13.7161
      vertex 10.5 0.772542 13.6224
      vertex 15.3595 0.772542 13.6224
    endloop
  endfacet
  facet normal 0 -0.258821 0.965925
    outer loop
      vertex 10.5 0.519779 13.5546
      vertex 15.3595 0.772542 13.6224
      vertex 10.5 0.772542 13.6224
    endloop
  endfacet
  facet normal 0 -0.258821 0.965925
    outer loop
      vertex 15.3595 0.772542 13.6224
      vertex 10.5 0.519779 13.5546
      vertex 15.3728 0.519779 13.5546
    endloop
  endfacet
  facet normal 0 -0.453991 0.891006
    outer loop
      vertex 10.5 1.01684 13.7161
      vertex 15.3345 1.25 13.8349
      vertex 10.5 1.25 13.8349
    endloop
  endfacet
  facet normal 0 -0.453991 0.891006
    outer loop
      vertex 15.3345 1.25 13.8349
      vertex 10.5 1.01684 13.7161
      vertex 15.3467 1.01684 13.7161
    endloop
  endfacet
  facet normal 5.56923e-005 -0.629318 0.777148
    outer loop
      vertex 15.3056 1.67283 14.1421
      vertex 15.323 1.46946 13.9775
      vertex 15.3156 1.60974 14.0911
    endloop
  endfacet
  facet normal 0 -0.62932 0.777146
    outer loop
      vertex 10.5 1.46946 13.9775
      vertex 15.3056 1.67283 14.1421
      vertex 10.5 1.67283 14.1421
    endloop
  endfacet
  facet normal 0 -0.62932 0.777146
    outer loop
      vertex 15.3056 1.67283 14.1421
      vertex 10.5 1.46946 13.9775
      vertex 15.323 1.46946 13.9775
    endloop
  endfacet
  facet normal 0 -0.544638 0.838671
    outer loop
      vertex 10.5 1.25 13.8349
      vertex 15.323 1.46946 13.9775
      vertex 10.5 1.46946 13.9775
    endloop
  endfacet
  facet normal 0 -0.544638 0.838671
    outer loop
      vertex 15.323 1.46946 13.9775
      vertex 10.5 1.25 13.8349
      vertex 15.3345 1.25 13.8349
    endloop
  endfacet
  facet normal 0 -0.965925 0.258821
    outer loop
      vertex 10.5 2.37764 15.2275
      vertex 15.1833 2.44537 15.4802
      vertex 10.5 2.44537 15.4802
    endloop
  endfacet
  facet normal 0 -0.965925 0.258821
    outer loop
      vertex 15.1833 2.44537 15.4802
      vertex 10.5 2.37764 15.2275
      vertex 15.194 2.37764 15.2275
    endloop
  endfacet
  facet normal 0 -0.93358 0.358368
    outer loop
      vertex 10.5 2.28386 14.9832
      vertex 15.194 2.37764 15.2275
      vertex 10.5 2.37764 15.2275
    endloop
  endfacet
  facet normal 0 -0.93358 0.358368
    outer loop
      vertex 15.194 2.37764 15.2275
      vertex 10.5 2.28386 14.9832
      vertex 15.2089 2.28386 14.9832
    endloop
  endfacet
  facet normal 0 -0.987688 0.156434
    outer loop
      vertex 10.5 2.44537 15.4802
      vertex 15.1768 2.4863 15.7387
      vertex 10.5 2.4863 15.7387
    endloop
  endfacet
  facet normal 0 -0.987688 0.156434
    outer loop
      vertex 15.1768 2.4863 15.7387
      vertex 10.5 2.44537 15.4802
      vertex 15.1833 2.44537 15.4802
    endloop
  endfacet
  facet normal 0 -0.777146 0.62932
    outer loop
      vertex 10.5 1.85786 14.3272
      vertex 15.2503 2.02254 14.5305
      vertex 10.5 2.02254 14.5305
    endloop
  endfacet
  facet normal 0 -0.777146 0.62932
    outer loop
      vertex 15.2503 2.02254 14.5305
      vertex 10.5 1.85786 14.3272
      vertex 15.2763 1.85786 14.3272
    endloop
  endfacet
  facet normal -0 -0.707107 -0.707107
    outer loop
      vertex 15.2763 1.85786 17.6728
      vertex 10.5 1.67283 17.8579
      vertex 10.5 1.85786 17.6728
    endloop
  endfacet
  facet normal 0 -0.707107 -0.707107
    outer loop
      vertex 10.5 1.67283 17.8579
      vertex 15.2763 1.85786 17.6728
      vertex 15.3056 1.67283 17.8579
    endloop
  endfacet
  facet normal 0 -0.453994 -0.891005
    outer loop
      vertex 10.5 1.01684 18.2839
      vertex 15.3345 1.25 18.1651
      vertex 15.3467 1.01684 18.2839
    endloop
  endfacet
  facet normal -0 -0.453994 -0.891005
    outer loop
      vertex 15.3345 1.25 18.1651
      vertex 10.5 1.01684 18.2839
      vertex 10.5 1.25 18.1651
    endloop
  endfacet
  facet normal 0 -0.358365 -0.933582
    outer loop
      vertex 10.5 0.772542 18.3776
      vertex 15.3467 1.01684 18.2839
      vertex 15.3595 0.772542 18.3776
    endloop
  endfacet
  facet normal -0 -0.358365 -0.933582
    outer loop
      vertex 15.3467 1.01684 18.2839
      vertex 10.5 0.772542 18.3776
      vertex 10.5 1.01684 18.2839
    endloop
  endfacet
  facet normal 0 -0.258827 -0.965924
    outer loop
      vertex 10.5 0.519779 18.4454
      vertex 15.3595 0.772542 18.3776
      vertex 15.3728 0.519779 18.4454
    endloop
  endfacet
  facet normal -0 -0.258827 -0.965924
    outer loop
      vertex 15.3595 0.772542 18.3776
      vertex 10.5 0.519779 18.4454
      vertex 10.5 0.772542 18.3776
    endloop
  endfacet
  facet normal -0 -0.838669 -0.544642
    outer loop
      vertex 15.2277 2.16506 17.25
      vertex 10.5 2.08193 17.378
      vertex 10.5 2.16506 17.25
    endloop
  endfacet
  facet normal 2.21954e-008 -0.838669 -0.544641
    outer loop
      vertex 10.5 2.08193 17.378
      vertex 15.2277 2.16506 17.25
      vertex 15.2366 2.10871 17.3368
    endloop
  endfacet
  facet normal 0 -0.998629 -0.0523375
    outer loop
      vertex 10.5 2.5 16
      vertex 15.1768 2.4863 16.2613
      vertex 10.5 2.4863 16.2613
    endloop
  endfacet
  facet normal 0 -0.998629 -0.0523375
    outer loop
      vertex 15.1768 2.4863 16.2613
      vertex 10.5 2.5 16
      vertex 15.1746 2.5 16
    endloop
  endfacet
  facet normal -0 0.156434 0.987688
    outer loop
      vertex 10.5 -0.261321 13.5137
      vertex 15.3728 -0.519779 13.5546
      vertex 15.3863 -0.261321 13.5137
    endloop
  endfacet
  facet normal 0 0.156434 0.987688
    outer loop
      vertex 15.3728 -0.519779 13.5546
      vertex 10.5 -0.261321 13.5137
      vertex 10.5 -0.519779 13.5546
    endloop
  endfacet
  facet normal -0 0.544638 0.838671
    outer loop
      vertex 10.5 -1.25 13.8349
      vertex 15.323 -1.46946 13.9775
      vertex 15.3345 -1.25 13.8349
    endloop
  endfacet
  facet normal 0 0.544638 0.838671
    outer loop
      vertex 15.323 -1.46946 13.9775
      vertex 10.5 -1.25 13.8349
      vertex 10.5 -1.46946 13.9775
    endloop
  endfacet
  facet normal 0 0.707107 -0.707107
    outer loop
      vertex 15.2763 -1.85786 17.6728
      vertex 10.5 -1.67283 17.8579
      vertex 15.3056 -1.67283 17.8579
    endloop
  endfacet
  facet normal 0 0.707107 -0.707107
    outer loop
      vertex 10.5 -1.67283 17.8579
      vertex 15.2763 -1.85786 17.6728
      vertex 10.5 -1.85786 17.6728
    endloop
  endfacet
  facet normal 0 0.891006 -0.453991
    outer loop
      vertex 15.2089 -2.28386 17.0168
      vertex 10.5 -2.16506 17.25
      vertex 15.2277 -2.16506 17.25
    endloop
  endfacet
  facet normal 0 0.891006 -0.453991
    outer loop
      vertex 10.5 -2.16506 17.25
      vertex 15.2089 -2.28386 17.0168
      vertex 10.5 -2.28386 17.0168
    endloop
  endfacet
  facet normal 0 0.933581 -0.358366
    outer loop
      vertex 15.194 -2.37764 16.7725
      vertex 10.5 -2.28386 17.0168
      vertex 15.2089 -2.28386 17.0168
    endloop
  endfacet
  facet normal 0 0.933581 -0.358366
    outer loop
      vertex 10.5 -2.28386 17.0168
      vertex 15.194 -2.37764 16.7725
      vertex 10.5 -2.37764 16.7725
    endloop
  endfacet
  facet normal 0 0.965925 -0.258822
    outer loop
      vertex 15.1833 -2.44537 16.5198
      vertex 10.5 -2.37764 16.7725
      vertex 15.194 -2.37764 16.7725
    endloop
  endfacet
  facet normal 0 0.965925 -0.258822
    outer loop
      vertex 10.5 -2.37764 16.7725
      vertex 15.1833 -2.44537 16.5198
      vertex 10.5 -2.44537 16.5198
    endloop
  endfacet
  facet normal 0 0.453994 -0.891005
    outer loop
      vertex 10.5 -1.01684 18.2839
      vertex 15.3345 -1.25 18.1651
      vertex 10.5 -1.25 18.1651
    endloop
  endfacet
  facet normal 0 0.453994 -0.891005
    outer loop
      vertex 15.3345 -1.25 18.1651
      vertex 10.5 -1.01684 18.2839
      vertex 15.3467 -1.01684 18.2839
    endloop
  endfacet
  facet normal 0 0.0523341 -0.99863
    outer loop
      vertex 10.5 0 18.5
      vertex 15.3863 -0.261321 18.4863
      vertex 10.5 -0.261321 18.4863
    endloop
  endfacet
  facet normal 0 0.0523341 -0.99863
    outer loop
      vertex 15.3863 -0.261321 18.4863
      vertex 10.5 0 18.5
      vertex 15.4 0 18.5
    endloop
  endfacet
  facet normal 0 0.156434 -0.987688
    outer loop
      vertex 10.5 -0.261321 18.4863
      vertex 15.3728 -0.519779 18.4454
      vertex 10.5 -0.519779 18.4454
    endloop
  endfacet
  facet normal 0 0.156434 -0.987688
    outer loop
      vertex 15.3728 -0.519779 18.4454
      vertex 10.5 -0.261321 18.4863
      vertex 15.3863 -0.261321 18.4863
    endloop
  endfacet
  facet normal -2.77428e-008 -0.838669 0.544642
    outer loop
      vertex 10.5 2.02254 14.5305
      vertex 15.2413 2.07886 14.6173
      vertex 10.5 2.10568 14.6586
    endloop
  endfacet
  facet normal 0 -0.83867 0.54464
    outer loop
      vertex 15.2413 2.07886 14.6173
      vertex 10.5 2.02254 14.5305
      vertex 15.2503 2.02254 14.5305
    endloop
  endfacet
  facet normal 1.00867e-007 -0.891008 0.453988
    outer loop
      vertex 10.5 2.16506 14.75
      vertex 15.2163 2.2368 14.8908
      vertex 10.5 2.21456 14.8471
    endloop
  endfacet
  facet normal -9.15801e-008 -0.891005 0.453993
    outer loop
      vertex 15.2163 2.2368 14.8908
      vertex 10.5 2.16506 14.75
      vertex 15.2277 2.16506 14.75
    endloop
  endfacet
  facet normal 0 -0.156434 -0.987688
    outer loop
      vertex 10.5 0.261321 18.4863
      vertex 15.3728 0.519779 18.4454
      vertex 15.3863 0.261321 18.4863
    endloop
  endfacet
  facet normal -0 -0.156434 -0.987688
    outer loop
      vertex 15.3728 0.519779 18.4454
      vertex 10.5 0.261321 18.4863
      vertex 10.5 0.519779 18.4454
    endloop
  endfacet
  facet normal 1.1074e-007 -0.838674 -0.544634
    outer loop
      vertex 15.2366 2.10871 17.3368
      vertex 10.5 2.02254 17.4695
      vertex 10.5 2.08193 17.378
    endloop
  endfacet
  facet normal 0 -0.838672 -0.544637
    outer loop
      vertex 10.5 2.02254 17.4695
      vertex 15.2366 2.10871 17.3368
      vertex 15.2503 2.02254 17.4695
    endloop
  endfacet
  facet normal 0 -0.891008 -0.453989
    outer loop
      vertex 10.5 2.16506 17.25
      vertex 15.2202 2.21211 17.1577
      vertex 15.2277 2.16506 17.25
    endloop
  endfacet
  facet normal -5.14182e-008 -0.891006 -0.453991
    outer loop
      vertex 15.2202 2.21211 17.1577
      vertex 10.5 2.16506 17.25
      vertex 10.5 2.23436 17.114
    endloop
  endfacet
  facet normal -0 -0.987688 -0.156434
    outer loop
      vertex 15.1768 2.4863 16.2613
      vertex 10.5 2.44537 16.5198
      vertex 10.5 2.4863 16.2613
    endloop
  endfacet
  facet normal 0 -0.987688 -0.156434
    outer loop
      vertex 10.5 2.44537 16.5198
      vertex 15.1768 2.4863 16.2613
      vertex 15.1833 2.44537 16.5198
    endloop
  endfacet
  facet normal -0 -0.933581 -0.358366
    outer loop
      vertex 15.194 2.37764 16.7725
      vertex 10.5 2.28386 17.0168
      vertex 10.5 2.37764 16.7725
    endloop
  endfacet
  facet normal 0 -0.933581 -0.358366
    outer loop
      vertex 10.5 2.28386 17.0168
      vertex 15.194 2.37764 16.7725
      vertex 15.2089 2.28386 17.0168
    endloop
  endfacet
  facet normal -0 -0.891006 -0.453992
    outer loop
      vertex 15.2089 2.28386 17.0168
      vertex 10.5 2.23436 17.114
      vertex 10.5 2.28386 17.0168
    endloop
  endfacet
  facet normal -2.72129e-008 -0.891005 -0.453993
    outer loop
      vertex 10.5 2.23436 17.114
      vertex 15.2089 2.28386 17.0168
      vertex 15.2202 2.21211 17.1577
    endloop
  endfacet
  facet normal 1.05396e-007 0.891008 0.453988
    outer loop
      vertex 10.5 -2.21456 14.8471
      vertex 15.2089 -2.28386 14.9832
      vertex 15.2163 -2.2368 14.8908
    endloop
  endfacet
  facet normal 0 0.891006 0.453991
    outer loop
      vertex 15.2089 -2.28386 14.9832
      vertex 10.5 -2.21456 14.8471
      vertex 10.5 -2.28386 14.9832
    endloop
  endfacet
  facet normal -1.09865e-007 0.838671 0.544638
    outer loop
      vertex 15.2277 -2.16506 14.75
      vertex 10.5 -2.10568 14.6586
      vertex 10.5 -2.16506 14.75
    endloop
  endfacet
  facet normal -8.51062e-008 0.838672 0.544637
    outer loop
      vertex 10.5 -2.10568 14.6586
      vertex 15.2277 -2.16506 14.75
      vertex 15.2413 -2.07886 14.6173
    endloop
  endfacet
  facet normal -0 0.707107 0.707107
    outer loop
      vertex 10.5 -1.67283 14.1421
      vertex 15.2763 -1.85786 14.3272
      vertex 15.3056 -1.67283 14.1421
    endloop
  endfacet
  facet normal 0 0.707107 0.707107
    outer loop
      vertex 15.2763 -1.85786 14.3272
      vertex 10.5 -1.67283 14.1421
      vertex 10.5 -1.85786 14.3272
    endloop
  endfacet
  facet normal -0 0.453991 0.891006
    outer loop
      vertex 10.5 -1.01684 13.7161
      vertex 15.3345 -1.25 13.8349
      vertex 15.3467 -1.01684 13.7161
    endloop
  endfacet
  facet normal 0 0.453991 0.891006
    outer loop
      vertex 15.3345 -1.25 13.8349
      vertex 10.5 -1.01684 13.7161
      vertex 10.5 -1.25 13.8349
    endloop
  endfacet
  facet normal 1.65257e-007 0.0523414 0.998629
    outer loop
      vertex 10.5 -0.108884 13.5057
      vertex 15.3863 -0.261321 13.5137
      vertex 15.3916 -0.159609 13.5084
    endloop
  endfacet
  facet normal 0 0.0523362 0.99863
    outer loop
      vertex 15.3863 -0.261321 13.5137
      vertex 10.5 -0.108884 13.5057
      vertex 10.5 -0.261321 13.5137
    endloop
  endfacet
  facet normal -1.94361e-007 0.0523294 0.99863
    outer loop
      vertex 10.5 0 13.5
      vertex 15.3916 -0.159609 13.5084
      vertex 15.4 0 13.5
    endloop
  endfacet
  facet normal 1.49219e-007 0.0523399 0.998629
    outer loop
      vertex 15.3916 -0.159609 13.5084
      vertex 10.5 0 13.5
      vertex 10.5 -0.108884 13.5057
    endloop
  endfacet
  facet normal 0 0.987688 -0.156434
    outer loop
      vertex 15.1768 -2.4863 16.2613
      vertex 10.5 -2.44537 16.5198
      vertex 15.1833 -2.44537 16.5198
    endloop
  endfacet
  facet normal 0 0.987688 -0.156434
    outer loop
      vertex 10.5 -2.44537 16.5198
      vertex 15.1768 -2.4863 16.2613
      vertex 10.5 -2.4863 16.2613
    endloop
  endfacet
  facet normal 0 0.258827 -0.965924
    outer loop
      vertex 10.5 -0.519779 18.4454
      vertex 15.3595 -0.772542 18.3776
      vertex 10.5 -0.772542 18.3776
    endloop
  endfacet
  facet normal 0 0.258827 -0.965924
    outer loop
      vertex 15.3595 -0.772542 18.3776
      vertex 10.5 -0.519779 18.4454
      vertex 15.3728 -0.519779 18.4454
    endloop
  endfacet
  facet normal -0 0.987688 0.156434
    outer loop
      vertex 10.5 -2.44537 15.4802
      vertex 15.1768 -2.4863 15.7387
      vertex 15.1833 -2.44537 15.4802
    endloop
  endfacet
  facet normal 0 0.987688 0.156434
    outer loop
      vertex 15.1768 -2.4863 15.7387
      vertex 10.5 -2.44537 15.4802
      vertex 10.5 -2.4863 15.7387
    endloop
  endfacet
  facet normal 0 0.998629 0.0523377
    outer loop
      vertex 15.1768 -2.4863 15.7387
      vertex 10.5 -2.5 16
      vertex 15.1746 -2.5 16
    endloop
  endfacet
  facet normal 0 0.998629 0.0523377
    outer loop
      vertex 10.5 -2.5 16
      vertex 15.1768 -2.4863 15.7387
      vertex 10.5 -2.4863 15.7387
    endloop
  endfacet
  facet normal -0 0.777146 0.62932
    outer loop
      vertex 10.5 -1.85786 14.3272
      vertex 15.2503 -2.02254 14.5305
      vertex 15.2763 -1.85786 14.3272
    endloop
  endfacet
  facet normal 0 0.777146 0.62932
    outer loop
      vertex 15.2503 -2.02254 14.5305
      vertex 10.5 -1.85786 14.3272
      vertex 10.5 -2.02254 14.5305
    endloop
  endfacet
  facet normal -0 0.83867 0.54464
    outer loop
      vertex 10.5 -2.02254 14.5305
      vertex 15.2413 -2.07886 14.6173
      vertex 15.2503 -2.02254 14.5305
    endloop
  endfacet
  facet normal -2.77428e-008 0.838669 0.544642
    outer loop
      vertex 15.2413 -2.07886 14.6173
      vertex 10.5 -2.02254 14.5305
      vertex 10.5 -2.10568 14.6586
    endloop
  endfacet
  facet normal -9.15801e-008 0.891005 0.453993
    outer loop
      vertex 10.5 -2.16506 14.75
      vertex 15.2163 -2.2368 14.8908
      vertex 15.2277 -2.16506 14.75
    endloop
  endfacet
  facet normal 1.00867e-007 0.891008 0.453988
    outer loop
      vertex 15.2163 -2.2368 14.8908
      vertex 10.5 -2.16506 14.75
      vertex 10.5 -2.21456 14.8471
    endloop
  endfacet
  facet normal 5.56923e-005 0.629318 0.777148
    outer loop
      vertex 15.323 -1.46946 13.9775
      vertex 15.3056 -1.67283 14.1421
      vertex 15.3156 -1.60974 14.0911
    endloop
  endfacet
  facet normal -0 0.62932 0.777146
    outer loop
      vertex 10.5 -1.46946 13.9775
      vertex 15.3056 -1.67283 14.1421
      vertex 15.323 -1.46946 13.9775
    endloop
  endfacet
  facet normal 0 0.62932 0.777146
    outer loop
      vertex 15.3056 -1.67283 14.1421
      vertex 10.5 -1.46946 13.9775
      vertex 10.5 -1.67283 14.1421
    endloop
  endfacet
  facet normal -0 0.258821 0.965925
    outer loop
      vertex 10.5 -0.519779 13.5546
      vertex 15.3595 -0.772542 13.6224
      vertex 15.3728 -0.519779 13.5546
    endloop
  endfacet
  facet normal 0 0.258821 0.965925
    outer loop
      vertex 15.3595 -0.772542 13.6224
      vertex 10.5 -0.519779 13.5546
      vertex 10.5 -0.772542 13.6224
    endloop
  endfacet
  facet normal -0 0.358368 0.93358
    outer loop
      vertex 10.5 -0.772542 13.6224
      vertex 15.3467 -1.01684 13.7161
      vertex 15.3595 -0.772542 13.6224
    endloop
  endfacet
  facet normal 0 0.358368 0.93358
    outer loop
      vertex 15.3467 -1.01684 13.7161
      vertex 10.5 -0.772542 13.6224
      vertex 10.5 -1.01684 13.7161
    endloop
  endfacet
  facet normal -0 0.93358 0.358368
    outer loop
      vertex 10.5 -2.28386 14.9832
      vertex 15.194 -2.37764 15.2275
      vertex 15.2089 -2.28386 14.9832
    endloop
  endfacet
  facet normal 0 0.93358 0.358368
    outer loop
      vertex 15.194 -2.37764 15.2275
      vertex 10.5 -2.28386 14.9832
      vertex 10.5 -2.37764 15.2275
    endloop
  endfacet
  facet normal -0 0.965925 0.258821
    outer loop
      vertex 10.5 -2.37764 15.2275
      vertex 15.1833 -2.44537 15.4802
      vertex 15.194 -2.37764 15.2275
    endloop
  endfacet
  facet normal 0 0.965925 0.258821
    outer loop
      vertex 15.1833 -2.44537 15.4802
      vertex 10.5 -2.37764 15.2275
      vertex 10.5 -2.44537 15.4802
    endloop
  endfacet
  facet normal 0 -0.0523353 0.99863
    outer loop
      vertex 20.8 0 11.4
      vertex 25.1748 0.48083 11.4252
      vertex 20.8 0.48083 11.4252
    endloop
  endfacet
  facet normal 0 -0.0523353 0.99863
    outer loop
      vertex 25.1748 0.48083 11.4252
      vertex 20.8 0 11.4
      vertex 25.2 0 11.4
    endloop
  endfacet
  facet normal 0 -0.156435 0.987688
    outer loop
      vertex 20.8 0.48083 11.4252
      vertex 25.1499 0.956393 11.5005
      vertex 20.8 0.956393 11.5005
    endloop
  endfacet
  facet normal 0 -0.156435 0.987688
    outer loop
      vertex 25.1499 0.956393 11.5005
      vertex 20.8 0.48083 11.4252
      vertex 25.1748 0.48083 11.4252
    endloop
  endfacet
  facet normal -0 0.156435 0.987688
    outer loop
      vertex 20.8 -0.48083 11.4252
      vertex 25.1499 -0.956393 11.5005
      vertex 25.1748 -0.48083 11.4252
    endloop
  endfacet
  facet normal 0 0.156435 0.987688
    outer loop
      vertex 25.1499 -0.956393 11.5005
      vertex 20.8 -0.48083 11.4252
      vertex 20.8 -0.956393 11.5005
    endloop
  endfacet
  facet normal 0 -0.358368 0.93358
    outer loop
      vertex 20.8 1.42148 11.6251
      vertex 25.1019 1.87099 11.7977
      vertex 20.8 1.87099 11.7977
    endloop
  endfacet
  facet normal 0 -0.358368 0.93358
    outer loop
      vertex 25.1019 1.87099 11.7977
      vertex 20.8 1.42148 11.6251
      vertex 25.1255 1.42148 11.6251
    endloop
  endfacet
  facet normal 0 -0.453991 0.891006
    outer loop
      vertex 20.8 1.87099 11.7977
      vertex 25.0811 2.26804 12
      vertex 20.8 2.26804 12
    endloop
  endfacet
  facet normal 0 -0.453991 0.891006
    outer loop
      vertex 25.0811 2.26804 12
      vertex 20.8 1.87099 11.7977
      vertex 25.1019 1.87099 11.7977
    endloop
  endfacet
  facet normal 0 -0.258818 0.965926
    outer loop
      vertex 20.8 0.956393 11.5005
      vertex 25.1255 1.42148 11.6251
      vertex 20.8 1.42148 11.6251
    endloop
  endfacet
  facet normal 0 -0.258818 0.965926
    outer loop
      vertex 25.1255 1.42148 11.6251
      vertex 20.8 0.956393 11.5005
      vertex 25.1499 0.956393 11.5005
    endloop
  endfacet
  facet normal -0 0.0523353 0.99863
    outer loop
      vertex 20.8 0 11.4
      vertex 25.1748 -0.48083 11.4252
      vertex 25.2 0 11.4
    endloop
  endfacet
  facet normal 0 0.0523353 0.99863
    outer loop
      vertex 25.1748 -0.48083 11.4252
      vertex 20.8 0 11.4
      vertex 20.8 -0.48083 11.4252
    endloop
  endfacet
  facet normal 1 0 0
    outer loop
      vertex 20.8 2.26804 12
      vertex 20.8 1.42148 11.6251
      vertex 20.8 1.87099 11.7977
    endloop
  endfacet
  facet normal 1 0 0
    outer loop
      vertex 20.8 2.26804 12
      vertex 20.8 0.956393 11.5005
      vertex 20.8 1.42148 11.6251
    endloop
  endfacet
  facet normal 1 0 0
    outer loop
      vertex 20.8 2.26804 12
      vertex 20.8 0.48083 11.4252
      vertex 20.8 0.956393 11.5005
    endloop
  endfacet
  facet normal 1 0 0
    outer loop
      vertex 20.8 2.26804 12
      vertex 20.8 0 11.4
      vertex 20.8 0.48083 11.4252
    endloop
  endfacet
  facet normal 1 0 0
    outer loop
      vertex 20.8 2.26804 12
      vertex 20.8 -0.48083 11.4252
      vertex 20.8 0 11.4
    endloop
  endfacet
  facet normal 1 0 0
    outer loop
      vertex 20.8 2.26804 12
      vertex 20.8 -0.956393 11.5005
      vertex 20.8 -0.48083 11.4252
    endloop
  endfacet
  facet normal 1 0 0
    outer loop
      vertex 20.8 2.26804 12
      vertex 20.8 -1.42148 11.6251
      vertex 20.8 -0.956393 11.5005
    endloop
  endfacet
  facet normal 1 0 0
    outer loop
      vertex 20.8 2.26804 12
      vertex 20.8 -1.87099 11.7977
      vertex 20.8 -1.42148 11.6251
    endloop
  endfacet
  facet normal 1 0 -0
    outer loop
      vertex 20.8 -1.87099 11.7977
      vertex 20.8 2.26804 12
      vertex 20.8 -2.26804 12
    endloop
  endfacet
  facet normal -0 0.258818 0.965926
    outer loop
      vertex 20.8 -0.956393 11.5005
      vertex 25.1255 -1.42148 11.6251
      vertex 25.1499 -0.956393 11.5005
    endloop
  endfacet
  facet normal 0 0.258818 0.965926
    outer loop
      vertex 25.1255 -1.42148 11.6251
      vertex 20.8 -0.956393 11.5005
      vertex 20.8 -1.42148 11.6251
    endloop
  endfacet
  facet normal -0 0.453991 0.891006
    outer loop
      vertex 20.8 -1.87099 11.7977
      vertex 25.0811 -2.26804 12
      vertex 25.1019 -1.87099 11.7977
    endloop
  endfacet
  facet normal 0 0.453991 0.891006
    outer loop
      vertex 25.0811 -2.26804 12
      vertex 20.8 -1.87099 11.7977
      vertex 20.8 -2.26804 12
    endloop
  endfacet
  facet normal -0 0.358368 0.93358
    outer loop
      vertex 20.8 -1.42148 11.6251
      vertex 25.1019 -1.87099 11.7977
      vertex 25.1255 -1.42148 11.6251
    endloop
  endfacet
  facet normal 0 0.358368 0.93358
    outer loop
      vertex 25.1019 -1.87099 11.7977
      vertex 20.8 -1.42148 11.6251
      vertex 20.8 -1.87099 11.7977
    endloop
  endfacet
  facet normal 0 -0.5 0.866025
    outer loop
      vertex 6.1 3.98372 13.7
      vertex 10.5 0 11.4
      vertex 10.5 3.98372 13.7
    endloop
  endfacet
  facet normal 0 -0.5 0.866025
    outer loop
      vertex 10.5 0 11.4
      vertex 6.1 3.98372 13.7
      vertex 6.1 0 11.4
    endloop
  endfacet
  facet normal 0 -0.5 -0.866025
    outer loop
      vertex 6.1 1.03923 20
      vertex 10.5 3.98372 18.3
      vertex 10.5 1.03923 20
    endloop
  endfacet
  facet normal -0 -0.5 -0.866025
    outer loop
      vertex 10.5 3.98372 18.3
      vertex 6.1 1.03923 20
      vertex 6.1 3.98372 18.3
    endloop
  endfacet
  facet normal 0 -1 0
    outer loop
      vertex 6.1 3.98372 13.7
      vertex 10.5 3.98372 18.3
      vertex 6.1 3.98372 18.3
    endloop
  endfacet
  facet normal 0 -1 -0
    outer loop
      vertex 10.5 3.98372 18.3
      vertex 6.1 3.98372 13.7
      vertex 10.5 3.98372 13.7
    endloop
  endfacet
  facet normal -0 0.5 0.866025
    outer loop
      vertex 6.1 0 11.4
      vertex 10.5 -3.98372 13.7
      vertex 10.5 0 11.4
    endloop
  endfacet
  facet normal 0 0.5 0.866025
    outer loop
      vertex 10.5 -3.98372 13.7
      vertex 6.1 0 11.4
      vertex 6.1 -3.98372 13.7
    endloop
  endfacet
  facet normal -1 0 0
    outer loop
      vertex 10.5 3.98372 13.7
      vertex 10.5 2.5 16
      vertex 10.5 3.98372 18.3
    endloop
  endfacet
  facet normal -1 0 0
    outer loop
      vertex 10.5 3.98372 13.7
      vertex 10.5 2.4863 15.7387
      vertex 10.5 2.5 16
    endloop
  endfacet
  facet normal -1 0 0
    outer loop
      vertex 10.5 3.98372 13.7
      vertex 10.5 2.44537 15.4802
      vertex 10.5 2.4863 15.7387
    endloop
  endfacet
  facet normal -1 0 0
    outer loop
      vertex 10.5 3.98372 13.7
      vertex 10.5 2.37764 15.2275
      vertex 10.5 2.44537 15.4802
    endloop
  endfacet
  facet normal -1 0 0
    outer loop
      vertex 10.5 3.98372 13.7
      vertex 10.5 2.28386 14.9832
      vertex 10.5 2.37764 15.2275
    endloop
  endfacet
  facet normal -1 0 0
    outer loop
      vertex 10.5 3.98372 13.7
      vertex 10.5 2.21456 14.8471
      vertex 10.5 2.28386 14.9832
    endloop
  endfacet
  facet normal -1 0 0
    outer loop
      vertex 10.5 3.98372 13.7
      vertex 10.5 2.16506 14.75
      vertex 10.5 2.21456 14.8471
    endloop
  endfacet
  facet normal -1 0 0
    outer loop
      vertex 10.5 3.98372 13.7
      vertex 10.5 2.10568 14.6586
      vertex 10.5 2.16506 14.75
    endloop
  endfacet
  facet normal -1 0 0
    outer loop
      vertex 10.5 3.98372 13.7
      vertex 10.5 2.02254 14.5305
      vertex 10.5 2.10568 14.6586
    endloop
  endfacet
  facet normal -1 0 0
    outer loop
      vertex 10.5 3.98372 13.7
      vertex 10.5 1.85786 14.3272
      vertex 10.5 2.02254 14.5305
    endloop
  endfacet
  facet normal -1 0 0
    outer loop
      vertex 10.5 3.98372 13.7
      vertex 10.5 1.67283 14.1421
      vertex 10.5 1.85786 14.3272
    endloop
  endfacet
  facet normal -1 0 0
    outer loop
      vertex 10.5 3.98372 13.7
      vertex 10.5 1.46946 13.9775
      vertex 10.5 1.67283 14.1421
    endloop
  endfacet
  facet normal -1 0 0
    outer loop
      vertex 10.5 3.98372 13.7
      vertex 10.5 1.25 13.8349
      vertex 10.5 1.46946 13.9775
    endloop
  endfacet
  facet normal -1 0 0
    outer loop
      vertex 10.5 0 11.4
      vertex 10.5 1.25 13.8349
      vertex 10.5 3.98372 13.7
    endloop
  endfacet
  facet normal -1 0 0
    outer loop
      vertex 10.5 1.25 13.8349
      vertex 10.5 0 11.4
      vertex 10.5 1.01684 13.7161
    endloop
  endfacet
  facet normal -1 0 0
    outer loop
      vertex 10.5 1.01684 13.7161
      vertex 10.5 0 11.4
      vertex 10.5 0.772542 13.6224
    endloop
  endfacet
  facet normal -1 0 0
    outer loop
      vertex 10.5 0.772542 13.6224
      vertex 10.5 0 11.4
      vertex 10.5 0.519779 13.5546
    endloop
  endfacet
  facet normal -1 0 0
    outer loop
      vertex 10.5 0.519779 13.5546
      vertex 10.5 0 11.4
      vertex 10.5 0.261321 13.5137
    endloop
  endfacet
  facet normal -1 0 0
    outer loop
      vertex 10.5 0.261321 13.5137
      vertex 10.5 0 11.4
      vertex 10.5 0.108884 13.5057
    endloop
  endfacet
  facet normal -1 0 0
    outer loop
      vertex 10.5 0 11.4
      vertex 10.5 0 13.5
      vertex 10.5 0.108884 13.5057
    endloop
  endfacet
  facet normal -1 0 0
    outer loop
      vertex 10.5 0 11.4
      vertex 10.5 -0.108884 13.5057
      vertex 10.5 0 13.5
    endloop
  endfacet
  facet normal -1 0 0
    outer loop
      vertex 10.5 0 11.4
      vertex 10.5 -0.261321 13.5137
      vertex 10.5 -0.108884 13.5057
    endloop
  endfacet
  facet normal -1 0 0
    outer loop
      vertex 10.5 0 11.4
      vertex 10.5 -0.519779 13.5546
      vertex 10.5 -0.261321 13.5137
    endloop
  endfacet
  facet normal -1 0 0
    outer loop
      vertex 10.5 0 11.4
      vertex 10.5 -0.772542 13.6224
      vertex 10.5 -0.519779 13.5546
    endloop
  endfacet
  facet normal -1 0 0
    outer loop
      vertex 10.5 0 11.4
      vertex 10.5 -1.01684 13.7161
      vertex 10.5 -0.772542 13.6224
    endloop
  endfacet
  facet normal -1 0 0
    outer loop
      vertex 10.5 0 11.4
      vertex 10.5 -1.25 13.8349
      vertex 10.5 -1.01684 13.7161
    endloop
  endfacet
  facet normal -1 0 0
    outer loop
      vertex 10.5 -3.98372 13.7
      vertex 10.5 -1.25 13.8349
      vertex 10.5 0 11.4
    endloop
  endfacet
  facet normal -1 -0 0
    outer loop
      vertex 10.5 -1.25 13.8349
      vertex 10.5 -3.98372 13.7
      vertex 10.5 -1.46946 13.9775
    endloop
  endfacet
  facet normal -1 -0 0
    outer loop
      vertex 10.5 -1.46946 13.9775
      vertex 10.5 -3.98372 13.7
      vertex 10.5 -1.67283 14.1421
    endloop
  endfacet
  facet normal -1 -0 0
    outer loop
      vertex 10.5 -1.67283 14.1421
      vertex 10.5 -3.98372 13.7
      vertex 10.5 -1.85786 14.3272
    endloop
  endfacet
  facet normal -1 -0 0
    outer loop
      vertex 10.5 -1.85786 14.3272
      vertex 10.5 -3.98372 13.7
      vertex 10.5 -2.02254 14.5305
    endloop
  endfacet
  facet normal -1 -0 0
    outer loop
      vertex 10.5 -2.02254 14.5305
      vertex 10.5 -3.98372 13.7
      vertex 10.5 -2.10568 14.6586
    endloop
  endfacet
  facet normal -1 0 0
    outer loop
      vertex 10.5 -3.98372 13.7
      vertex 10.5 -2.21456 14.8471
      vertex 10.5 -2.16506 14.75
    endloop
  endfacet
  facet normal -1 -0 0
    outer loop
      vertex 10.5 -2.4863 15.7387
      vertex 10.5 -3.98372 13.7
      vertex 10.5 -2.5 16
    endloop
  endfacet
  facet normal -1 -0 0
    outer loop
      vertex 10.5 -2.44537 15.4802
      vertex 10.5 -3.98372 13.7
      vertex 10.5 -2.4863 15.7387
    endloop
  endfacet
  facet normal -1 -0 0
    outer loop
      vertex 10.5 -2.37764 15.2275
      vertex 10.5 -3.98372 13.7
      vertex 10.5 -2.44537 15.4802
    endloop
  endfacet
  facet normal -1 -0 0
    outer loop
      vertex 10.5 -2.28386 14.9832
      vertex 10.5 -3.98372 13.7
      vertex 10.5 -2.37764 15.2275
    endloop
  endfacet
  facet normal -1 -0 0
    outer loop
      vertex 10.5 -2.21456 14.8471
      vertex 10.5 -3.98372 13.7
      vertex 10.5 -2.28386 14.9832
    endloop
  endfacet
  facet normal -1 -0 0
    outer loop
      vertex 10.5 -2.10568 14.6586
      vertex 10.5 -3.98372 13.7
      vertex 10.5 -2.16506 14.75
    endloop
  endfacet
  facet normal -1 0 0
    outer loop
      vertex 10.5 2.4863 16.2613
      vertex 10.5 3.98372 18.3
      vertex 10.5 2.5 16
    endloop
  endfacet
  facet normal -1 0 0
    outer loop
      vertex 10.5 2.44537 16.5198
      vertex 10.5 3.98372 18.3
      vertex 10.5 2.4863 16.2613
    endloop
  endfacet
  facet normal -1 0 0
    outer loop
      vertex 10.5 2.37764 16.7725
      vertex 10.5 3.98372 18.3
      vertex 10.5 2.44537 16.5198
    endloop
  endfacet
  facet normal -1 0 0
    outer loop
      vertex 10.5 2.28386 17.0168
      vertex 10.5 3.98372 18.3
      vertex 10.5 2.37764 16.7725
    endloop
  endfacet
  facet normal -1 0 0
    outer loop
      vertex 10.5 2.23436 17.114
      vertex 10.5 3.98372 18.3
      vertex 10.5 2.28386 17.0168
    endloop
  endfacet
  facet normal -1 0 0
    outer loop
      vertex 10.5 2.16506 17.25
      vertex 10.5 3.98372 18.3
      vertex 10.5 2.23436 17.114
    endloop
  endfacet
  facet normal -1 0 0
    outer loop
      vertex 10.5 2.08193 17.378
      vertex 10.5 3.98372 18.3
      vertex 10.5 2.16506 17.25
    endloop
  endfacet
  facet normal -1 0 0
    outer loop
      vertex 10.5 2.02254 17.4695
      vertex 10.5 3.98372 18.3
      vertex 10.5 2.08193 17.378
    endloop
  endfacet
  facet normal -1 0 0
    outer loop
      vertex 10.5 1.85786 17.6728
      vertex 10.5 3.98372 18.3
      vertex 10.5 2.02254 17.4695
    endloop
  endfacet
  facet normal -1 0 0
    outer loop
      vertex 10.5 1.67283 17.8579
      vertex 10.5 3.98372 18.3
      vertex 10.5 1.85786 17.6728
    endloop
  endfacet
  facet normal -1 0 0
    outer loop
      vertex 10.5 1.46946 18.0225
      vertex 10.5 3.98372 18.3
      vertex 10.5 1.67283 17.8579
    endloop
  endfacet
  facet normal -1 0 0
    outer loop
      vertex 10.5 1.03923 20
      vertex 10.5 1.46946 18.0225
      vertex 10.5 1.25 18.1651
    endloop
  endfacet
  facet normal -1 0 0
    outer loop
      vertex 10.5 1.46946 18.0225
      vertex 10.5 1.03923 20
      vertex 10.5 3.98372 18.3
    endloop
  endfacet
  facet normal -1 0 0
    outer loop
      vertex 10.5 1.01684 18.2839
      vertex 10.5 1.03923 20
      vertex 10.5 1.25 18.1651
    endloop
  endfacet
  facet normal -1 0 0
    outer loop
      vertex 10.5 0.772542 18.3776
      vertex 10.5 1.03923 20
      vertex 10.5 1.01684 18.2839
    endloop
  endfacet
  facet normal -1 0 0
    outer loop
      vertex 10.5 0.519779 18.4454
      vertex 10.5 1.03923 20
      vertex 10.5 0.772542 18.3776
    endloop
  endfacet
  facet normal -1 0 0
    outer loop
      vertex 10.5 0.261321 18.4863
      vertex 10.5 1.03923 20
      vertex 10.5 0.519779 18.4454
    endloop
  endfacet
  facet normal -1 0 0
    outer loop
      vertex 10.5 0 18.5
      vertex 10.5 1.03923 20
      vertex 10.5 0.261321 18.4863
    endloop
  endfacet
  facet normal -1 0 0
    outer loop
      vertex 10.5 -1.03923 20
      vertex 10.5 0 18.5
      vertex 10.5 -0.261321 18.4863
    endloop
  endfacet
  facet normal -1 0 0
    outer loop
      vertex 10.5 -1.03923 20
      vertex 10.5 -0.261321 18.4863
      vertex 10.5 -0.519779 18.4454
    endloop
  endfacet
  facet normal -1 0 0
    outer loop
      vertex 10.5 -1.03923 20
      vertex 10.5 -0.519779 18.4454
      vertex 10.5 -0.772542 18.3776
    endloop
  endfacet
  facet normal -1 0 0
    outer loop
      vertex 10.5 -1.03923 20
      vertex 10.5 -0.772542 18.3776
      vertex 10.5 -1.01684 18.2839
    endloop
  endfacet
  facet normal -1 0 0
    outer loop
      vertex 10.5 0 18.5
      vertex 10.5 -1.03923 20
      vertex 10.5 1.03923 20
    endloop
  endfacet
  facet normal -1 0 0
    outer loop
      vertex 10.5 -1.25 18.1651
      vertex 10.5 -1.03923 20
      vertex 10.5 -1.01684 18.2839
    endloop
  endfacet
  facet normal -1 0 0
    outer loop
      vertex 10.5 -1.46946 18.0225
      vertex 10.5 -1.03923 20
      vertex 10.5 -1.25 18.1651
    endloop
  endfacet
  facet normal -1 0 0
    outer loop
      vertex 10.5 -3.98372 18.3
      vertex 10.5 -1.46946 18.0225
      vertex 10.5 -1.67283 17.8579
    endloop
  endfacet
  facet normal -1 0 0
    outer loop
      vertex 10.5 -3.98372 18.3
      vertex 10.5 -1.67283 17.8579
      vertex 10.5 -1.85786 17.6728
    endloop
  endfacet
  facet normal -1 0 0
    outer loop
      vertex 10.5 -3.98372 18.3
      vertex 10.5 -1.85786 17.6728
      vertex 10.5 -2.02254 17.4695
    endloop
  endfacet
  facet normal -1 0 0
    outer loop
      vertex 10.5 -3.98372 18.3
      vertex 10.5 -2.02254 17.4695
      vertex 10.5 -2.16506 17.25
    endloop
  endfacet
  facet normal -1 0 0
    outer loop
      vertex 10.5 -3.98372 18.3
      vertex 10.5 -2.16506 17.25
      vertex 10.5 -2.28386 17.0168
    endloop
  endfacet
  facet normal -1 0 0
    outer loop
      vertex 10.5 -3.98372 18.3
      vertex 10.5 -2.5 16
      vertex 10.5 -3.98372 13.7
    endloop
  endfacet
  facet normal -1 0 0
    outer loop
      vertex 10.5 -2.5 16
      vertex 10.5 -3.98372 18.3
      vertex 10.5 -2.4863 16.2613
    endloop
  endfacet
  facet normal -1 0 0
    outer loop
      vertex 10.5 -2.4863 16.2613
      vertex 10.5 -3.98372 18.3
      vertex 10.5 -2.44537 16.5198
    endloop
  endfacet
  facet normal -1 0 0
    outer loop
      vertex 10.5 -2.44537 16.5198
      vertex 10.5 -3.98372 18.3
      vertex 10.5 -2.37764 16.7725
    endloop
  endfacet
  facet normal -1 0 0
    outer loop
      vertex 10.5 -2.37764 16.7725
      vertex 10.5 -3.98372 18.3
      vertex 10.5 -2.28386 17.0168
    endloop
  endfacet
  facet normal -1 0 0
    outer loop
      vertex 10.5 -1.46946 18.0225
      vertex 10.5 -3.98372 18.3
      vertex 10.5 -1.03923 20
    endloop
  endfacet
  facet normal 0 1 -0
    outer loop
      vertex 10.5 -3.98372 13.7
      vertex 6.1 -3.98372 18.3
      vertex 10.5 -3.98372 18.3
    endloop
  endfacet
  facet normal 0 1 0
    outer loop
      vertex 6.1 -3.98372 18.3
      vertex 10.5 -3.98372 13.7
      vertex 6.1 -3.98372 13.7
    endloop
  endfacet
  facet normal 0 0.5 -0.866025
    outer loop
      vertex 6.1 -3.98372 18.3
      vertex 10.5 -1.03923 20
      vertex 10.5 -3.98372 18.3
    endloop
  endfacet
  facet normal 0 0.5 -0.866025
    outer loop
      vertex 10.5 -1.03923 20
      vertex 6.1 -3.98372 18.3
      vertex 6.1 -1.03923 20
    endloop
  endfacet
  facet normal -0.998629 -0.0523375 0
    outer loop
      vertex 2.5 20 0
      vertex 2.4863 20.2613 12
      vertex 2.4863 20.2613 0
    endloop
  endfacet
  facet normal -0.998629 -0.0523375 0
    outer loop
      vertex 2.4863 20.2613 12
      vertex 2.5 20 0
      vertex 2.5 20 12
    endloop
  endfacet
  facet normal 0.0523341 -0.99863 0
    outer loop
      vertex -0.261321 22.4863 0
      vertex 0 22.5 12
      vertex -0.261321 22.4863 12
    endloop
  endfacet
  facet normal 0.0523341 -0.99863 0
    outer loop
      vertex 0 22.5 12
      vertex -0.261321 22.4863 0
      vertex 0 22.5 0
    endloop
  endfacet
  facet normal -0.0523341 0.99863 0
    outer loop
      vertex 0.261321 17.5137 0
      vertex 0 17.5 12
      vertex 0.261321 17.5137 12
    endloop
  endfacet
  facet normal -0.0523341 0.99863 0
    outer loop
      vertex 0 17.5 12
      vertex 0.261321 17.5137 0
      vertex 0 17.5 0
    endloop
  endfacet
  facet normal 0.62932 0.777146 -0
    outer loop
      vertex -1.46946 17.9775 0
      vertex -1.67283 18.1421 12
      vertex -1.46946 17.9775 12
    endloop
  endfacet
  facet normal 0.62932 0.777146 0
    outer loop
      vertex -1.67283 18.1421 12
      vertex -1.46946 17.9775 0
      vertex -1.67283 18.1421 0
    endloop
  endfacet
  facet normal -0.62932 -0.777146 0
    outer loop
      vertex 1.46946 22.0225 0
      vertex 1.67283 21.8579 12
      vertex 1.46946 22.0225 12
    endloop
  endfacet
  facet normal -0.62932 -0.777146 -0
    outer loop
      vertex 1.67283 21.8579 12
      vertex 1.46946 22.0225 0
      vertex 1.67283 21.8579 0
    endloop
  endfacet
  facet normal 0.777143 -0.629324 0
    outer loop
      vertex -2.02254 21.4695 12
      vertex -1.85786 21.6728 0
      vertex -1.85786 21.6728 12
    endloop
  endfacet
  facet normal 0.777143 -0.629324 0
    outer loop
      vertex -1.85786 21.6728 0
      vertex -2.02254 21.4695 12
      vertex -2.02254 21.4695 0
    endloop
  endfacet
  facet normal 0.453994 -0.891005 0
    outer loop
      vertex -1.25 22.1651 0
      vertex -1.01684 22.2839 12
      vertex -1.25 22.1651 12
    endloop
  endfacet
  facet normal 0.453994 -0.891005 0
    outer loop
      vertex -1.01684 22.2839 12
      vertex -1.25 22.1651 0
      vertex -1.01684 22.2839 0
    endloop
  endfacet
  facet normal -0.891006 -0.453991 0
    outer loop
      vertex 2.28386 21.0168 0
      vertex 2.16506 21.25 12
      vertex 2.16506 21.25 0
    endloop
  endfacet
  facet normal -0.891006 -0.453991 0
    outer loop
      vertex 2.16506 21.25 12
      vertex 2.28386 21.0168 0
      vertex 2.28386 21.0168 12
    endloop
  endfacet
  facet normal -0.258827 -0.965924 0
    outer loop
      vertex 0.519779 22.4454 0
      vertex 0.772542 22.3776 12
      vertex 0.519779 22.4454 12
    endloop
  endfacet
  facet normal -0.258827 -0.965924 -0
    outer loop
      vertex 0.772542 22.3776 12
      vertex 0.519779 22.4454 0
      vertex 0.772542 22.3776 0
    endloop
  endfacet
  facet normal -0.453992 -0.891006 0
    outer loop
      vertex 1.01684 22.2839 0
      vertex 1.25 22.1651 12
      vertex 1.01684 22.2839 12
    endloop
  endfacet
  facet normal -0.453992 -0.891006 -0
    outer loop
      vertex 1.25 22.1651 12
      vertex 1.01684 22.2839 0
      vertex 1.25 22.1651 0
    endloop
  endfacet
  facet normal 0.965925 -0.258822 0
    outer loop
      vertex -2.44537 20.5198 12
      vertex -2.37764 20.7725 0
      vertex -2.37764 20.7725 12
    endloop
  endfacet
  facet normal 0.965925 -0.258822 0
    outer loop
      vertex -2.37764 20.7725 0
      vertex -2.44537 20.5198 12
      vertex -2.44537 20.5198 0
    endloop
  endfacet
  facet normal 0.258827 -0.965924 0
    outer loop
      vertex -0.772542 22.3776 0
      vertex -0.519779 22.4454 12
      vertex -0.772542 22.3776 12
    endloop
  endfacet
  facet normal 0.258827 -0.965924 0
    outer loop
      vertex -0.519779 22.4454 12
      vertex -0.772542 22.3776 0
      vertex -0.519779 22.4454 0
    endloop
  endfacet
  facet normal -0.965926 0.25882 0
    outer loop
      vertex 2.37764 19.2275 0
      vertex 2.44537 19.4802 12
      vertex 2.44537 19.4802 0
    endloop
  endfacet
  facet normal -0.965926 0.25882 0
    outer loop
      vertex 2.44537 19.4802 12
      vertex 2.37764 19.2275 0
      vertex 2.37764 19.2275 12
    endloop
  endfacet
  facet normal -0.987688 0.156434 0
    outer loop
      vertex 2.44537 19.4802 0
      vertex 2.4863 19.7387 12
      vertex 2.4863 19.7387 0
    endloop
  endfacet
  facet normal -0.987688 0.156434 0
    outer loop
      vertex 2.4863 19.7387 12
      vertex 2.44537 19.4802 0
      vertex 2.44537 19.4802 12
    endloop
  endfacet
  facet normal 0.258821 0.965925 -0
    outer loop
      vertex -0.519779 17.5546 0
      vertex -0.772542 17.6224 12
      vertex -0.519779 17.5546 12
    endloop
  endfacet
  facet normal 0.258821 0.965925 0
    outer loop
      vertex -0.772542 17.6224 12
      vertex -0.519779 17.5546 0
      vertex -0.772542 17.6224 0
    endloop
  endfacet
  facet normal 0.156434 0.987688 -0
    outer loop
      vertex -0.261321 17.5137 0
      vertex -0.519779 17.5546 12
      vertex -0.261321 17.5137 12
    endloop
  endfacet
  facet normal 0.156434 0.987688 0
    outer loop
      vertex -0.519779 17.5546 12
      vertex -0.261321 17.5137 0
      vertex -0.519779 17.5546 0
    endloop
  endfacet
  facet normal -0.965925 -0.258822 0
    outer loop
      vertex 2.44537 20.5198 0
      vertex 2.37764 20.7725 12
      vertex 2.37764 20.7725 0
    endloop
  endfacet
  facet normal -0.965925 -0.258822 0
    outer loop
      vertex 2.37764 20.7725 12
      vertex 2.44537 20.5198 0
      vertex 2.44537 20.5198 12
    endloop
  endfacet
  facet normal -0.987688 -0.156434 0
    outer loop
      vertex 2.4863 20.2613 0
      vertex 2.44537 20.5198 12
      vertex 2.44537 20.5198 0
    endloop
  endfacet
  facet normal -0.987688 -0.156434 0
    outer loop
      vertex 2.44537 20.5198 12
      vertex 2.4863 20.2613 0
      vertex 2.4863 20.2613 12
    endloop
  endfacet
  facet normal -0.933581 -0.358366 0
    outer loop
      vertex 2.37764 20.7725 0
      vertex 2.28386 21.0168 12
      vertex 2.28386 21.0168 0
    endloop
  endfacet
  facet normal -0.933581 -0.358366 0
    outer loop
      vertex 2.28386 21.0168 12
      vertex 2.37764 20.7725 0
      vertex 2.37764 20.7725 12
    endloop
  endfacet
  facet normal -0.777143 -0.629324 0
    outer loop
      vertex 2.02254 21.4695 0
      vertex 1.85786 21.6728 12
      vertex 1.85786 21.6728 0
    endloop
  endfacet
  facet normal -0.777143 -0.629324 0
    outer loop
      vertex 1.85786 21.6728 12
      vertex 2.02254 21.4695 0
      vertex 2.02254 21.4695 12
    endloop
  endfacet
  facet normal -0.707107 -0.707107 0
    outer loop
      vertex 1.85786 21.6728 0
      vertex 1.67283 21.8579 12
      vertex 1.67283 21.8579 0
    endloop
  endfacet
  facet normal -0.707107 -0.707107 0
    outer loop
      vertex 1.67283 21.8579 12
      vertex 1.85786 21.6728 0
      vertex 1.85786 21.6728 12
    endloop
  endfacet
  facet normal -0.838671 -0.544638 0
    outer loop
      vertex 2.16506 21.25 0
      vertex 2.02254 21.4695 12
      vertex 2.02254 21.4695 0
    endloop
  endfacet
  facet normal -0.838671 -0.544638 0
    outer loop
      vertex 2.02254 21.4695 12
      vertex 2.16506 21.25 0
      vertex 2.16506 21.25 12
    endloop
  endfacet
  facet normal -0.156434 -0.987688 0
    outer loop
      vertex 0.261321 22.4863 0
      vertex 0.519779 22.4454 12
      vertex 0.261321 22.4863 12
    endloop
  endfacet
  facet normal -0.156434 -0.987688 -0
    outer loop
      vertex 0.519779 22.4454 12
      vertex 0.261321 22.4863 0
      vertex 0.519779 22.4454 0
    endloop
  endfacet
  facet normal -0.0523341 -0.99863 0
    outer loop
      vertex 0 22.5 0
      vertex 0.261321 22.4863 12
      vertex 0 22.5 12
    endloop
  endfacet
  facet normal -0.0523341 -0.99863 -0
    outer loop
      vertex 0.261321 22.4863 12
      vertex 0 22.5 0
      vertex 0.261321 22.4863 0
    endloop
  endfacet
  facet normal -0.358365 -0.933582 0
    outer loop
      vertex 0.772542 22.3776 0
      vertex 1.01684 22.2839 12
      vertex 0.772542 22.3776 12
    endloop
  endfacet
  facet normal -0.358365 -0.933582 -0
    outer loop
      vertex 1.01684 22.2839 12
      vertex 0.772542 22.3776 0
      vertex 1.01684 22.2839 0
    endloop
  endfacet
  facet normal -0.54464 -0.83867 0
    outer loop
      vertex 1.25 22.1651 0
      vertex 1.46946 22.0225 12
      vertex 1.25 22.1651 12
    endloop
  endfacet
  facet normal -0.54464 -0.83867 -0
    outer loop
      vertex 1.46946 22.0225 12
      vertex 1.25 22.1651 0
      vertex 1.46946 22.0225 0
    endloop
  endfacet
  facet normal 0.891006 -0.453991 0
    outer loop
      vertex -2.28386 21.0168 12
      vertex -2.16506 21.25 0
      vertex -2.16506 21.25 12
    endloop
  endfacet
  facet normal 0.891006 -0.453991 0
    outer loop
      vertex -2.16506 21.25 0
      vertex -2.28386 21.0168 12
      vertex -2.28386 21.0168 0
    endloop
  endfacet
  facet normal 0.838671 -0.544638 0
    outer loop
      vertex -2.16506 21.25 12
      vertex -2.02254 21.4695 0
      vertex -2.02254 21.4695 12
    endloop
  endfacet
  facet normal 0.838671 -0.544638 0
    outer loop
      vertex -2.02254 21.4695 0
      vertex -2.16506 21.25 12
      vertex -2.16506 21.25 0
    endloop
  endfacet
  facet normal 0.933581 -0.358366 0
    outer loop
      vertex -2.37764 20.7725 12
      vertex -2.28386 21.0168 0
      vertex -2.28386 21.0168 12
    endloop
  endfacet
  facet normal 0.933581 -0.358366 0
    outer loop
      vertex -2.28386 21.0168 0
      vertex -2.37764 20.7725 12
      vertex -2.37764 20.7725 0
    endloop
  endfacet
  facet normal 0.987688 -0.156434 0
    outer loop
      vertex -2.4863 20.2613 12
      vertex -2.44537 20.5198 0
      vertex -2.44537 20.5198 12
    endloop
  endfacet
  facet normal 0.987688 -0.156434 0
    outer loop
      vertex -2.44537 20.5198 0
      vertex -2.4863 20.2613 12
      vertex -2.4863 20.2613 0
    endloop
  endfacet
  facet normal 0.998629 -0.0523375 0
    outer loop
      vertex -2.5 20 12
      vertex -2.4863 20.2613 0
      vertex -2.4863 20.2613 12
    endloop
  endfacet
  facet normal 0.998629 -0.0523375 0
    outer loop
      vertex -2.4863 20.2613 0
      vertex -2.5 20 12
      vertex -2.5 20 0
    endloop
  endfacet
  facet normal 0.998629 0.0523375 0
    outer loop
      vertex -2.4863 19.7387 12
      vertex -2.5 20 0
      vertex -2.5 20 12
    endloop
  endfacet
  facet normal 0.998629 0.0523375 0
    outer loop
      vertex -2.5 20 0
      vertex -2.4863 19.7387 12
      vertex -2.4863 19.7387 0
    endloop
  endfacet
  facet normal 0.62932 -0.777146 0
    outer loop
      vertex -1.67283 21.8579 0
      vertex -1.46946 22.0225 12
      vertex -1.67283 21.8579 12
    endloop
  endfacet
  facet normal 0.62932 -0.777146 0
    outer loop
      vertex -1.46946 22.0225 12
      vertex -1.67283 21.8579 0
      vertex -1.46946 22.0225 0
    endloop
  endfacet
  facet normal 0.544638 -0.838671 0
    outer loop
      vertex -1.46946 22.0225 0
      vertex -1.25 22.1651 12
      vertex -1.46946 22.0225 12
    endloop
  endfacet
  facet normal 0.544638 -0.838671 0
    outer loop
      vertex -1.25 22.1651 12
      vertex -1.46946 22.0225 0
      vertex -1.25 22.1651 0
    endloop
  endfacet
  facet normal 0.707107 -0.707107 0
    outer loop
      vertex -1.85786 21.6728 12
      vertex -1.67283 21.8579 0
      vertex -1.67283 21.8579 12
    endloop
  endfacet
  facet normal 0.707107 -0.707107 0
    outer loop
      vertex -1.67283 21.8579 0
      vertex -1.85786 21.6728 12
      vertex -1.85786 21.6728 0
    endloop
  endfacet
  facet normal 0.358365 -0.933582 0
    outer loop
      vertex -1.01684 22.2839 0
      vertex -0.772542 22.3776 12
      vertex -1.01684 22.2839 12
    endloop
  endfacet
  facet normal 0.358365 -0.933582 0
    outer loop
      vertex -0.772542 22.3776 12
      vertex -1.01684 22.2839 0
      vertex -0.772542 22.3776 0
    endloop
  endfacet
  facet normal 0.156434 -0.987688 0
    outer loop
      vertex -0.519779 22.4454 0
      vertex -0.261321 22.4863 12
      vertex -0.519779 22.4454 12
    endloop
  endfacet
  facet normal 0.156434 -0.987688 0
    outer loop
      vertex -0.261321 22.4863 12
      vertex -0.519779 22.4454 0
      vertex -0.261321 22.4863 0
    endloop
  endfacet
  facet normal -0.998629 0.0523375 0
    outer loop
      vertex 2.4863 19.7387 0
      vertex 2.5 20 12
      vertex 2.5 20 0
    endloop
  endfacet
  facet normal -0.998629 0.0523375 0
    outer loop
      vertex 2.5 20 12
      vertex 2.4863 19.7387 0
      vertex 2.4863 19.7387 12
    endloop
  endfacet
  facet normal -0.156434 0.987688 0
    outer loop
      vertex 0.519779 17.5546 0
      vertex 0.261321 17.5137 12
      vertex 0.519779 17.5546 12
    endloop
  endfacet
  facet normal -0.156434 0.987688 0
    outer loop
      vertex 0.261321 17.5137 12
      vertex 0.519779 17.5546 0
      vertex 0.261321 17.5137 0
    endloop
  endfacet
  facet normal -0.358371 0.933579 0
    outer loop
      vertex 1.01684 17.7161 0
      vertex 0.772542 17.6224 12
      vertex 1.01684 17.7161 12
    endloop
  endfacet
  facet normal -0.358371 0.933579 0
    outer loop
      vertex 0.772542 17.6224 12
      vertex 1.01684 17.7161 0
      vertex 0.772542 17.6224 0
    endloop
  endfacet
  facet normal -0.707107 0.707107 0
    outer loop
      vertex 1.67283 18.1421 0
      vertex 1.85786 18.3272 12
      vertex 1.85786 18.3272 0
    endloop
  endfacet
  facet normal -0.707107 0.707107 0
    outer loop
      vertex 1.85786 18.3272 12
      vertex 1.67283 18.1421 0
      vertex 1.67283 18.1421 12
    endloop
  endfacet
  facet normal -0.54464 0.83867 0
    outer loop
      vertex 1.46946 17.9775 0
      vertex 1.25 17.8349 12
      vertex 1.46946 17.9775 12
    endloop
  endfacet
  facet normal -0.54464 0.83867 0
    outer loop
      vertex 1.25 17.8349 12
      vertex 1.46946 17.9775 0
      vertex 1.25 17.8349 0
    endloop
  endfacet
  facet normal -0.838671 0.544638 0
    outer loop
      vertex 2.02254 18.5305 0
      vertex 2.16506 18.75 12
      vertex 2.16506 18.75 0
    endloop
  endfacet
  facet normal -0.838671 0.544638 0
    outer loop
      vertex 2.16506 18.75 12
      vertex 2.02254 18.5305 0
      vertex 2.02254 18.5305 12
    endloop
  endfacet
  facet normal -0.93358 0.358368 0
    outer loop
      vertex 2.28386 18.9832 0
      vertex 2.37764 19.2275 12
      vertex 2.37764 19.2275 0
    endloop
  endfacet
  facet normal -0.93358 0.358368 0
    outer loop
      vertex 2.37764 19.2275 12
      vertex 2.28386 18.9832 0
      vertex 2.28386 18.9832 12
    endloop
  endfacet
  facet normal 0.54464 0.83867 -0
    outer loop
      vertex -1.25 17.8349 0
      vertex -1.46946 17.9775 12
      vertex -1.25 17.8349 12
    endloop
  endfacet
  facet normal 0.54464 0.83867 0
    outer loop
      vertex -1.46946 17.9775 12
      vertex -1.25 17.8349 0
      vertex -1.46946 17.9775 0
    endloop
  endfacet
  facet normal 0.358371 0.933579 -0
    outer loop
      vertex -0.772542 17.6224 0
      vertex -1.01684 17.7161 12
      vertex -0.772542 17.6224 12
    endloop
  endfacet
  facet normal 0.358371 0.933579 0
    outer loop
      vertex -1.01684 17.7161 12
      vertex -0.772542 17.6224 0
      vertex -1.01684 17.7161 0
    endloop
  endfacet
  facet normal 0.0523341 0.99863 -0
    outer loop
      vertex 0 17.5 0
      vertex -0.261321 17.5137 12
      vertex 0 17.5 12
    endloop
  endfacet
  facet normal 0.0523341 0.99863 0
    outer loop
      vertex -0.261321 17.5137 12
      vertex 0 17.5 0
      vertex -0.261321 17.5137 0
    endloop
  endfacet
  facet normal 0.838671 0.544638 0
    outer loop
      vertex -2.02254 18.5305 12
      vertex -2.16506 18.75 0
      vertex -2.16506 18.75 12
    endloop
  endfacet
  facet normal 0.838671 0.544638 0
    outer loop
      vertex -2.16506 18.75 0
      vertex -2.02254 18.5305 12
      vertex -2.02254 18.5305 0
    endloop
  endfacet
  facet normal 0.707107 0.707107 0
    outer loop
      vertex -1.67283 18.1421 12
      vertex -1.85786 18.3272 0
      vertex -1.85786 18.3272 12
    endloop
  endfacet
  facet normal 0.707107 0.707107 0
    outer loop
      vertex -1.85786 18.3272 0
      vertex -1.67283 18.1421 12
      vertex -1.67283 18.1421 0
    endloop
  endfacet
  facet normal 0.93358 0.358368 0
    outer loop
      vertex -2.28386 18.9832 12
      vertex -2.37764 19.2275 0
      vertex -2.37764 19.2275 12
    endloop
  endfacet
  facet normal 0.93358 0.358368 0
    outer loop
      vertex -2.37764 19.2275 0
      vertex -2.28386 18.9832 12
      vertex -2.28386 18.9832 0
    endloop
  endfacet
  facet normal 0.987688 0.156434 0
    outer loop
      vertex -2.44537 19.4802 12
      vertex -2.4863 19.7387 0
      vertex -2.4863 19.7387 12
    endloop
  endfacet
  facet normal 0.987688 0.156434 0
    outer loop
      vertex -2.4863 19.7387 0
      vertex -2.44537 19.4802 12
      vertex -2.44537 19.4802 0
    endloop
  endfacet
  facet normal -0.258821 0.965925 0
    outer loop
      vertex 0.772542 17.6224 0
      vertex 0.519779 17.5546 12
      vertex 0.772542 17.6224 12
    endloop
  endfacet
  facet normal -0.258821 0.965925 0
    outer loop
      vertex 0.519779 17.5546 12
      vertex 0.772542 17.6224 0
      vertex 0.519779 17.5546 0
    endloop
  endfacet
  facet normal -0.453987 0.891008 0
    outer loop
      vertex 1.25 17.8349 0
      vertex 1.01684 17.7161 12
      vertex 1.25 17.8349 12
    endloop
  endfacet
  facet normal -0.453987 0.891008 0
    outer loop
      vertex 1.01684 17.7161 12
      vertex 1.25 17.8349 0
      vertex 1.01684 17.7161 0
    endloop
  endfacet
  facet normal -0.777146 0.62932 0
    outer loop
      vertex 1.85786 18.3272 0
      vertex 2.02254 18.5305 12
      vertex 2.02254 18.5305 0
    endloop
  endfacet
  facet normal -0.777146 0.62932 0
    outer loop
      vertex 2.02254 18.5305 12
      vertex 1.85786 18.3272 0
      vertex 1.85786 18.3272 12
    endloop
  endfacet
  facet normal -0.62932 0.777146 0
    outer loop
      vertex 1.67283 18.1421 0
      vertex 1.46946 17.9775 12
      vertex 1.67283 18.1421 12
    endloop
  endfacet
  facet normal -0.62932 0.777146 0
    outer loop
      vertex 1.46946 17.9775 12
      vertex 1.67283 18.1421 0
      vertex 1.46946 17.9775 0
    endloop
  endfacet
  facet normal -0.891006 0.453991 0
    outer loop
      vertex 2.16506 18.75 0
      vertex 2.28386 18.9832 12
      vertex 2.28386 18.9832 0
    endloop
  endfacet
  facet normal -0.891006 0.453991 0
    outer loop
      vertex 2.28386 18.9832 12
      vertex 2.16506 18.75 0
      vertex 2.16506 18.75 12
    endloop
  endfacet
  facet normal 0.453987 0.891008 -0
    outer loop
      vertex -1.01684 17.7161 0
      vertex -1.25 17.8349 12
      vertex -1.01684 17.7161 12
    endloop
  endfacet
  facet normal 0.453987 0.891008 0
    outer loop
      vertex -1.25 17.8349 12
      vertex -1.01684 17.7161 0
      vertex -1.25 17.8349 0
    endloop
  endfacet
  facet normal 0.777146 0.62932 0
    outer loop
      vertex -1.85786 18.3272 12
      vertex -2.02254 18.5305 0
      vertex -2.02254 18.5305 12
    endloop
  endfacet
  facet normal 0.777146 0.62932 0
    outer loop
      vertex -2.02254 18.5305 0
      vertex -1.85786 18.3272 12
      vertex -1.85786 18.3272 0
    endloop
  endfacet
  facet normal 0.891006 0.453991 0
    outer loop
      vertex -2.16506 18.75 12
      vertex -2.28386 18.9832 0
      vertex -2.28386 18.9832 12
    endloop
  endfacet
  facet normal 0.891006 0.453991 0
    outer loop
      vertex -2.28386 18.9832 0
      vertex -2.16506 18.75 12
      vertex -2.16506 18.75 0
    endloop
  endfacet
  facet normal 0.965926 0.25882 0
    outer loop
      vertex -2.37764 19.2275 12
      vertex -2.44537 19.4802 0
      vertex -2.44537 19.4802 12
    endloop
  endfacet
  facet normal 0.965926 0.25882 0
    outer loop
      vertex -2.44537 19.4802 0
      vertex -2.37764 19.2275 12
      vertex -2.37764 19.2275 0
    endloop
  endfacet
  facet normal -0.998629 -0.0523375 0
    outer loop
      vertex 2.5 -20 0
      vertex 2.4863 -19.7387 12
      vertex 2.4863 -19.7387 0
    endloop
  endfacet
  facet normal -0.998629 -0.0523375 0
    outer loop
      vertex 2.4863 -19.7387 12
      vertex 2.5 -20 0
      vertex 2.5 -20 12
    endloop
  endfacet
  facet normal 0.998629 -0.0523375 0
    outer loop
      vertex -2.5 -20 12
      vertex -2.4863 -19.7387 0
      vertex -2.4863 -19.7387 12
    endloop
  endfacet
  facet normal 0.998629 -0.0523375 0
    outer loop
      vertex -2.4863 -19.7387 0
      vertex -2.5 -20 12
      vertex -2.5 -20 0
    endloop
  endfacet
  facet normal 0.0523341 -0.99863 0
    outer loop
      vertex -0.261321 -17.5137 0
      vertex 0 -17.5 12
      vertex -0.261321 -17.5137 12
    endloop
  endfacet
  facet normal 0.0523341 -0.99863 0
    outer loop
      vertex 0 -17.5 12
      vertex -0.261321 -17.5137 0
      vertex 0 -17.5 0
    endloop
  endfacet
  facet normal 0.0523341 0.99863 -0
    outer loop
      vertex 0 -22.5 0
      vertex -0.261321 -22.4863 12
      vertex 0 -22.5 12
    endloop
  endfacet
  facet normal 0.0523341 0.99863 0
    outer loop
      vertex -0.261321 -22.4863 12
      vertex 0 -22.5 0
      vertex -0.261321 -22.4863 0
    endloop
  endfacet
  facet normal -0.62932 -0.777146 0
    outer loop
      vertex 1.46946 -17.9775 0
      vertex 1.67283 -18.1421 12
      vertex 1.46946 -17.9775 12
    endloop
  endfacet
  facet normal -0.62932 -0.777146 -0
    outer loop
      vertex 1.67283 -18.1421 12
      vertex 1.46946 -17.9775 0
      vertex 1.67283 -18.1421 0
    endloop
  endfacet
  facet normal 0.707107 -0.707107 0
    outer loop
      vertex -1.85786 -18.3272 12
      vertex -1.67283 -18.1421 0
      vertex -1.67283 -18.1421 12
    endloop
  endfacet
  facet normal 0.707107 -0.707107 0
    outer loop
      vertex -1.67283 -18.1421 0
      vertex -1.85786 -18.3272 12
      vertex -1.85786 -18.3272 0
    endloop
  endfacet
  facet normal 0.358371 -0.933579 0
    outer loop
      vertex -1.01684 -17.7161 0
      vertex -0.772542 -17.6224 12
      vertex -1.01684 -17.7161 12
    endloop
  endfacet
  facet normal 0.358371 -0.933579 0
    outer loop
      vertex -0.772542 -17.6224 12
      vertex -1.01684 -17.7161 0
      vertex -0.772542 -17.6224 0
    endloop
  endfacet
  facet normal 0.965925 0.258822 0
    outer loop
      vertex -2.37764 -20.7725 12
      vertex -2.44537 -20.5198 0
      vertex -2.44537 -20.5198 12
    endloop
  endfacet
  facet normal 0.965925 0.258822 0
    outer loop
      vertex -2.44537 -20.5198 0
      vertex -2.37764 -20.7725 12
      vertex -2.37764 -20.7725 0
    endloop
  endfacet
  facet normal -0.891006 -0.453991 0
    outer loop
      vertex 2.28386 -18.9832 0
      vertex 2.16506 -18.75 12
      vertex 2.16506 -18.75 0
    endloop
  endfacet
  facet normal -0.891006 -0.453991 0
    outer loop
      vertex 2.16506 -18.75 12
      vertex 2.28386 -18.9832 0
      vertex 2.28386 -18.9832 12
    endloop
  endfacet
  facet normal -0.258821 -0.965925 0
    outer loop
      vertex 0.519779 -17.5546 0
      vertex 0.772542 -17.6224 12
      vertex 0.519779 -17.5546 12
    endloop
  endfacet
  facet normal -0.258821 -0.965925 -0
    outer loop
      vertex 0.772542 -17.6224 12
      vertex 0.519779 -17.5546 0
      vertex 0.772542 -17.6224 0
    endloop
  endfacet
  facet normal -0.156434 -0.987688 0
    outer loop
      vertex 0.261321 -17.5137 0
      vertex 0.519779 -17.5546 12
      vertex 0.261321 -17.5137 12
    endloop
  endfacet
  facet normal -0.156434 -0.987688 -0
    outer loop
      vertex 0.519779 -17.5546 12
      vertex 0.261321 -17.5137 0
      vertex 0.519779 -17.5546 0
    endloop
  endfacet
  facet normal 0.891006 -0.453991 0
    outer loop
      vertex -2.28386 -18.9832 12
      vertex -2.16506 -18.75 0
      vertex -2.16506 -18.75 12
    endloop
  endfacet
  facet normal 0.891006 -0.453991 0
    outer loop
      vertex -2.16506 -18.75 0
      vertex -2.28386 -18.9832 12
      vertex -2.28386 -18.9832 0
    endloop
  endfacet
  facet normal 0.838671 -0.544638 0
    outer loop
      vertex -2.16506 -18.75 12
      vertex -2.02254 -18.5305 0
      vertex -2.02254 -18.5305 12
    endloop
  endfacet
  facet normal 0.838671 -0.544638 0
    outer loop
      vertex -2.02254 -18.5305 0
      vertex -2.16506 -18.75 12
      vertex -2.16506 -18.75 0
    endloop
  endfacet
  facet normal 0.965926 -0.25882 0
    outer loop
      vertex -2.44537 -19.4802 12
      vertex -2.37764 -19.2275 0
      vertex -2.37764 -19.2275 12
    endloop
  endfacet
  facet normal 0.965926 -0.25882 0
    outer loop
      vertex -2.37764 -19.2275 0
      vertex -2.44537 -19.4802 12
      vertex -2.44537 -19.4802 0
    endloop
  endfacet
  facet normal 0.156434 -0.987688 0
    outer loop
      vertex -0.519779 -17.5546 0
      vertex -0.261321 -17.5137 12
      vertex -0.519779 -17.5546 12
    endloop
  endfacet
  facet normal 0.156434 -0.987688 0
    outer loop
      vertex -0.261321 -17.5137 12
      vertex -0.519779 -17.5546 0
      vertex -0.261321 -17.5137 0
    endloop
  endfacet
  facet normal -0.891006 0.453991 0
    outer loop
      vertex 2.16506 -21.25 0
      vertex 2.28386 -21.0168 12
      vertex 2.28386 -21.0168 0
    endloop
  endfacet
  facet normal -0.891006 0.453991 0
    outer loop
      vertex 2.28386 -21.0168 12
      vertex 2.16506 -21.25 0
      vertex 2.16506 -21.25 12
    endloop
  endfacet
  facet normal -0.258827 0.965924 0
    outer loop
      vertex 0.772542 -22.3776 0
      vertex 0.519779 -22.4454 12
      vertex 0.772542 -22.3776 12
    endloop
  endfacet
  facet normal -0.258827 0.965924 0
    outer loop
      vertex 0.519779 -22.4454 12
      vertex 0.772542 -22.3776 0
      vertex 0.519779 -22.4454 0
    endloop
  endfacet
  facet normal -0.707107 0.707107 0
    outer loop
      vertex 1.67283 -21.8579 0
      vertex 1.85786 -21.6728 12
      vertex 1.85786 -21.6728 0
    endloop
  endfacet
  facet normal -0.707107 0.707107 0
    outer loop
      vertex 1.85786 -21.6728 12
      vertex 1.67283 -21.8579 0
      vertex 1.67283 -21.8579 12
    endloop
  endfacet
  facet normal -0.965925 0.258822 0
    outer loop
      vertex 2.37764 -20.7725 0
      vertex 2.44537 -20.5198 12
      vertex 2.44537 -20.5198 0
    endloop
  endfacet
  facet normal -0.965925 0.258822 0
    outer loop
      vertex 2.44537 -20.5198 12
      vertex 2.37764 -20.7725 0
      vertex 2.37764 -20.7725 12
    endloop
  endfacet
  facet normal 0.358365 0.933582 -0
    outer loop
      vertex -0.772542 -22.3776 0
      vertex -1.01684 -22.2839 12
      vertex -0.772542 -22.3776 12
    endloop
  endfacet
  facet normal 0.358365 0.933582 0
    outer loop
      vertex -1.01684 -22.2839 12
      vertex -0.772542 -22.3776 0
      vertex -1.01684 -22.2839 0
    endloop
  endfacet
  facet normal 0.891006 0.453991 0
    outer loop
      vertex -2.16506 -21.25 12
      vertex -2.28386 -21.0168 0
      vertex -2.28386 -21.0168 12
    endloop
  endfacet
  facet normal 0.891006 0.453991 0
    outer loop
      vertex -2.28386 -21.0168 0
      vertex -2.16506 -21.25 12
      vertex -2.16506 -21.25 0
    endloop
  endfacet
  facet normal 0.838671 0.544638 0
    outer loop
      vertex -2.02254 -21.4695 12
      vertex -2.16506 -21.25 0
      vertex -2.16506 -21.25 12
    endloop
  endfacet
  facet normal 0.838671 0.544638 0
    outer loop
      vertex -2.16506 -21.25 0
      vertex -2.02254 -21.4695 12
      vertex -2.02254 -21.4695 0
    endloop
  endfacet
  facet normal -0.965926 -0.25882 0
    outer loop
      vertex 2.44537 -19.4802 0
      vertex 2.37764 -19.2275 12
      vertex 2.37764 -19.2275 0
    endloop
  endfacet
  facet normal -0.965926 -0.25882 0
    outer loop
      vertex 2.37764 -19.2275 12
      vertex 2.44537 -19.4802 0
      vertex 2.44537 -19.4802 12
    endloop
  endfacet
  facet normal -0.987688 -0.156434 0
    outer loop
      vertex 2.4863 -19.7387 0
      vertex 2.44537 -19.4802 12
      vertex 2.44537 -19.4802 0
    endloop
  endfacet
  facet normal -0.987688 -0.156434 0
    outer loop
      vertex 2.44537 -19.4802 12
      vertex 2.4863 -19.7387 0
      vertex 2.4863 -19.7387 12
    endloop
  endfacet
  facet normal -0.93358 -0.358368 0
    outer loop
      vertex 2.37764 -19.2275 0
      vertex 2.28386 -18.9832 12
      vertex 2.28386 -18.9832 0
    endloop
  endfacet
  facet normal -0.93358 -0.358368 0
    outer loop
      vertex 2.28386 -18.9832 12
      vertex 2.37764 -19.2275 0
      vertex 2.37764 -19.2275 12
    endloop
  endfacet
  facet normal -0.777146 -0.62932 0
    outer loop
      vertex 2.02254 -18.5305 0
      vertex 1.85786 -18.3272 12
      vertex 1.85786 -18.3272 0
    endloop
  endfacet
  facet normal -0.777146 -0.62932 0
    outer loop
      vertex 1.85786 -18.3272 12
      vertex 2.02254 -18.5305 0
      vertex 2.02254 -18.5305 12
    endloop
  endfacet
  facet normal -0.707107 -0.707107 0
    outer loop
      vertex 1.85786 -18.3272 0
      vertex 1.67283 -18.1421 12
      vertex 1.67283 -18.1421 0
    endloop
  endfacet
  facet normal -0.707107 -0.707107 0
    outer loop
      vertex 1.67283 -18.1421 12
      vertex 1.85786 -18.3272 0
      vertex 1.85786 -18.3272 12
    endloop
  endfacet
  facet normal -0.838671 -0.544638 0
    outer loop
      vertex 2.16506 -18.75 0
      vertex 2.02254 -18.5305 12
      vertex 2.02254 -18.5305 0
    endloop
  endfacet
  facet normal -0.838671 -0.544638 0
    outer loop
      vertex 2.02254 -18.5305 12
      vertex 2.16506 -18.75 0
      vertex 2.16506 -18.75 12
    endloop
  endfacet
  facet normal -0.0523341 -0.99863 0
    outer loop
      vertex 0 -17.5 0
      vertex 0.261321 -17.5137 12
      vertex 0 -17.5 12
    endloop
  endfacet
  facet normal -0.0523341 -0.99863 -0
    outer loop
      vertex 0.261321 -17.5137 12
      vertex 0 -17.5 0
      vertex 0.261321 -17.5137 0
    endloop
  endfacet
  facet normal -0.453987 -0.891008 0
    outer loop
      vertex 1.01684 -17.7161 0
      vertex 1.25 -17.8349 12
      vertex 1.01684 -17.7161 12
    endloop
  endfacet
  facet normal -0.453987 -0.891008 -0
    outer loop
      vertex 1.25 -17.8349 12
      vertex 1.01684 -17.7161 0
      vertex 1.25 -17.8349 0
    endloop
  endfacet
  facet normal -0.358371 -0.933579 0
    outer loop
      vertex 0.772542 -17.6224 0
      vertex 1.01684 -17.7161 12
      vertex 0.772542 -17.6224 12
    endloop
  endfacet
  facet normal -0.358371 -0.933579 -0
    outer loop
      vertex 1.01684 -17.7161 12
      vertex 0.772542 -17.6224 0
      vertex 1.01684 -17.7161 0
    endloop
  endfacet
  facet normal -0.54464 -0.83867 0
    outer loop
      vertex 1.25 -17.8349 0
      vertex 1.46946 -17.9775 12
      vertex 1.25 -17.8349 12
    endloop
  endfacet
  facet normal -0.54464 -0.83867 -0
    outer loop
      vertex 1.46946 -17.9775 12
      vertex 1.25 -17.8349 0
      vertex 1.46946 -17.9775 0
    endloop
  endfacet
  facet normal 0.777146 -0.62932 0
    outer loop
      vertex -2.02254 -18.5305 12
      vertex -1.85786 -18.3272 0
      vertex -1.85786 -18.3272 12
    endloop
  endfacet
  facet normal 0.777146 -0.62932 0
    outer loop
      vertex -1.85786 -18.3272 0
      vertex -2.02254 -18.5305 12
      vertex -2.02254 -18.5305 0
    endloop
  endfacet
  facet normal 0.93358 -0.358368 0
    outer loop
      vertex -2.37764 -19.2275 12
      vertex -2.28386 -18.9832 0
      vertex -2.28386 -18.9832 12
    endloop
  endfacet
  facet normal 0.93358 -0.358368 0
    outer loop
      vertex -2.28386 -18.9832 0
      vertex -2.37764 -19.2275 12
      vertex -2.37764 -19.2275 0
    endloop
  endfacet
  facet normal 0.987688 -0.156434 0
    outer loop
      vertex -2.4863 -19.7387 12
      vertex -2.44537 -19.4802 0
      vertex -2.44537 -19.4802 12
    endloop
  endfacet
  facet normal 0.987688 -0.156434 0
    outer loop
      vertex -2.44537 -19.4802 0
      vertex -2.4863 -19.7387 12
      vertex -2.4863 -19.7387 0
    endloop
  endfacet
  facet normal 0.453988 -0.891008 0
    outer loop
      vertex -1.25 -17.8349 0
      vertex -1.01684 -17.7161 12
      vertex -1.25 -17.8349 12
    endloop
  endfacet
  facet normal 0.453988 -0.891008 0
    outer loop
      vertex -1.01684 -17.7161 12
      vertex -1.25 -17.8349 0
      vertex -1.01684 -17.7161 0
    endloop
  endfacet
  facet normal 0.544638 -0.838671 0
    outer loop
      vertex -1.46946 -17.9775 0
      vertex -1.25 -17.8349 12
      vertex -1.46946 -17.9775 12
    endloop
  endfacet
  facet normal 0.544638 -0.838671 0
    outer loop
      vertex -1.25 -17.8349 12
      vertex -1.46946 -17.9775 0
      vertex -1.25 -17.8349 0
    endloop
  endfacet
  facet normal 0.62932 -0.777146 0
    outer loop
      vertex -1.67283 -18.1421 0
      vertex -1.46946 -17.9775 12
      vertex -1.67283 -18.1421 12
    endloop
  endfacet
  facet normal 0.62932 -0.777146 0
    outer loop
      vertex -1.46946 -17.9775 12
      vertex -1.67283 -18.1421 0
      vertex -1.46946 -17.9775 0
    endloop
  endfacet
  facet normal -0.998629 0.0523375 0
    outer loop
      vertex 2.4863 -20.2613 0
      vertex 2.5 -20 12
      vertex 2.5 -20 0
    endloop
  endfacet
  facet normal -0.998629 0.0523375 0
    outer loop
      vertex 2.5 -20 12
      vertex 2.4863 -20.2613 0
      vertex 2.4863 -20.2613 12
    endloop
  endfacet
  facet normal -0.0523341 0.99863 0
    outer loop
      vertex 0.261321 -22.4863 0
      vertex 0 -22.5 12
      vertex 0.261321 -22.4863 12
    endloop
  endfacet
  facet normal -0.0523341 0.99863 0
    outer loop
      vertex 0 -22.5 12
      vertex 0.261321 -22.4863 0
      vertex 0 -22.5 0
    endloop
  endfacet
  facet normal -0.453992 0.891006 0
    outer loop
      vertex 1.25 -22.1651 0
      vertex 1.01684 -22.2839 12
      vertex 1.25 -22.1651 12
    endloop
  endfacet
  facet normal -0.453992 0.891006 0
    outer loop
      vertex 1.01684 -22.2839 12
      vertex 1.25 -22.1651 0
      vertex 1.01684 -22.2839 0
    endloop
  endfacet
  facet normal -0.62932 0.777146 0
    outer loop
      vertex 1.67283 -21.8579 0
      vertex 1.46946 -22.0225 12
      vertex 1.67283 -21.8579 12
    endloop
  endfacet
  facet normal -0.62932 0.777146 0
    outer loop
      vertex 1.46946 -22.0225 12
      vertex 1.67283 -21.8579 0
      vertex 1.46946 -22.0225 0
    endloop
  endfacet
  facet normal -0.777143 0.629324 0
    outer loop
      vertex 1.85786 -21.6728 0
      vertex 2.02254 -21.4695 12
      vertex 2.02254 -21.4695 0
    endloop
  endfacet
  facet normal -0.777143 0.629324 0
    outer loop
      vertex 2.02254 -21.4695 12
      vertex 1.85786 -21.6728 0
      vertex 1.85786 -21.6728 12
    endloop
  endfacet
  facet normal -0.838671 0.544638 0
    outer loop
      vertex 2.02254 -21.4695 0
      vertex 2.16506 -21.25 12
      vertex 2.16506 -21.25 0
    endloop
  endfacet
  facet normal -0.838671 0.544638 0
    outer loop
      vertex 2.16506 -21.25 12
      vertex 2.02254 -21.4695 0
      vertex 2.02254 -21.4695 12
    endloop
  endfacet
  facet normal 0.707107 0.707107 0
    outer loop
      vertex -1.67283 -21.8579 12
      vertex -1.85786 -21.6728 0
      vertex -1.85786 -21.6728 12
    endloop
  endfacet
  facet normal 0.707107 0.707107 0
    outer loop
      vertex -1.85786 -21.6728 0
      vertex -1.67283 -21.8579 12
      vertex -1.67283 -21.8579 0
    endloop
  endfacet
  facet normal 0.62932 0.777146 -0
    outer loop
      vertex -1.46946 -22.0225 0
      vertex -1.67283 -21.8579 12
      vertex -1.46946 -22.0225 12
    endloop
  endfacet
  facet normal 0.62932 0.777146 0
    outer loop
      vertex -1.67283 -21.8579 12
      vertex -1.46946 -22.0225 0
      vertex -1.67283 -21.8579 0
    endloop
  endfacet
  facet normal 0.54464 0.83867 -0
    outer loop
      vertex -1.25 -22.1651 0
      vertex -1.46946 -22.0225 12
      vertex -1.25 -22.1651 12
    endloop
  endfacet
  facet normal 0.54464 0.83867 0
    outer loop
      vertex -1.46946 -22.0225 12
      vertex -1.25 -22.1651 0
      vertex -1.46946 -22.0225 0
    endloop
  endfacet
  facet normal 0.156434 0.987688 -0
    outer loop
      vertex -0.261321 -22.4863 0
      vertex -0.519779 -22.4454 12
      vertex -0.261321 -22.4863 12
    endloop
  endfacet
  facet normal 0.156434 0.987688 0
    outer loop
      vertex -0.519779 -22.4454 12
      vertex -0.261321 -22.4863 0
      vertex -0.519779 -22.4454 0
    endloop
  endfacet
  facet normal 0.777143 0.629324 0
    outer loop
      vertex -1.85786 -21.6728 12
      vertex -2.02254 -21.4695 0
      vertex -2.02254 -21.4695 12
    endloop
  endfacet
  facet normal 0.777143 0.629324 0
    outer loop
      vertex -2.02254 -21.4695 0
      vertex -1.85786 -21.6728 12
      vertex -1.85786 -21.6728 0
    endloop
  endfacet
  facet normal 0.933581 0.358366 0
    outer loop
      vertex -2.28386 -21.0168 12
      vertex -2.37764 -20.7725 0
      vertex -2.37764 -20.7725 12
    endloop
  endfacet
  facet normal 0.933581 0.358366 0
    outer loop
      vertex -2.37764 -20.7725 0
      vertex -2.28386 -21.0168 12
      vertex -2.28386 -21.0168 0
    endloop
  endfacet
  facet normal 0.998629 0.0523375 0
    outer loop
      vertex -2.4863 -20.2613 12
      vertex -2.5 -20 0
      vertex -2.5 -20 12
    endloop
  endfacet
  facet normal 0.998629 0.0523375 0
    outer loop
      vertex -2.5 -20 0
      vertex -2.4863 -20.2613 12
      vertex -2.4863 -20.2613 0
    endloop
  endfacet
  facet normal 0.258821 -0.965925 0
    outer loop
      vertex -0.772542 -17.6224 0
      vertex -0.519779 -17.5546 12
      vertex -0.772542 -17.6224 12
    endloop
  endfacet
  facet normal 0.258821 -0.965925 0
    outer loop
      vertex -0.519779 -17.5546 12
      vertex -0.772542 -17.6224 0
      vertex -0.519779 -17.5546 0
    endloop
  endfacet
  facet normal -0.156434 0.987688 0
    outer loop
      vertex 0.519779 -22.4454 0
      vertex 0.261321 -22.4863 12
      vertex 0.519779 -22.4454 12
    endloop
  endfacet
  facet normal -0.156434 0.987688 0
    outer loop
      vertex 0.261321 -22.4863 12
      vertex 0.519779 -22.4454 0
      vertex 0.261321 -22.4863 0
    endloop
  endfacet
  facet normal -0.358365 0.933582 0
    outer loop
      vertex 1.01684 -22.2839 0
      vertex 0.772542 -22.3776 12
      vertex 1.01684 -22.2839 12
    endloop
  endfacet
  facet normal -0.358365 0.933582 0
    outer loop
      vertex 0.772542 -22.3776 12
      vertex 1.01684 -22.2839 0
      vertex 0.772542 -22.3776 0
    endloop
  endfacet
  facet normal -0.54464 0.83867 0
    outer loop
      vertex 1.46946 -22.0225 0
      vertex 1.25 -22.1651 12
      vertex 1.46946 -22.0225 12
    endloop
  endfacet
  facet normal -0.54464 0.83867 0
    outer loop
      vertex 1.25 -22.1651 12
      vertex 1.46946 -22.0225 0
      vertex 1.25 -22.1651 0
    endloop
  endfacet
  facet normal -0.933581 0.358366 0
    outer loop
      vertex 2.28386 -21.0168 0
      vertex 2.37764 -20.7725 12
      vertex 2.37764 -20.7725 0
    endloop
  endfacet
  facet normal -0.933581 0.358366 0
    outer loop
      vertex 2.37764 -20.7725 12
      vertex 2.28386 -21.0168 0
      vertex 2.28386 -21.0168 12
    endloop
  endfacet
  facet normal -0.987688 0.156434 0
    outer loop
      vertex 2.44537 -20.5198 0
      vertex 2.4863 -20.2613 12
      vertex 2.4863 -20.2613 0
    endloop
  endfacet
  facet normal -0.987688 0.156434 0
    outer loop
      vertex 2.4863 -20.2613 12
      vertex 2.44537 -20.5198 0
      vertex 2.44537 -20.5198 12
    endloop
  endfacet
  facet normal 0.453992 0.891006 -0
    outer loop
      vertex -1.01684 -22.2839 0
      vertex -1.25 -22.1651 12
      vertex -1.01684 -22.2839 12
    endloop
  endfacet
  facet normal 0.453992 0.891006 0
    outer loop
      vertex -1.25 -22.1651 12
      vertex -1.01684 -22.2839 0
      vertex -1.25 -22.1651 0
    endloop
  endfacet
  facet normal 0.258827 0.965924 -0
    outer loop
      vertex -0.519779 -22.4454 0
      vertex -0.772542 -22.3776 12
      vertex -0.519779 -22.4454 12
    endloop
  endfacet
  facet normal 0.258827 0.965924 0
    outer loop
      vertex -0.772542 -22.3776 12
      vertex -0.519779 -22.4454 0
      vertex -0.772542 -22.3776 0
    endloop
  endfacet
  facet normal 0.987688 0.156434 0
    outer loop
      vertex -2.44537 -20.5198 12
      vertex -2.4863 -20.2613 0
      vertex -2.4863 -20.2613 12
    endloop
  endfacet
  facet normal 0.987688 0.156434 0
    outer loop
      vertex -2.4863 -20.2613 0
      vertex -2.44537 -20.5198 12
      vertex -2.44537 -20.5198 0
    endloop
  endfacet
endsolid OpenSCAD_Model
