solid OpenSCAD_Model
  facet normal -0.0523367 0.998629 0
    outer loop
      vertex 0 25.2 0
      vertex -2.63412 25.062 11.5
      vertex 0 25.2 11.5
    endloop
  endfacet
  facet normal -0.0523367 0.998629 0
    outer loop
      vertex -2.63412 25.062 11.5
      vertex 0 25.2 0
      vertex -2.63412 25.062 0
    endloop
  endfacet
  facet normal 0.0523367 -0.998629 0
    outer loop
      vertex 0 -25.2 0
      vertex 2.63412 -25.062 11.5
      vertex 0 -25.2 11.5
    endloop
  endfacet
  facet normal 0.0523367 -0.998629 0
    outer loop
      vertex 2.63412 -25.062 11.5
      vertex 0 -25.2 0
      vertex 2.63412 -25.062 0
    endloop
  endfacet
  facet normal 0.62932 0.777146 -0
    outer loop
      vertex 16.8621 18.7272 0
      vertex 14.8122 20.3872 11.5
      vertex 16.8621 18.7272 11.5
    endloop
  endfacet
  facet normal 0.62932 0.777146 0
    outer loop
      vertex 14.8122 20.3872 11.5
      vertex 16.8621 18.7272 0
      vertex 14.8122 20.3872 0
    endloop
  endfacet
  facet normal -0.707107 0.707107 0
    outer loop
      vertex -18.7272 16.8621 0
      vertex -16.8621 18.7272 11.5
      vertex -16.8621 18.7272 0
    endloop
  endfacet
  facet normal -0.707107 0.707107 0
    outer loop
      vertex -16.8621 18.7272 11.5
      vertex -18.7272 16.8621 0
      vertex -18.7272 16.8621 11.5
    endloop
  endfacet
  facet normal -0.45399 0.891007 0
    outer loop
      vertex -10.2498 23.0213 0
      vertex -12.6 21.8238 11.5
      vertex -10.2498 23.0213 11.5
    endloop
  endfacet
  facet normal -0.45399 0.891007 0
    outer loop
      vertex -12.6 21.8238 11.5
      vertex -10.2498 23.0213 0
      vertex -12.6 21.8238 0
    endloop
  endfacet
  facet normal 0.891007 0.45399 0
    outer loop
      vertex 22.2 11.8617 11.5
      vertex 21.8238 12.6 0
      vertex 21.8238 12.6 11.5
    endloop
  endfacet
  facet normal 0.891007 0.45399 0
    outer loop
      vertex 21.8238 12.6 0
      vertex 22.2 11.8617 11.5
      vertex 22.2 11.8617 0
    endloop
  endfacet
  facet normal 0.258819 0.965926 -0
    outer loop
      vertex 7.78723 23.9666 0
      vertex 5.23937 24.6493 11.5
      vertex 7.78723 23.9666 11.5
    endloop
  endfacet
  facet normal 0.258819 0.965926 0
    outer loop
      vertex 5.23937 24.6493 11.5
      vertex 7.78723 23.9666 0
      vertex 5.23937 24.6493 0
    endloop
  endfacet
  facet normal 0.156434 0.987688 -0
    outer loop
      vertex 5.23937 24.6493 0
      vertex 2.63412 25.062 11.5
      vertex 5.23937 24.6493 11.5
    endloop
  endfacet
  facet normal 0.156434 0.987688 0
    outer loop
      vertex 2.63412 25.062 11.5
      vertex 5.23937 24.6493 0
      vertex 2.63412 25.062 0
    endloop
  endfacet
  facet normal 0.45399 0.891007 -0
    outer loop
      vertex 12.6 21.8238 0
      vertex 10.2498 23.0213 11.5
      vertex 12.6 21.8238 11.5
    endloop
  endfacet
  facet normal 0.45399 0.891007 0
    outer loop
      vertex 10.2498 23.0213 11.5
      vertex 12.6 21.8238 0
      vertex 10.2498 23.0213 0
    endloop
  endfacet
  facet normal -0.891007 0.45399 0
    outer loop
      vertex -22.2 11.8617 0
      vertex -21.8238 12.6 11.5
      vertex -21.8238 12.6 0
    endloop
  endfacet
  facet normal -0.891007 0.45399 0
    outer loop
      vertex -21.8238 12.6 11.5
      vertex -22.2 11.8617 0
      vertex -22.2 11.8617 11.5
    endloop
  endfacet
  facet normal -0.544639 0.83867 0
    outer loop
      vertex -12.6 21.8238 0
      vertex -14.8122 20.3872 11.5
      vertex -12.6 21.8238 11.5
    endloop
  endfacet
  facet normal -0.544639 0.83867 0
    outer loop
      vertex -14.8122 20.3872 11.5
      vertex -12.6 21.8238 0
      vertex -14.8122 20.3872 0
    endloop
  endfacet
  facet normal -0.258819 0.965926 0
    outer loop
      vertex -5.23937 24.6493 0
      vertex -7.78723 23.9666 11.5
      vertex -5.23937 24.6493 11.5
    endloop
  endfacet
  facet normal -0.258819 0.965926 0
    outer loop
      vertex -7.78723 23.9666 11.5
      vertex -5.23937 24.6493 0
      vertex -7.78723 23.9666 0
    endloop
  endfacet
  facet normal 0.45399 -0.891007 0
    outer loop
      vertex 10.2498 -23.0213 0
      vertex 12.6 -21.8238 11.5
      vertex 10.2498 -23.0213 11.5
    endloop
  endfacet
  facet normal 0.45399 -0.891007 0
    outer loop
      vertex 12.6 -21.8238 11.5
      vertex 10.2498 -23.0213 0
      vertex 12.6 -21.8238 0
    endloop
  endfacet
  facet normal 0.777146 0.62932 0
    outer loop
      vertex 20.3872 14.8122 11.5
      vertex 18.7272 16.8621 0
      vertex 18.7272 16.8621 11.5
    endloop
  endfacet
  facet normal 0.777146 0.62932 0
    outer loop
      vertex 18.7272 16.8621 0
      vertex 20.3872 14.8122 11.5
      vertex 20.3872 14.8122 0
    endloop
  endfacet
  facet normal 0.707107 0.707107 0
    outer loop
      vertex 18.7272 16.8621 11.5
      vertex 16.8621 18.7272 0
      vertex 16.8621 18.7272 11.5
    endloop
  endfacet
  facet normal 0.707107 0.707107 0
    outer loop
      vertex 16.8621 18.7272 0
      vertex 18.7272 16.8621 11.5
      vertex 18.7272 16.8621 0
    endloop
  endfacet
  facet normal 0.83867 0.544639 0
    outer loop
      vertex 21.8238 12.6 11.5
      vertex 20.3872 14.8122 0
      vertex 20.3872 14.8122 11.5
    endloop
  endfacet
  facet normal 0.83867 0.544639 0
    outer loop
      vertex 20.3872 14.8122 0
      vertex 21.8238 12.6 11.5
      vertex 21.8238 12.6 0
    endloop
  endfacet
  facet normal 0.0523367 0.998629 -0
    outer loop
      vertex 2.63412 25.062 0
      vertex 0 25.2 11.5
      vertex 2.63412 25.062 11.5
    endloop
  endfacet
  facet normal 0.0523367 0.998629 0
    outer loop
      vertex 0 25.2 11.5
      vertex 2.63412 25.062 0
      vertex 0 25.2 0
    endloop
  endfacet
  facet normal 0.358368 0.93358 -0
    outer loop
      vertex 10.2498 23.0213 0
      vertex 7.78723 23.9666 11.5
      vertex 10.2498 23.0213 11.5
    endloop
  endfacet
  facet normal 0.358368 0.93358 0
    outer loop
      vertex 7.78723 23.9666 11.5
      vertex 10.2498 23.0213 0
      vertex 7.78723 23.9666 0
    endloop
  endfacet
  facet normal 0.544639 0.83867 -0
    outer loop
      vertex 14.8122 20.3872 0
      vertex 12.6 21.8238 11.5
      vertex 14.8122 20.3872 11.5
    endloop
  endfacet
  facet normal 0.544639 0.83867 0
    outer loop
      vertex 12.6 21.8238 11.5
      vertex 14.8122 20.3872 0
      vertex 12.6 21.8238 0
    endloop
  endfacet
  facet normal -0.83867 0.544639 0
    outer loop
      vertex -21.8238 12.6 0
      vertex -20.3872 14.8122 11.5
      vertex -20.3872 14.8122 0
    endloop
  endfacet
  facet normal -0.83867 0.544639 0
    outer loop
      vertex -20.3872 14.8122 11.5
      vertex -21.8238 12.6 0
      vertex -21.8238 12.6 11.5
    endloop
  endfacet
  facet normal -0.777146 0.62932 0
    outer loop
      vertex -20.3872 14.8122 0
      vertex -18.7272 16.8621 11.5
      vertex -18.7272 16.8621 0
    endloop
  endfacet
  facet normal -0.777146 0.62932 0
    outer loop
      vertex -18.7272 16.8621 11.5
      vertex -20.3872 14.8122 0
      vertex -20.3872 14.8122 11.5
    endloop
  endfacet
  facet normal 0 0 1
    outer loop
      vertex 7.78723 23.9666 11.5
      vertex 2.4863 20.2613 11.5
      vertex 2.5 20 11.5
    endloop
  endfacet
  facet normal 0 0 1
    outer loop
      vertex 5.23937 24.6493 11.5
      vertex 2.44537 20.5198 11.5
      vertex 2.4863 20.2613 11.5
    endloop
  endfacet
  facet normal 0 0 1
    outer loop
      vertex 5.23937 24.6493 11.5
      vertex 2.37764 20.7725 11.5
      vertex 2.44537 20.5198 11.5
    endloop
  endfacet
  facet normal 0 0 1
    outer loop
      vertex 5.23937 24.6493 11.5
      vertex 2.28386 21.0168 11.5
      vertex 2.37764 20.7725 11.5
    endloop
  endfacet
  facet normal 0 0 1
    outer loop
      vertex 5.23937 24.6493 11.5
      vertex 2.16506 21.25 11.5
      vertex 2.28386 21.0168 11.5
    endloop
  endfacet
  facet normal 0 0 1
    outer loop
      vertex 5.23937 24.6493 11.5
      vertex 2.02254 21.4695 11.5
      vertex 2.16506 21.25 11.5
    endloop
  endfacet
  facet normal 0 0 1
    outer loop
      vertex 5.23937 24.6493 11.5
      vertex 1.85786 21.6728 11.5
      vertex 2.02254 21.4695 11.5
    endloop
  endfacet
  facet normal 0 0 1
    outer loop
      vertex 2.63412 25.062 11.5
      vertex 1.67283 21.8579 11.5
      vertex 1.85786 21.6728 11.5
    endloop
  endfacet
  facet normal 0 0 1
    outer loop
      vertex 2.63412 25.062 11.5
      vertex 1.46946 22.0225 11.5
      vertex 1.67283 21.8579 11.5
    endloop
  endfacet
  facet normal 0 0 1
    outer loop
      vertex 2.63412 25.062 11.5
      vertex 1.25 22.1651 11.5
      vertex 1.46946 22.0225 11.5
    endloop
  endfacet
  facet normal 0 0 1
    outer loop
      vertex 2.63412 25.062 11.5
      vertex 1.01684 22.2839 11.5
      vertex 1.25 22.1651 11.5
    endloop
  endfacet
  facet normal 0 0 1
    outer loop
      vertex 2.63412 25.062 11.5
      vertex 0.772542 22.3776 11.5
      vertex 1.01684 22.2839 11.5
    endloop
  endfacet
  facet normal 0 0 1
    outer loop
      vertex 0 25.2 11.5
      vertex 0.772542 22.3776 11.5
      vertex 2.63412 25.062 11.5
    endloop
  endfacet
  facet normal 0 0 1
    outer loop
      vertex 0.772542 22.3776 11.5
      vertex 0 25.2 11.5
      vertex 0.519779 22.4454 11.5
    endloop
  endfacet
  facet normal 0 0 1
    outer loop
      vertex 0.519779 22.4454 11.5
      vertex 0 25.2 11.5
      vertex 0.261321 22.4863 11.5
    endloop
  endfacet
  facet normal 0 0 1
    outer loop
      vertex 0 25.2 11.5
      vertex 0 22.5 11.5
      vertex 0.261321 22.4863 11.5
    endloop
  endfacet
  facet normal 0 0 1
    outer loop
      vertex 0 25.2 11.5
      vertex -0.261321 22.4863 11.5
      vertex 0 22.5 11.5
    endloop
  endfacet
  facet normal 0 0 1
    outer loop
      vertex 0 25.2 11.5
      vertex -0.519779 22.4454 11.5
      vertex -0.261321 22.4863 11.5
    endloop
  endfacet
  facet normal 0 0 1
    outer loop
      vertex 0 25.2 11.5
      vertex -0.772542 22.3776 11.5
      vertex -0.519779 22.4454 11.5
    endloop
  endfacet
  facet normal -0 0 1
    outer loop
      vertex -2.63412 25.062 11.5
      vertex -0.772542 22.3776 11.5
      vertex 0 25.2 11.5
    endloop
  endfacet
  facet normal 0 0 1
    outer loop
      vertex -0.772542 22.3776 11.5
      vertex -2.63412 25.062 11.5
      vertex -1.01684 22.2839 11.5
    endloop
  endfacet
  facet normal 0 0 1
    outer loop
      vertex -1.01684 22.2839 11.5
      vertex -2.63412 25.062 11.5
      vertex -1.25 22.1651 11.5
    endloop
  endfacet
  facet normal 0 0 1
    outer loop
      vertex -1.25 22.1651 11.5
      vertex -2.63412 25.062 11.5
      vertex -1.46946 22.0225 11.5
    endloop
  endfacet
  facet normal 0 0 1
    outer loop
      vertex -1.46946 22.0225 11.5
      vertex -2.63412 25.062 11.5
      vertex -1.67283 21.8579 11.5
    endloop
  endfacet
  facet normal 0 0 1
    outer loop
      vertex -1.67283 21.8579 11.5
      vertex -2.63412 25.062 11.5
      vertex -1.85786 21.6728 11.5
    endloop
  endfacet
  facet normal -0 0 1
    outer loop
      vertex -5.23937 24.6493 11.5
      vertex -1.85786 21.6728 11.5
      vertex -2.63412 25.062 11.5
    endloop
  endfacet
  facet normal -0 0 1
    outer loop
      vertex -7.78723 23.9666 11.5
      vertex -2.44537 20.5198 11.5
      vertex -5.23937 24.6493 11.5
    endloop
  endfacet
  facet normal 0 0 1
    outer loop
      vertex -2.37764 20.7725 11.5
      vertex -5.23937 24.6493 11.5
      vertex -2.44537 20.5198 11.5
    endloop
  endfacet
  facet normal 0 0 1
    outer loop
      vertex -2.28386 21.0168 11.5
      vertex -5.23937 24.6493 11.5
      vertex -2.37764 20.7725 11.5
    endloop
  endfacet
  facet normal 0 0 1
    outer loop
      vertex -2.16506 21.25 11.5
      vertex -5.23937 24.6493 11.5
      vertex -2.28386 21.0168 11.5
    endloop
  endfacet
  facet normal 0 0 1
    outer loop
      vertex -2.02254 21.4695 11.5
      vertex -5.23937 24.6493 11.5
      vertex -2.16506 21.25 11.5
    endloop
  endfacet
  facet normal 0 0 1
    outer loop
      vertex -1.85786 21.6728 11.5
      vertex -5.23937 24.6493 11.5
      vertex -2.02254 21.4695 11.5
    endloop
  endfacet
  facet normal 0 0 1
    outer loop
      vertex 13.3368 7.7 11.5
      vertex 22.2 11.8617 11.5
      vertex 21.8238 12.6 11.5
    endloop
  endfacet
  facet normal 0 0 1
    outer loop
      vertex 22.2 11.8617 11.5
      vertex 15.4 0 11.5
      vertex 22.2 -11.8617 11.5
    endloop
  endfacet
  facet normal 0 0 1
    outer loop
      vertex 13.3368 7.7 11.5
      vertex 21.8238 12.6 11.5
      vertex 20.3872 14.8122 11.5
    endloop
  endfacet
  facet normal -0 0 1
    outer loop
      vertex 15.3156 -1.60974 11.5
      vertex 22.2 -11.8617 11.5
      vertex 15.4 0 11.5
    endloop
  endfacet
  facet normal 0 0 1
    outer loop
      vertex 12.4589 9.05189 11.5
      vertex 20.3872 14.8122 11.5
      vertex 18.7272 16.8621 11.5
    endloop
  endfacet
  facet normal -0 0 1
    outer loop
      vertex 15.0635 -3.20184 11.5
      vertex 22.2 -11.8617 11.5
      vertex 15.3156 -1.60974 11.5
    endloop
  endfacet
  facet normal 0 0 1
    outer loop
      vertex 11.4444 10.3046 11.5
      vertex 18.7272 16.8621 11.5
      vertex 16.8621 18.7272 11.5
    endloop
  endfacet
  facet normal -0 0 1
    outer loop
      vertex 14.6463 -4.75886 11.5
      vertex 22.2 -11.8617 11.5
      vertex 15.0635 -3.20184 11.5
    endloop
  endfacet
  facet normal -0 0 1
    outer loop
      vertex 14.0686 -6.26374 11.5
      vertex 22.2 -11.8617 11.5
      vertex 14.6463 -4.75886 11.5
    endloop
  endfacet
  facet normal 0 0 1
    outer loop
      vertex 22.2 11.8617 11.5
      vertex 15.3156 1.60974 11.5
      vertex 15.4 0 11.5
    endloop
  endfacet
  facet normal 0 0 1
    outer loop
      vertex 22.2 11.8617 11.5
      vertex 15.0635 3.20184 11.5
      vertex 15.3156 1.60974 11.5
    endloop
  endfacet
  facet normal 0 0 1
    outer loop
      vertex 10.3046 11.4444 11.5
      vertex 16.8621 18.7272 11.5
      vertex 14.8122 20.3872 11.5
    endloop
  endfacet
  facet normal 0 0 1
    outer loop
      vertex 22.2 11.8617 11.5
      vertex 14.6463 4.75886 11.5
      vertex 15.0635 3.20184 11.5
    endloop
  endfacet
  facet normal 0 0 1
    outer loop
      vertex 22.2 11.8617 11.5
      vertex 14.0686 6.26374 11.5
      vertex 14.6463 4.75886 11.5
    endloop
  endfacet
  facet normal 0 0 1
    outer loop
      vertex 22.2 11.8617 11.5
      vertex 13.3368 7.7 11.5
      vertex 14.0686 6.26374 11.5
    endloop
  endfacet
  facet normal 0 0 1
    outer loop
      vertex 9.05189 12.4589 11.5
      vertex 14.8122 20.3872 11.5
      vertex 12.6 21.8238 11.5
    endloop
  endfacet
  facet normal 0 0 1
    outer loop
      vertex 20.3872 14.8122 11.5
      vertex 12.4589 9.05189 11.5
      vertex 13.3368 7.7 11.5
    endloop
  endfacet
  facet normal 0 0 1
    outer loop
      vertex 18.7272 16.8621 11.5
      vertex 11.4444 10.3046 11.5
      vertex 12.4589 9.05189 11.5
    endloop
  endfacet
  facet normal 0 0 1
    outer loop
      vertex 16.8621 18.7272 11.5
      vertex 10.3046 11.4444 11.5
      vertex 11.4444 10.3046 11.5
    endloop
  endfacet
  facet normal 0 0 1
    outer loop
      vertex 7.7 13.3368 11.5
      vertex 12.6 21.8238 11.5
      vertex 10.2498 23.0213 11.5
    endloop
  endfacet
  facet normal 0 0 1
    outer loop
      vertex 14.8122 20.3872 11.5
      vertex 9.05189 12.4589 11.5
      vertex 10.3046 11.4444 11.5
    endloop
  endfacet
  facet normal 0 0 1
    outer loop
      vertex 2.4863 19.7387 11.5
      vertex 10.2498 23.0213 11.5
      vertex 7.78723 23.9666 11.5
    endloop
  endfacet
  facet normal 0 0 1
    outer loop
      vertex 12.6 21.8238 11.5
      vertex 7.7 13.3368 11.5
      vertex 9.05189 12.4589 11.5
    endloop
  endfacet
  facet normal 0 0 1
    outer loop
      vertex 10.2498 23.0213 11.5
      vertex 6.26374 14.0686 11.5
      vertex 7.7 13.3368 11.5
    endloop
  endfacet
  facet normal 0 0 1
    outer loop
      vertex 2.4863 20.2613 11.5
      vertex 7.78723 23.9666 11.5
      vertex 5.23937 24.6493 11.5
    endloop
  endfacet
  facet normal 0 0 1
    outer loop
      vertex 2.4863 19.7387 11.5
      vertex 7.78723 23.9666 11.5
      vertex 2.5 20 11.5
    endloop
  endfacet
  facet normal -0 0 1
    outer loop
      vertex 2.44537 19.4802 11.5
      vertex 6.26374 14.0686 11.5
      vertex 2.4863 19.7387 11.5
    endloop
  endfacet
  facet normal 0 0 1
    outer loop
      vertex 1.85786 21.6728 11.5
      vertex 5.23937 24.6493 11.5
      vertex 2.63412 25.062 11.5
    endloop
  endfacet
  facet normal 0 0 1
    outer loop
      vertex 10.2498 23.0213 11.5
      vertex 2.4863 19.7387 11.5
      vertex 6.26374 14.0686 11.5
    endloop
  endfacet
  facet normal 0 0 1
    outer loop
      vertex 6.26374 14.0686 11.5
      vertex 2.44537 19.4802 11.5
      vertex 4.75886 14.6463 11.5
    endloop
  endfacet
  facet normal -0 0 1
    outer loop
      vertex 2.37764 19.2275 11.5
      vertex 4.75886 14.6463 11.5
      vertex 2.44537 19.4802 11.5
    endloop
  endfacet
  facet normal -0 0 1
    outer loop
      vertex 2.28386 18.9832 11.5
      vertex 4.75886 14.6463 11.5
      vertex 2.37764 19.2275 11.5
    endloop
  endfacet
  facet normal -0 0 1
    outer loop
      vertex 2.16506 18.75 11.5
      vertex 4.75886 14.6463 11.5
      vertex 2.28386 18.9832 11.5
    endloop
  endfacet
  facet normal 0 0 1
    outer loop
      vertex 4.75886 14.6463 11.5
      vertex 2.16506 18.75 11.5
      vertex 3.20184 15.0635 11.5
    endloop
  endfacet
  facet normal -0 0 1
    outer loop
      vertex 2.02254 18.5305 11.5
      vertex 3.20184 15.0635 11.5
      vertex 2.16506 18.75 11.5
    endloop
  endfacet
  facet normal -0 0 1
    outer loop
      vertex 1.85786 18.3272 11.5
      vertex 3.20184 15.0635 11.5
      vertex 2.02254 18.5305 11.5
    endloop
  endfacet
  facet normal -0 0 1
    outer loop
      vertex 1.67283 18.1421 11.5
      vertex 3.20184 15.0635 11.5
      vertex 1.85786 18.3272 11.5
    endloop
  endfacet
  facet normal 0 0 1
    outer loop
      vertex 1.67283 18.1421 11.5
      vertex 1.60974 15.3156 11.5
      vertex 3.20184 15.0635 11.5
    endloop
  endfacet
  facet normal -0 0 1
    outer loop
      vertex 1.46946 17.9775 11.5
      vertex 1.60974 15.3156 11.5
      vertex 1.67283 18.1421 11.5
    endloop
  endfacet
  facet normal -0 0 1
    outer loop
      vertex 1.25 17.8349 11.5
      vertex 1.60974 15.3156 11.5
      vertex 1.46946 17.9775 11.5
    endloop
  endfacet
  facet normal -0 0 1
    outer loop
      vertex 1.01684 17.7161 11.5
      vertex 1.60974 15.3156 11.5
      vertex 1.25 17.8349 11.5
    endloop
  endfacet
  facet normal -0 0 1
    outer loop
      vertex 0.772542 17.6224 11.5
      vertex 1.60974 15.3156 11.5
      vertex 1.01684 17.7161 11.5
    endloop
  endfacet
  facet normal -0 0 1
    outer loop
      vertex 0.519779 17.5546 11.5
      vertex 1.60974 15.3156 11.5
      vertex 0.772542 17.6224 11.5
    endloop
  endfacet
  facet normal 0 0 1
    outer loop
      vertex 0 15.4 11.5
      vertex 0.519779 17.5546 11.5
      vertex 0.261321 17.5137 11.5
    endloop
  endfacet
  facet normal 0 0 1
    outer loop
      vertex 0 15.4 11.5
      vertex 0.261321 17.5137 11.5
      vertex 0 17.5 11.5
    endloop
  endfacet
  facet normal 0 0 1
    outer loop
      vertex 0.519779 17.5546 11.5
      vertex 0 15.4 11.5
      vertex 1.60974 15.3156 11.5
    endloop
  endfacet
  facet normal 0 0 1
    outer loop
      vertex -0.261321 17.5137 11.5
      vertex 0 15.4 11.5
      vertex 0 17.5 11.5
    endloop
  endfacet
  facet normal 0 0 1
    outer loop
      vertex -0.519779 17.5546 11.5
      vertex 0 15.4 11.5
      vertex -0.261321 17.5137 11.5
    endloop
  endfacet
  facet normal 0 0 1
    outer loop
      vertex -1.60974 15.3156 11.5
      vertex -0.519779 17.5546 11.5
      vertex -0.772542 17.6224 11.5
    endloop
  endfacet
  facet normal 0 0 1
    outer loop
      vertex -1.60974 15.3156 11.5
      vertex -0.772542 17.6224 11.5
      vertex -1.01684 17.7161 11.5
    endloop
  endfacet
  facet normal 0 0 1
    outer loop
      vertex -1.60974 15.3156 11.5
      vertex -1.01684 17.7161 11.5
      vertex -1.25 17.8349 11.5
    endloop
  endfacet
  facet normal 0 0 1
    outer loop
      vertex -1.60974 15.3156 11.5
      vertex -1.25 17.8349 11.5
      vertex -1.46946 17.9775 11.5
    endloop
  endfacet
  facet normal 0 0 1
    outer loop
      vertex -0.519779 17.5546 11.5
      vertex -1.60974 15.3156 11.5
      vertex 0 15.4 11.5
    endloop
  endfacet
  facet normal 0 0 1
    outer loop
      vertex -1.67283 18.1421 11.5
      vertex -1.60974 15.3156 11.5
      vertex -1.46946 17.9775 11.5
    endloop
  endfacet
  facet normal 0 0 1
    outer loop
      vertex -3.20184 15.0635 11.5
      vertex -1.67283 18.1421 11.5
      vertex -1.85786 18.3272 11.5
    endloop
  endfacet
  facet normal 0 0 1
    outer loop
      vertex -3.20184 15.0635 11.5
      vertex -1.85786 18.3272 11.5
      vertex -2.02254 18.5305 11.5
    endloop
  endfacet
  facet normal 0 0 1
    outer loop
      vertex -3.20184 15.0635 11.5
      vertex -2.02254 18.5305 11.5
      vertex -2.16506 18.75 11.5
    endloop
  endfacet
  facet normal 0 0 1
    outer loop
      vertex -4.75886 14.6463 11.5
      vertex -2.16506 18.75 11.5
      vertex -2.28386 18.9832 11.5
    endloop
  endfacet
  facet normal 0 0 1
    outer loop
      vertex -4.75886 14.6463 11.5
      vertex -2.28386 18.9832 11.5
      vertex -2.37764 19.2275 11.5
    endloop
  endfacet
  facet normal 0 0 1
    outer loop
      vertex -4.75886 14.6463 11.5
      vertex -2.37764 19.2275 11.5
      vertex -2.44537 19.4802 11.5
    endloop
  endfacet
  facet normal 0 0 1
    outer loop
      vertex -1.67283 18.1421 11.5
      vertex -3.20184 15.0635 11.5
      vertex -1.60974 15.3156 11.5
    endloop
  endfacet
  facet normal 0 0 1
    outer loop
      vertex -6.26374 14.0686 11.5
      vertex -2.44537 19.4802 11.5
      vertex -2.4863 19.7387 11.5
    endloop
  endfacet
  facet normal 0 0 1
    outer loop
      vertex -7.78723 23.9666 11.5
      vertex -2.4863 19.7387 11.5
      vertex -2.5 20 11.5
    endloop
  endfacet
  facet normal 0 0 1
    outer loop
      vertex -2.44537 20.5198 11.5
      vertex -7.78723 23.9666 11.5
      vertex -2.4863 20.2613 11.5
    endloop
  endfacet
  facet normal 0 0 1
    outer loop
      vertex -2.4863 20.2613 11.5
      vertex -7.78723 23.9666 11.5
      vertex -2.5 20 11.5
    endloop
  endfacet
  facet normal 0 0 1
    outer loop
      vertex -2.16506 18.75 11.5
      vertex -4.75886 14.6463 11.5
      vertex -3.20184 15.0635 11.5
    endloop
  endfacet
  facet normal 0 0 1
    outer loop
      vertex -2.4863 19.7387 11.5
      vertex -7.78723 23.9666 11.5
      vertex -10.2498 23.0213 11.5
    endloop
  endfacet
  facet normal 0 0 1
    outer loop
      vertex -2.44537 19.4802 11.5
      vertex -6.26374 14.0686 11.5
      vertex -4.75886 14.6463 11.5
    endloop
  endfacet
  facet normal 0 0 1
    outer loop
      vertex -2.4863 19.7387 11.5
      vertex -10.2498 23.0213 11.5
      vertex -6.26374 14.0686 11.5
    endloop
  endfacet
  facet normal 0 0 1
    outer loop
      vertex -6.26374 14.0686 11.5
      vertex -10.2498 23.0213 11.5
      vertex -7.7 13.3368 11.5
    endloop
  endfacet
  facet normal -0 0 1
    outer loop
      vertex -12.6 21.8238 11.5
      vertex -7.7 13.3368 11.5
      vertex -10.2498 23.0213 11.5
    endloop
  endfacet
  facet normal 0 0 1
    outer loop
      vertex -7.7 13.3368 11.5
      vertex -12.6 21.8238 11.5
      vertex -9.05189 12.4589 11.5
    endloop
  endfacet
  facet normal -0 0 1
    outer loop
      vertex -14.8122 20.3872 11.5
      vertex -9.05189 12.4589 11.5
      vertex -12.6 21.8238 11.5
    endloop
  endfacet
  facet normal 0 0 1
    outer loop
      vertex -9.05189 12.4589 11.5
      vertex -14.8122 20.3872 11.5
      vertex -10.3046 11.4444 11.5
    endloop
  endfacet
  facet normal -0 0 1
    outer loop
      vertex -16.8621 18.7272 11.5
      vertex -10.3046 11.4444 11.5
      vertex -14.8122 20.3872 11.5
    endloop
  endfacet
  facet normal 0 0 1
    outer loop
      vertex -10.3046 11.4444 11.5
      vertex -16.8621 18.7272 11.5
      vertex -11.4444 10.3046 11.5
    endloop
  endfacet
  facet normal -0 0 1
    outer loop
      vertex -18.7272 16.8621 11.5
      vertex -11.4444 10.3046 11.5
      vertex -16.8621 18.7272 11.5
    endloop
  endfacet
  facet normal 0 0 1
    outer loop
      vertex -11.4444 10.3046 11.5
      vertex -18.7272 16.8621 11.5
      vertex -12.4589 9.05189 11.5
    endloop
  endfacet
  facet normal -0 0 1
    outer loop
      vertex -20.3872 14.8122 11.5
      vertex -12.4589 9.05189 11.5
      vertex -18.7272 16.8621 11.5
    endloop
  endfacet
  facet normal 0 0 1
    outer loop
      vertex -12.4589 9.05189 11.5
      vertex -20.3872 14.8122 11.5
      vertex -13.3368 7.7 11.5
    endloop
  endfacet
  facet normal -0 0 1
    outer loop
      vertex -21.8238 12.6 11.5
      vertex -13.3368 7.7 11.5
      vertex -20.3872 14.8122 11.5
    endloop
  endfacet
  facet normal -0 0 1
    outer loop
      vertex -22.2 11.8617 11.5
      vertex -13.3368 7.7 11.5
      vertex -21.8238 12.6 11.5
    endloop
  endfacet
  facet normal 0 0 1
    outer loop
      vertex -13.3368 7.7 11.5
      vertex -22.2 11.8617 11.5
      vertex -14.0686 6.26374 11.5
    endloop
  endfacet
  facet normal -0 0 1
    outer loop
      vertex 13.3368 -7.7 11.5
      vertex 22.2 -11.8617 11.5
      vertex 14.0686 -6.26374 11.5
    endloop
  endfacet
  facet normal 0 0 1
    outer loop
      vertex 22.2 -11.8617 11.5
      vertex 13.3368 -7.7 11.5
      vertex 21.8238 -12.6 11.5
    endloop
  endfacet
  facet normal 0 0 1
    outer loop
      vertex 21.8238 -12.6 11.5
      vertex 13.3368 -7.7 11.5
      vertex 20.3872 -14.8122 11.5
    endloop
  endfacet
  facet normal -0 0 1
    outer loop
      vertex 12.4589 -9.05189 11.5
      vertex 20.3872 -14.8122 11.5
      vertex 13.3368 -7.7 11.5
    endloop
  endfacet
  facet normal 0 0 1
    outer loop
      vertex 20.3872 -14.8122 11.5
      vertex 12.4589 -9.05189 11.5
      vertex 18.7272 -16.8621 11.5
    endloop
  endfacet
  facet normal -0 0 1
    outer loop
      vertex 11.4444 -10.3046 11.5
      vertex 18.7272 -16.8621 11.5
      vertex 12.4589 -9.05189 11.5
    endloop
  endfacet
  facet normal 0 0 1
    outer loop
      vertex 18.7272 -16.8621 11.5
      vertex 11.4444 -10.3046 11.5
      vertex 16.8621 -18.7272 11.5
    endloop
  endfacet
  facet normal -0 0 1
    outer loop
      vertex 10.3046 -11.4444 11.5
      vertex 16.8621 -18.7272 11.5
      vertex 11.4444 -10.3046 11.5
    endloop
  endfacet
  facet normal 0 0 1
    outer loop
      vertex 16.8621 -18.7272 11.5
      vertex 10.3046 -11.4444 11.5
      vertex 14.8122 -20.3872 11.5
    endloop
  endfacet
  facet normal -0 0 1
    outer loop
      vertex 9.05189 -12.4589 11.5
      vertex 14.8122 -20.3872 11.5
      vertex 10.3046 -11.4444 11.5
    endloop
  endfacet
  facet normal 0 0 1
    outer loop
      vertex 14.8122 -20.3872 11.5
      vertex 9.05189 -12.4589 11.5
      vertex 12.6 -21.8238 11.5
    endloop
  endfacet
  facet normal -0 0 1
    outer loop
      vertex 7.7 -13.3368 11.5
      vertex 12.6 -21.8238 11.5
      vertex 9.05189 -12.4589 11.5
    endloop
  endfacet
  facet normal 0 0 1
    outer loop
      vertex 12.6 -21.8238 11.5
      vertex 7.7 -13.3368 11.5
      vertex 10.2498 -23.0213 11.5
    endloop
  endfacet
  facet normal -0 0 1
    outer loop
      vertex 6.26374 -14.0686 11.5
      vertex 10.2498 -23.0213 11.5
      vertex 7.7 -13.3368 11.5
    endloop
  endfacet
  facet normal -0 0 1
    outer loop
      vertex 2.4863 -19.7387 11.5
      vertex 10.2498 -23.0213 11.5
      vertex 6.26374 -14.0686 11.5
    endloop
  endfacet
  facet normal 0 0 1
    outer loop
      vertex 10.2498 -23.0213 11.5
      vertex 2.4863 -19.7387 11.5
      vertex 7.78723 -23.9666 11.5
    endloop
  endfacet
  facet normal 0 0 1
    outer loop
      vertex 2.44537 -19.4802 11.5
      vertex 6.26374 -14.0686 11.5
      vertex 4.75886 -14.6463 11.5
    endloop
  endfacet
  facet normal 0 0 1
    outer loop
      vertex 2.16506 -18.75 11.5
      vertex 4.75886 -14.6463 11.5
      vertex 3.20184 -15.0635 11.5
    endloop
  endfacet
  facet normal 0 0 1
    outer loop
      vertex 7.78723 -23.9666 11.5
      vertex 2.4863 -19.7387 11.5
      vertex 2.5 -20 11.5
    endloop
  endfacet
  facet normal -0 0 1
    outer loop
      vertex 2.44537 -20.5198 11.5
      vertex 7.78723 -23.9666 11.5
      vertex 2.4863 -20.2613 11.5
    endloop
  endfacet
  facet normal -0 0 1
    outer loop
      vertex 2.4863 -20.2613 11.5
      vertex 7.78723 -23.9666 11.5
      vertex 2.5 -20 11.5
    endloop
  endfacet
  facet normal 0 0 1
    outer loop
      vertex 6.26374 -14.0686 11.5
      vertex 2.44537 -19.4802 11.5
      vertex 2.4863 -19.7387 11.5
    endloop
  endfacet
  facet normal 0 0 1
    outer loop
      vertex 4.75886 -14.6463 11.5
      vertex 2.37764 -19.2275 11.5
      vertex 2.44537 -19.4802 11.5
    endloop
  endfacet
  facet normal 0 0 1
    outer loop
      vertex 4.75886 -14.6463 11.5
      vertex 2.28386 -18.9832 11.5
      vertex 2.37764 -19.2275 11.5
    endloop
  endfacet
  facet normal 0 0 1
    outer loop
      vertex 4.75886 -14.6463 11.5
      vertex 2.16506 -18.75 11.5
      vertex 2.28386 -18.9832 11.5
    endloop
  endfacet
  facet normal 0 0 1
    outer loop
      vertex 3.20184 -15.0635 11.5
      vertex 2.02254 -18.5305 11.5
      vertex 2.16506 -18.75 11.5
    endloop
  endfacet
  facet normal 0 0 1
    outer loop
      vertex 3.20184 -15.0635 11.5
      vertex 1.85786 -18.3272 11.5
      vertex 2.02254 -18.5305 11.5
    endloop
  endfacet
  facet normal 0 0 1
    outer loop
      vertex 3.20184 -15.0635 11.5
      vertex 1.67283 -18.1421 11.5
      vertex 1.85786 -18.3272 11.5
    endloop
  endfacet
  facet normal -0 0 1
    outer loop
      vertex 1.60974 -15.3156 11.5
      vertex 1.67283 -18.1421 11.5
      vertex 3.20184 -15.0635 11.5
    endloop
  endfacet
  facet normal 0 0 1
    outer loop
      vertex 1.60974 -15.3156 11.5
      vertex 1.46946 -17.9775 11.5
      vertex 1.67283 -18.1421 11.5
    endloop
  endfacet
  facet normal 0 0 1
    outer loop
      vertex 1.60974 -15.3156 11.5
      vertex 1.25 -17.8349 11.5
      vertex 1.46946 -17.9775 11.5
    endloop
  endfacet
  facet normal 0 0 1
    outer loop
      vertex 1.60974 -15.3156 11.5
      vertex 1.01684 -17.7161 11.5
      vertex 1.25 -17.8349 11.5
    endloop
  endfacet
  facet normal 0 0 1
    outer loop
      vertex 1.60974 -15.3156 11.5
      vertex 0.772542 -17.6224 11.5
      vertex 1.01684 -17.7161 11.5
    endloop
  endfacet
  facet normal 0 0 1
    outer loop
      vertex 1.60974 -15.3156 11.5
      vertex 0.519779 -17.5546 11.5
      vertex 0.772542 -17.6224 11.5
    endloop
  endfacet
  facet normal -0 0 1
    outer loop
      vertex 0 -15.4 11.5
      vertex 0.519779 -17.5546 11.5
      vertex 1.60974 -15.3156 11.5
    endloop
  endfacet
  facet normal 0 0 1
    outer loop
      vertex 0.519779 -17.5546 11.5
      vertex 0 -15.4 11.5
      vertex 0.261321 -17.5137 11.5
    endloop
  endfacet
  facet normal 0 0 1
    outer loop
      vertex 0 -15.4 11.5
      vertex 0 -17.5 11.5
      vertex 0.261321 -17.5137 11.5
    endloop
  endfacet
  facet normal 0 0 1
    outer loop
      vertex 0 -15.4 11.5
      vertex -0.261321 -17.5137 11.5
      vertex 0 -17.5 11.5
    endloop
  endfacet
  facet normal 0 0 1
    outer loop
      vertex 0 -15.4 11.5
      vertex -0.519779 -17.5546 11.5
      vertex -0.261321 -17.5137 11.5
    endloop
  endfacet
  facet normal 0 0 1
    outer loop
      vertex -1.60974 -15.3156 11.5
      vertex -0.519779 -17.5546 11.5
      vertex 0 -15.4 11.5
    endloop
  endfacet
  facet normal 0 0 1
    outer loop
      vertex -0.519779 -17.5546 11.5
      vertex -1.60974 -15.3156 11.5
      vertex -0.772542 -17.6224 11.5
    endloop
  endfacet
  facet normal 0 0 1
    outer loop
      vertex -0.772542 -17.6224 11.5
      vertex -1.60974 -15.3156 11.5
      vertex -1.01684 -17.7161 11.5
    endloop
  endfacet
  facet normal 0 0 1
    outer loop
      vertex -1.01684 -17.7161 11.5
      vertex -1.60974 -15.3156 11.5
      vertex -1.25 -17.8349 11.5
    endloop
  endfacet
  facet normal 0 0 1
    outer loop
      vertex -1.25 -17.8349 11.5
      vertex -1.60974 -15.3156 11.5
      vertex -1.46946 -17.9775 11.5
    endloop
  endfacet
  facet normal 0 0 1
    outer loop
      vertex -1.60974 -15.3156 11.5
      vertex -1.67283 -18.1421 11.5
      vertex -1.46946 -17.9775 11.5
    endloop
  endfacet
  facet normal 0 0 1
    outer loop
      vertex -3.20184 -15.0635 11.5
      vertex -1.67283 -18.1421 11.5
      vertex -1.60974 -15.3156 11.5
    endloop
  endfacet
  facet normal 0 0 1
    outer loop
      vertex -1.67283 -18.1421 11.5
      vertex -3.20184 -15.0635 11.5
      vertex -1.85786 -18.3272 11.5
    endloop
  endfacet
  facet normal 0 0 1
    outer loop
      vertex -1.85786 -18.3272 11.5
      vertex -3.20184 -15.0635 11.5
      vertex -2.02254 -18.5305 11.5
    endloop
  endfacet
  facet normal 0 0 1
    outer loop
      vertex -2.02254 -18.5305 11.5
      vertex -3.20184 -15.0635 11.5
      vertex -2.16506 -18.75 11.5
    endloop
  endfacet
  facet normal 0 0 1
    outer loop
      vertex -4.75886 -14.6463 11.5
      vertex -2.16506 -18.75 11.5
      vertex -3.20184 -15.0635 11.5
    endloop
  endfacet
  facet normal 0 0 1
    outer loop
      vertex -2.16506 -18.75 11.5
      vertex -4.75886 -14.6463 11.5
      vertex -2.28386 -18.9832 11.5
    endloop
  endfacet
  facet normal 0 0 1
    outer loop
      vertex -2.28386 -18.9832 11.5
      vertex -4.75886 -14.6463 11.5
      vertex -2.37764 -19.2275 11.5
    endloop
  endfacet
  facet normal 0 0 1
    outer loop
      vertex -2.37764 -19.2275 11.5
      vertex -4.75886 -14.6463 11.5
      vertex -2.44537 -19.4802 11.5
    endloop
  endfacet
  facet normal 0 0 1
    outer loop
      vertex -6.26374 -14.0686 11.5
      vertex -2.44537 -19.4802 11.5
      vertex -4.75886 -14.6463 11.5
    endloop
  endfacet
  facet normal 0 0 1
    outer loop
      vertex -2.44537 -19.4802 11.5
      vertex -6.26374 -14.0686 11.5
      vertex -2.4863 -19.7387 11.5
    endloop
  endfacet
  facet normal 0 0 1
    outer loop
      vertex -10.2498 -23.0213 11.5
      vertex -2.4863 -19.7387 11.5
      vertex -6.26374 -14.0686 11.5
    endloop
  endfacet
  facet normal 0 0 1
    outer loop
      vertex -2.5 -20 11.5
      vertex -5.23937 -24.6493 11.5
      vertex -2.63412 -25.062 11.5
    endloop
  endfacet
  facet normal 0 -0 1
    outer loop
      vertex -7.78723 -23.9666 11.5
      vertex -2.4863 -19.7387 11.5
      vertex -10.2498 -23.0213 11.5
    endloop
  endfacet
  facet normal 0 0 1
    outer loop
      vertex -10.2498 -23.0213 11.5
      vertex -6.26374 -14.0686 11.5
      vertex -7.7 -13.3368 11.5
    endloop
  endfacet
  facet normal 0 0 1
    outer loop
      vertex -2.5 -20 11.5
      vertex -7.78723 -23.9666 11.5
      vertex -5.23937 -24.6493 11.5
    endloop
  endfacet
  facet normal 0 0 1
    outer loop
      vertex -12.6 -21.8238 11.5
      vertex -7.7 -13.3368 11.5
      vertex -9.05189 -12.4589 11.5
    endloop
  endfacet
  facet normal 0 0 1
    outer loop
      vertex -2.4863 -19.7387 11.5
      vertex -7.78723 -23.9666 11.5
      vertex -2.5 -20 11.5
    endloop
  endfacet
  facet normal 0 0 1
    outer loop
      vertex -14.8122 -20.3872 11.5
      vertex -9.05189 -12.4589 11.5
      vertex -10.3046 -11.4444 11.5
    endloop
  endfacet
  facet normal 0 0 1
    outer loop
      vertex -16.8621 -18.7272 11.5
      vertex -10.3046 -11.4444 11.5
      vertex -11.4444 -10.3046 11.5
    endloop
  endfacet
  facet normal 0 0 1
    outer loop
      vertex -18.7272 -16.8621 11.5
      vertex -11.4444 -10.3046 11.5
      vertex -12.4589 -9.05189 11.5
    endloop
  endfacet
  facet normal 0 0 1
    outer loop
      vertex -7.7 -13.3368 11.5
      vertex -12.6 -21.8238 11.5
      vertex -10.2498 -23.0213 11.5
    endloop
  endfacet
  facet normal 0 0 1
    outer loop
      vertex -20.3872 -14.8122 11.5
      vertex -12.4589 -9.05189 11.5
      vertex -13.3368 -7.7 11.5
    endloop
  endfacet
  facet normal 0 0 1
    outer loop
      vertex -22.2 -11.8617 11.5
      vertex -13.3368 -7.7 11.5
      vertex -14.0686 -6.26374 11.5
    endloop
  endfacet
  facet normal 0 0 1
    outer loop
      vertex -22.2 -11.8617 11.5
      vertex -14.0686 -6.26374 11.5
      vertex -14.6463 -4.75886 11.5
    endloop
  endfacet
  facet normal 0 0 1
    outer loop
      vertex -9.05189 -12.4589 11.5
      vertex -14.8122 -20.3872 11.5
      vertex -12.6 -21.8238 11.5
    endloop
  endfacet
  facet normal 0 0 1
    outer loop
      vertex -22.2 -11.8617 11.5
      vertex -14.6463 -4.75886 11.5
      vertex -15.0635 -3.20184 11.5
    endloop
  endfacet
  facet normal 0 0 1
    outer loop
      vertex -22.2 -11.8617 11.5
      vertex -15.0635 -3.20184 11.5
      vertex -15.3156 -1.60974 11.5
    endloop
  endfacet
  facet normal 0 0 1
    outer loop
      vertex -22.2 -11.8617 11.5
      vertex -15.3156 -1.60974 11.5
      vertex -15.4 0 11.5
    endloop
  endfacet
  facet normal 0 0 1
    outer loop
      vertex -14.0686 6.26374 11.5
      vertex -22.2 11.8617 11.5
      vertex -14.6463 4.75886 11.5
    endloop
  endfacet
  facet normal 0 0 1
    outer loop
      vertex -10.3046 -11.4444 11.5
      vertex -16.8621 -18.7272 11.5
      vertex -14.8122 -20.3872 11.5
    endloop
  endfacet
  facet normal 0 0 1
    outer loop
      vertex -14.6463 4.75886 11.5
      vertex -22.2 11.8617 11.5
      vertex -15.0635 3.20184 11.5
    endloop
  endfacet
  facet normal 0 0 1
    outer loop
      vertex -11.4444 -10.3046 11.5
      vertex -18.7272 -16.8621 11.5
      vertex -16.8621 -18.7272 11.5
    endloop
  endfacet
  facet normal 0 0 1
    outer loop
      vertex -15.0635 3.20184 11.5
      vertex -22.2 11.8617 11.5
      vertex -15.3156 1.60974 11.5
    endloop
  endfacet
  facet normal 0 0 1
    outer loop
      vertex -12.4589 -9.05189 11.5
      vertex -20.3872 -14.8122 11.5
      vertex -18.7272 -16.8621 11.5
    endloop
  endfacet
  facet normal 0 0 1
    outer loop
      vertex -15.3156 1.60974 11.5
      vertex -22.2 11.8617 11.5
      vertex -15.4 0 11.5
    endloop
  endfacet
  facet normal 0 0 1
    outer loop
      vertex -22.2 -11.8617 11.5
      vertex -15.4 0 11.5
      vertex -22.2 11.8617 11.5
    endloop
  endfacet
  facet normal 0 0 1
    outer loop
      vertex -13.3368 -7.7 11.5
      vertex -22.2 -11.8617 11.5
      vertex -21.8238 -12.6 11.5
    endloop
  endfacet
  facet normal 0 0 1
    outer loop
      vertex -13.3368 -7.7 11.5
      vertex -21.8238 -12.6 11.5
      vertex -20.3872 -14.8122 11.5
    endloop
  endfacet
  facet normal 0 0 1
    outer loop
      vertex 7.78723 -23.9666 11.5
      vertex 2.44537 -20.5198 11.5
      vertex 5.23937 -24.6493 11.5
    endloop
  endfacet
  facet normal -0 0 1
    outer loop
      vertex 2.37764 -20.7725 11.5
      vertex 5.23937 -24.6493 11.5
      vertex 2.44537 -20.5198 11.5
    endloop
  endfacet
  facet normal -0 0 1
    outer loop
      vertex 2.28386 -21.0168 11.5
      vertex 5.23937 -24.6493 11.5
      vertex 2.37764 -20.7725 11.5
    endloop
  endfacet
  facet normal -0 0 1
    outer loop
      vertex 2.16506 -21.25 11.5
      vertex 5.23937 -24.6493 11.5
      vertex 2.28386 -21.0168 11.5
    endloop
  endfacet
  facet normal -0 0 1
    outer loop
      vertex 2.02254 -21.4695 11.5
      vertex 5.23937 -24.6493 11.5
      vertex 2.16506 -21.25 11.5
    endloop
  endfacet
  facet normal -0 0 1
    outer loop
      vertex 1.85786 -21.6728 11.5
      vertex 5.23937 -24.6493 11.5
      vertex 2.02254 -21.4695 11.5
    endloop
  endfacet
  facet normal 0 0 1
    outer loop
      vertex 5.23937 -24.6493 11.5
      vertex 1.85786 -21.6728 11.5
      vertex 2.63412 -25.062 11.5
    endloop
  endfacet
  facet normal -0 0 1
    outer loop
      vertex 1.67283 -21.8579 11.5
      vertex 2.63412 -25.062 11.5
      vertex 1.85786 -21.6728 11.5
    endloop
  endfacet
  facet normal -0 0 1
    outer loop
      vertex 1.46946 -22.0225 11.5
      vertex 2.63412 -25.062 11.5
      vertex 1.67283 -21.8579 11.5
    endloop
  endfacet
  facet normal -0 0 1
    outer loop
      vertex 1.25 -22.1651 11.5
      vertex 2.63412 -25.062 11.5
      vertex 1.46946 -22.0225 11.5
    endloop
  endfacet
  facet normal -0 0 1
    outer loop
      vertex 1.01684 -22.2839 11.5
      vertex 2.63412 -25.062 11.5
      vertex 1.25 -22.1651 11.5
    endloop
  endfacet
  facet normal -0 0 1
    outer loop
      vertex 0.772542 -22.3776 11.5
      vertex 2.63412 -25.062 11.5
      vertex 1.01684 -22.2839 11.5
    endloop
  endfacet
  facet normal 0 0 1
    outer loop
      vertex 0 -25.2 11.5
      vertex 0.772542 -22.3776 11.5
      vertex 0.519779 -22.4454 11.5
    endloop
  endfacet
  facet normal 0 0 1
    outer loop
      vertex 0 -25.2 11.5
      vertex 0.519779 -22.4454 11.5
      vertex 0.261321 -22.4863 11.5
    endloop
  endfacet
  facet normal 0 0 1
    outer loop
      vertex 0 -25.2 11.5
      vertex 0.261321 -22.4863 11.5
      vertex 0 -22.5 11.5
    endloop
  endfacet
  facet normal 0 0 1
    outer loop
      vertex 0.772542 -22.3776 11.5
      vertex 0 -25.2 11.5
      vertex 2.63412 -25.062 11.5
    endloop
  endfacet
  facet normal 0 0 1
    outer loop
      vertex -0.261321 -22.4863 11.5
      vertex 0 -25.2 11.5
      vertex 0 -22.5 11.5
    endloop
  endfacet
  facet normal 0 0 1
    outer loop
      vertex -0.519779 -22.4454 11.5
      vertex 0 -25.2 11.5
      vertex -0.261321 -22.4863 11.5
    endloop
  endfacet
  facet normal 0 0 1
    outer loop
      vertex -0.772542 -22.3776 11.5
      vertex 0 -25.2 11.5
      vertex -0.519779 -22.4454 11.5
    endloop
  endfacet
  facet normal 0 0 1
    outer loop
      vertex -2.63412 -25.062 11.5
      vertex -0.772542 -22.3776 11.5
      vertex -1.01684 -22.2839 11.5
    endloop
  endfacet
  facet normal 0 0 1
    outer loop
      vertex -2.63412 -25.062 11.5
      vertex -1.01684 -22.2839 11.5
      vertex -1.25 -22.1651 11.5
    endloop
  endfacet
  facet normal 0 0 1
    outer loop
      vertex -2.63412 -25.062 11.5
      vertex -1.25 -22.1651 11.5
      vertex -1.46946 -22.0225 11.5
    endloop
  endfacet
  facet normal 0 0 1
    outer loop
      vertex -2.63412 -25.062 11.5
      vertex -1.46946 -22.0225 11.5
      vertex -1.67283 -21.8579 11.5
    endloop
  endfacet
  facet normal 0 0 1
    outer loop
      vertex -2.63412 -25.062 11.5
      vertex -1.67283 -21.8579 11.5
      vertex -1.85786 -21.6728 11.5
    endloop
  endfacet
  facet normal 0 0 1
    outer loop
      vertex -2.63412 -25.062 11.5
      vertex -1.85786 -21.6728 11.5
      vertex -2.02254 -21.4695 11.5
    endloop
  endfacet
  facet normal 0 0 1
    outer loop
      vertex -2.63412 -25.062 11.5
      vertex -2.02254 -21.4695 11.5
      vertex -2.16506 -21.25 11.5
    endloop
  endfacet
  facet normal 0 0 1
    outer loop
      vertex -0.772542 -22.3776 11.5
      vertex -2.63412 -25.062 11.5
      vertex 0 -25.2 11.5
    endloop
  endfacet
  facet normal 0 0 1
    outer loop
      vertex -2.28386 -21.0168 11.5
      vertex -2.63412 -25.062 11.5
      vertex -2.16506 -21.25 11.5
    endloop
  endfacet
  facet normal 0 0 1
    outer loop
      vertex -2.37764 -20.7725 11.5
      vertex -2.63412 -25.062 11.5
      vertex -2.28386 -21.0168 11.5
    endloop
  endfacet
  facet normal 0 0 1
    outer loop
      vertex -2.44537 -20.5198 11.5
      vertex -2.63412 -25.062 11.5
      vertex -2.37764 -20.7725 11.5
    endloop
  endfacet
  facet normal 0 0 1
    outer loop
      vertex -2.4863 -20.2613 11.5
      vertex -2.63412 -25.062 11.5
      vertex -2.44537 -20.5198 11.5
    endloop
  endfacet
  facet normal 0 0 1
    outer loop
      vertex -2.63412 -25.062 11.5
      vertex -2.4863 -20.2613 11.5
      vertex -2.5 -20 11.5
    endloop
  endfacet
  facet normal -0.62932 0.777146 0
    outer loop
      vertex -14.8122 20.3872 0
      vertex -16.8621 18.7272 11.5
      vertex -14.8122 20.3872 11.5
    endloop
  endfacet
  facet normal -0.62932 0.777146 0
    outer loop
      vertex -16.8621 18.7272 11.5
      vertex -14.8122 20.3872 0
      vertex -16.8621 18.7272 0
    endloop
  endfacet
  facet normal -0.358368 0.93358 0
    outer loop
      vertex -7.78723 23.9666 0
      vertex -10.2498 23.0213 11.5
      vertex -7.78723 23.9666 11.5
    endloop
  endfacet
  facet normal -0.358368 0.93358 0
    outer loop
      vertex -10.2498 23.0213 11.5
      vertex -7.78723 23.9666 0
      vertex -10.2498 23.0213 0
    endloop
  endfacet
  facet normal -0.156434 0.987688 0
    outer loop
      vertex -2.63412 25.062 0
      vertex -5.23937 24.6493 11.5
      vertex -2.63412 25.062 11.5
    endloop
  endfacet
  facet normal -0.156434 0.987688 0
    outer loop
      vertex -5.23937 24.6493 11.5
      vertex -2.63412 25.062 0
      vertex -5.23937 24.6493 0
    endloop
  endfacet
  facet normal 0.777146 -0.62932 0
    outer loop
      vertex 18.7272 -16.8621 11.5
      vertex 20.3872 -14.8122 0
      vertex 20.3872 -14.8122 11.5
    endloop
  endfacet
  facet normal 0.777146 -0.62932 0
    outer loop
      vertex 20.3872 -14.8122 0
      vertex 18.7272 -16.8621 11.5
      vertex 18.7272 -16.8621 0
    endloop
  endfacet
  facet normal -0.891007 -0.45399 0
    outer loop
      vertex -21.8238 -12.6 0
      vertex -22.2 -11.8617 11.5
      vertex -22.2 -11.8617 0
    endloop
  endfacet
  facet normal -0.891007 -0.45399 0
    outer loop
      vertex -22.2 -11.8617 11.5
      vertex -21.8238 -12.6 0
      vertex -21.8238 -12.6 11.5
    endloop
  endfacet
  facet normal 0 0 -1
    outer loop
      vertex 7.78723 -23.9666 0
      vertex 2.4863 -20.2613 0
      vertex 2.5 -20 0
    endloop
  endfacet
  facet normal 0 0 -1
    outer loop
      vertex 5.23937 -24.6493 0
      vertex 2.44537 -20.5198 0
      vertex 2.4863 -20.2613 0
    endloop
  endfacet
  facet normal 0 0 -1
    outer loop
      vertex 5.23937 -24.6493 0
      vertex 2.37764 -20.7725 0
      vertex 2.44537 -20.5198 0
    endloop
  endfacet
  facet normal 0 0 -1
    outer loop
      vertex 5.23937 -24.6493 0
      vertex 2.28386 -21.0168 0
      vertex 2.37764 -20.7725 0
    endloop
  endfacet
  facet normal 0 0 -1
    outer loop
      vertex 5.23937 -24.6493 0
      vertex 2.16506 -21.25 0
      vertex 2.28386 -21.0168 0
    endloop
  endfacet
  facet normal 0 0 -1
    outer loop
      vertex 5.23937 -24.6493 0
      vertex 2.02254 -21.4695 0
      vertex 2.16506 -21.25 0
    endloop
  endfacet
  facet normal 0 0 -1
    outer loop
      vertex 5.23937 -24.6493 0
      vertex 1.85786 -21.6728 0
      vertex 2.02254 -21.4695 0
    endloop
  endfacet
  facet normal 0 0 -1
    outer loop
      vertex 2.63412 -25.062 0
      vertex 1.67283 -21.8579 0
      vertex 1.85786 -21.6728 0
    endloop
  endfacet
  facet normal 0 0 -1
    outer loop
      vertex 2.63412 -25.062 0
      vertex 1.46946 -22.0225 0
      vertex 1.67283 -21.8579 0
    endloop
  endfacet
  facet normal 0 0 -1
    outer loop
      vertex 2.63412 -25.062 0
      vertex 1.25 -22.1651 0
      vertex 1.46946 -22.0225 0
    endloop
  endfacet
  facet normal 0 0 -1
    outer loop
      vertex 2.63412 -25.062 0
      vertex 1.01684 -22.2839 0
      vertex 1.25 -22.1651 0
    endloop
  endfacet
  facet normal 0 0 -1
    outer loop
      vertex 2.63412 -25.062 0
      vertex 0.772542 -22.3776 0
      vertex 1.01684 -22.2839 0
    endloop
  endfacet
  facet normal 0 0 -1
    outer loop
      vertex 0 -25.2 0
      vertex 0.772542 -22.3776 0
      vertex 2.63412 -25.062 0
    endloop
  endfacet
  facet normal 0 0 -1
    outer loop
      vertex 0.772542 -22.3776 0
      vertex 0 -25.2 0
      vertex 0.519779 -22.4454 0
    endloop
  endfacet
  facet normal 0 0 -1
    outer loop
      vertex 0.519779 -22.4454 0
      vertex 0 -25.2 0
      vertex 0.261321 -22.4863 0
    endloop
  endfacet
  facet normal 0 0 -1
    outer loop
      vertex 0 -25.2 0
      vertex 0 -22.5 0
      vertex 0.261321 -22.4863 0
    endloop
  endfacet
  facet normal 0 0 -1
    outer loop
      vertex 0 -25.2 0
      vertex -0.261321 -22.4863 0
      vertex 0 -22.5 0
    endloop
  endfacet
  facet normal 0 0 -1
    outer loop
      vertex 0 -25.2 0
      vertex -0.519779 -22.4454 0
      vertex -0.261321 -22.4863 0
    endloop
  endfacet
  facet normal 0 0 -1
    outer loop
      vertex 0 -25.2 0
      vertex -0.772542 -22.3776 0
      vertex -0.519779 -22.4454 0
    endloop
  endfacet
  facet normal 0 0 -1
    outer loop
      vertex -2.63412 -25.062 0
      vertex -0.772542 -22.3776 0
      vertex 0 -25.2 0
    endloop
  endfacet
  facet normal -0 0 -1
    outer loop
      vertex -0.772542 -22.3776 0
      vertex -2.63412 -25.062 0
      vertex -1.01684 -22.2839 0
    endloop
  endfacet
  facet normal -0 0 -1
    outer loop
      vertex -1.01684 -22.2839 0
      vertex -2.63412 -25.062 0
      vertex -1.25 -22.1651 0
    endloop
  endfacet
  facet normal -0 0 -1
    outer loop
      vertex -1.25 -22.1651 0
      vertex -2.63412 -25.062 0
      vertex -1.46946 -22.0225 0
    endloop
  endfacet
  facet normal -0 0 -1
    outer loop
      vertex -1.46946 -22.0225 0
      vertex -2.63412 -25.062 0
      vertex -1.67283 -21.8579 0
    endloop
  endfacet
  facet normal -0 0 -1
    outer loop
      vertex -1.67283 -21.8579 0
      vertex -2.63412 -25.062 0
      vertex -1.85786 -21.6728 0
    endloop
  endfacet
  facet normal 0 0 -1
    outer loop
      vertex -5.23937 -24.6493 0
      vertex -1.85786 -21.6728 0
      vertex -2.63412 -25.062 0
    endloop
  endfacet
  facet normal 0 0 -1
    outer loop
      vertex -7.78723 -23.9666 0
      vertex -2.44537 -20.5198 0
      vertex -5.23937 -24.6493 0
    endloop
  endfacet
  facet normal -0 0 -1
    outer loop
      vertex -2.37764 -20.7725 0
      vertex -5.23937 -24.6493 0
      vertex -2.44537 -20.5198 0
    endloop
  endfacet
  facet normal -0 0 -1
    outer loop
      vertex -2.28386 -21.0168 0
      vertex -5.23937 -24.6493 0
      vertex -2.37764 -20.7725 0
    endloop
  endfacet
  facet normal -0 0 -1
    outer loop
      vertex -2.16506 -21.25 0
      vertex -5.23937 -24.6493 0
      vertex -2.28386 -21.0168 0
    endloop
  endfacet
  facet normal -0 0 -1
    outer loop
      vertex -2.02254 -21.4695 0
      vertex -5.23937 -24.6493 0
      vertex -2.16506 -21.25 0
    endloop
  endfacet
  facet normal -0 0 -1
    outer loop
      vertex -1.85786 -21.6728 0
      vertex -5.23937 -24.6493 0
      vertex -2.02254 -21.4695 0
    endloop
  endfacet
  facet normal 0 0 -1
    outer loop
      vertex 6.1 -6.04557 0
      vertex 22.2 -11.8617 0
      vertex 21.8238 -12.6 0
    endloop
  endfacet
  facet normal 0 0 -1
    outer loop
      vertex 22.2 -11.8617 0
      vertex 6.1 -6.04557 0
      vertex 22.2 11.8617 0
    endloop
  endfacet
  facet normal 0 0 -1
    outer loop
      vertex 6.1 -6.04557 0
      vertex 21.8238 -12.6 0
      vertex 20.3872 -14.8122 0
    endloop
  endfacet
  facet normal 0 0 -1
    outer loop
      vertex 6.1 6.04557 0
      vertex 22.2 11.8617 0
      vertex 6.1 -6.04557 0
    endloop
  endfacet
  facet normal 0 0 -1
    outer loop
      vertex 6.1 -6.04557 0
      vertex 20.3872 -14.8122 0
      vertex 18.7272 -16.8621 0
    endloop
  endfacet
  facet normal -0 0 -1
    outer loop
      vertex 22.2 11.8617 0
      vertex 6.1 6.04557 0
      vertex 21.8238 12.6 0
    endloop
  endfacet
  facet normal 0 0 -1
    outer loop
      vertex 6.1 -6.04557 0
      vertex 18.7272 -16.8621 0
      vertex 16.8621 -18.7272 0
    endloop
  endfacet
  facet normal -0 0 -1
    outer loop
      vertex 21.8238 12.6 0
      vertex 6.1 6.04557 0
      vertex 20.3872 14.8122 0
    endloop
  endfacet
  facet normal 0 0 -1
    outer loop
      vertex 5.75452 -6.39104 0
      vertex 16.8621 -18.7272 0
      vertex 14.8122 -20.3872 0
    endloop
  endfacet
  facet normal -0 0 -1
    outer loop
      vertex 20.3872 14.8122 0
      vertex 6.1 6.04557 0
      vertex 18.7272 16.8621 0
    endloop
  endfacet
  facet normal 0 0 -1
    outer loop
      vertex 5.05495 -6.95755 0
      vertex 14.8122 -20.3872 0
      vertex 12.6 -21.8238 0
    endloop
  endfacet
  facet normal -0 0 -1
    outer loop
      vertex 18.7272 16.8621 0
      vertex 6.1 6.04557 0
      vertex 16.8621 18.7272 0
    endloop
  endfacet
  facet normal 0 0 -1
    outer loop
      vertex 2.28386 -18.9832 0
      vertex 12.6 -21.8238 0
      vertex 10.2498 -23.0213 0
    endloop
  endfacet
  facet normal 0 0 -1
    outer loop
      vertex 5.75452 6.39104 0
      vertex 16.8621 18.7272 0
      vertex 6.1 6.04557 0
    endloop
  endfacet
  facet normal 0 0 -1
    outer loop
      vertex 2.4863 -19.7387 0
      vertex 10.2498 -23.0213 0
      vertex 7.78723 -23.9666 0
    endloop
  endfacet
  facet normal -0 0 -1
    outer loop
      vertex 16.8621 18.7272 0
      vertex 5.75452 6.39104 0
      vertex 14.8122 20.3872 0
    endloop
  endfacet
  facet normal 0 0 -1
    outer loop
      vertex 5.05495 6.95755 0
      vertex 14.8122 20.3872 0
      vertex 5.75452 6.39104 0
    endloop
  endfacet
  facet normal 0 0 -1
    outer loop
      vertex 16.8621 -18.7272 0
      vertex 5.75452 -6.39104 0
      vertex 6.1 -6.04557 0
    endloop
  endfacet
  facet normal 0 0 -1
    outer loop
      vertex 2.4863 -20.2613 0
      vertex 7.78723 -23.9666 0
      vertex 5.23937 -24.6493 0
    endloop
  endfacet
  facet normal 0 0 -1
    outer loop
      vertex 10.2498 -23.0213 0
      vertex 2.37764 -19.2275 0
      vertex 2.28386 -18.9832 0
    endloop
  endfacet
  facet normal 0 0 -1
    outer loop
      vertex 12.6 -21.8238 0
      vertex 2.28386 -18.9832 0
      vertex 2.16506 -18.75 0
    endloop
  endfacet
  facet normal 0 0 -1
    outer loop
      vertex 14.8122 -20.3872 0
      vertex 5.05495 -6.95755 0
      vertex 5.75452 -6.39104 0
    endloop
  endfacet
  facet normal 0 0 -1
    outer loop
      vertex 12.6 -21.8238 0
      vertex 2.16506 -18.75 0
      vertex 5.05495 -6.95755 0
    endloop
  endfacet
  facet normal 0 0 -1
    outer loop
      vertex 1.85786 -21.6728 0
      vertex 5.23937 -24.6493 0
      vertex 2.63412 -25.062 0
    endloop
  endfacet
  facet normal 0 0 -1
    outer loop
      vertex 7.78723 -23.9666 0
      vertex 2.5 -20 0
      vertex 2.4863 -19.7387 0
    endloop
  endfacet
  facet normal 0 0 -1
    outer loop
      vertex 10.2498 -23.0213 0
      vertex 2.4863 -19.7387 0
      vertex 2.44537 -19.4802 0
    endloop
  endfacet
  facet normal 0 0 -1
    outer loop
      vertex 10.2498 -23.0213 0
      vertex 2.44537 -19.4802 0
      vertex 2.37764 -19.2275 0
    endloop
  endfacet
  facet normal 0 0 -1
    outer loop
      vertex 5.05495 -6.95755 0
      vertex 2.16506 -18.75 0
      vertex 4.3 -7.44782 0
    endloop
  endfacet
  facet normal 0 0 -1
    outer loop
      vertex 2.02254 -18.5305 0
      vertex 4.3 -7.44782 0
      vertex 2.16506 -18.75 0
    endloop
  endfacet
  facet normal 0 0 -1
    outer loop
      vertex 1.85786 -18.3272 0
      vertex 4.3 -7.44782 0
      vertex 2.02254 -18.5305 0
    endloop
  endfacet
  facet normal 0 0 -1
    outer loop
      vertex 4.3 -7.44782 0
      vertex 1.85786 -18.3272 0
      vertex 3.49793 -7.85649 0
    endloop
  endfacet
  facet normal 0 0 -1
    outer loop
      vertex 1.67283 -18.1421 0
      vertex 3.49793 -7.85649 0
      vertex 1.85786 -18.3272 0
    endloop
  endfacet
  facet normal 0 0 -1
    outer loop
      vertex 1.46946 -17.9775 0
      vertex 3.49793 -7.85649 0
      vertex 1.67283 -18.1421 0
    endloop
  endfacet
  facet normal 0 0 -1
    outer loop
      vertex 3.49793 -7.85649 0
      vertex 1.46946 -17.9775 0
      vertex 2.65755 -8.17909 0
    endloop
  endfacet
  facet normal 0 0 -1
    outer loop
      vertex 1.25 -17.8349 0
      vertex 2.65755 -8.17909 0
      vertex 1.46946 -17.9775 0
    endloop
  endfacet
  facet normal 0 0 -1
    outer loop
      vertex 2.65755 -8.17909 0
      vertex 1.25 -17.8349 0
      vertex 1.78804 -8.41207 0
    endloop
  endfacet
  facet normal 0 0 -1
    outer loop
      vertex 1.01684 -17.7161 0
      vertex 1.78804 -8.41207 0
      vertex 1.25 -17.8349 0
    endloop
  endfacet
  facet normal 0 0 -1
    outer loop
      vertex 0.772542 -17.6224 0
      vertex 1.78804 -8.41207 0
      vertex 1.01684 -17.7161 0
    endloop
  endfacet
  facet normal 0 0 -1
    outer loop
      vertex 1.78804 -8.41207 0
      vertex 0.772542 -17.6224 0
      vertex 0.898944 -8.55289 0
    endloop
  endfacet
  facet normal 0 0 -1
    outer loop
      vertex 0.519779 -17.5546 0
      vertex 0.898944 -8.55289 0
      vertex 0.772542 -17.6224 0
    endloop
  endfacet
  facet normal 0 0 -1
    outer loop
      vertex 0.261321 -17.5137 0
      vertex 0.898944 -8.55289 0
      vertex 0.519779 -17.5546 0
    endloop
  endfacet
  facet normal 0 0 -1
    outer loop
      vertex 0 -8.6 0
      vertex 0.261321 -17.5137 0
      vertex 0 -17.5 0
    endloop
  endfacet
  facet normal 0 0 -1
    outer loop
      vertex 0.261321 -17.5137 0
      vertex 0 -8.6 0
      vertex 0.898944 -8.55289 0
    endloop
  endfacet
  facet normal 0 0 -1
    outer loop
      vertex -0.261321 -17.5137 0
      vertex 0 -8.6 0
      vertex 0 -17.5 0
    endloop
  endfacet
  facet normal 0 0 -1
    outer loop
      vertex -0.898944 -8.55289 0
      vertex -0.261321 -17.5137 0
      vertex -0.519779 -17.5546 0
    endloop
  endfacet
  facet normal 0 0 -1
    outer loop
      vertex -0.898944 -8.55289 0
      vertex -0.519779 -17.5546 0
      vertex -0.772542 -17.6224 0
    endloop
  endfacet
  facet normal 0 0 -1
    outer loop
      vertex -0.261321 -17.5137 0
      vertex -0.898944 -8.55289 0
      vertex 0 -8.6 0
    endloop
  endfacet
  facet normal 0 0 -1
    outer loop
      vertex -1.78804 -8.41207 0
      vertex -0.772542 -17.6224 0
      vertex -1.01684 -17.7161 0
    endloop
  endfacet
  facet normal 0 0 -1
    outer loop
      vertex -1.78804 -8.41207 0
      vertex -1.01684 -17.7161 0
      vertex -1.25 -17.8349 0
    endloop
  endfacet
  facet normal 0 0 -1
    outer loop
      vertex -2.65755 -8.17909 0
      vertex -1.25 -17.8349 0
      vertex -1.46946 -17.9775 0
    endloop
  endfacet
  facet normal 0 0 -1
    outer loop
      vertex -3.49793 -7.85649 0
      vertex -1.46946 -17.9775 0
      vertex -1.67283 -18.1421 0
    endloop
  endfacet
  facet normal 0 0 -1
    outer loop
      vertex -0.772542 -17.6224 0
      vertex -1.78804 -8.41207 0
      vertex -0.898944 -8.55289 0
    endloop
  endfacet
  facet normal 0 0 -1
    outer loop
      vertex -3.49793 -7.85649 0
      vertex -1.67283 -18.1421 0
      vertex -1.85786 -18.3272 0
    endloop
  endfacet
  facet normal 0 0 -1
    outer loop
      vertex -4.3 -7.44782 0
      vertex -1.85786 -18.3272 0
      vertex -2.02254 -18.5305 0
    endloop
  endfacet
  facet normal 0 0 -1
    outer loop
      vertex -4.3 -7.44782 0
      vertex -2.02254 -18.5305 0
      vertex -2.16506 -18.75 0
    endloop
  endfacet
  facet normal 0 0 -1
    outer loop
      vertex -12.6 -21.8238 0
      vertex -2.16506 -18.75 0
      vertex -2.28386 -18.9832 0
    endloop
  endfacet
  facet normal 0 0 -1
    outer loop
      vertex -10.2498 -23.0213 0
      vertex -2.28386 -18.9832 0
      vertex -2.37764 -19.2275 0
    endloop
  endfacet
  facet normal 0 0 -1
    outer loop
      vertex -10.2498 -23.0213 0
      vertex -2.37764 -19.2275 0
      vertex -2.44537 -19.4802 0
    endloop
  endfacet
  facet normal 0 0 -1
    outer loop
      vertex -10.2498 -23.0213 0
      vertex -2.44537 -19.4802 0
      vertex -2.4863 -19.7387 0
    endloop
  endfacet
  facet normal 0 0 -1
    outer loop
      vertex -1.25 -17.8349 0
      vertex -2.65755 -8.17909 0
      vertex -1.78804 -8.41207 0
    endloop
  endfacet
  facet normal 0 0 -1
    outer loop
      vertex -7.78723 -23.9666 0
      vertex -2.4863 -19.7387 0
      vertex -2.5 -20 0
    endloop
  endfacet
  facet normal -0 0 -1
    outer loop
      vertex -2.44537 -20.5198 0
      vertex -7.78723 -23.9666 0
      vertex -2.4863 -20.2613 0
    endloop
  endfacet
  facet normal -0 0 -1
    outer loop
      vertex -2.4863 -20.2613 0
      vertex -7.78723 -23.9666 0
      vertex -2.5 -20 0
    endloop
  endfacet
  facet normal 0 0 -1
    outer loop
      vertex -2.4863 -19.7387 0
      vertex -7.78723 -23.9666 0
      vertex -10.2498 -23.0213 0
    endloop
  endfacet
  facet normal 0 0 -1
    outer loop
      vertex -1.46946 -17.9775 0
      vertex -3.49793 -7.85649 0
      vertex -2.65755 -8.17909 0
    endloop
  endfacet
  facet normal 0 0 -1
    outer loop
      vertex -2.28386 -18.9832 0
      vertex -10.2498 -23.0213 0
      vertex -12.6 -21.8238 0
    endloop
  endfacet
  facet normal 0 0 -1
    outer loop
      vertex -1.85786 -18.3272 0
      vertex -4.3 -7.44782 0
      vertex -3.49793 -7.85649 0
    endloop
  endfacet
  facet normal -0 0 -1
    outer loop
      vertex -2.16506 -18.75 0
      vertex -12.6 -21.8238 0
      vertex -4.3 -7.44782 0
    endloop
  endfacet
  facet normal 0 0 -1
    outer loop
      vertex -14.8122 -20.3872 0
      vertex -5.05495 -6.95755 0
      vertex -12.6 -21.8238 0
    endloop
  endfacet
  facet normal -0 0 -1
    outer loop
      vertex -4.3 -7.44782 0
      vertex -12.6 -21.8238 0
      vertex -5.05495 -6.95755 0
    endloop
  endfacet
  facet normal -0 0 -1
    outer loop
      vertex 14.8122 20.3872 0
      vertex 5.05495 6.95755 0
      vertex 12.6 21.8238 0
    endloop
  endfacet
  facet normal 0 0 -1
    outer loop
      vertex 2.16506 18.75 0
      vertex 12.6 21.8238 0
      vertex 5.05495 6.95755 0
    endloop
  endfacet
  facet normal 0 -0 -1
    outer loop
      vertex 2.28386 18.9832 0
      vertex 12.6 21.8238 0
      vertex 2.16506 18.75 0
    endloop
  endfacet
  facet normal 0 -0 -1
    outer loop
      vertex 2.37764 19.2275 0
      vertex 10.2498 23.0213 0
      vertex 2.28386 18.9832 0
    endloop
  endfacet
  facet normal 0 0 -1
    outer loop
      vertex 2.16506 18.75 0
      vertex 5.05495 6.95755 0
      vertex 4.3 7.44782 0
    endloop
  endfacet
  facet normal 0 0 -1
    outer loop
      vertex 1.85786 18.3272 0
      vertex 4.3 7.44782 0
      vertex 3.49793 7.85649 0
    endloop
  endfacet
  facet normal 0 0 -1
    outer loop
      vertex 1.46946 17.9775 0
      vertex 3.49793 7.85649 0
      vertex 2.65755 8.17909 0
    endloop
  endfacet
  facet normal 0 -0 -1
    outer loop
      vertex 2.4863 19.7387 0
      vertex 10.2498 23.0213 0
      vertex 2.44537 19.4802 0
    endloop
  endfacet
  facet normal 0 0 -1
    outer loop
      vertex 2.44537 20.5198 0
      vertex 7.78723 23.9666 0
      vertex 2.4863 20.2613 0
    endloop
  endfacet
  facet normal 0 0 -1
    outer loop
      vertex 2.4863 20.2613 0
      vertex 7.78723 23.9666 0
      vertex 2.5 20 0
    endloop
  endfacet
  facet normal 0 -0 -1
    outer loop
      vertex 2.5 20 0
      vertex 7.78723 23.9666 0
      vertex 2.4863 19.7387 0
    endloop
  endfacet
  facet normal -0 0 -1
    outer loop
      vertex 10.2498 23.0213 0
      vertex 2.4863 19.7387 0
      vertex 7.78723 23.9666 0
    endloop
  endfacet
  facet normal 0 -0 -1
    outer loop
      vertex 2.44537 19.4802 0
      vertex 10.2498 23.0213 0
      vertex 2.37764 19.2275 0
    endloop
  endfacet
  facet normal -0 0 -1
    outer loop
      vertex 12.6 21.8238 0
      vertex 2.28386 18.9832 0
      vertex 10.2498 23.0213 0
    endloop
  endfacet
  facet normal 0 0 -1
    outer loop
      vertex 4.3 7.44782 0
      vertex 2.02254 18.5305 0
      vertex 2.16506 18.75 0
    endloop
  endfacet
  facet normal 0 0 -1
    outer loop
      vertex 4.3 7.44782 0
      vertex 1.85786 18.3272 0
      vertex 2.02254 18.5305 0
    endloop
  endfacet
  facet normal 0 0 -1
    outer loop
      vertex 1.25 17.8349 0
      vertex 2.65755 8.17909 0
      vertex 1.78804 8.41207 0
    endloop
  endfacet
  facet normal 0 0 -1
    outer loop
      vertex 3.49793 7.85649 0
      vertex 1.67283 18.1421 0
      vertex 1.85786 18.3272 0
    endloop
  endfacet
  facet normal 0 0 -1
    outer loop
      vertex 3.49793 7.85649 0
      vertex 1.46946 17.9775 0
      vertex 1.67283 18.1421 0
    endloop
  endfacet
  facet normal 0 0 -1
    outer loop
      vertex 2.65755 8.17909 0
      vertex 1.25 17.8349 0
      vertex 1.46946 17.9775 0
    endloop
  endfacet
  facet normal 0 0 -1
    outer loop
      vertex 1.78804 8.41207 0
      vertex 1.01684 17.7161 0
      vertex 1.25 17.8349 0
    endloop
  endfacet
  facet normal 0 0 -1
    outer loop
      vertex 0.772542 17.6224 0
      vertex 1.78804 8.41207 0
      vertex 0.898944 8.55289 0
    endloop
  endfacet
  facet normal 0 0 -1
    outer loop
      vertex 1.78804 8.41207 0
      vertex 0.772542 17.6224 0
      vertex 1.01684 17.7161 0
    endloop
  endfacet
  facet normal 0 0 -1
    outer loop
      vertex 0.898944 8.55289 0
      vertex 0.519779 17.5546 0
      vertex 0.772542 17.6224 0
    endloop
  endfacet
  facet normal 0 0 -1
    outer loop
      vertex 0.898944 8.55289 0
      vertex 0.261321 17.5137 0
      vertex 0.519779 17.5546 0
    endloop
  endfacet
  facet normal 0 0 -1
    outer loop
      vertex 0 8.6 0
      vertex 0.261321 17.5137 0
      vertex 0.898944 8.55289 0
    endloop
  endfacet
  facet normal 0 0 -1
    outer loop
      vertex 0 8.6 0
      vertex 0 17.5 0
      vertex 0.261321 17.5137 0
    endloop
  endfacet
  facet normal 0 0 -1
    outer loop
      vertex 0 8.6 0
      vertex -0.261321 17.5137 0
      vertex 0 17.5 0
    endloop
  endfacet
  facet normal 0 0 -1
    outer loop
      vertex -0.898944 8.55289 0
      vertex -0.261321 17.5137 0
      vertex 0 8.6 0
    endloop
  endfacet
  facet normal -0 0 -1
    outer loop
      vertex -0.261321 17.5137 0
      vertex -0.898944 8.55289 0
      vertex -0.519779 17.5546 0
    endloop
  endfacet
  facet normal -0 0 -1
    outer loop
      vertex -0.519779 17.5546 0
      vertex -0.898944 8.55289 0
      vertex -0.772542 17.6224 0
    endloop
  endfacet
  facet normal 0 0 -1
    outer loop
      vertex -1.78804 8.41207 0
      vertex -0.772542 17.6224 0
      vertex -0.898944 8.55289 0
    endloop
  endfacet
  facet normal -0 0 -1
    outer loop
      vertex -0.772542 17.6224 0
      vertex -1.78804 8.41207 0
      vertex -1.01684 17.7161 0
    endloop
  endfacet
  facet normal -0 0 -1
    outer loop
      vertex -1.01684 17.7161 0
      vertex -1.78804 8.41207 0
      vertex -1.25 17.8349 0
    endloop
  endfacet
  facet normal 0 0 -1
    outer loop
      vertex -2.65755 8.17909 0
      vertex -1.25 17.8349 0
      vertex -1.78804 8.41207 0
    endloop
  endfacet
  facet normal -0 0 -1
    outer loop
      vertex -1.25 17.8349 0
      vertex -2.65755 8.17909 0
      vertex -1.46946 17.9775 0
    endloop
  endfacet
  facet normal 0 0 -1
    outer loop
      vertex -3.49793 7.85649 0
      vertex -1.46946 17.9775 0
      vertex -2.65755 8.17909 0
    endloop
  endfacet
  facet normal -0 0 -1
    outer loop
      vertex -1.46946 17.9775 0
      vertex -3.49793 7.85649 0
      vertex -1.67283 18.1421 0
    endloop
  endfacet
  facet normal -0 0 -1
    outer loop
      vertex -1.67283 18.1421 0
      vertex -3.49793 7.85649 0
      vertex -1.85786 18.3272 0
    endloop
  endfacet
  facet normal 0 0 -1
    outer loop
      vertex -4.3 7.44782 0
      vertex -1.85786 18.3272 0
      vertex -3.49793 7.85649 0
    endloop
  endfacet
  facet normal -0 0 -1
    outer loop
      vertex -1.85786 18.3272 0
      vertex -4.3 7.44782 0
      vertex -2.02254 18.5305 0
    endloop
  endfacet
  facet normal -0 0 -1
    outer loop
      vertex -2.02254 18.5305 0
      vertex -4.3 7.44782 0
      vertex -2.16506 18.75 0
    endloop
  endfacet
  facet normal 0 0 -1
    outer loop
      vertex -12.6 21.8238 0
      vertex -2.16506 18.75 0
      vertex -4.3 7.44782 0
    endloop
  endfacet
  facet normal 0 0 -1
    outer loop
      vertex -2.16506 18.75 0
      vertex -12.6 21.8238 0
      vertex -2.28386 18.9832 0
    endloop
  endfacet
  facet normal 0 -0 -1
    outer loop
      vertex -10.2498 23.0213 0
      vertex -2.28386 18.9832 0
      vertex -12.6 21.8238 0
    endloop
  endfacet
  facet normal 0 0 -1
    outer loop
      vertex -2.28386 18.9832 0
      vertex -10.2498 23.0213 0
      vertex -2.37764 19.2275 0
    endloop
  endfacet
  facet normal 0 0 -1
    outer loop
      vertex -2.37764 19.2275 0
      vertex -10.2498 23.0213 0
      vertex -2.44537 19.4802 0
    endloop
  endfacet
  facet normal 0 0 -1
    outer loop
      vertex -2.44537 19.4802 0
      vertex -10.2498 23.0213 0
      vertex -2.4863 19.7387 0
    endloop
  endfacet
  facet normal 0 0 -1
    outer loop
      vertex -12.6 21.8238 0
      vertex -4.3 7.44782 0
      vertex -5.05495 6.95755 0
    endloop
  endfacet
  facet normal 0 0 -1
    outer loop
      vertex -2.5 20 0
      vertex -5.23937 24.6493 0
      vertex -2.63412 25.062 0
    endloop
  endfacet
  facet normal 0 0 -1
    outer loop
      vertex -14.8122 20.3872 0
      vertex -5.05495 6.95755 0
      vertex -5.75452 6.39104 0
    endloop
  endfacet
  facet normal 0 0 -1
    outer loop
      vertex -16.8621 18.7272 0
      vertex -5.75452 6.39104 0
      vertex -6.1 6.04557 0
    endloop
  endfacet
  facet normal -0 0 -1
    outer loop
      vertex -5.05495 -6.95755 0
      vertex -14.8122 -20.3872 0
      vertex -5.75452 -6.39104 0
    endloop
  endfacet
  facet normal 0 0 -1
    outer loop
      vertex -2.5 20 0
      vertex -7.78723 23.9666 0
      vertex -5.23937 24.6493 0
    endloop
  endfacet
  facet normal 0 0 -1
    outer loop
      vertex -16.8621 -18.7272 0
      vertex -5.75452 -6.39104 0
      vertex -14.8122 -20.3872 0
    endloop
  endfacet
  facet normal 0 0 -1
    outer loop
      vertex -2.4863 19.7387 0
      vertex -7.78723 23.9666 0
      vertex -2.5 20 0
    endloop
  endfacet
  facet normal -0 0 -1
    outer loop
      vertex -5.75452 -6.39104 0
      vertex -16.8621 -18.7272 0
      vertex -6.1 -6.04557 0
    endloop
  endfacet
  facet normal 0 -0 -1
    outer loop
      vertex -7.78723 23.9666 0
      vertex -2.4863 19.7387 0
      vertex -10.2498 23.0213 0
    endloop
  endfacet
  facet normal 0 0 -1
    outer loop
      vertex -18.7272 -16.8621 0
      vertex -6.1 -6.04557 0
      vertex -16.8621 -18.7272 0
    endloop
  endfacet
  facet normal 0 0 -1
    outer loop
      vertex -5.05495 6.95755 0
      vertex -14.8122 20.3872 0
      vertex -12.6 21.8238 0
    endloop
  endfacet
  facet normal 0 0 -1
    outer loop
      vertex -20.3872 -14.8122 0
      vertex -6.1 -6.04557 0
      vertex -18.7272 -16.8621 0
    endloop
  endfacet
  facet normal 0 0 -1
    outer loop
      vertex -5.75452 6.39104 0
      vertex -16.8621 18.7272 0
      vertex -14.8122 20.3872 0
    endloop
  endfacet
  facet normal 0 0 -1
    outer loop
      vertex -21.8238 -12.6 0
      vertex -6.1 -6.04557 0
      vertex -20.3872 -14.8122 0
    endloop
  endfacet
  facet normal 0 0 -1
    outer loop
      vertex -6.1 6.04557 0
      vertex -18.7272 16.8621 0
      vertex -16.8621 18.7272 0
    endloop
  endfacet
  facet normal 0 0 -1
    outer loop
      vertex -22.2 -11.8617 0
      vertex -6.1 -6.04557 0
      vertex -21.8238 -12.6 0
    endloop
  endfacet
  facet normal 0 0 -1
    outer loop
      vertex -6.1 6.04557 0
      vertex -20.3872 14.8122 0
      vertex -18.7272 16.8621 0
    endloop
  endfacet
  facet normal -0 0 -1
    outer loop
      vertex -6.1 -6.04557 0
      vertex -22.2 -11.8617 0
      vertex -6.1 6.04557 0
    endloop
  endfacet
  facet normal 0 0 -1
    outer loop
      vertex -22.2 11.8617 0
      vertex -6.1 6.04557 0
      vertex -22.2 -11.8617 0
    endloop
  endfacet
  facet normal 0 -0 -1
    outer loop
      vertex -21.8238 12.6 0
      vertex -6.1 6.04557 0
      vertex -22.2 11.8617 0
    endloop
  endfacet
  facet normal 0 0 -1
    outer loop
      vertex -6.1 6.04557 0
      vertex -21.8238 12.6 0
      vertex -20.3872 14.8122 0
    endloop
  endfacet
  facet normal -0 0 -1
    outer loop
      vertex 7.78723 23.9666 0
      vertex 2.44537 20.5198 0
      vertex 5.23937 24.6493 0
    endloop
  endfacet
  facet normal 0 0 -1
    outer loop
      vertex 2.37764 20.7725 0
      vertex 5.23937 24.6493 0
      vertex 2.44537 20.5198 0
    endloop
  endfacet
  facet normal 0 0 -1
    outer loop
      vertex 2.28386 21.0168 0
      vertex 5.23937 24.6493 0
      vertex 2.37764 20.7725 0
    endloop
  endfacet
  facet normal 0 0 -1
    outer loop
      vertex 2.16506 21.25 0
      vertex 5.23937 24.6493 0
      vertex 2.28386 21.0168 0
    endloop
  endfacet
  facet normal 0 0 -1
    outer loop
      vertex 2.02254 21.4695 0
      vertex 5.23937 24.6493 0
      vertex 2.16506 21.25 0
    endloop
  endfacet
  facet normal 0 0 -1
    outer loop
      vertex 1.85786 21.6728 0
      vertex 5.23937 24.6493 0
      vertex 2.02254 21.4695 0
    endloop
  endfacet
  facet normal -0 0 -1
    outer loop
      vertex 5.23937 24.6493 0
      vertex 1.85786 21.6728 0
      vertex 2.63412 25.062 0
    endloop
  endfacet
  facet normal 0 0 -1
    outer loop
      vertex 1.67283 21.8579 0
      vertex 2.63412 25.062 0
      vertex 1.85786 21.6728 0
    endloop
  endfacet
  facet normal 0 0 -1
    outer loop
      vertex 1.46946 22.0225 0
      vertex 2.63412 25.062 0
      vertex 1.67283 21.8579 0
    endloop
  endfacet
  facet normal 0 0 -1
    outer loop
      vertex 1.25 22.1651 0
      vertex 2.63412 25.062 0
      vertex 1.46946 22.0225 0
    endloop
  endfacet
  facet normal 0 0 -1
    outer loop
      vertex 1.01684 22.2839 0
      vertex 2.63412 25.062 0
      vertex 1.25 22.1651 0
    endloop
  endfacet
  facet normal 0 0 -1
    outer loop
      vertex 0.772542 22.3776 0
      vertex 2.63412 25.062 0
      vertex 1.01684 22.2839 0
    endloop
  endfacet
  facet normal 0 0 -1
    outer loop
      vertex 0 25.2 0
      vertex 0.772542 22.3776 0
      vertex 0.519779 22.4454 0
    endloop
  endfacet
  facet normal 0 0 -1
    outer loop
      vertex 0 25.2 0
      vertex 0.519779 22.4454 0
      vertex 0.261321 22.4863 0
    endloop
  endfacet
  facet normal 0 0 -1
    outer loop
      vertex 0 25.2 0
      vertex 0.261321 22.4863 0
      vertex 0 22.5 0
    endloop
  endfacet
  facet normal 0 0 -1
    outer loop
      vertex 0.772542 22.3776 0
      vertex 0 25.2 0
      vertex 2.63412 25.062 0
    endloop
  endfacet
  facet normal 0 0 -1
    outer loop
      vertex -0.261321 22.4863 0
      vertex 0 25.2 0
      vertex 0 22.5 0
    endloop
  endfacet
  facet normal 0 0 -1
    outer loop
      vertex -0.519779 22.4454 0
      vertex 0 25.2 0
      vertex -0.261321 22.4863 0
    endloop
  endfacet
  facet normal 0 0 -1
    outer loop
      vertex -0.772542 22.3776 0
      vertex 0 25.2 0
      vertex -0.519779 22.4454 0
    endloop
  endfacet
  facet normal 0 0 -1
    outer loop
      vertex -2.63412 25.062 0
      vertex -0.772542 22.3776 0
      vertex -1.01684 22.2839 0
    endloop
  endfacet
  facet normal 0 0 -1
    outer loop
      vertex -2.63412 25.062 0
      vertex -1.01684 22.2839 0
      vertex -1.25 22.1651 0
    endloop
  endfacet
  facet normal 0 0 -1
    outer loop
      vertex -2.63412 25.062 0
      vertex -1.25 22.1651 0
      vertex -1.46946 22.0225 0
    endloop
  endfacet
  facet normal 0 0 -1
    outer loop
      vertex -2.63412 25.062 0
      vertex -1.46946 22.0225 0
      vertex -1.67283 21.8579 0
    endloop
  endfacet
  facet normal 0 0 -1
    outer loop
      vertex -2.63412 25.062 0
      vertex -1.67283 21.8579 0
      vertex -1.85786 21.6728 0
    endloop
  endfacet
  facet normal 0 0 -1
    outer loop
      vertex -2.63412 25.062 0
      vertex -1.85786 21.6728 0
      vertex -2.02254 21.4695 0
    endloop
  endfacet
  facet normal 0 0 -1
    outer loop
      vertex -2.63412 25.062 0
      vertex -2.02254 21.4695 0
      vertex -2.16506 21.25 0
    endloop
  endfacet
  facet normal 0 0 -1
    outer loop
      vertex -0.772542 22.3776 0
      vertex -2.63412 25.062 0
      vertex 0 25.2 0
    endloop
  endfacet
  facet normal 0 0 -1
    outer loop
      vertex -2.28386 21.0168 0
      vertex -2.63412 25.062 0
      vertex -2.16506 21.25 0
    endloop
  endfacet
  facet normal 0 0 -1
    outer loop
      vertex -2.37764 20.7725 0
      vertex -2.63412 25.062 0
      vertex -2.28386 21.0168 0
    endloop
  endfacet
  facet normal 0 0 -1
    outer loop
      vertex -2.44537 20.5198 0
      vertex -2.63412 25.062 0
      vertex -2.37764 20.7725 0
    endloop
  endfacet
  facet normal 0 0 -1
    outer loop
      vertex -2.4863 20.2613 0
      vertex -2.63412 25.062 0
      vertex -2.44537 20.5198 0
    endloop
  endfacet
  facet normal 0 0 -1
    outer loop
      vertex -2.63412 25.062 0
      vertex -2.4863 20.2613 0
      vertex -2.5 20 0
    endloop
  endfacet
  facet normal 0.83867 -0.544639 0
    outer loop
      vertex 20.3872 -14.8122 11.5
      vertex 21.8238 -12.6 0
      vertex 21.8238 -12.6 11.5
    endloop
  endfacet
  facet normal 0.83867 -0.544639 0
    outer loop
      vertex 21.8238 -12.6 0
      vertex 20.3872 -14.8122 11.5
      vertex 20.3872 -14.8122 0
    endloop
  endfacet
  facet normal 0.544639 -0.83867 0
    outer loop
      vertex 12.6 -21.8238 0
      vertex 14.8122 -20.3872 11.5
      vertex 12.6 -21.8238 11.5
    endloop
  endfacet
  facet normal 0.544639 -0.83867 0
    outer loop
      vertex 14.8122 -20.3872 11.5
      vertex 12.6 -21.8238 0
      vertex 14.8122 -20.3872 0
    endloop
  endfacet
  facet normal 0.707107 -0.707107 0
    outer loop
      vertex 16.8621 -18.7272 11.5
      vertex 18.7272 -16.8621 0
      vertex 18.7272 -16.8621 11.5
    endloop
  endfacet
  facet normal 0.707107 -0.707107 0
    outer loop
      vertex 18.7272 -16.8621 0
      vertex 16.8621 -18.7272 11.5
      vertex 16.8621 -18.7272 0
    endloop
  endfacet
  facet normal 0.358368 -0.93358 0
    outer loop
      vertex 7.78723 -23.9666 0
      vertex 10.2498 -23.0213 11.5
      vertex 7.78723 -23.9666 11.5
    endloop
  endfacet
  facet normal 0.358368 -0.93358 0
    outer loop
      vertex 10.2498 -23.0213 11.5
      vertex 7.78723 -23.9666 0
      vertex 10.2498 -23.0213 0
    endloop
  endfacet
  facet normal 0.891007 -0.45399 0
    outer loop
      vertex 21.8238 -12.6 11.5
      vertex 22.2 -11.8617 0
      vertex 22.2 -11.8617 11.5
    endloop
  endfacet
  facet normal 0.891007 -0.45399 0
    outer loop
      vertex 22.2 -11.8617 0
      vertex 21.8238 -12.6 11.5
      vertex 21.8238 -12.6 0
    endloop
  endfacet
  facet normal 0.62932 -0.777146 0
    outer loop
      vertex 14.8122 -20.3872 0
      vertex 16.8621 -18.7272 11.5
      vertex 14.8122 -20.3872 11.5
    endloop
  endfacet
  facet normal 0.62932 -0.777146 0
    outer loop
      vertex 16.8621 -18.7272 11.5
      vertex 14.8122 -20.3872 0
      vertex 16.8621 -18.7272 0
    endloop
  endfacet
  facet normal -0.0523367 -0.998629 0
    outer loop
      vertex -2.63412 -25.062 0
      vertex 0 -25.2 11.5
      vertex -2.63412 -25.062 11.5
    endloop
  endfacet
  facet normal -0.0523367 -0.998629 -0
    outer loop
      vertex 0 -25.2 11.5
      vertex -2.63412 -25.062 0
      vertex 0 -25.2 0
    endloop
  endfacet
  facet normal -0.707107 -0.707107 0
    outer loop
      vertex -16.8621 -18.7272 0
      vertex -18.7272 -16.8621 11.5
      vertex -18.7272 -16.8621 0
    endloop
  endfacet
  facet normal -0.707107 -0.707107 0
    outer loop
      vertex -18.7272 -16.8621 11.5
      vertex -16.8621 -18.7272 0
      vertex -16.8621 -18.7272 11.5
    endloop
  endfacet
  facet normal 0.258819 -0.965926 0
    outer loop
      vertex 5.23937 -24.6493 0
      vertex 7.78723 -23.9666 11.5
      vertex 5.23937 -24.6493 11.5
    endloop
  endfacet
  facet normal 0.258819 -0.965926 0
    outer loop
      vertex 7.78723 -23.9666 11.5
      vertex 5.23937 -24.6493 0
      vertex 7.78723 -23.9666 0
    endloop
  endfacet
  facet normal 0.156434 -0.987688 0
    outer loop
      vertex 2.63412 -25.062 0
      vertex 5.23937 -24.6493 11.5
      vertex 2.63412 -25.062 11.5
    endloop
  endfacet
  facet normal 0.156434 -0.987688 0
    outer loop
      vertex 5.23937 -24.6493 11.5
      vertex 2.63412 -25.062 0
      vertex 5.23937 -24.6493 0
    endloop
  endfacet
  facet normal -0.62932 -0.777146 0
    outer loop
      vertex -16.8621 -18.7272 0
      vertex -14.8122 -20.3872 11.5
      vertex -16.8621 -18.7272 11.5
    endloop
  endfacet
  facet normal -0.62932 -0.777146 -0
    outer loop
      vertex -14.8122 -20.3872 11.5
      vertex -16.8621 -18.7272 0
      vertex -14.8122 -20.3872 0
    endloop
  endfacet
  facet normal -0.258819 -0.965926 0
    outer loop
      vertex -7.78723 -23.9666 0
      vertex -5.23937 -24.6493 11.5
      vertex -7.78723 -23.9666 11.5
    endloop
  endfacet
  facet normal -0.258819 -0.965926 -0
    outer loop
      vertex -5.23937 -24.6493 11.5
      vertex -7.78723 -23.9666 0
      vertex -5.23937 -24.6493 0
    endloop
  endfacet
  facet normal -0.156434 -0.987688 0
    outer loop
      vertex -5.23937 -24.6493 0
      vertex -2.63412 -25.062 11.5
      vertex -5.23937 -24.6493 11.5
    endloop
  endfacet
  facet normal -0.156434 -0.987688 -0
    outer loop
      vertex -2.63412 -25.062 11.5
      vertex -5.23937 -24.6493 0
      vertex -2.63412 -25.062 0
    endloop
  endfacet
  facet normal -0.83867 -0.544639 0
    outer loop
      vertex -20.3872 -14.8122 0
      vertex -21.8238 -12.6 11.5
      vertex -21.8238 -12.6 0
    endloop
  endfacet
  facet normal -0.83867 -0.544639 0
    outer loop
      vertex -21.8238 -12.6 11.5
      vertex -20.3872 -14.8122 0
      vertex -20.3872 -14.8122 11.5
    endloop
  endfacet
  facet normal -0.777146 -0.62932 0
    outer loop
      vertex -18.7272 -16.8621 0
      vertex -20.3872 -14.8122 11.5
      vertex -20.3872 -14.8122 0
    endloop
  endfacet
  facet normal -0.777146 -0.62932 0
    outer loop
      vertex -20.3872 -14.8122 11.5
      vertex -18.7272 -16.8621 0
      vertex -18.7272 -16.8621 11.5
    endloop
  endfacet
  facet normal -0.544639 -0.83867 0
    outer loop
      vertex -14.8122 -20.3872 0
      vertex -12.6 -21.8238 11.5
      vertex -14.8122 -20.3872 11.5
    endloop
  endfacet
  facet normal -0.544639 -0.83867 -0
    outer loop
      vertex -12.6 -21.8238 11.5
      vertex -14.8122 -20.3872 0
      vertex -12.6 -21.8238 0
    endloop
  endfacet
  facet normal -0.358368 -0.93358 0
    outer loop
      vertex -10.2498 -23.0213 0
      vertex -7.78723 -23.9666 11.5
      vertex -10.2498 -23.0213 11.5
    endloop
  endfacet
  facet normal -0.358368 -0.93358 -0
    outer loop
      vertex -7.78723 -23.9666 11.5
      vertex -10.2498 -23.0213 0
      vertex -7.78723 -23.9666 0
    endloop
  endfacet
  facet normal -0.45399 -0.891007 0
    outer loop
      vertex -12.6 -21.8238 0
      vertex -10.2498 -23.0213 11.5
      vertex -12.6 -21.8238 11.5
    endloop
  endfacet
  facet normal -0.45399 -0.891007 -0
    outer loop
      vertex -10.2498 -23.0213 11.5
      vertex -12.6 -21.8238 0
      vertex -10.2498 -23.0213 0
    endloop
  endfacet
  facet normal 1 0 0
    outer loop
      vertex 22.2 11.8617 11.5
      vertex 22.2 4.6 5.75
      vertex 22.2 11.8617 0
    endloop
  endfacet
  facet normal 1 0 0
    outer loop
      vertex 22.2 11.8617 11.5
      vertex 22.2 4.5748 6.23083
      vertex 22.2 4.6 5.75
    endloop
  endfacet
  facet normal 1 0 0
    outer loop
      vertex 22.2 11.8617 11.5
      vertex 22.2 4.49948 6.70639
      vertex 22.2 4.5748 6.23083
    endloop
  endfacet
  facet normal 1 0 0
    outer loop
      vertex 22.2 11.8617 11.5
      vertex 22.2 4.37486 7.17148
      vertex 22.2 4.49948 6.70639
    endloop
  endfacet
  facet normal 1 0 0
    outer loop
      vertex 22.2 11.8617 11.5
      vertex 22.2 4.20231 7.62099
      vertex 22.2 4.37486 7.17148
    endloop
  endfacet
  facet normal 1 0 0
    outer loop
      vertex 22.2 11.8617 11.5
      vertex 22.2 3.98372 8.05
      vertex 22.2 4.20231 7.62099
    endloop
  endfacet
  facet normal 1 0 0
    outer loop
      vertex 22.2 11.8617 11.5
      vertex 22.2 3.72148 8.45381
      vertex 22.2 3.98372 8.05
    endloop
  endfacet
  facet normal 1 0 0
    outer loop
      vertex 22.2 11.8617 11.5
      vertex 22.2 3.41847 8.828
      vertex 22.2 3.72148 8.45381
    endloop
  endfacet
  facet normal 1 0 0
    outer loop
      vertex 22.2 11.8617 11.5
      vertex 22.2 3.078 9.16847
      vertex 22.2 3.41847 8.828
    endloop
  endfacet
  facet normal 1 0 0
    outer loop
      vertex 22.2 11.8617 11.5
      vertex 22.2 2.70381 9.47148
      vertex 22.2 3.078 9.16847
    endloop
  endfacet
  facet normal 1 0 0
    outer loop
      vertex 22.2 11.8617 11.5
      vertex 22.2 2.3 9.73372
      vertex 22.2 2.70381 9.47148
    endloop
  endfacet
  facet normal 1 0 0
    outer loop
      vertex 22.2 11.8617 11.5
      vertex 22.2 1.87099 9.95231
      vertex 22.2 2.3 9.73372
    endloop
  endfacet
  facet normal 1 0 0
    outer loop
      vertex 22.2 11.8617 11.5
      vertex 22.2 1.42148 10.1249
      vertex 22.2 1.87099 9.95231
    endloop
  endfacet
  facet normal 1 0 0
    outer loop
      vertex 22.2 11.8617 11.5
      vertex 22.2 0.956393 10.2495
      vertex 22.2 1.42148 10.1249
    endloop
  endfacet
  facet normal 1 0 0
    outer loop
      vertex 22.2 11.8617 11.5
      vertex 22.2 0.48083 10.3248
      vertex 22.2 0.956393 10.2495
    endloop
  endfacet
  facet normal 1 0 0
    outer loop
      vertex 22.2 11.8617 11.5
      vertex 22.2 0 10.35
      vertex 22.2 0.48083 10.3248
    endloop
  endfacet
  facet normal 1 -0 0
    outer loop
      vertex 22.2 -11.8617 11.5
      vertex 22.2 0 10.35
      vertex 22.2 11.8617 11.5
    endloop
  endfacet
  facet normal 1 0 0
    outer loop
      vertex 22.2 -4.5748 6.23083
      vertex 22.2 -11.8617 11.5
      vertex 22.2 -4.6 5.75
    endloop
  endfacet
  facet normal 1 0 0
    outer loop
      vertex 22.2 -4.49948 6.70639
      vertex 22.2 -11.8617 11.5
      vertex 22.2 -4.5748 6.23083
    endloop
  endfacet
  facet normal 1 0 0
    outer loop
      vertex 22.2 -4.37486 7.17148
      vertex 22.2 -11.8617 11.5
      vertex 22.2 -4.49948 6.70639
    endloop
  endfacet
  facet normal 1 0 0
    outer loop
      vertex 22.2 -4.20231 7.62099
      vertex 22.2 -11.8617 11.5
      vertex 22.2 -4.37486 7.17148
    endloop
  endfacet
  facet normal 1 0 0
    outer loop
      vertex 22.2 -3.98372 8.05
      vertex 22.2 -11.8617 11.5
      vertex 22.2 -4.20231 7.62099
    endloop
  endfacet
  facet normal 1 0 0
    outer loop
      vertex 22.2 -3.72148 8.45381
      vertex 22.2 -11.8617 11.5
      vertex 22.2 -3.98372 8.05
    endloop
  endfacet
  facet normal 1 0 0
    outer loop
      vertex 22.2 -3.41847 8.828
      vertex 22.2 -11.8617 11.5
      vertex 22.2 -3.72148 8.45381
    endloop
  endfacet
  facet normal 1 0 0
    outer loop
      vertex 22.2 -3.078 9.16847
      vertex 22.2 -11.8617 11.5
      vertex 22.2 -3.41847 8.828
    endloop
  endfacet
  facet normal 1 0 0
    outer loop
      vertex 22.2 -2.70381 9.47148
      vertex 22.2 -11.8617 11.5
      vertex 22.2 -3.078 9.16847
    endloop
  endfacet
  facet normal 1 0 0
    outer loop
      vertex 22.2 -2.3 9.73372
      vertex 22.2 -11.8617 11.5
      vertex 22.2 -2.70381 9.47148
    endloop
  endfacet
  facet normal 1 0 0
    outer loop
      vertex 22.2 -1.87099 9.95231
      vertex 22.2 -11.8617 11.5
      vertex 22.2 -2.3 9.73372
    endloop
  endfacet
  facet normal 1 0 0
    outer loop
      vertex 22.2 -1.42148 10.1249
      vertex 22.2 -11.8617 11.5
      vertex 22.2 -1.87099 9.95231
    endloop
  endfacet
  facet normal 1 0 0
    outer loop
      vertex 22.2 -0.956393 10.2495
      vertex 22.2 -11.8617 11.5
      vertex 22.2 -1.42148 10.1249
    endloop
  endfacet
  facet normal 1 0 0
    outer loop
      vertex 22.2 -0.48083 10.3248
      vertex 22.2 -11.8617 11.5
      vertex 22.2 -0.956393 10.2495
    endloop
  endfacet
  facet normal 1 0 0
    outer loop
      vertex 22.2 0 10.35
      vertex 22.2 -11.8617 11.5
      vertex 22.2 -0.48083 10.3248
    endloop
  endfacet
  facet normal 1 -0 0
    outer loop
      vertex 22.2 4.5748 5.26917
      vertex 22.2 11.8617 0
      vertex 22.2 4.6 5.75
    endloop
  endfacet
  facet normal 1 -0 0
    outer loop
      vertex 22.2 4.49948 4.79361
      vertex 22.2 11.8617 0
      vertex 22.2 4.5748 5.26917
    endloop
  endfacet
  facet normal 1 -0 0
    outer loop
      vertex 22.2 4.37486 4.32852
      vertex 22.2 11.8617 0
      vertex 22.2 4.49948 4.79361
    endloop
  endfacet
  facet normal 1 -0 0
    outer loop
      vertex 22.2 4.20231 3.87901
      vertex 22.2 11.8617 0
      vertex 22.2 4.37486 4.32852
    endloop
  endfacet
  facet normal 1 -0 0
    outer loop
      vertex 22.2 3.98372 3.45
      vertex 22.2 11.8617 0
      vertex 22.2 4.20231 3.87901
    endloop
  endfacet
  facet normal 1 -0 0
    outer loop
      vertex 22.2 3.72148 3.04619
      vertex 22.2 11.8617 0
      vertex 22.2 3.98372 3.45
    endloop
  endfacet
  facet normal 1 -0 0
    outer loop
      vertex 22.2 3.41847 2.672
      vertex 22.2 11.8617 0
      vertex 22.2 3.72148 3.04619
    endloop
  endfacet
  facet normal 1 -0 0
    outer loop
      vertex 22.2 3.078 2.33153
      vertex 22.2 11.8617 0
      vertex 22.2 3.41847 2.672
    endloop
  endfacet
  facet normal 1 -0 0
    outer loop
      vertex 22.2 2.70381 2.02852
      vertex 22.2 11.8617 0
      vertex 22.2 3.078 2.33153
    endloop
  endfacet
  facet normal 1 -0 0
    outer loop
      vertex 22.2 2.3 1.76628
      vertex 22.2 11.8617 0
      vertex 22.2 2.70381 2.02852
    endloop
  endfacet
  facet normal 1 -0 0
    outer loop
      vertex 22.2 1.87099 1.54769
      vertex 22.2 11.8617 0
      vertex 22.2 2.3 1.76628
    endloop
  endfacet
  facet normal 1 -0 0
    outer loop
      vertex 22.2 1.42148 1.37514
      vertex 22.2 11.8617 0
      vertex 22.2 1.87099 1.54769
    endloop
  endfacet
  facet normal 1 -0 0
    outer loop
      vertex 22.2 0.956393 1.25052
      vertex 22.2 11.8617 0
      vertex 22.2 1.42148 1.37514
    endloop
  endfacet
  facet normal 1 -0 0
    outer loop
      vertex 22.2 0.48083 1.1752
      vertex 22.2 11.8617 0
      vertex 22.2 0.956393 1.25052
    endloop
  endfacet
  facet normal 1 -0 0
    outer loop
      vertex 22.2 0 1.15
      vertex 22.2 11.8617 0
      vertex 22.2 0.48083 1.1752
    endloop
  endfacet
  facet normal 1 0 0
    outer loop
      vertex 22.2 -11.8617 0
      vertex 22.2 0 1.15
      vertex 22.2 -0.48083 1.1752
    endloop
  endfacet
  facet normal 1 0 0
    outer loop
      vertex 22.2 -11.8617 0
      vertex 22.2 -4.6 5.75
      vertex 22.2 -11.8617 11.5
    endloop
  endfacet
  facet normal 1 0 0
    outer loop
      vertex 22.2 -4.6 5.75
      vertex 22.2 -11.8617 0
      vertex 22.2 -4.5748 5.26917
    endloop
  endfacet
  facet normal 1 0 0
    outer loop
      vertex 22.2 -4.5748 5.26917
      vertex 22.2 -11.8617 0
      vertex 22.2 -4.49948 4.79361
    endloop
  endfacet
  facet normal 1 0 0
    outer loop
      vertex 22.2 -4.49948 4.79361
      vertex 22.2 -11.8617 0
      vertex 22.2 -4.37486 4.32852
    endloop
  endfacet
  facet normal 1 0 0
    outer loop
      vertex 22.2 -4.37486 4.32852
      vertex 22.2 -11.8617 0
      vertex 22.2 -4.20231 3.87901
    endloop
  endfacet
  facet normal 1 0 0
    outer loop
      vertex 22.2 -4.20231 3.87901
      vertex 22.2 -11.8617 0
      vertex 22.2 -3.98372 3.45
    endloop
  endfacet
  facet normal 1 0 0
    outer loop
      vertex 22.2 -3.98372 3.45
      vertex 22.2 -11.8617 0
      vertex 22.2 -3.72148 3.04619
    endloop
  endfacet
  facet normal 1 0 0
    outer loop
      vertex 22.2 0 1.15
      vertex 22.2 -11.8617 0
      vertex 22.2 11.8617 0
    endloop
  endfacet
  facet normal 1 0 0
    outer loop
      vertex 22.2 -0.956393 1.25052
      vertex 22.2 -11.8617 0
      vertex 22.2 -0.48083 1.1752
    endloop
  endfacet
  facet normal 1 0 0
    outer loop
      vertex 22.2 -1.42148 1.37514
      vertex 22.2 -11.8617 0
      vertex 22.2 -0.956393 1.25052
    endloop
  endfacet
  facet normal 1 0 0
    outer loop
      vertex 22.2 -1.87099 1.54769
      vertex 22.2 -11.8617 0
      vertex 22.2 -1.42148 1.37514
    endloop
  endfacet
  facet normal 1 0 0
    outer loop
      vertex 22.2 -2.3 1.76628
      vertex 22.2 -11.8617 0
      vertex 22.2 -1.87099 1.54769
    endloop
  endfacet
  facet normal 1 0 0
    outer loop
      vertex 22.2 -2.70381 2.02852
      vertex 22.2 -11.8617 0
      vertex 22.2 -2.3 1.76628
    endloop
  endfacet
  facet normal 1 0 0
    outer loop
      vertex 22.2 -3.078 2.33153
      vertex 22.2 -11.8617 0
      vertex 22.2 -2.70381 2.02852
    endloop
  endfacet
  facet normal 1 0 0
    outer loop
      vertex 22.2 -3.41847 2.672
      vertex 22.2 -11.8617 0
      vertex 22.2 -3.078 2.33153
    endloop
  endfacet
  facet normal 1 0 0
    outer loop
      vertex 22.2 -3.72148 3.04619
      vertex 22.2 -11.8617 0
      vertex 22.2 -3.41847 2.672
    endloop
  endfacet
  facet normal -1 0 0
    outer loop
      vertex -22.2 -11.8617 0
      vertex -22.2 11.8617 11.5
      vertex -22.2 11.8617 0
    endloop
  endfacet
  facet normal -1 -0 0
    outer loop
      vertex -22.2 11.8617 11.5
      vertex -22.2 -11.8617 0
      vertex -22.2 -11.8617 11.5
    endloop
  endfacet
  facet normal 0.99863 0.0523361 0
    outer loop
      vertex 15.4 0 18.1
      vertex 15.3156 1.60974 11.5
      vertex 15.3156 1.60974 18.1
    endloop
  endfacet
  facet normal 0.99863 0.0523361 0
    outer loop
      vertex 15.3156 1.60974 11.5
      vertex 15.4 0 18.1
      vertex 15.4 0 11.5
    endloop
  endfacet
  facet normal -0.99863 0.0523361 0
    outer loop
      vertex -15.4 0 11.5
      vertex -15.3156 1.60974 18.1
      vertex -15.3156 1.60974 11.5
    endloop
  endfacet
  facet normal -0.99863 0.0523361 0
    outer loop
      vertex -15.3156 1.60974 18.1
      vertex -15.4 0 11.5
      vertex -15.4 0 18.1
    endloop
  endfacet
  facet normal 0.0523361 0.99863 -0
    outer loop
      vertex 1.60974 15.3156 11.5
      vertex 0 15.4 18.1
      vertex 1.60974 15.3156 18.1
    endloop
  endfacet
  facet normal 0.0523361 0.99863 0
    outer loop
      vertex 0 15.4 18.1
      vertex 1.60974 15.3156 11.5
      vertex 0 15.4 11.5
    endloop
  endfacet
  facet normal -0.0523361 -0.99863 0
    outer loop
      vertex -1.60974 -15.3156 11.5
      vertex 0 -15.4 18.1
      vertex -1.60974 -15.3156 18.1
    endloop
  endfacet
  facet normal -0.0523361 -0.99863 -0
    outer loop
      vertex 0 -15.4 18.1
      vertex -1.60974 -15.3156 11.5
      vertex 0 -15.4 11.5
    endloop
  endfacet
  facet normal 0.707107 0.707107 0
    outer loop
      vertex 11.4444 10.3046 18.1
      vertex 10.3046 11.4444 11.5
      vertex 10.3046 11.4444 18.1
    endloop
  endfacet
  facet normal 0.707107 0.707107 0
    outer loop
      vertex 10.3046 11.4444 11.5
      vertex 11.4444 10.3046 18.1
      vertex 11.4444 10.3046 11.5
    endloop
  endfacet
  facet normal -0.62932 0.777146 0
    outer loop
      vertex -9.05189 12.4589 11.5
      vertex -10.3046 11.4444 18.1
      vertex -9.05189 12.4589 18.1
    endloop
  endfacet
  facet normal -0.62932 0.777146 0
    outer loop
      vertex -10.3046 11.4444 18.1
      vertex -9.05189 12.4589 11.5
      vertex -10.3046 11.4444 11.5
    endloop
  endfacet
  facet normal -0.358368 0.93358 0
    outer loop
      vertex -4.75886 14.6463 11.5
      vertex -6.26374 14.0686 18.1
      vertex -4.75886 14.6463 18.1
    endloop
  endfacet
  facet normal -0.358368 0.93358 0
    outer loop
      vertex -6.26374 14.0686 18.1
      vertex -4.75886 14.6463 11.5
      vertex -6.26374 14.0686 11.5
    endloop
  endfacet
  facet normal -0.965926 -0.258819 0
    outer loop
      vertex -14.6463 -4.75886 11.5
      vertex -15.0635 -3.20184 18.1
      vertex -15.0635 -3.20184 11.5
    endloop
  endfacet
  facet normal -0.965926 -0.258819 0
    outer loop
      vertex -15.0635 -3.20184 18.1
      vertex -14.6463 -4.75886 11.5
      vertex -14.6463 -4.75886 18.1
    endloop
  endfacet
  facet normal 0.891007 0.45399 0
    outer loop
      vertex 14.0686 6.26374 18.1
      vertex 13.3368 7.7 11.5
      vertex 13.3368 7.7 18.1
    endloop
  endfacet
  facet normal 0.891007 0.45399 0
    outer loop
      vertex 13.3368 7.7 11.5
      vertex 14.0686 6.26374 18.1
      vertex 14.0686 6.26374 11.5
    endloop
  endfacet
  facet normal 0.45399 0.891007 -0
    outer loop
      vertex 7.7 13.3368 11.5
      vertex 6.26374 14.0686 18.1
      vertex 7.7 13.3368 18.1
    endloop
  endfacet
  facet normal 0.45399 0.891007 0
    outer loop
      vertex 6.26374 14.0686 18.1
      vertex 7.7 13.3368 11.5
      vertex 6.26374 14.0686 11.5
    endloop
  endfacet
  facet normal 0.544639 0.83867 -0
    outer loop
      vertex 9.05189 12.4589 11.5
      vertex 7.7 13.3368 18.1
      vertex 9.05189 12.4589 18.1
    endloop
  endfacet
  facet normal 0.544639 0.83867 0
    outer loop
      vertex 7.7 13.3368 18.1
      vertex 9.05189 12.4589 11.5
      vertex 7.7 13.3368 11.5
    endloop
  endfacet
  facet normal -0.83867 0.544639 0
    outer loop
      vertex -13.3368 7.7 11.5
      vertex -12.4589 9.05189 18.1
      vertex -12.4589 9.05189 11.5
    endloop
  endfacet
  facet normal -0.83867 0.544639 0
    outer loop
      vertex -12.4589 9.05189 18.1
      vertex -13.3368 7.7 11.5
      vertex -13.3368 7.7 18.1
    endloop
  endfacet
  facet normal -0.777146 0.62932 0
    outer loop
      vertex -12.4589 9.05189 11.5
      vertex -11.4444 10.3046 18.1
      vertex -11.4444 10.3046 11.5
    endloop
  endfacet
  facet normal -0.777146 0.62932 0
    outer loop
      vertex -11.4444 10.3046 18.1
      vertex -12.4589 9.05189 11.5
      vertex -12.4589 9.05189 18.1
    endloop
  endfacet
  facet normal -0.45399 0.891007 0
    outer loop
      vertex -6.26374 14.0686 11.5
      vertex -7.7 13.3368 18.1
      vertex -6.26374 14.0686 18.1
    endloop
  endfacet
  facet normal -0.45399 0.891007 0
    outer loop
      vertex -7.7 13.3368 18.1
      vertex -6.26374 14.0686 11.5
      vertex -7.7 13.3368 11.5
    endloop
  endfacet
  facet normal -0.156434 0.987688 0
    outer loop
      vertex -1.60974 15.3156 11.5
      vertex -3.20184 15.0635 18.1
      vertex -1.60974 15.3156 18.1
    endloop
  endfacet
  facet normal -0.156434 0.987688 0
    outer loop
      vertex -3.20184 15.0635 18.1
      vertex -1.60974 15.3156 11.5
      vertex -3.20184 15.0635 11.5
    endloop
  endfacet
  facet normal 0.891007 -0.45399 0
    outer loop
      vertex 13.3368 -7.7 18.1
      vertex 14.0686 -6.26374 11.5
      vertex 14.0686 -6.26374 18.1
    endloop
  endfacet
  facet normal 0.891007 -0.45399 0
    outer loop
      vertex 14.0686 -6.26374 11.5
      vertex 13.3368 -7.7 18.1
      vertex 13.3368 -7.7 11.5
    endloop
  endfacet
  facet normal 0.258819 -0.965926 0
    outer loop
      vertex 3.20184 -15.0635 11.5
      vertex 4.75886 -14.6463 18.1
      vertex 3.20184 -15.0635 18.1
    endloop
  endfacet
  facet normal 0.258819 -0.965926 0
    outer loop
      vertex 4.75886 -14.6463 18.1
      vertex 3.20184 -15.0635 11.5
      vertex 4.75886 -14.6463 11.5
    endloop
  endfacet
  facet normal 0.707107 -0.707107 0
    outer loop
      vertex 10.3046 -11.4444 18.1
      vertex 11.4444 -10.3046 11.5
      vertex 11.4444 -10.3046 18.1
    endloop
  endfacet
  facet normal 0.707107 -0.707107 0
    outer loop
      vertex 11.4444 -10.3046 11.5
      vertex 10.3046 -11.4444 18.1
      vertex 10.3046 -11.4444 11.5
    endloop
  endfacet
  facet normal 0.965926 -0.258819 0
    outer loop
      vertex 14.6463 -4.75886 18.1
      vertex 15.0635 -3.20184 11.5
      vertex 15.0635 -3.20184 18.1
    endloop
  endfacet
  facet normal 0.965926 -0.258819 0
    outer loop
      vertex 15.0635 -3.20184 11.5
      vertex 14.6463 -4.75886 18.1
      vertex 14.6463 -4.75886 11.5
    endloop
  endfacet
  facet normal -0.358368 -0.93358 0
    outer loop
      vertex -6.26374 -14.0686 11.5
      vertex -4.75886 -14.6463 18.1
      vertex -6.26374 -14.0686 18.1
    endloop
  endfacet
  facet normal -0.358368 -0.93358 -0
    outer loop
      vertex -4.75886 -14.6463 18.1
      vertex -6.26374 -14.0686 11.5
      vertex -4.75886 -14.6463 11.5
    endloop
  endfacet
  facet normal -0.891007 -0.45399 0
    outer loop
      vertex -13.3368 -7.7 11.5
      vertex -14.0686 -6.26374 18.1
      vertex -14.0686 -6.26374 11.5
    endloop
  endfacet
  facet normal -0.891007 -0.45399 0
    outer loop
      vertex -14.0686 -6.26374 18.1
      vertex -13.3368 -7.7 11.5
      vertex -13.3368 -7.7 18.1
    endloop
  endfacet
  facet normal -0.83867 -0.544639 0
    outer loop
      vertex -12.4589 -9.05189 11.5
      vertex -13.3368 -7.7 18.1
      vertex -13.3368 -7.7 11.5
    endloop
  endfacet
  facet normal -0.83867 -0.544639 0
    outer loop
      vertex -13.3368 -7.7 18.1
      vertex -12.4589 -9.05189 11.5
      vertex -12.4589 -9.05189 18.1
    endloop
  endfacet
  facet normal -0.99863 -0.0523361 0
    outer loop
      vertex -15.3156 -1.60974 11.5
      vertex -15.4 0 18.1
      vertex -15.4 0 11.5
    endloop
  endfacet
  facet normal -0.99863 -0.0523361 0
    outer loop
      vertex -15.4 0 18.1
      vertex -15.3156 -1.60974 11.5
      vertex -15.3156 -1.60974 18.1
    endloop
  endfacet
  facet normal 0.965926 0.258819 0
    outer loop
      vertex 15.0635 3.20184 18.1
      vertex 14.6463 4.75886 11.5
      vertex 14.6463 4.75886 18.1
    endloop
  endfacet
  facet normal 0.965926 0.258819 0
    outer loop
      vertex 14.6463 4.75886 11.5
      vertex 15.0635 3.20184 18.1
      vertex 15.0635 3.20184 11.5
    endloop
  endfacet
  facet normal 0.987688 0.156434 0
    outer loop
      vertex 15.3156 1.60974 18.1
      vertex 15.0635 3.20184 11.5
      vertex 15.0635 3.20184 18.1
    endloop
  endfacet
  facet normal 0.987688 0.156434 0
    outer loop
      vertex 15.0635 3.20184 11.5
      vertex 15.3156 1.60974 18.1
      vertex 15.3156 1.60974 11.5
    endloop
  endfacet
  facet normal 0.93358 0.358368 0
    outer loop
      vertex 14.6463 4.75886 18.1
      vertex 14.0686 6.26374 11.5
      vertex 14.0686 6.26374 18.1
    endloop
  endfacet
  facet normal 0.93358 0.358368 0
    outer loop
      vertex 14.0686 6.26374 11.5
      vertex 14.6463 4.75886 18.1
      vertex 14.6463 4.75886 11.5
    endloop
  endfacet
  facet normal 0.777146 0.62932 0
    outer loop
      vertex 12.4589 9.05189 18.1
      vertex 11.4444 10.3046 11.5
      vertex 11.4444 10.3046 18.1
    endloop
  endfacet
  facet normal 0.777146 0.62932 0
    outer loop
      vertex 11.4444 10.3046 11.5
      vertex 12.4589 9.05189 18.1
      vertex 12.4589 9.05189 11.5
    endloop
  endfacet
  facet normal 0.83867 0.544639 0
    outer loop
      vertex 13.3368 7.7 18.1
      vertex 12.4589 9.05189 11.5
      vertex 12.4589 9.05189 18.1
    endloop
  endfacet
  facet normal 0.83867 0.544639 0
    outer loop
      vertex 12.4589 9.05189 11.5
      vertex 13.3368 7.7 18.1
      vertex 13.3368 7.7 11.5
    endloop
  endfacet
  facet normal 0.258819 0.965926 -0
    outer loop
      vertex 4.75886 14.6463 11.5
      vertex 3.20184 15.0635 18.1
      vertex 4.75886 14.6463 18.1
    endloop
  endfacet
  facet normal 0.258819 0.965926 0
    outer loop
      vertex 3.20184 15.0635 18.1
      vertex 4.75886 14.6463 11.5
      vertex 3.20184 15.0635 11.5
    endloop
  endfacet
  facet normal 0.358368 0.93358 -0
    outer loop
      vertex 6.26374 14.0686 11.5
      vertex 4.75886 14.6463 18.1
      vertex 6.26374 14.0686 18.1
    endloop
  endfacet
  facet normal 0.358368 0.93358 0
    outer loop
      vertex 4.75886 14.6463 18.1
      vertex 6.26374 14.0686 11.5
      vertex 4.75886 14.6463 11.5
    endloop
  endfacet
  facet normal 0.156434 0.987688 -0
    outer loop
      vertex 3.20184 15.0635 11.5
      vertex 1.60974 15.3156 18.1
      vertex 3.20184 15.0635 18.1
    endloop
  endfacet
  facet normal 0.156434 0.987688 0
    outer loop
      vertex 1.60974 15.3156 18.1
      vertex 3.20184 15.0635 11.5
      vertex 1.60974 15.3156 11.5
    endloop
  endfacet
  facet normal 0.62932 0.777146 -0
    outer loop
      vertex 10.3046 11.4444 11.5
      vertex 9.05189 12.4589 18.1
      vertex 10.3046 11.4444 18.1
    endloop
  endfacet
  facet normal 0.62932 0.777146 0
    outer loop
      vertex 9.05189 12.4589 18.1
      vertex 10.3046 11.4444 11.5
      vertex 9.05189 12.4589 11.5
    endloop
  endfacet
  facet normal -0.965926 0.258819 0
    outer loop
      vertex -15.0635 3.20184 11.5
      vertex -14.6463 4.75886 18.1
      vertex -14.6463 4.75886 11.5
    endloop
  endfacet
  facet normal -0.965926 0.258819 0
    outer loop
      vertex -14.6463 4.75886 18.1
      vertex -15.0635 3.20184 11.5
      vertex -15.0635 3.20184 18.1
    endloop
  endfacet
  facet normal -0.707107 0.707107 0
    outer loop
      vertex -11.4444 10.3046 11.5
      vertex -10.3046 11.4444 18.1
      vertex -10.3046 11.4444 11.5
    endloop
  endfacet
  facet normal -0.707107 0.707107 0
    outer loop
      vertex -10.3046 11.4444 18.1
      vertex -11.4444 10.3046 11.5
      vertex -11.4444 10.3046 18.1
    endloop
  endfacet
  facet normal -0.891007 0.45399 0
    outer loop
      vertex -14.0686 6.26374 11.5
      vertex -13.3368 7.7 18.1
      vertex -13.3368 7.7 11.5
    endloop
  endfacet
  facet normal -0.891007 0.45399 0
    outer loop
      vertex -13.3368 7.7 18.1
      vertex -14.0686 6.26374 11.5
      vertex -14.0686 6.26374 18.1
    endloop
  endfacet
  facet normal -0.93358 0.358368 0
    outer loop
      vertex -14.6463 4.75886 11.5
      vertex -14.0686 6.26374 18.1
      vertex -14.0686 6.26374 11.5
    endloop
  endfacet
  facet normal -0.93358 0.358368 0
    outer loop
      vertex -14.0686 6.26374 18.1
      vertex -14.6463 4.75886 11.5
      vertex -14.6463 4.75886 18.1
    endloop
  endfacet
  facet normal -0.987688 0.156434 0
    outer loop
      vertex -15.3156 1.60974 11.5
      vertex -15.0635 3.20184 18.1
      vertex -15.0635 3.20184 11.5
    endloop
  endfacet
  facet normal -0.987688 0.156434 0
    outer loop
      vertex -15.0635 3.20184 18.1
      vertex -15.3156 1.60974 11.5
      vertex -15.3156 1.60974 18.1
    endloop
  endfacet
  facet normal 0 0 1
    outer loop
      vertex 6.1 6.04557 18.1
      vertex 15.4 0 18.1
      vertex 15.3156 1.60974 18.1
    endloop
  endfacet
  facet normal 0 0 1
    outer loop
      vertex 6.1 6.04557 18.1
      vertex 15.3156 1.60974 18.1
      vertex 15.0635 3.20184 18.1
    endloop
  endfacet
  facet normal 0 0 1
    outer loop
      vertex 6.1 -6.04557 18.1
      vertex 15.4 0 18.1
      vertex 6.1 6.04557 18.1
    endloop
  endfacet
  facet normal 0 0 1
    outer loop
      vertex 6.1 6.04557 18.1
      vertex 15.0635 3.20184 18.1
      vertex 14.6463 4.75886 18.1
    endloop
  endfacet
  facet normal 0 0 1
    outer loop
      vertex 15.4 0 18.1
      vertex 6.1 -6.04557 18.1
      vertex 15.3156 -1.60974 18.1
    endloop
  endfacet
  facet normal -0 0 1
    outer loop
      vertex 6.1 6.04557 18.1
      vertex 14.6463 4.75886 18.1
      vertex 14.0686 6.26374 18.1
    endloop
  endfacet
  facet normal 0 0 1
    outer loop
      vertex 15.3156 -1.60974 18.1
      vertex 6.1 -6.04557 18.1
      vertex 15.0635 -3.20184 18.1
    endloop
  endfacet
  facet normal 0 0 1
    outer loop
      vertex 6.1 6.04557 18.1
      vertex 14.0686 6.26374 18.1
      vertex 13.3368 7.7 18.1
    endloop
  endfacet
  facet normal 0 0 1
    outer loop
      vertex 15.0635 -3.20184 18.1
      vertex 6.1 -6.04557 18.1
      vertex 14.6463 -4.75886 18.1
    endloop
  endfacet
  facet normal 0 0 1
    outer loop
      vertex 6.1 6.04557 18.1
      vertex 13.3368 7.7 18.1
      vertex 12.4589 9.05189 18.1
    endloop
  endfacet
  facet normal 0 0 1
    outer loop
      vertex 14.6463 -4.75886 18.1
      vertex 6.1 -6.04557 18.1
      vertex 14.0686 -6.26374 18.1
    endloop
  endfacet
  facet normal 0 0 1
    outer loop
      vertex 6.1 6.04557 18.1
      vertex 12.4589 9.05189 18.1
      vertex 11.4444 10.3046 18.1
    endloop
  endfacet
  facet normal 0 0 1
    outer loop
      vertex 14.0686 -6.26374 18.1
      vertex 6.1 -6.04557 18.1
      vertex 13.3368 -7.7 18.1
    endloop
  endfacet
  facet normal 0 0 1
    outer loop
      vertex 6.1 6.04557 18.1
      vertex 11.4444 10.3046 18.1
      vertex 10.3046 11.4444 18.1
    endloop
  endfacet
  facet normal 0 0 1
    outer loop
      vertex 13.3368 -7.7 18.1
      vertex 6.1 -6.04557 18.1
      vertex 12.4589 -9.05189 18.1
    endloop
  endfacet
  facet normal 0 0 1
    outer loop
      vertex 5.75452 6.39104 18.1
      vertex 10.3046 11.4444 18.1
      vertex 9.05189 12.4589 18.1
    endloop
  endfacet
  facet normal 0 0 1
    outer loop
      vertex 12.4589 -9.05189 18.1
      vertex 6.1 -6.04557 18.1
      vertex 11.4444 -10.3046 18.1
    endloop
  endfacet
  facet normal 0 0 1
    outer loop
      vertex 5.05495 6.95755 18.1
      vertex 9.05189 12.4589 18.1
      vertex 7.7 13.3368 18.1
    endloop
  endfacet
  facet normal 0 0 1
    outer loop
      vertex 11.4444 -10.3046 18.1
      vertex 6.1 -6.04557 18.1
      vertex 10.3046 -11.4444 18.1
    endloop
  endfacet
  facet normal 0 0 1
    outer loop
      vertex 4.3 7.44782 18.1
      vertex 7.7 13.3368 18.1
      vertex 6.26374 14.0686 18.1
    endloop
  endfacet
  facet normal -0 0 1
    outer loop
      vertex 5.75452 -6.39104 18.1
      vertex 10.3046 -11.4444 18.1
      vertex 6.1 -6.04557 18.1
    endloop
  endfacet
  facet normal 0 0 1
    outer loop
      vertex 10.3046 -11.4444 18.1
      vertex 5.75452 -6.39104 18.1
      vertex 9.05189 -12.4589 18.1
    endloop
  endfacet
  facet normal 0 0 1
    outer loop
      vertex 10.3046 11.4444 18.1
      vertex 5.75452 6.39104 18.1
      vertex 6.1 6.04557 18.1
    endloop
  endfacet
  facet normal 0 0 1
    outer loop
      vertex 9.05189 12.4589 18.1
      vertex 5.05495 6.95755 18.1
      vertex 5.75452 6.39104 18.1
    endloop
  endfacet
  facet normal 0 0 1
    outer loop
      vertex 3.49793 7.85649 18.1
      vertex 6.26374 14.0686 18.1
      vertex 4.75886 14.6463 18.1
    endloop
  endfacet
  facet normal 0 0 1
    outer loop
      vertex 7.7 13.3368 18.1
      vertex 4.3 7.44782 18.1
      vertex 5.05495 6.95755 18.1
    endloop
  endfacet
  facet normal 0 0 1
    outer loop
      vertex 6.26374 14.0686 18.1
      vertex 3.49793 7.85649 18.1
      vertex 4.3 7.44782 18.1
    endloop
  endfacet
  facet normal 0 0 1
    outer loop
      vertex 2.65755 8.17909 18.1
      vertex 4.75886 14.6463 18.1
      vertex 3.20184 15.0635 18.1
    endloop
  endfacet
  facet normal 0 0 1
    outer loop
      vertex 4.75886 14.6463 18.1
      vertex 2.65755 8.17909 18.1
      vertex 3.49793 7.85649 18.1
    endloop
  endfacet
  facet normal 0 0 1
    outer loop
      vertex 3.20184 15.0635 18.1
      vertex 1.78804 8.41207 18.1
      vertex 2.65755 8.17909 18.1
    endloop
  endfacet
  facet normal 0 0 1
    outer loop
      vertex 1.60974 15.3156 18.1
      vertex 1.78804 8.41207 18.1
      vertex 3.20184 15.0635 18.1
    endloop
  endfacet
  facet normal 0 0 1
    outer loop
      vertex 1.60974 15.3156 18.1
      vertex 0.898944 8.55289 18.1
      vertex 1.78804 8.41207 18.1
    endloop
  endfacet
  facet normal 0 0 1
    outer loop
      vertex 0 15.4 18.1
      vertex 0.898944 8.55289 18.1
      vertex 1.60974 15.3156 18.1
    endloop
  endfacet
  facet normal 0 0 1
    outer loop
      vertex 0 15.4 18.1
      vertex 0 8.6 18.1
      vertex 0.898944 8.55289 18.1
    endloop
  endfacet
  facet normal 0 0 1
    outer loop
      vertex 0 15.4 18.1
      vertex -0.898944 8.55289 18.1
      vertex 0 8.6 18.1
    endloop
  endfacet
  facet normal -0 0 1
    outer loop
      vertex -1.60974 15.3156 18.1
      vertex -0.898944 8.55289 18.1
      vertex 0 15.4 18.1
    endloop
  endfacet
  facet normal 0 0 1
    outer loop
      vertex -1.60974 15.3156 18.1
      vertex -1.78804 8.41207 18.1
      vertex -0.898944 8.55289 18.1
    endloop
  endfacet
  facet normal -0 0 1
    outer loop
      vertex -3.20184 15.0635 18.1
      vertex -1.78804 8.41207 18.1
      vertex -1.60974 15.3156 18.1
    endloop
  endfacet
  facet normal 0 0 1
    outer loop
      vertex -1.78804 8.41207 18.1
      vertex -3.20184 15.0635 18.1
      vertex -2.65755 8.17909 18.1
    endloop
  endfacet
  facet normal -0 0 1
    outer loop
      vertex -4.75886 14.6463 18.1
      vertex -2.65755 8.17909 18.1
      vertex -3.20184 15.0635 18.1
    endloop
  endfacet
  facet normal 0 0 1
    outer loop
      vertex -2.65755 8.17909 18.1
      vertex -4.75886 14.6463 18.1
      vertex -3.49793 7.85649 18.1
    endloop
  endfacet
  facet normal -0 0 1
    outer loop
      vertex -6.26374 14.0686 18.1
      vertex -3.49793 7.85649 18.1
      vertex -4.75886 14.6463 18.1
    endloop
  endfacet
  facet normal 0 0 1
    outer loop
      vertex -3.49793 7.85649 18.1
      vertex -6.26374 14.0686 18.1
      vertex -4.3 7.44782 18.1
    endloop
  endfacet
  facet normal -0 0 1
    outer loop
      vertex -7.7 13.3368 18.1
      vertex -4.3 7.44782 18.1
      vertex -6.26374 14.0686 18.1
    endloop
  endfacet
  facet normal 0 0 1
    outer loop
      vertex -4.3 7.44782 18.1
      vertex -7.7 13.3368 18.1
      vertex -5.05495 6.95755 18.1
    endloop
  endfacet
  facet normal 0 0 1
    outer loop
      vertex -5.05495 6.95755 18.1
      vertex -9.05189 12.4589 18.1
      vertex -5.75452 6.39104 18.1
    endloop
  endfacet
  facet normal -0 0 1
    outer loop
      vertex -9.05189 12.4589 18.1
      vertex -5.05495 6.95755 18.1
      vertex -7.7 13.3368 18.1
    endloop
  endfacet
  facet normal -0 0 1
    outer loop
      vertex 5.05495 -6.95755 18.1
      vertex 9.05189 -12.4589 18.1
      vertex 5.75452 -6.39104 18.1
    endloop
  endfacet
  facet normal 0 0 1
    outer loop
      vertex 9.05189 -12.4589 18.1
      vertex 5.05495 -6.95755 18.1
      vertex 7.7 -13.3368 18.1
    endloop
  endfacet
  facet normal -0 0 1
    outer loop
      vertex 4.3 -7.44782 18.1
      vertex 7.7 -13.3368 18.1
      vertex 5.05495 -6.95755 18.1
    endloop
  endfacet
  facet normal 0 0 1
    outer loop
      vertex 7.7 -13.3368 18.1
      vertex 4.3 -7.44782 18.1
      vertex 6.26374 -14.0686 18.1
    endloop
  endfacet
  facet normal -0 0 1
    outer loop
      vertex 3.49793 -7.85649 18.1
      vertex 6.26374 -14.0686 18.1
      vertex 4.3 -7.44782 18.1
    endloop
  endfacet
  facet normal 0 0 1
    outer loop
      vertex 6.26374 -14.0686 18.1
      vertex 3.49793 -7.85649 18.1
      vertex 4.75886 -14.6463 18.1
    endloop
  endfacet
  facet normal -0 0 1
    outer loop
      vertex 2.65755 -8.17909 18.1
      vertex 4.75886 -14.6463 18.1
      vertex 3.49793 -7.85649 18.1
    endloop
  endfacet
  facet normal 0 0 1
    outer loop
      vertex 4.75886 -14.6463 18.1
      vertex 2.65755 -8.17909 18.1
      vertex 3.20184 -15.0635 18.1
    endloop
  endfacet
  facet normal -0 0 1
    outer loop
      vertex 1.78804 -8.41207 18.1
      vertex 3.20184 -15.0635 18.1
      vertex 2.65755 -8.17909 18.1
    endloop
  endfacet
  facet normal 0 0 1
    outer loop
      vertex 1.78804 -8.41207 18.1
      vertex 1.60974 -15.3156 18.1
      vertex 3.20184 -15.0635 18.1
    endloop
  endfacet
  facet normal -0 0 1
    outer loop
      vertex 0.898944 -8.55289 18.1
      vertex 1.60974 -15.3156 18.1
      vertex 1.78804 -8.41207 18.1
    endloop
  endfacet
  facet normal -0 0 1
    outer loop
      vertex 0 -8.6 18.1
      vertex 1.60974 -15.3156 18.1
      vertex 0.898944 -8.55289 18.1
    endloop
  endfacet
  facet normal 0 0 1
    outer loop
      vertex 0 -8.6 18.1
      vertex 0 -15.4 18.1
      vertex 1.60974 -15.3156 18.1
    endloop
  endfacet
  facet normal 0 0 1
    outer loop
      vertex -0.898944 -8.55289 18.1
      vertex 0 -15.4 18.1
      vertex 0 -8.6 18.1
    endloop
  endfacet
  facet normal 0 0 1
    outer loop
      vertex -0.898944 -8.55289 18.1
      vertex -1.60974 -15.3156 18.1
      vertex 0 -15.4 18.1
    endloop
  endfacet
  facet normal 0 0 1
    outer loop
      vertex -1.78804 -8.41207 18.1
      vertex -1.60974 -15.3156 18.1
      vertex -0.898944 -8.55289 18.1
    endloop
  endfacet
  facet normal 0 0 1
    outer loop
      vertex -3.20184 -15.0635 18.1
      vertex -1.78804 -8.41207 18.1
      vertex -2.65755 -8.17909 18.1
    endloop
  endfacet
  facet normal 0 0 1
    outer loop
      vertex -1.78804 -8.41207 18.1
      vertex -3.20184 -15.0635 18.1
      vertex -1.60974 -15.3156 18.1
    endloop
  endfacet
  facet normal 0 0 1
    outer loop
      vertex -4.75886 -14.6463 18.1
      vertex -2.65755 -8.17909 18.1
      vertex -3.49793 -7.85649 18.1
    endloop
  endfacet
  facet normal 0 0 1
    outer loop
      vertex -6.26374 -14.0686 18.1
      vertex -3.49793 -7.85649 18.1
      vertex -4.3 -7.44782 18.1
    endloop
  endfacet
  facet normal 0 0 1
    outer loop
      vertex -2.65755 -8.17909 18.1
      vertex -4.75886 -14.6463 18.1
      vertex -3.20184 -15.0635 18.1
    endloop
  endfacet
  facet normal 0 0 1
    outer loop
      vertex -7.7 -13.3368 18.1
      vertex -4.3 -7.44782 18.1
      vertex -5.05495 -6.95755 18.1
    endloop
  endfacet
  facet normal 0 0 1
    outer loop
      vertex -9.05189 -12.4589 18.1
      vertex -5.05495 -6.95755 18.1
      vertex -5.75452 -6.39104 18.1
    endloop
  endfacet
  facet normal 0 0 1
    outer loop
      vertex -10.3046 -11.4444 18.1
      vertex -5.75452 -6.39104 18.1
      vertex -6.1 -6.04557 18.1
    endloop
  endfacet
  facet normal 0 0 1
    outer loop
      vertex -3.49793 -7.85649 18.1
      vertex -6.26374 -14.0686 18.1
      vertex -4.75886 -14.6463 18.1
    endloop
  endfacet
  facet normal -0 0 1
    outer loop
      vertex -10.3046 11.4444 18.1
      vertex -5.75452 6.39104 18.1
      vertex -9.05189 12.4589 18.1
    endloop
  endfacet
  facet normal 0 0 1
    outer loop
      vertex -5.75452 6.39104 18.1
      vertex -10.3046 11.4444 18.1
      vertex -6.1 6.04557 18.1
    endloop
  endfacet
  facet normal 0 0 1
    outer loop
      vertex -4.3 -7.44782 18.1
      vertex -7.7 -13.3368 18.1
      vertex -6.26374 -14.0686 18.1
    endloop
  endfacet
  facet normal -0 0 1
    outer loop
      vertex -11.4444 10.3046 18.1
      vertex -6.1 6.04557 18.1
      vertex -10.3046 11.4444 18.1
    endloop
  endfacet
  facet normal 0 0 1
    outer loop
      vertex -5.05495 -6.95755 18.1
      vertex -9.05189 -12.4589 18.1
      vertex -7.7 -13.3368 18.1
    endloop
  endfacet
  facet normal -0 0 1
    outer loop
      vertex -12.4589 9.05189 18.1
      vertex -6.1 6.04557 18.1
      vertex -11.4444 10.3046 18.1
    endloop
  endfacet
  facet normal 0 0 1
    outer loop
      vertex -5.75452 -6.39104 18.1
      vertex -10.3046 -11.4444 18.1
      vertex -9.05189 -12.4589 18.1
    endloop
  endfacet
  facet normal -0 0 1
    outer loop
      vertex -13.3368 7.7 18.1
      vertex -6.1 6.04557 18.1
      vertex -12.4589 9.05189 18.1
    endloop
  endfacet
  facet normal 0 0 1
    outer loop
      vertex -6.1 -6.04557 18.1
      vertex -11.4444 -10.3046 18.1
      vertex -10.3046 -11.4444 18.1
    endloop
  endfacet
  facet normal -0 0 1
    outer loop
      vertex -14.0686 6.26374 18.1
      vertex -6.1 6.04557 18.1
      vertex -13.3368 7.7 18.1
    endloop
  endfacet
  facet normal 0 0 1
    outer loop
      vertex -6.1 -6.04557 18.1
      vertex -12.4589 -9.05189 18.1
      vertex -11.4444 -10.3046 18.1
    endloop
  endfacet
  facet normal 0 0 1
    outer loop
      vertex -14.6463 4.75886 18.1
      vertex -6.1 6.04557 18.1
      vertex -14.0686 6.26374 18.1
    endloop
  endfacet
  facet normal 0 0 1
    outer loop
      vertex -6.1 -6.04557 18.1
      vertex -13.3368 -7.7 18.1
      vertex -12.4589 -9.05189 18.1
    endloop
  endfacet
  facet normal 0 0 1
    outer loop
      vertex -15.0635 3.20184 18.1
      vertex -6.1 6.04557 18.1
      vertex -14.6463 4.75886 18.1
    endloop
  endfacet
  facet normal 0 0 1
    outer loop
      vertex -6.1 -6.04557 18.1
      vertex -14.0686 -6.26374 18.1
      vertex -13.3368 -7.7 18.1
    endloop
  endfacet
  facet normal 0 0 1
    outer loop
      vertex -15.3156 1.60974 18.1
      vertex -6.1 6.04557 18.1
      vertex -15.0635 3.20184 18.1
    endloop
  endfacet
  facet normal 0 0 1
    outer loop
      vertex -6.1 -6.04557 18.1
      vertex -14.6463 -4.75886 18.1
      vertex -14.0686 -6.26374 18.1
    endloop
  endfacet
  facet normal 0 0 1
    outer loop
      vertex -15.4 0 18.1
      vertex -6.1 6.04557 18.1
      vertex -15.3156 1.60974 18.1
    endloop
  endfacet
  facet normal 0 0 1
    outer loop
      vertex -6.1 -6.04557 18.1
      vertex -15.0635 -3.20184 18.1
      vertex -14.6463 -4.75886 18.1
    endloop
  endfacet
  facet normal 0 0 1
    outer loop
      vertex -6.1 6.04557 18.1
      vertex -15.4 0 18.1
      vertex -6.1 -6.04557 18.1
    endloop
  endfacet
  facet normal 0 0 1
    outer loop
      vertex -6.1 -6.04557 18.1
      vertex -15.3156 -1.60974 18.1
      vertex -15.0635 -3.20184 18.1
    endloop
  endfacet
  facet normal 0 0 1
    outer loop
      vertex -6.1 -6.04557 18.1
      vertex -15.4 0 18.1
      vertex -15.3156 -1.60974 18.1
    endloop
  endfacet
  facet normal -0.0523361 0.99863 0
    outer loop
      vertex 0 15.4 11.5
      vertex -1.60974 15.3156 18.1
      vertex 0 15.4 18.1
    endloop
  endfacet
  facet normal -0.0523361 0.99863 0
    outer loop
      vertex -1.60974 15.3156 18.1
      vertex 0 15.4 11.5
      vertex -1.60974 15.3156 11.5
    endloop
  endfacet
  facet normal 0.0523361 -0.99863 0
    outer loop
      vertex 0 -15.4 11.5
      vertex 1.60974 -15.3156 18.1
      vertex 0 -15.4 18.1
    endloop
  endfacet
  facet normal 0.0523361 -0.99863 0
    outer loop
      vertex 1.60974 -15.3156 18.1
      vertex 0 -15.4 11.5
      vertex 1.60974 -15.3156 11.5
    endloop
  endfacet
  facet normal 0.45399 -0.891007 0
    outer loop
      vertex 6.26374 -14.0686 11.5
      vertex 7.7 -13.3368 18.1
      vertex 6.26374 -14.0686 18.1
    endloop
  endfacet
  facet normal 0.45399 -0.891007 0
    outer loop
      vertex 7.7 -13.3368 18.1
      vertex 6.26374 -14.0686 11.5
      vertex 7.7 -13.3368 11.5
    endloop
  endfacet
  facet normal 0.62932 -0.777146 0
    outer loop
      vertex 9.05189 -12.4589 11.5
      vertex 10.3046 -11.4444 18.1
      vertex 9.05189 -12.4589 18.1
    endloop
  endfacet
  facet normal 0.62932 -0.777146 0
    outer loop
      vertex 10.3046 -11.4444 18.1
      vertex 9.05189 -12.4589 11.5
      vertex 10.3046 -11.4444 11.5
    endloop
  endfacet
  facet normal 0.544639 -0.83867 0
    outer loop
      vertex 7.7 -13.3368 11.5
      vertex 9.05189 -12.4589 18.1
      vertex 7.7 -13.3368 18.1
    endloop
  endfacet
  facet normal 0.544639 -0.83867 0
    outer loop
      vertex 9.05189 -12.4589 18.1
      vertex 7.7 -13.3368 11.5
      vertex 9.05189 -12.4589 11.5
    endloop
  endfacet
  facet normal 0.777146 -0.62932 0
    outer loop
      vertex 11.4444 -10.3046 18.1
      vertex 12.4589 -9.05189 11.5
      vertex 12.4589 -9.05189 18.1
    endloop
  endfacet
  facet normal 0.777146 -0.62932 0
    outer loop
      vertex 12.4589 -9.05189 11.5
      vertex 11.4444 -10.3046 18.1
      vertex 11.4444 -10.3046 11.5
    endloop
  endfacet
  facet normal 0.83867 -0.544639 0
    outer loop
      vertex 12.4589 -9.05189 18.1
      vertex 13.3368 -7.7 11.5
      vertex 13.3368 -7.7 18.1
    endloop
  endfacet
  facet normal 0.83867 -0.544639 0
    outer loop
      vertex 13.3368 -7.7 11.5
      vertex 12.4589 -9.05189 18.1
      vertex 12.4589 -9.05189 11.5
    endloop
  endfacet
  facet normal -0.707107 -0.707107 0
    outer loop
      vertex -10.3046 -11.4444 11.5
      vertex -11.4444 -10.3046 18.1
      vertex -11.4444 -10.3046 11.5
    endloop
  endfacet
  facet normal -0.707107 -0.707107 0
    outer loop
      vertex -11.4444 -10.3046 18.1
      vertex -10.3046 -11.4444 11.5
      vertex -10.3046 -11.4444 18.1
    endloop
  endfacet
  facet normal -0.62932 -0.777146 0
    outer loop
      vertex -10.3046 -11.4444 11.5
      vertex -9.05189 -12.4589 18.1
      vertex -10.3046 -11.4444 18.1
    endloop
  endfacet
  facet normal -0.62932 -0.777146 -0
    outer loop
      vertex -9.05189 -12.4589 18.1
      vertex -10.3046 -11.4444 11.5
      vertex -9.05189 -12.4589 11.5
    endloop
  endfacet
  facet normal -0.544639 -0.83867 0
    outer loop
      vertex -9.05189 -12.4589 11.5
      vertex -7.7 -13.3368 18.1
      vertex -9.05189 -12.4589 18.1
    endloop
  endfacet
  facet normal -0.544639 -0.83867 -0
    outer loop
      vertex -7.7 -13.3368 18.1
      vertex -9.05189 -12.4589 11.5
      vertex -7.7 -13.3368 11.5
    endloop
  endfacet
  facet normal -0.156434 -0.987688 0
    outer loop
      vertex -3.20184 -15.0635 11.5
      vertex -1.60974 -15.3156 18.1
      vertex -3.20184 -15.0635 18.1
    endloop
  endfacet
  facet normal -0.156434 -0.987688 -0
    outer loop
      vertex -1.60974 -15.3156 18.1
      vertex -3.20184 -15.0635 11.5
      vertex -1.60974 -15.3156 11.5
    endloop
  endfacet
  facet normal -0.777146 -0.62932 0
    outer loop
      vertex -11.4444 -10.3046 11.5
      vertex -12.4589 -9.05189 18.1
      vertex -12.4589 -9.05189 11.5
    endloop
  endfacet
  facet normal -0.777146 -0.62932 0
    outer loop
      vertex -12.4589 -9.05189 18.1
      vertex -11.4444 -10.3046 11.5
      vertex -11.4444 -10.3046 18.1
    endloop
  endfacet
  facet normal -0.987688 -0.156434 0
    outer loop
      vertex -15.0635 -3.20184 11.5
      vertex -15.3156 -1.60974 18.1
      vertex -15.3156 -1.60974 11.5
    endloop
  endfacet
  facet normal -0.987688 -0.156434 0
    outer loop
      vertex -15.3156 -1.60974 18.1
      vertex -15.0635 -3.20184 11.5
      vertex -15.0635 -3.20184 18.1
    endloop
  endfacet
  facet normal -0.544639 0.83867 0
    outer loop
      vertex -7.7 13.3368 11.5
      vertex -9.05189 12.4589 18.1
      vertex -7.7 13.3368 18.1
    endloop
  endfacet
  facet normal -0.544639 0.83867 0
    outer loop
      vertex -9.05189 12.4589 18.1
      vertex -7.7 13.3368 11.5
      vertex -9.05189 12.4589 11.5
    endloop
  endfacet
  facet normal -0.258819 0.965926 0
    outer loop
      vertex -3.20184 15.0635 11.5
      vertex -4.75886 14.6463 18.1
      vertex -3.20184 15.0635 18.1
    endloop
  endfacet
  facet normal -0.258819 0.965926 0
    outer loop
      vertex -4.75886 14.6463 18.1
      vertex -3.20184 15.0635 11.5
      vertex -4.75886 14.6463 11.5
    endloop
  endfacet
  facet normal 0.156434 -0.987688 0
    outer loop
      vertex 1.60974 -15.3156 11.5
      vertex 3.20184 -15.0635 18.1
      vertex 1.60974 -15.3156 18.1
    endloop
  endfacet
  facet normal 0.156434 -0.987688 0
    outer loop
      vertex 3.20184 -15.0635 18.1
      vertex 1.60974 -15.3156 11.5
      vertex 3.20184 -15.0635 11.5
    endloop
  endfacet
  facet normal 0.358368 -0.93358 0
    outer loop
      vertex 4.75886 -14.6463 11.5
      vertex 6.26374 -14.0686 18.1
      vertex 4.75886 -14.6463 18.1
    endloop
  endfacet
  facet normal 0.358368 -0.93358 0
    outer loop
      vertex 6.26374 -14.0686 18.1
      vertex 4.75886 -14.6463 11.5
      vertex 6.26374 -14.0686 11.5
    endloop
  endfacet
  facet normal 0.93358 -0.358368 0
    outer loop
      vertex 14.0686 -6.26374 18.1
      vertex 14.6463 -4.75886 11.5
      vertex 14.6463 -4.75886 18.1
    endloop
  endfacet
  facet normal 0.93358 -0.358368 0
    outer loop
      vertex 14.6463 -4.75886 11.5
      vertex 14.0686 -6.26374 18.1
      vertex 14.0686 -6.26374 11.5
    endloop
  endfacet
  facet normal 0.987688 -0.156434 0
    outer loop
      vertex 15.0635 -3.20184 18.1
      vertex 15.3156 -1.60974 11.5
      vertex 15.3156 -1.60974 18.1
    endloop
  endfacet
  facet normal 0.987688 -0.156434 0
    outer loop
      vertex 15.3156 -1.60974 11.5
      vertex 15.0635 -3.20184 18.1
      vertex 15.0635 -3.20184 11.5
    endloop
  endfacet
  facet normal -0.45399 -0.891007 0
    outer loop
      vertex -7.7 -13.3368 11.5
      vertex -6.26374 -14.0686 18.1
      vertex -7.7 -13.3368 18.1
    endloop
  endfacet
  facet normal -0.45399 -0.891007 -0
    outer loop
      vertex -6.26374 -14.0686 18.1
      vertex -7.7 -13.3368 11.5
      vertex -6.26374 -14.0686 11.5
    endloop
  endfacet
  facet normal -0.258819 -0.965926 0
    outer loop
      vertex -4.75886 -14.6463 11.5
      vertex -3.20184 -15.0635 18.1
      vertex -4.75886 -14.6463 18.1
    endloop
  endfacet
  facet normal -0.258819 -0.965926 -0
    outer loop
      vertex -3.20184 -15.0635 18.1
      vertex -4.75886 -14.6463 11.5
      vertex -3.20184 -15.0635 11.5
    endloop
  endfacet
  facet normal -0.93358 -0.358368 0
    outer loop
      vertex -14.0686 -6.26374 11.5
      vertex -14.6463 -4.75886 18.1
      vertex -14.6463 -4.75886 11.5
    endloop
  endfacet
  facet normal -0.93358 -0.358368 0
    outer loop
      vertex -14.6463 -4.75886 18.1
      vertex -14.0686 -6.26374 11.5
      vertex -14.0686 -6.26374 18.1
    endloop
  endfacet
  facet normal 0.99863 -0.0523361 0
    outer loop
      vertex 15.3156 -1.60974 18.1
      vertex 15.4 0 11.5
      vertex 15.4 0 18.1
    endloop
  endfacet
  facet normal 0.99863 -0.0523361 0
    outer loop
      vertex 15.4 0 11.5
      vertex 15.3156 -1.60974 18.1
      vertex 15.3156 -1.60974 11.5
    endloop
  endfacet
  facet normal 0.0523358 -0.99863 0
    outer loop
      vertex -0.898944 8.55289 0
      vertex 0 8.6 18.1
      vertex -0.898944 8.55289 18.1
    endloop
  endfacet
  facet normal 0.0523358 -0.99863 0
    outer loop
      vertex 0 8.6 18.1
      vertex -0.898944 8.55289 0
      vertex 0 8.6 0
    endloop
  endfacet
  facet normal -0.0523358 0.99863 0
    outer loop
      vertex 0.898944 -8.55289 0
      vertex 0 -8.6 18.1
      vertex 0.898944 -8.55289 18.1
    endloop
  endfacet
  facet normal -0.0523358 0.99863 0
    outer loop
      vertex 0 -8.6 18.1
      vertex 0.898944 -8.55289 0
      vertex 0 -8.6 0
    endloop
  endfacet
  facet normal -0.629321 -0.777146 0
    outer loop
      vertex 5.05495 6.95755 0
      vertex 5.75452 6.39104 18.1
      vertex 5.05495 6.95755 18.1
    endloop
  endfacet
  facet normal -0.629321 -0.777146 -0
    outer loop
      vertex 5.75452 6.39104 18.1
      vertex 5.05495 6.95755 0
      vertex 5.75452 6.39104 0
    endloop
  endfacet
  facet normal 0.707107 -0.707107 0
    outer loop
      vertex -6.1 6.04557 18.1
      vertex -5.75452 6.39104 0
      vertex -5.75452 6.39104 18.1
    endloop
  endfacet
  facet normal 0.707107 -0.707107 0
    outer loop
      vertex -5.75452 6.39104 0
      vertex -6.1 6.04557 18.1
      vertex -6.1 6.04557 0
    endloop
  endfacet
  facet normal 0.45399 -0.891007 0
    outer loop
      vertex -4.3 7.44782 0
      vertex -3.49793 7.85649 18.1
      vertex -4.3 7.44782 18.1
    endloop
  endfacet
  facet normal 0.45399 -0.891007 0
    outer loop
      vertex -3.49793 7.85649 18.1
      vertex -4.3 7.44782 0
      vertex -3.49793 7.85649 0
    endloop
  endfacet
  facet normal -0.258819 -0.965926 0
    outer loop
      vertex 1.78804 8.41207 0
      vertex 2.65755 8.17909 18.1
      vertex 1.78804 8.41207 18.1
    endloop
  endfacet
  facet normal -0.258819 -0.965926 -0
    outer loop
      vertex 2.65755 8.17909 18.1
      vertex 1.78804 8.41207 0
      vertex 2.65755 8.17909 0
    endloop
  endfacet
  facet normal -0.156434 -0.987688 0
    outer loop
      vertex 0.898944 8.55289 0
      vertex 1.78804 8.41207 18.1
      vertex 0.898944 8.55289 18.1
    endloop
  endfacet
  facet normal -0.156434 -0.987688 -0
    outer loop
      vertex 1.78804 8.41207 18.1
      vertex 0.898944 8.55289 0
      vertex 1.78804 8.41207 0
    endloop
  endfacet
  facet normal -0.45399 -0.891007 0
    outer loop
      vertex 3.49793 7.85649 0
      vertex 4.3 7.44782 18.1
      vertex 3.49793 7.85649 18.1
    endloop
  endfacet
  facet normal -0.45399 -0.891007 -0
    outer loop
      vertex 4.3 7.44782 18.1
      vertex 3.49793 7.85649 0
      vertex 4.3 7.44782 0
    endloop
  endfacet
  facet normal 0.544639 -0.838671 0
    outer loop
      vertex -5.05495 6.95755 0
      vertex -4.3 7.44782 18.1
      vertex -5.05495 6.95755 18.1
    endloop
  endfacet
  facet normal 0.544639 -0.838671 0
    outer loop
      vertex -4.3 7.44782 18.1
      vertex -5.05495 6.95755 0
      vertex -4.3 7.44782 0
    endloop
  endfacet
  facet normal 0.258819 -0.965926 0
    outer loop
      vertex -2.65755 8.17909 0
      vertex -1.78804 8.41207 18.1
      vertex -2.65755 8.17909 18.1
    endloop
  endfacet
  facet normal 0.258819 -0.965926 0
    outer loop
      vertex -1.78804 8.41207 18.1
      vertex -2.65755 8.17909 0
      vertex -1.78804 8.41207 0
    endloop
  endfacet
  facet normal -0.156434 0.987688 0
    outer loop
      vertex 1.78804 -8.41207 0
      vertex 0.898944 -8.55289 18.1
      vertex 1.78804 -8.41207 18.1
    endloop
  endfacet
  facet normal -0.156434 0.987688 0
    outer loop
      vertex 0.898944 -8.55289 18.1
      vertex 1.78804 -8.41207 0
      vertex 0.898944 -8.55289 0
    endloop
  endfacet
  facet normal -0.707107 -0.707107 0
    outer loop
      vertex 6.1 6.04557 0
      vertex 5.75452 6.39104 18.1
      vertex 5.75452 6.39104 0
    endloop
  endfacet
  facet normal -0.707107 -0.707107 0
    outer loop
      vertex 5.75452 6.39104 18.1
      vertex 6.1 6.04557 0
      vertex 6.1 6.04557 18.1
    endloop
  endfacet
  facet normal -0.0523358 -0.99863 0
    outer loop
      vertex 0 8.6 0
      vertex 0.898944 8.55289 18.1
      vertex 0 8.6 18.1
    endloop
  endfacet
  facet normal -0.0523358 -0.99863 -0
    outer loop
      vertex 0.898944 8.55289 18.1
      vertex 0 8.6 0
      vertex 0.898944 8.55289 0
    endloop
  endfacet
  facet normal -0.544639 -0.838671 0
    outer loop
      vertex 4.3 7.44782 0
      vertex 5.05495 6.95755 18.1
      vertex 4.3 7.44782 18.1
    endloop
  endfacet
  facet normal -0.544639 -0.838671 -0
    outer loop
      vertex 5.05495 6.95755 18.1
      vertex 4.3 7.44782 0
      vertex 5.05495 6.95755 0
    endloop
  endfacet
  facet normal 0.358369 -0.93358 0
    outer loop
      vertex -3.49793 7.85649 0
      vertex -2.65755 8.17909 18.1
      vertex -3.49793 7.85649 18.1
    endloop
  endfacet
  facet normal 0.358369 -0.93358 0
    outer loop
      vertex -2.65755 8.17909 18.1
      vertex -3.49793 7.85649 0
      vertex -2.65755 8.17909 0
    endloop
  endfacet
  facet normal 0.156434 -0.987688 0
    outer loop
      vertex -1.78804 8.41207 0
      vertex -0.898944 8.55289 18.1
      vertex -1.78804 8.41207 18.1
    endloop
  endfacet
  facet normal 0.156434 -0.987688 0
    outer loop
      vertex -0.898944 8.55289 18.1
      vertex -1.78804 8.41207 0
      vertex -0.898944 8.55289 0
    endloop
  endfacet
  facet normal -0.45399 0.891007 0
    outer loop
      vertex 4.3 -7.44782 0
      vertex 3.49793 -7.85649 18.1
      vertex 4.3 -7.44782 18.1
    endloop
  endfacet
  facet normal -0.45399 0.891007 0
    outer loop
      vertex 3.49793 -7.85649 18.1
      vertex 4.3 -7.44782 0
      vertex 3.49793 -7.85649 0
    endloop
  endfacet
  facet normal -0.358369 -0.93358 0
    outer loop
      vertex 2.65755 8.17909 0
      vertex 3.49793 7.85649 18.1
      vertex 2.65755 8.17909 18.1
    endloop
  endfacet
  facet normal -0.358369 -0.93358 -0
    outer loop
      vertex 3.49793 7.85649 18.1
      vertex 2.65755 8.17909 0
      vertex 3.49793 7.85649 0
    endloop
  endfacet
  facet normal 0.629321 -0.777146 0
    outer loop
      vertex -5.75452 6.39104 0
      vertex -5.05495 6.95755 18.1
      vertex -5.75452 6.39104 18.1
    endloop
  endfacet
  facet normal 0.629321 -0.777146 0
    outer loop
      vertex -5.05495 6.95755 18.1
      vertex -5.75452 6.39104 0
      vertex -5.05495 6.95755 0
    endloop
  endfacet
  facet normal -0.544639 0.838671 0
    outer loop
      vertex 5.05495 -6.95755 0
      vertex 4.3 -7.44782 18.1
      vertex 5.05495 -6.95755 18.1
    endloop
  endfacet
  facet normal -0.544639 0.838671 0
    outer loop
      vertex 4.3 -7.44782 18.1
      vertex 5.05495 -6.95755 0
      vertex 4.3 -7.44782 0
    endloop
  endfacet
  facet normal -0.707107 0.707107 0
    outer loop
      vertex 5.75452 -6.39104 0
      vertex 6.1 -6.04557 18.1
      vertex 6.1 -6.04557 0
    endloop
  endfacet
  facet normal -0.707107 0.707107 0
    outer loop
      vertex 6.1 -6.04557 18.1
      vertex 5.75452 -6.39104 0
      vertex 5.75452 -6.39104 18.1
    endloop
  endfacet
  facet normal -0.358369 0.93358 0
    outer loop
      vertex 3.49793 -7.85649 0
      vertex 2.65755 -8.17909 18.1
      vertex 3.49793 -7.85649 18.1
    endloop
  endfacet
  facet normal -0.358369 0.93358 0
    outer loop
      vertex 2.65755 -8.17909 18.1
      vertex 3.49793 -7.85649 0
      vertex 2.65755 -8.17909 0
    endloop
  endfacet
  facet normal -0.258819 0.965926 0
    outer loop
      vertex 2.65755 -8.17909 0
      vertex 1.78804 -8.41207 18.1
      vertex 2.65755 -8.17909 18.1
    endloop
  endfacet
  facet normal -0.258819 0.965926 0
    outer loop
      vertex 1.78804 -8.41207 18.1
      vertex 2.65755 -8.17909 0
      vertex 1.78804 -8.41207 0
    endloop
  endfacet
  facet normal -0.629321 0.777146 0
    outer loop
      vertex 5.75452 -6.39104 0
      vertex 5.05495 -6.95755 18.1
      vertex 5.75452 -6.39104 18.1
    endloop
  endfacet
  facet normal -0.629321 0.777146 0
    outer loop
      vertex 5.05495 -6.95755 18.1
      vertex 5.75452 -6.39104 0
      vertex 5.05495 -6.95755 0
    endloop
  endfacet
  facet normal 0.707107 0.707107 0
    outer loop
      vertex -5.75452 -6.39104 18.1
      vertex -6.1 -6.04557 0
      vertex -6.1 -6.04557 18.1
    endloop
  endfacet
  facet normal 0.707107 0.707107 0
    outer loop
      vertex -6.1 -6.04557 0
      vertex -5.75452 -6.39104 18.1
      vertex -5.75452 -6.39104 0
    endloop
  endfacet
  facet normal 0.258819 0.965926 -0
    outer loop
      vertex -1.78804 -8.41207 0
      vertex -2.65755 -8.17909 18.1
      vertex -1.78804 -8.41207 18.1
    endloop
  endfacet
  facet normal 0.258819 0.965926 0
    outer loop
      vertex -2.65755 -8.17909 18.1
      vertex -1.78804 -8.41207 0
      vertex -2.65755 -8.17909 0
    endloop
  endfacet
  facet normal 0.156434 0.987688 -0
    outer loop
      vertex -0.898944 -8.55289 0
      vertex -1.78804 -8.41207 18.1
      vertex -0.898944 -8.55289 18.1
    endloop
  endfacet
  facet normal 0.156434 0.987688 0
    outer loop
      vertex -1.78804 -8.41207 18.1
      vertex -0.898944 -8.55289 0
      vertex -1.78804 -8.41207 0
    endloop
  endfacet
  facet normal 0.0523358 0.99863 -0
    outer loop
      vertex 0 -8.6 0
      vertex -0.898944 -8.55289 18.1
      vertex 0 -8.6 18.1
    endloop
  endfacet
  facet normal 0.0523358 0.99863 0
    outer loop
      vertex -0.898944 -8.55289 18.1
      vertex 0 -8.6 0
      vertex -0.898944 -8.55289 0
    endloop
  endfacet
  facet normal 0.629321 0.777146 -0
    outer loop
      vertex -5.05495 -6.95755 0
      vertex -5.75452 -6.39104 18.1
      vertex -5.05495 -6.95755 18.1
    endloop
  endfacet
  facet normal 0.629321 0.777146 0
    outer loop
      vertex -5.75452 -6.39104 18.1
      vertex -5.05495 -6.95755 0
      vertex -5.75452 -6.39104 0
    endloop
  endfacet
  facet normal 0.544639 0.838671 -0
    outer loop
      vertex -4.3 -7.44782 0
      vertex -5.05495 -6.95755 18.1
      vertex -4.3 -7.44782 18.1
    endloop
  endfacet
  facet normal 0.544639 0.838671 0
    outer loop
      vertex -5.05495 -6.95755 18.1
      vertex -4.3 -7.44782 0
      vertex -5.05495 -6.95755 0
    endloop
  endfacet
  facet normal 0.358369 0.93358 -0
    outer loop
      vertex -2.65755 -8.17909 0
      vertex -3.49793 -7.85649 18.1
      vertex -2.65755 -8.17909 18.1
    endloop
  endfacet
  facet normal 0.358369 0.93358 0
    outer loop
      vertex -3.49793 -7.85649 18.1
      vertex -2.65755 -8.17909 0
      vertex -3.49793 -7.85649 0
    endloop
  endfacet
  facet normal 0.45399 0.891007 -0
    outer loop
      vertex -3.49793 -7.85649 0
      vertex -4.3 -7.44782 18.1
      vertex -3.49793 -7.85649 18.1
    endloop
  endfacet
  facet normal 0.45399 0.891007 0
    outer loop
      vertex -4.3 -7.44782 18.1
      vertex -3.49793 -7.85649 0
      vertex -4.3 -7.44782 0
    endloop
  endfacet
  facet normal -1 0 0
    outer loop
      vertex 6.1 3.98372 8.05
      vertex 6.1 6.04557 0
      vertex 6.1 3.98372 3.45
    endloop
  endfacet
  facet normal -1 0 0
    outer loop
      vertex 6.1 6.04557 0
      vertex 6.1 0 1.15
      vertex 6.1 3.98372 3.45
    endloop
  endfacet
  facet normal -1 -0 0
    outer loop
      vertex 6.1 -3.98372 3.45
      vertex 6.1 -6.04557 0
      vertex 6.1 -3.98372 8.05
    endloop
  endfacet
  facet normal -1 -0 0
    outer loop
      vertex 6.1 0 1.15
      vertex 6.1 -6.04557 0
      vertex 6.1 -3.98372 3.45
    endloop
  endfacet
  facet normal -1 0 0
    outer loop
      vertex 6.1 -6.04557 0
      vertex 6.1 0 1.15
      vertex 6.1 6.04557 0
    endloop
  endfacet
  facet normal -1 0 0
    outer loop
      vertex 6.1 6.04557 0
      vertex 6.1 3.98372 8.05
      vertex 6.1 6.04557 18.1
    endloop
  endfacet
  facet normal -1 0 0
    outer loop
      vertex 6.1 0 10.35
      vertex 6.1 6.04557 18.1
      vertex 6.1 3.98372 8.05
    endloop
  endfacet
  facet normal -1 0 0
    outer loop
      vertex 6.1 -6.04557 18.1
      vertex 6.1 0 10.35
      vertex 6.1 -3.98372 8.05
    endloop
  endfacet
  facet normal -1 0 0
    outer loop
      vertex 6.1 0 10.35
      vertex 6.1 -6.04557 18.1
      vertex 6.1 6.04557 18.1
    endloop
  endfacet
  facet normal -1 0 0
    outer loop
      vertex 6.1 -6.04557 18.1
      vertex 6.1 -3.98372 8.05
      vertex 6.1 -6.04557 0
    endloop
  endfacet
  facet normal 1 -0 0
    outer loop
      vertex -6.1 -6.04557 18.1
      vertex -6.1 6.04557 0
      vertex -6.1 6.04557 18.1
    endloop
  endfacet
  facet normal 1 0 0
    outer loop
      vertex -6.1 6.04557 0
      vertex -6.1 -6.04557 18.1
      vertex -6.1 -6.04557 0
    endloop
  endfacet
  facet normal 0 -0.0523362 0.99863
    outer loop
      vertex 10.5 0.261321 3.2637
      vertex 17.8 0.184584 3.25967
      vertex 17.8 0.261321 3.2637
    endloop
  endfacet
  facet normal -1.56052e-008 -0.0523377 0.998629
    outer loop
      vertex 17.8 0.184584 3.25967
      vertex 10.5 0.261321 3.2637
      vertex 10.5 0.108884 3.25571
    endloop
  endfacet
  facet normal -4.93207e-008 -0.0523345 0.99863
    outer loop
      vertex 10.5 0.108884 3.25571
      vertex 17.8 0 3.25
      vertex 17.8 0.184584 3.25967
    endloop
  endfacet
  facet normal -3.26153e-008 -0.0523333 0.99863
    outer loop
      vertex 17.8 0 3.25
      vertex 10.5 0.108884 3.25571
      vertex 10.5 0 3.25
    endloop
  endfacet
  facet normal 0 -0.0523377 -0.998629
    outer loop
      vertex 10.5 0 8.25
      vertex 17.8 0.261321 8.2363
      vertex 17.8 0 8.25
    endloop
  endfacet
  facet normal -0 -0.0523377 -0.998629
    outer loop
      vertex 17.8 0.261321 8.2363
      vertex 10.5 0 8.25
      vertex 10.5 0.261321 8.2363
    endloop
  endfacet
  facet normal 0 0.998629 -0.0523377
    outer loop
      vertex 17.8 -2.5 5.75
      vertex 10.5 -2.4863 6.01132
      vertex 17.8 -2.4863 6.01132
    endloop
  endfacet
  facet normal 0 0.998629 -0.0523377
    outer loop
      vertex 10.5 -2.4863 6.01132
      vertex 17.8 -2.5 5.75
      vertex 10.5 -2.5 5.75
    endloop
  endfacet
  facet normal 0 0.62932 -0.777146
    outer loop
      vertex 10.5 -1.67283 7.60786
      vertex 17.8 -1.46946 7.77254
      vertex 17.8 -1.67283 7.60786
    endloop
  endfacet
  facet normal 0 0.62932 -0.777146
    outer loop
      vertex 17.8 -1.46946 7.77254
      vertex 10.5 -1.67283 7.60786
      vertex 10.5 -1.46946 7.77254
    endloop
  endfacet
  facet normal 0 -0.707107 0.707107
    outer loop
      vertex 10.5 1.67283 3.89214
      vertex 17.8 1.85786 4.07717
      vertex 10.5 1.85786 4.07717
    endloop
  endfacet
  facet normal 0 -0.707107 0.707107
    outer loop
      vertex 17.8 1.85786 4.07717
      vertex 10.5 1.67283 3.89214
      vertex 17.8 1.67283 3.89214
    endloop
  endfacet
  facet normal 0 -0.777146 -0.62932
    outer loop
      vertex 10.5 2.02254 7.21946
      vertex 17.8 1.85786 7.42283
      vertex 10.5 1.85786 7.42283
    endloop
  endfacet
  facet normal 0 -0.777146 -0.62932
    outer loop
      vertex 17.8 1.85786 7.42283
      vertex 10.5 2.02254 7.21946
      vertex 17.8 2.02254 7.21946
    endloop
  endfacet
  facet normal 0 0.707107 0.707107
    outer loop
      vertex 17.8 -1.67283 3.89214
      vertex 10.5 -1.85786 4.07717
      vertex 17.8 -1.85786 4.07717
    endloop
  endfacet
  facet normal 0 0.707107 0.707107
    outer loop
      vertex 10.5 -1.85786 4.07717
      vertex 17.8 -1.67283 3.89214
      vertex 10.5 -1.67283 3.89214
    endloop
  endfacet
  facet normal 0 0.358368 -0.93358
    outer loop
      vertex 10.5 -1.01684 8.03386
      vertex 17.8 -0.772542 8.12764
      vertex 17.8 -1.01684 8.03386
    endloop
  endfacet
  facet normal 0 0.358368 -0.93358
    outer loop
      vertex 17.8 -0.772542 8.12764
      vertex 10.5 -1.01684 8.03386
      vertex 10.5 -0.772542 8.12764
    endloop
  endfacet
  facet normal 0 -0.156434 0.987688
    outer loop
      vertex 10.5 0.519779 3.30463
      vertex 17.8 0.261321 3.2637
      vertex 17.8 0.519779 3.30463
    endloop
  endfacet
  facet normal 0 -0.156434 0.987688
    outer loop
      vertex 17.8 0.261321 3.2637
      vertex 10.5 0.519779 3.30463
      vertex 10.5 0.261321 3.2637
    endloop
  endfacet
  facet normal 0 -0.891006 0.453992
    outer loop
      vertex 10.5 2.28386 4.73316
      vertex 17.8 2.24898 4.66469
      vertex 17.8 2.28386 4.73316
    endloop
  endfacet
  facet normal -1.51431e-008 -0.891006 0.453991
    outer loop
      vertex 17.8 2.24898 4.66469
      vertex 10.5 2.28386 4.73316
      vertex 10.5 2.21456 4.59715
    endloop
  endfacet
  facet normal 0 -0.453991 -0.891006
    outer loop
      vertex 10.5 1.01684 8.03386
      vertex 17.8 1.25 7.91506
      vertex 17.8 1.01684 8.03386
    endloop
  endfacet
  facet normal -0 -0.453991 -0.891006
    outer loop
      vertex 17.8 1.25 7.91506
      vertex 10.5 1.01684 8.03386
      vertex 10.5 1.25 7.91506
    endloop
  endfacet
  facet normal -0 0.358368 0.93358
    outer loop
      vertex 10.5 -0.772542 3.37236
      vertex 17.8 -1.01684 3.46614
      vertex 17.8 -0.772542 3.37236
    endloop
  endfacet
  facet normal 0 0.358368 0.93358
    outer loop
      vertex 17.8 -1.01684 3.46614
      vertex 10.5 -0.772542 3.37236
      vertex 10.5 -1.01684 3.46614
    endloop
  endfacet
  facet normal 0 0.891007 -0.45399
    outer loop
      vertex 17.8 -2.28386 6.76684
      vertex 10.5 -2.16506 7
      vertex 17.8 -2.16506 7
    endloop
  endfacet
  facet normal 0 0.891007 -0.45399
    outer loop
      vertex 10.5 -2.16506 7
      vertex 17.8 -2.28386 6.76684
      vertex 10.5 -2.28386 6.76684
    endloop
  endfacet
  facet normal 0 0.156434 -0.987688
    outer loop
      vertex 10.5 -0.519779 8.19537
      vertex 17.8 -0.261321 8.2363
      vertex 17.8 -0.519779 8.19537
    endloop
  endfacet
  facet normal 0 0.156434 -0.987688
    outer loop
      vertex 17.8 -0.261321 8.2363
      vertex 10.5 -0.519779 8.19537
      vertex 10.5 -0.261321 8.2363
    endloop
  endfacet
  facet normal 0 -0.258821 0.965925
    outer loop
      vertex 10.5 0.772542 3.37236
      vertex 17.8 0.519779 3.30463
      vertex 17.8 0.772542 3.37236
    endloop
  endfacet
  facet normal 0 -0.258821 0.965925
    outer loop
      vertex 17.8 0.519779 3.30463
      vertex 10.5 0.772542 3.37236
      vertex 10.5 0.519779 3.30463
    endloop
  endfacet
  facet normal 0 -0.62932 0.777146
    outer loop
      vertex 10.5 1.67283 3.89214
      vertex 17.8 1.46946 3.72746
      vertex 17.8 1.67283 3.89214
    endloop
  endfacet
  facet normal 0 -0.62932 0.777146
    outer loop
      vertex 17.8 1.46946 3.72746
      vertex 10.5 1.67283 3.89214
      vertex 10.5 1.46946 3.72746
    endloop
  endfacet
  facet normal 0 -0.453991 0.891006
    outer loop
      vertex 10.5 1.25 3.58494
      vertex 17.8 1.01684 3.46614
      vertex 17.8 1.25 3.58494
    endloop
  endfacet
  facet normal 0 -0.453991 0.891006
    outer loop
      vertex 17.8 1.01684 3.46614
      vertex 10.5 1.25 3.58494
      vertex 10.5 1.01684 3.46614
    endloop
  endfacet
  facet normal 0 -0.93358 0.358368
    outer loop
      vertex 10.5 2.28386 4.73316
      vertex 17.8 2.37764 4.97746
      vertex 10.5 2.37764 4.97746
    endloop
  endfacet
  facet normal 0 -0.93358 0.358368
    outer loop
      vertex 17.8 2.37764 4.97746
      vertex 10.5 2.28386 4.73316
      vertex 17.8 2.28386 4.73316
    endloop
  endfacet
  facet normal 0 -0.987688 0.156434
    outer loop
      vertex 10.5 2.44537 5.23022
      vertex 17.8 2.4863 5.48868
      vertex 10.5 2.4863 5.48868
    endloop
  endfacet
  facet normal 0 -0.987688 0.156434
    outer loop
      vertex 17.8 2.4863 5.48868
      vertex 10.5 2.44537 5.23022
      vertex 17.8 2.44537 5.23022
    endloop
  endfacet
  facet normal 0 -0.258821 -0.965925
    outer loop
      vertex 10.5 0.519779 8.19537
      vertex 17.8 0.772542 8.12764
      vertex 17.8 0.519779 8.19537
    endloop
  endfacet
  facet normal -0 -0.258821 -0.965925
    outer loop
      vertex 17.8 0.772542 8.12764
      vertex 10.5 0.519779 8.19537
      vertex 10.5 0.772542 8.12764
    endloop
  endfacet
  facet normal 0 -0.62932 -0.777146
    outer loop
      vertex 10.5 1.46946 7.77254
      vertex 17.8 1.67283 7.60786
      vertex 17.8 1.46946 7.77254
    endloop
  endfacet
  facet normal -0 -0.62932 -0.777146
    outer loop
      vertex 17.8 1.67283 7.60786
      vertex 10.5 1.46946 7.77254
      vertex 10.5 1.67283 7.60786
    endloop
  endfacet
  facet normal 0 -0.707107 -0.707107
    outer loop
      vertex 10.5 1.85786 7.42283
      vertex 17.8 1.67283 7.60786
      vertex 10.5 1.67283 7.60786
    endloop
  endfacet
  facet normal 0 -0.707107 -0.707107
    outer loop
      vertex 17.8 1.67283 7.60786
      vertex 10.5 1.85786 7.42283
      vertex 17.8 1.85786 7.42283
    endloop
  endfacet
  facet normal 0 -0.544638 -0.838671
    outer loop
      vertex 10.5 1.25 7.91506
      vertex 17.8 1.46946 7.77254
      vertex 17.8 1.25 7.91506
    endloop
  endfacet
  facet normal -0 -0.544638 -0.838671
    outer loop
      vertex 17.8 1.46946 7.77254
      vertex 10.5 1.25 7.91506
      vertex 10.5 1.46946 7.77254
    endloop
  endfacet
  facet normal 0 -0.358368 -0.93358
    outer loop
      vertex 10.5 0.772542 8.12764
      vertex 17.8 1.01684 8.03386
      vertex 17.8 0.772542 8.12764
    endloop
  endfacet
  facet normal -0 -0.358368 -0.93358
    outer loop
      vertex 17.8 1.01684 8.03386
      vertex 10.5 0.772542 8.12764
      vertex 10.5 1.01684 8.03386
    endloop
  endfacet
  facet normal 0 -0.156434 -0.987688
    outer loop
      vertex 10.5 0.261321 8.2363
      vertex 17.8 0.519779 8.19537
      vertex 17.8 0.261321 8.2363
    endloop
  endfacet
  facet normal -0 -0.156434 -0.987688
    outer loop
      vertex 17.8 0.519779 8.19537
      vertex 10.5 0.261321 8.2363
      vertex 10.5 0.519779 8.19537
    endloop
  endfacet
  facet normal -1.40896e-008 -0.891008 -0.453988
    outer loop
      vertex 10.5 2.28386 6.76684
      vertex 17.8 2.19995 6.93153
      vertex 10.5 2.23436 6.86399
    endloop
  endfacet
  facet normal 0 -0.891008 -0.453989
    outer loop
      vertex 17.8 2.19995 6.93153
      vertex 10.5 2.28386 6.76684
      vertex 17.8 2.28386 6.76684
    endloop
  endfacet
  facet normal 0 -0.987688 -0.156434
    outer loop
      vertex 10.5 2.4863 6.01132
      vertex 17.8 2.44537 6.26978
      vertex 10.5 2.44537 6.26978
    endloop
  endfacet
  facet normal 0 -0.987688 -0.156434
    outer loop
      vertex 17.8 2.44537 6.26978
      vertex 10.5 2.4863 6.01132
      vertex 17.8 2.4863 6.01132
    endloop
  endfacet
  facet normal 0 -0.998629 -0.0523377
    outer loop
      vertex 10.5 2.5 5.75
      vertex 17.8 2.4863 6.01132
      vertex 10.5 2.4863 6.01132
    endloop
  endfacet
  facet normal 0 -0.998629 -0.0523377
    outer loop
      vertex 17.8 2.4863 6.01132
      vertex 10.5 2.5 5.75
      vertex 17.8 2.5 5.75
    endloop
  endfacet
  facet normal 0 0.965925 -0.258821
    outer loop
      vertex 17.8 -2.44537 6.26978
      vertex 10.5 -2.37764 6.52254
      vertex 17.8 -2.37764 6.52254
    endloop
  endfacet
  facet normal 0 0.965925 -0.258821
    outer loop
      vertex 10.5 -2.37764 6.52254
      vertex 17.8 -2.44537 6.26978
      vertex 10.5 -2.44537 6.26978
    endloop
  endfacet
  facet normal 0 0.777146 -0.62932
    outer loop
      vertex 17.8 -2.02254 7.21946
      vertex 10.5 -1.85786 7.42283
      vertex 17.8 -1.85786 7.42283
    endloop
  endfacet
  facet normal 0 0.777146 -0.62932
    outer loop
      vertex 10.5 -1.85786 7.42283
      vertex 17.8 -2.02254 7.21946
      vertex 10.5 -2.02254 7.21946
    endloop
  endfacet
  facet normal 0 0.707107 -0.707107
    outer loop
      vertex 17.8 -1.85786 7.42283
      vertex 10.5 -1.67283 7.60786
      vertex 17.8 -1.67283 7.60786
    endloop
  endfacet
  facet normal 0 0.707107 -0.707107
    outer loop
      vertex 10.5 -1.67283 7.60786
      vertex 17.8 -1.85786 7.42283
      vertex 10.5 -1.85786 7.42283
    endloop
  endfacet
  facet normal 0 0.83867 -0.54464
    outer loop
      vertex 17.8 -2.16506 7
      vertex 10.5 -2.02254 7.21946
      vertex 17.8 -2.02254 7.21946
    endloop
  endfacet
  facet normal 0 0.83867 -0.54464
    outer loop
      vertex 10.5 -2.02254 7.21946
      vertex 17.8 -2.16506 7
      vertex 10.5 -2.16506 7
    endloop
  endfacet
  facet normal 0 0.93358 -0.358368
    outer loop
      vertex 17.8 -2.37764 6.52254
      vertex 10.5 -2.28386 6.76684
      vertex 17.8 -2.28386 6.76684
    endloop
  endfacet
  facet normal 0 0.93358 -0.358368
    outer loop
      vertex 10.5 -2.28386 6.76684
      vertex 17.8 -2.37764 6.52254
      vertex 10.5 -2.37764 6.52254
    endloop
  endfacet
  facet normal 0 0.987688 -0.156434
    outer loop
      vertex 17.8 -2.4863 6.01132
      vertex 10.5 -2.44537 6.26978
      vertex 17.8 -2.44537 6.26978
    endloop
  endfacet
  facet normal 0 0.987688 -0.156434
    outer loop
      vertex 10.5 -2.44537 6.26978
      vertex 17.8 -2.4863 6.01132
      vertex 10.5 -2.4863 6.01132
    endloop
  endfacet
  facet normal 0 0.453991 -0.891006
    outer loop
      vertex 10.5 -1.25 7.91506
      vertex 17.8 -1.01684 8.03386
      vertex 17.8 -1.25 7.91506
    endloop
  endfacet
  facet normal 0 0.453991 -0.891006
    outer loop
      vertex 17.8 -1.01684 8.03386
      vertex 10.5 -1.25 7.91506
      vertex 10.5 -1.01684 8.03386
    endloop
  endfacet
  facet normal 0 0.544638 -0.838671
    outer loop
      vertex 10.5 -1.46946 7.77254
      vertex 17.8 -1.25 7.91506
      vertex 17.8 -1.46946 7.77254
    endloop
  endfacet
  facet normal 0 0.544638 -0.838671
    outer loop
      vertex 17.8 -1.25 7.91506
      vertex 10.5 -1.46946 7.77254
      vertex 10.5 -1.25 7.91506
    endloop
  endfacet
  facet normal 0 0.258821 -0.965925
    outer loop
      vertex 10.5 -0.772542 8.12764
      vertex 17.8 -0.519779 8.19537
      vertex 17.8 -0.772542 8.12764
    endloop
  endfacet
  facet normal 0 0.258821 -0.965925
    outer loop
      vertex 17.8 -0.519779 8.19537
      vertex 10.5 -0.772542 8.12764
      vertex 10.5 -0.519779 8.19537
    endloop
  endfacet
  facet normal 0 0.0523377 -0.998629
    outer loop
      vertex 10.5 -0.261321 8.2363
      vertex 17.8 0 8.25
      vertex 17.8 -0.261321 8.2363
    endloop
  endfacet
  facet normal 0 0.0523377 -0.998629
    outer loop
      vertex 17.8 0 8.25
      vertex 10.5 -0.261321 8.2363
      vertex 10.5 0 8.25
    endloop
  endfacet
  facet normal 0 -0.358368 0.93358
    outer loop
      vertex 10.5 1.01684 3.46614
      vertex 17.8 0.772542 3.37236
      vertex 17.8 1.01684 3.46614
    endloop
  endfacet
  facet normal 0 -0.358368 0.93358
    outer loop
      vertex 17.8 0.772542 3.37236
      vertex 10.5 1.01684 3.46614
      vertex 10.5 0.772542 3.37236
    endloop
  endfacet
  facet normal 0 -0.544638 0.838671
    outer loop
      vertex 10.5 1.46946 3.72746
      vertex 17.8 1.25 3.58494
      vertex 17.8 1.46946 3.72746
    endloop
  endfacet
  facet normal 0 -0.544638 0.838671
    outer loop
      vertex 17.8 1.25 3.58494
      vertex 10.5 1.46946 3.72746
      vertex 10.5 1.25 3.58494
    endloop
  endfacet
  facet normal 0 -0.965925 0.258821
    outer loop
      vertex 10.5 2.37764 4.97746
      vertex 17.8 2.44537 5.23022
      vertex 10.5 2.44537 5.23022
    endloop
  endfacet
  facet normal 0 -0.965925 0.258821
    outer loop
      vertex 17.8 2.44537 5.23022
      vertex 10.5 2.37764 4.97746
      vertex 17.8 2.37764 4.97746
    endloop
  endfacet
  facet normal 0 -0.998629 0.0523377
    outer loop
      vertex 10.5 2.4863 5.48868
      vertex 17.8 2.5 5.75
      vertex 10.5 2.5 5.75
    endloop
  endfacet
  facet normal 0 -0.998629 0.0523377
    outer loop
      vertex 17.8 2.5 5.75
      vertex 10.5 2.4863 5.48868
      vertex 17.8 2.4863 5.48868
    endloop
  endfacet
  facet normal -2.65983e-008 -0.83867 0.54464
    outer loop
      vertex 10.5 2.02254 4.28054
      vertex 17.8 2.06439 4.34498
      vertex 10.5 2.10568 4.40856
    endloop
  endfacet
  facet normal 0 -0.838671 0.544638
    outer loop
      vertex 17.8 2.06439 4.34498
      vertex 10.5 2.02254 4.28054
      vertex 17.8 2.02254 4.28054
    endloop
  endfacet
  facet normal 0 -0.777146 0.62932
    outer loop
      vertex 10.5 1.85786 4.07717
      vertex 17.8 2.02254 4.28054
      vertex 10.5 2.02254 4.28054
    endloop
  endfacet
  facet normal 0 -0.777146 0.62932
    outer loop
      vertex 17.8 2.02254 4.28054
      vertex 10.5 1.85786 4.07717
      vertex 17.8 1.85786 4.07717
    endloop
  endfacet
  facet normal 0 -0.838671 0.544638
    outer loop
      vertex 10.5 2.10568 4.40856
      vertex 17.8 2.16506 4.5
      vertex 10.5 2.16506 4.5
    endloop
  endfacet
  facet normal -3.25306e-008 -0.83867 0.54464
    outer loop
      vertex 17.8 2.16506 4.5
      vertex 10.5 2.10568 4.40856
      vertex 17.8 2.06439 4.34498
    endloop
  endfacet
  facet normal -6.52747e-009 -0.891007 0.45399
    outer loop
      vertex 10.5 2.16506 4.5
      vertex 17.8 2.24898 4.66469
      vertex 10.5 2.21456 4.59715
    endloop
  endfacet
  facet normal 0 -0.891007 0.45399
    outer loop
      vertex 17.8 2.24898 4.66469
      vertex 10.5 2.16506 4.5
      vertex 17.8 2.16506 4.5
    endloop
  endfacet
  facet normal 0 -0.83867 -0.54464
    outer loop
      vertex 10.5 2.08193 7.12802
      vertex 17.8 2.02254 7.21946
      vertex 10.5 2.02254 7.21946
    endloop
  endfacet
  facet normal 1.79405e-008 -0.838669 -0.544641
    outer loop
      vertex 17.8 2.02254 7.21946
      vertex 10.5 2.08193 7.12802
      vertex 17.8 2.12321 7.06445
    endloop
  endfacet
  facet normal 4.42652e-008 -0.838671 -0.544639
    outer loop
      vertex 10.5 2.16506 7
      vertex 17.8 2.12321 7.06445
      vertex 10.5 2.08193 7.12802
    endloop
  endfacet
  facet normal 0 -0.838673 -0.544635
    outer loop
      vertex 17.8 2.12321 7.06445
      vertex 10.5 2.16506 7
      vertex 17.8 2.16506 7
    endloop
  endfacet
  facet normal 0 -0.891005 -0.453994
    outer loop
      vertex 10.5 2.16506 7
      vertex 17.8 2.19995 6.93153
      vertex 17.8 2.16506 7
    endloop
  endfacet
  facet normal 2.98697e-008 -0.891006 -0.453992
    outer loop
      vertex 17.8 2.19995 6.93153
      vertex 10.5 2.16506 7
      vertex 10.5 2.23436 6.86399
    endloop
  endfacet
  facet normal 0 -0.965925 -0.258821
    outer loop
      vertex 10.5 2.44537 6.26978
      vertex 17.8 2.37764 6.52254
      vertex 10.5 2.37764 6.52254
    endloop
  endfacet
  facet normal 0 -0.965925 -0.258821
    outer loop
      vertex 17.8 2.37764 6.52254
      vertex 10.5 2.44537 6.26978
      vertex 17.8 2.44537 6.26978
    endloop
  endfacet
  facet normal 0 -0.93358 -0.358368
    outer loop
      vertex 10.5 2.37764 6.52254
      vertex 17.8 2.28386 6.76684
      vertex 10.5 2.28386 6.76684
    endloop
  endfacet
  facet normal 0 -0.93358 -0.358368
    outer loop
      vertex 17.8 2.28386 6.76684
      vertex 10.5 2.37764 6.52254
      vertex 17.8 2.37764 6.52254
    endloop
  endfacet
  facet normal 0 0.998629 0.0523377
    outer loop
      vertex 17.8 -2.4863 5.48868
      vertex 10.5 -2.5 5.75
      vertex 17.8 -2.5 5.75
    endloop
  endfacet
  facet normal 0 0.998629 0.0523377
    outer loop
      vertex 10.5 -2.5 5.75
      vertex 17.8 -2.4863 5.48868
      vertex 10.5 -2.4863 5.48868
    endloop
  endfacet
  facet normal -5.28371e-008 0.838671 0.544638
    outer loop
      vertex 17.8 -2.02254 4.28054
      vertex 10.5 -2.10568 4.40856
      vertex 17.8 -2.06439 4.34498
    endloop
  endfacet
  facet normal 0 0.83867 0.54464
    outer loop
      vertex 10.5 -2.10568 4.40856
      vertex 17.8 -2.02254 4.28054
      vertex 10.5 -2.02254 4.28054
    endloop
  endfacet
  facet normal 0 0.93358 0.358368
    outer loop
      vertex 17.8 -2.28386 4.73316
      vertex 10.5 -2.37764 4.97746
      vertex 17.8 -2.37764 4.97746
    endloop
  endfacet
  facet normal 0 0.93358 0.358368
    outer loop
      vertex 10.5 -2.37764 4.97746
      vertex 17.8 -2.28386 4.73316
      vertex 10.5 -2.28386 4.73316
    endloop
  endfacet
  facet normal -0 0.544638 0.838671
    outer loop
      vertex 10.5 -1.25 3.58494
      vertex 17.8 -1.46946 3.72746
      vertex 17.8 -1.25 3.58494
    endloop
  endfacet
  facet normal 0 0.544638 0.838671
    outer loop
      vertex 17.8 -1.46946 3.72746
      vertex 10.5 -1.25 3.58494
      vertex 10.5 -1.46946 3.72746
    endloop
  endfacet
  facet normal -3.26153e-008 0.0523333 0.99863
    outer loop
      vertex 10.5 -0.108884 3.25571
      vertex 17.8 0 3.25
      vertex 10.5 0 3.25
    endloop
  endfacet
  facet normal -4.93207e-008 0.0523345 0.99863
    outer loop
      vertex 17.8 0 3.25
      vertex 10.5 -0.108884 3.25571
      vertex 17.8 -0.184584 3.25967
    endloop
  endfacet
  facet normal -3.85047e-009 0.891007 0.45399
    outer loop
      vertex 17.8 -2.16506 4.5
      vertex 10.5 -2.21456 4.59715
      vertex 17.8 -2.24898 4.66469
    endloop
  endfacet
  facet normal 0 0.891007 0.45399
    outer loop
      vertex 10.5 -2.21456 4.59715
      vertex 17.8 -2.16506 4.5
      vertex 10.5 -2.16506 4.5
    endloop
  endfacet
  facet normal 0 0.838671 0.544638
    outer loop
      vertex 17.8 -2.16506 4.5
      vertex 10.5 -2.10568 4.40856
      vertex 10.5 -2.16506 4.5
    endloop
  endfacet
  facet normal -3.25306e-008 0.83867 0.54464
    outer loop
      vertex 10.5 -2.10568 4.40856
      vertex 17.8 -2.16506 4.5
      vertex 17.8 -2.06439 4.34498
    endloop
  endfacet
  facet normal 0 0.777146 0.62932
    outer loop
      vertex 17.8 -1.85786 4.07717
      vertex 10.5 -2.02254 4.28054
      vertex 17.8 -2.02254 4.28054
    endloop
  endfacet
  facet normal 0 0.777146 0.62932
    outer loop
      vertex 10.5 -2.02254 4.28054
      vertex 17.8 -1.85786 4.07717
      vertex 10.5 -1.85786 4.07717
    endloop
  endfacet
  facet normal 0 0.891006 0.453992
    outer loop
      vertex 17.8 -2.24898 4.66469
      vertex 10.5 -2.28386 4.73316
      vertex 17.8 -2.28386 4.73316
    endloop
  endfacet
  facet normal -1.51431e-008 0.891006 0.453991
    outer loop
      vertex 10.5 -2.28386 4.73316
      vertex 17.8 -2.24898 4.66469
      vertex 10.5 -2.21456 4.59715
    endloop
  endfacet
  facet normal 0 0.965925 0.258821
    outer loop
      vertex 17.8 -2.37764 4.97746
      vertex 10.5 -2.44537 5.23022
      vertex 17.8 -2.44537 5.23022
    endloop
  endfacet
  facet normal 0 0.965925 0.258821
    outer loop
      vertex 10.5 -2.44537 5.23022
      vertex 17.8 -2.37764 4.97746
      vertex 10.5 -2.37764 4.97746
    endloop
  endfacet
  facet normal -0 0.62932 0.777146
    outer loop
      vertex 10.5 -1.46946 3.72746
      vertex 17.8 -1.67283 3.89214
      vertex 17.8 -1.46946 3.72746
    endloop
  endfacet
  facet normal 0 0.62932 0.777146
    outer loop
      vertex 17.8 -1.67283 3.89214
      vertex 10.5 -1.46946 3.72746
      vertex 10.5 -1.67283 3.89214
    endloop
  endfacet
  facet normal -0 0.453991 0.891006
    outer loop
      vertex 10.5 -1.01684 3.46614
      vertex 17.8 -1.25 3.58494
      vertex 17.8 -1.01684 3.46614
    endloop
  endfacet
  facet normal 0 0.453991 0.891006
    outer loop
      vertex 17.8 -1.25 3.58494
      vertex 10.5 -1.01684 3.46614
      vertex 10.5 -1.25 3.58494
    endloop
  endfacet
  facet normal -0 0.258821 0.965925
    outer loop
      vertex 10.5 -0.519779 3.30463
      vertex 17.8 -0.772542 3.37236
      vertex 17.8 -0.519779 3.30463
    endloop
  endfacet
  facet normal 0 0.258821 0.965925
    outer loop
      vertex 17.8 -0.772542 3.37236
      vertex 10.5 -0.519779 3.30463
      vertex 10.5 -0.772542 3.37236
    endloop
  endfacet
  facet normal -1.56052e-008 0.0523377 0.998629
    outer loop
      vertex 10.5 -0.261321 3.2637
      vertex 17.8 -0.184584 3.25967
      vertex 10.5 -0.108884 3.25571
    endloop
  endfacet
  facet normal 0 0.0523362 0.99863
    outer loop
      vertex 17.8 -0.184584 3.25967
      vertex 10.5 -0.261321 3.2637
      vertex 17.8 -0.261321 3.2637
    endloop
  endfacet
  facet normal -0 0.156434 0.987688
    outer loop
      vertex 10.5 -0.261321 3.2637
      vertex 17.8 -0.519779 3.30463
      vertex 17.8 -0.261321 3.2637
    endloop
  endfacet
  facet normal 0 0.156434 0.987688
    outer loop
      vertex 17.8 -0.519779 3.30463
      vertex 10.5 -0.261321 3.2637
      vertex 10.5 -0.519779 3.30463
    endloop
  endfacet
  facet normal 0 0.987688 0.156434
    outer loop
      vertex 17.8 -2.44537 5.23022
      vertex 10.5 -2.4863 5.48868
      vertex 17.8 -2.4863 5.48868
    endloop
  endfacet
  facet normal 0 0.987688 0.156434
    outer loop
      vertex 10.5 -2.4863 5.48868
      vertex 17.8 -2.44537 5.23022
      vertex 10.5 -2.44537 5.23022
    endloop
  endfacet
  facet normal 0 -0.0523353 -0.99863
    outer loop
      vertex 17.8 0 10.35
      vertex 22.2 0.48083 10.3248
      vertex 22.2 0 10.35
    endloop
  endfacet
  facet normal -0 -0.0523353 -0.99863
    outer loop
      vertex 22.2 0.48083 10.3248
      vertex 17.8 0 10.35
      vertex 17.8 0.48083 10.3248
    endloop
  endfacet
  facet normal 0 -0.156435 -0.987688
    outer loop
      vertex 17.8 0.48083 10.3248
      vertex 22.2 0.956393 10.2495
      vertex 22.2 0.48083 10.3248
    endloop
  endfacet
  facet normal -0 -0.156435 -0.987688
    outer loop
      vertex 22.2 0.956393 10.2495
      vertex 17.8 0.48083 10.3248
      vertex 17.8 0.956393 10.2495
    endloop
  endfacet
  facet normal 0 -0.0523353 0.99863
    outer loop
      vertex 17.8 0.48083 1.1752
      vertex 22.2 0 1.15
      vertex 22.2 0.48083 1.1752
    endloop
  endfacet
  facet normal 0 -0.0523353 0.99863
    outer loop
      vertex 22.2 0 1.15
      vertex 17.8 0.48083 1.1752
      vertex 17.8 0 1.15
    endloop
  endfacet
  facet normal 0 -0.99863 0.0523353
    outer loop
      vertex 17.8 4.5748 5.26917
      vertex 22.2 4.6 5.75
      vertex 17.8 4.6 5.75
    endloop
  endfacet
  facet normal 0 -0.99863 0.0523353
    outer loop
      vertex 22.2 4.6 5.75
      vertex 17.8 4.5748 5.26917
      vertex 22.2 4.5748 5.26917
    endloop
  endfacet
  facet normal 0 -0.93358 0.358368
    outer loop
      vertex 17.8 4.20231 3.87901
      vertex 22.2 4.37486 4.32852
      vertex 17.8 4.37486 4.32852
    endloop
  endfacet
  facet normal 0 -0.93358 0.358368
    outer loop
      vertex 22.2 4.37486 4.32852
      vertex 17.8 4.20231 3.87901
      vertex 22.2 4.20231 3.87901
    endloop
  endfacet
  facet normal 0 -0.358368 0.93358
    outer loop
      vertex 17.8 1.87099 1.54769
      vertex 22.2 1.42148 1.37514
      vertex 22.2 1.87099 1.54769
    endloop
  endfacet
  facet normal 0 -0.358368 0.93358
    outer loop
      vertex 22.2 1.42148 1.37514
      vertex 17.8 1.87099 1.54769
      vertex 17.8 1.42148 1.37514
    endloop
  endfacet
  facet normal 0 -0.62932 0.777146
    outer loop
      vertex 17.8 3.078 2.33153
      vertex 22.2 2.70381 2.02852
      vertex 22.2 3.078 2.33153
    endloop
  endfacet
  facet normal 0 -0.62932 0.777146
    outer loop
      vertex 22.2 2.70381 2.02852
      vertex 17.8 3.078 2.33153
      vertex 17.8 2.70381 2.02852
    endloop
  endfacet
  facet normal 0 -0.965926 0.258818
    outer loop
      vertex 17.8 4.37486 4.32852
      vertex 22.2 4.49948 4.79361
      vertex 17.8 4.49948 4.79361
    endloop
  endfacet
  facet normal 0 -0.965926 0.258818
    outer loop
      vertex 22.2 4.49948 4.79361
      vertex 17.8 4.37486 4.32852
      vertex 22.2 4.37486 4.32852
    endloop
  endfacet
  facet normal 0 0.987688 -0.156435
    outer loop
      vertex 22.2 -4.5748 6.23083
      vertex 17.8 -4.49948 6.70639
      vertex 22.2 -4.49948 6.70639
    endloop
  endfacet
  facet normal 0 0.987688 -0.156435
    outer loop
      vertex 17.8 -4.49948 6.70639
      vertex 22.2 -4.5748 6.23083
      vertex 17.8 -4.5748 6.23083
    endloop
  endfacet
  facet normal 0 -0.358368 -0.93358
    outer loop
      vertex 17.8 1.42148 10.1249
      vertex 22.2 1.87099 9.95231
      vertex 22.2 1.42148 10.1249
    endloop
  endfacet
  facet normal -0 -0.358368 -0.93358
    outer loop
      vertex 22.2 1.87099 9.95231
      vertex 17.8 1.42148 10.1249
      vertex 17.8 1.87099 9.95231
    endloop
  endfacet
  facet normal 0 -0.453991 -0.891006
    outer loop
      vertex 17.8 1.87099 9.95231
      vertex 22.2 2.3 9.73372
      vertex 22.2 1.87099 9.95231
    endloop
  endfacet
  facet normal -0 -0.453991 -0.891006
    outer loop
      vertex 22.2 2.3 9.73372
      vertex 17.8 1.87099 9.95231
      vertex 17.8 2.3 9.73372
    endloop
  endfacet
  facet normal 0 -0.965926 -0.258818
    outer loop
      vertex 17.8 4.49948 6.70639
      vertex 22.2 4.37486 7.17148
      vertex 17.8 4.37486 7.17148
    endloop
  endfacet
  facet normal 0 -0.965926 -0.258818
    outer loop
      vertex 22.2 4.37486 7.17148
      vertex 17.8 4.49948 6.70639
      vertex 22.2 4.49948 6.70639
    endloop
  endfacet
  facet normal 0 -0.777146 -0.62932
    outer loop
      vertex 17.8 3.72148 8.45381
      vertex 22.2 3.41847 8.828
      vertex 17.8 3.41847 8.828
    endloop
  endfacet
  facet normal 0 -0.777146 -0.62932
    outer loop
      vertex 22.2 3.41847 8.828
      vertex 17.8 3.72148 8.45381
      vertex 22.2 3.72148 8.45381
    endloop
  endfacet
  facet normal 0 -0.544639 0.838671
    outer loop
      vertex 17.8 2.70381 2.02852
      vertex 22.2 2.3 1.76628
      vertex 22.2 2.70381 2.02852
    endloop
  endfacet
  facet normal 0 -0.544639 0.838671
    outer loop
      vertex 22.2 2.3 1.76628
      vertex 17.8 2.70381 2.02852
      vertex 17.8 2.3 1.76628
    endloop
  endfacet
  facet normal 0 -0.258818 0.965926
    outer loop
      vertex 17.8 1.42148 1.37514
      vertex 22.2 0.956393 1.25052
      vertex 22.2 1.42148 1.37514
    endloop
  endfacet
  facet normal 0 -0.258818 0.965926
    outer loop
      vertex 22.2 0.956393 1.25052
      vertex 17.8 1.42148 1.37514
      vertex 17.8 0.956393 1.25052
    endloop
  endfacet
  facet normal 0 -0.156435 0.987688
    outer loop
      vertex 17.8 0.956393 1.25052
      vertex 22.2 0.48083 1.1752
      vertex 22.2 0.956393 1.25052
    endloop
  endfacet
  facet normal 0 -0.156435 0.987688
    outer loop
      vertex 22.2 0.48083 1.1752
      vertex 17.8 0.956393 1.25052
      vertex 17.8 0.48083 1.1752
    endloop
  endfacet
  facet normal 0 -0.838671 0.544639
    outer loop
      vertex 17.8 3.72148 3.04619
      vertex 22.2 3.98372 3.45
      vertex 17.8 3.98372 3.45
    endloop
  endfacet
  facet normal 0 -0.838671 0.544639
    outer loop
      vertex 22.2 3.98372 3.45
      vertex 17.8 3.72148 3.04619
      vertex 22.2 3.72148 3.04619
    endloop
  endfacet
  facet normal 0 -0.891006 0.453991
    outer loop
      vertex 17.8 3.98372 3.45
      vertex 22.2 4.20231 3.87901
      vertex 17.8 4.20231 3.87901
    endloop
  endfacet
  facet normal 0 -0.891006 0.453991
    outer loop
      vertex 22.2 4.20231 3.87901
      vertex 17.8 3.98372 3.45
      vertex 22.2 3.98372 3.45
    endloop
  endfacet
  facet normal 0 -0.987688 0.156435
    outer loop
      vertex 17.8 4.49948 4.79361
      vertex 22.2 4.5748 5.26917
      vertex 17.8 4.5748 5.26917
    endloop
  endfacet
  facet normal 0 -0.987688 0.156435
    outer loop
      vertex 22.2 4.5748 5.26917
      vertex 17.8 4.49948 4.79361
      vertex 22.2 4.49948 4.79361
    endloop
  endfacet
  facet normal 0 0.0523353 -0.99863
    outer loop
      vertex 17.8 -0.48083 10.3248
      vertex 22.2 0 10.35
      vertex 22.2 -0.48083 10.3248
    endloop
  endfacet
  facet normal 0 0.0523353 -0.99863
    outer loop
      vertex 22.2 0 10.35
      vertex 17.8 -0.48083 10.3248
      vertex 17.8 0 10.35
    endloop
  endfacet
  facet normal 0 0.544639 -0.838671
    outer loop
      vertex 17.8 -2.70381 9.47148
      vertex 22.2 -2.3 9.73372
      vertex 22.2 -2.70381 9.47148
    endloop
  endfacet
  facet normal 0 0.544639 -0.838671
    outer loop
      vertex 22.2 -2.3 9.73372
      vertex 17.8 -2.70381 9.47148
      vertex 17.8 -2.3 9.73372
    endloop
  endfacet
  facet normal 0 0.99863 -0.0523353
    outer loop
      vertex 22.2 -4.6 5.75
      vertex 17.8 -4.5748 6.23083
      vertex 22.2 -4.5748 6.23083
    endloop
  endfacet
  facet normal 0 0.99863 -0.0523353
    outer loop
      vertex 17.8 -4.5748 6.23083
      vertex 22.2 -4.6 5.75
      vertex 17.8 -4.6 5.75
    endloop
  endfacet
  facet normal 0 -0.258818 -0.965926
    outer loop
      vertex 17.8 0.956393 10.2495
      vertex 22.2 1.42148 10.1249
      vertex 22.2 0.956393 10.2495
    endloop
  endfacet
  facet normal -0 -0.258818 -0.965926
    outer loop
      vertex 22.2 1.42148 10.1249
      vertex 17.8 0.956393 10.2495
      vertex 17.8 1.42148 10.1249
    endloop
  endfacet
  facet normal 0 -0.62932 -0.777146
    outer loop
      vertex 17.8 2.70381 9.47148
      vertex 22.2 3.078 9.16847
      vertex 22.2 2.70381 9.47148
    endloop
  endfacet
  facet normal -0 -0.62932 -0.777146
    outer loop
      vertex 22.2 3.078 9.16847
      vertex 17.8 2.70381 9.47148
      vertex 17.8 3.078 9.16847
    endloop
  endfacet
  facet normal 0 -0.707107 -0.707107
    outer loop
      vertex 17.8 3.41847 8.828
      vertex 22.2 3.078 9.16847
      vertex 17.8 3.078 9.16847
    endloop
  endfacet
  facet normal 0 -0.707107 -0.707107
    outer loop
      vertex 22.2 3.078 9.16847
      vertex 17.8 3.41847 8.828
      vertex 22.2 3.41847 8.828
    endloop
  endfacet
  facet normal 0 -0.544639 -0.838671
    outer loop
      vertex 17.8 2.3 9.73372
      vertex 22.2 2.70381 9.47148
      vertex 22.2 2.3 9.73372
    endloop
  endfacet
  facet normal -0 -0.544639 -0.838671
    outer loop
      vertex 22.2 2.70381 9.47148
      vertex 17.8 2.3 9.73372
      vertex 17.8 2.70381 9.47148
    endloop
  endfacet
  facet normal 0 -0.987688 -0.156435
    outer loop
      vertex 17.8 4.5748 6.23083
      vertex 22.2 4.49948 6.70639
      vertex 17.8 4.49948 6.70639
    endloop
  endfacet
  facet normal 0 -0.987688 -0.156435
    outer loop
      vertex 22.2 4.49948 6.70639
      vertex 17.8 4.5748 6.23083
      vertex 22.2 4.5748 6.23083
    endloop
  endfacet
  facet normal 0 -0.99863 -0.0523353
    outer loop
      vertex 17.8 4.6 5.75
      vertex 22.2 4.5748 6.23083
      vertex 17.8 4.5748 6.23083
    endloop
  endfacet
  facet normal 0 -0.99863 -0.0523353
    outer loop
      vertex 22.2 4.5748 6.23083
      vertex 17.8 4.6 5.75
      vertex 22.2 4.6 5.75
    endloop
  endfacet
  facet normal 0 -0.891006 -0.453991
    outer loop
      vertex 17.8 4.20231 7.62099
      vertex 22.2 3.98372 8.05
      vertex 17.8 3.98372 8.05
    endloop
  endfacet
  facet normal 0 -0.891006 -0.453991
    outer loop
      vertex 22.2 3.98372 8.05
      vertex 17.8 4.20231 7.62099
      vertex 22.2 4.20231 7.62099
    endloop
  endfacet
  facet normal 0 -0.93358 -0.358368
    outer loop
      vertex 17.8 4.37486 7.17148
      vertex 22.2 4.20231 7.62099
      vertex 17.8 4.20231 7.62099
    endloop
  endfacet
  facet normal 0 -0.93358 -0.358368
    outer loop
      vertex 22.2 4.20231 7.62099
      vertex 17.8 4.37486 7.17148
      vertex 22.2 4.37486 7.17148
    endloop
  endfacet
  facet normal 0 -0.838671 -0.544639
    outer loop
      vertex 17.8 3.98372 8.05
      vertex 22.2 3.72148 8.45381
      vertex 17.8 3.72148 8.45381
    endloop
  endfacet
  facet normal 0 -0.838671 -0.544639
    outer loop
      vertex 22.2 3.72148 8.45381
      vertex 17.8 3.98372 8.05
      vertex 22.2 3.98372 8.05
    endloop
  endfacet
  facet normal 0 -0.453991 0.891006
    outer loop
      vertex 17.8 2.3 1.76628
      vertex 22.2 1.87099 1.54769
      vertex 22.2 2.3 1.76628
    endloop
  endfacet
  facet normal 0 -0.453991 0.891006
    outer loop
      vertex 22.2 1.87099 1.54769
      vertex 17.8 2.3 1.76628
      vertex 17.8 1.87099 1.54769
    endloop
  endfacet
  facet normal 0 -0.777146 0.62932
    outer loop
      vertex 17.8 3.41847 2.672
      vertex 22.2 3.72148 3.04619
      vertex 17.8 3.72148 3.04619
    endloop
  endfacet
  facet normal 0 -0.777146 0.62932
    outer loop
      vertex 22.2 3.72148 3.04619
      vertex 17.8 3.41847 2.672
      vertex 22.2 3.41847 2.672
    endloop
  endfacet
  facet normal 0 -0.707107 0.707107
    outer loop
      vertex 17.8 3.078 2.33153
      vertex 22.2 3.41847 2.672
      vertex 17.8 3.41847 2.672
    endloop
  endfacet
  facet normal 0 -0.707107 0.707107
    outer loop
      vertex 22.2 3.41847 2.672
      vertex 17.8 3.078 2.33153
      vertex 22.2 3.078 2.33153
    endloop
  endfacet
  facet normal 0 0.453991 -0.891006
    outer loop
      vertex 17.8 -2.3 9.73372
      vertex 22.2 -1.87099 9.95231
      vertex 22.2 -2.3 9.73372
    endloop
  endfacet
  facet normal 0 0.453991 -0.891006
    outer loop
      vertex 22.2 -1.87099 9.95231
      vertex 17.8 -2.3 9.73372
      vertex 17.8 -1.87099 9.95231
    endloop
  endfacet
  facet normal 0 0.62932 -0.777146
    outer loop
      vertex 17.8 -3.078 9.16847
      vertex 22.2 -2.70381 9.47148
      vertex 22.2 -3.078 9.16847
    endloop
  endfacet
  facet normal 0 0.62932 -0.777146
    outer loop
      vertex 22.2 -2.70381 9.47148
      vertex 17.8 -3.078 9.16847
      vertex 17.8 -2.70381 9.47148
    endloop
  endfacet
  facet normal 0 0.838671 -0.544639
    outer loop
      vertex 22.2 -3.98372 8.05
      vertex 17.8 -3.72148 8.45381
      vertex 22.2 -3.72148 8.45381
    endloop
  endfacet
  facet normal 0 0.838671 -0.544639
    outer loop
      vertex 17.8 -3.72148 8.45381
      vertex 22.2 -3.98372 8.05
      vertex 17.8 -3.98372 8.05
    endloop
  endfacet
  facet normal 0 0.777146 -0.62932
    outer loop
      vertex 22.2 -3.72148 8.45381
      vertex 17.8 -3.41847 8.828
      vertex 22.2 -3.41847 8.828
    endloop
  endfacet
  facet normal 0 0.777146 -0.62932
    outer loop
      vertex 17.8 -3.41847 8.828
      vertex 22.2 -3.72148 8.45381
      vertex 17.8 -3.72148 8.45381
    endloop
  endfacet
  facet normal 1 0 0
    outer loop
      vertex 17.8 2.5 5.75
      vertex 17.8 4.6 5.75
      vertex 17.8 4.5748 6.23083
    endloop
  endfacet
  facet normal 1 0 0
    outer loop
      vertex 17.8 2.4863 6.01132
      vertex 17.8 4.5748 6.23083
      vertex 17.8 4.49948 6.70639
    endloop
  endfacet
  facet normal 1 0 0
    outer loop
      vertex 17.8 4.6 5.75
      vertex 17.8 2.5 5.75
      vertex 17.8 4.5748 5.26917
    endloop
  endfacet
  facet normal 1 0 0
    outer loop
      vertex 17.8 2.44537 6.26978
      vertex 17.8 4.49948 6.70639
      vertex 17.8 4.37486 7.17148
    endloop
  endfacet
  facet normal 1 -0 0
    outer loop
      vertex 17.8 2.4863 5.48868
      vertex 17.8 4.5748 5.26917
      vertex 17.8 2.5 5.75
    endloop
  endfacet
  facet normal 1 0 0
    outer loop
      vertex 17.8 2.37764 6.52254
      vertex 17.8 4.37486 7.17148
      vertex 17.8 4.20231 7.62099
    endloop
  endfacet
  facet normal 1 0 0
    outer loop
      vertex 17.8 4.5748 5.26917
      vertex 17.8 2.4863 5.48868
      vertex 17.8 4.49948 4.79361
    endloop
  endfacet
  facet normal 1 0 0
    outer loop
      vertex 17.8 2.19995 6.93153
      vertex 17.8 4.20231 7.62099
      vertex 17.8 3.98372 8.05
    endloop
  endfacet
  facet normal 1 -0 0
    outer loop
      vertex 17.8 2.44537 5.23022
      vertex 17.8 4.49948 4.79361
      vertex 17.8 2.4863 5.48868
    endloop
  endfacet
  facet normal 1 0 0
    outer loop
      vertex 17.8 2.12321 7.06445
      vertex 17.8 3.98372 8.05
      vertex 17.8 3.72148 8.45381
    endloop
  endfacet
  facet normal 1 0 0
    outer loop
      vertex 17.8 4.49948 4.79361
      vertex 17.8 2.44537 5.23022
      vertex 17.8 4.37486 4.32852
    endloop
  endfacet
  facet normal 1 0 0
    outer loop
      vertex 17.8 2.02254 7.21946
      vertex 17.8 3.72148 8.45381
      vertex 17.8 3.41847 8.828
    endloop
  endfacet
  facet normal 1 -0 0
    outer loop
      vertex 17.8 2.37764 4.97746
      vertex 17.8 4.37486 4.32852
      vertex 17.8 2.44537 5.23022
    endloop
  endfacet
  facet normal 1 0 0
    outer loop
      vertex 17.8 1.85786 7.42283
      vertex 17.8 3.41847 8.828
      vertex 17.8 3.078 9.16847
    endloop
  endfacet
  facet normal 1 0 0
    outer loop
      vertex 17.8 4.37486 4.32852
      vertex 17.8 2.37764 4.97746
      vertex 17.8 4.20231 3.87901
    endloop
  endfacet
  facet normal 1 0 0
    outer loop
      vertex 17.8 1.67283 7.60786
      vertex 17.8 3.078 9.16847
      vertex 17.8 2.70381 9.47148
    endloop
  endfacet
  facet normal 1 -0 0
    outer loop
      vertex 17.8 2.28386 4.73316
      vertex 17.8 4.20231 3.87901
      vertex 17.8 2.37764 4.97746
    endloop
  endfacet
  facet normal 1 -0 0
    outer loop
      vertex 17.8 2.24898 4.66469
      vertex 17.8 4.20231 3.87901
      vertex 17.8 2.28386 4.73316
    endloop
  endfacet
  facet normal 1 0 0
    outer loop
      vertex 17.8 4.5748 6.23083
      vertex 17.8 2.4863 6.01132
      vertex 17.8 2.5 5.75
    endloop
  endfacet
  facet normal 1 0 0
    outer loop
      vertex 17.8 4.49948 6.70639
      vertex 17.8 2.44537 6.26978
      vertex 17.8 2.4863 6.01132
    endloop
  endfacet
  facet normal 1 0 0
    outer loop
      vertex 17.8 4.37486 7.17148
      vertex 17.8 2.37764 6.52254
      vertex 17.8 2.44537 6.26978
    endloop
  endfacet
  facet normal 1 0 0
    outer loop
      vertex 17.8 1.46946 7.77254
      vertex 17.8 2.70381 9.47148
      vertex 17.8 2.3 9.73372
    endloop
  endfacet
  facet normal 1 0 0
    outer loop
      vertex 17.8 4.20231 7.62099
      vertex 17.8 2.28386 6.76684
      vertex 17.8 2.37764 6.52254
    endloop
  endfacet
  facet normal 1 0 0
    outer loop
      vertex 17.8 4.20231 7.62099
      vertex 17.8 2.19995 6.93153
      vertex 17.8 2.28386 6.76684
    endloop
  endfacet
  facet normal 1 0 0
    outer loop
      vertex 17.8 3.98372 8.05
      vertex 17.8 2.16506 7
      vertex 17.8 2.19995 6.93153
    endloop
  endfacet
  facet normal 1 0 0
    outer loop
      vertex 17.8 3.98372 8.05
      vertex 17.8 2.12321 7.06445
      vertex 17.8 2.16506 7
    endloop
  endfacet
  facet normal 1 0 0
    outer loop
      vertex 17.8 3.72148 8.45381
      vertex 17.8 2.02254 7.21946
      vertex 17.8 2.12321 7.06445
    endloop
  endfacet
  facet normal 1 0 0
    outer loop
      vertex 17.8 1.25 7.91506
      vertex 17.8 2.3 9.73372
      vertex 17.8 1.87099 9.95231
    endloop
  endfacet
  facet normal 1 0 0
    outer loop
      vertex 17.8 3.41847 8.828
      vertex 17.8 1.85786 7.42283
      vertex 17.8 2.02254 7.21946
    endloop
  endfacet
  facet normal 1 0 0
    outer loop
      vertex 17.8 3.078 9.16847
      vertex 17.8 1.67283 7.60786
      vertex 17.8 1.85786 7.42283
    endloop
  endfacet
  facet normal 1 0 0
    outer loop
      vertex 17.8 2.70381 9.47148
      vertex 17.8 1.46946 7.77254
      vertex 17.8 1.67283 7.60786
    endloop
  endfacet
  facet normal 1 0 0
    outer loop
      vertex 17.8 1.01684 8.03386
      vertex 17.8 1.87099 9.95231
      vertex 17.8 1.42148 10.1249
    endloop
  endfacet
  facet normal 1 0 0
    outer loop
      vertex 17.8 2.3 9.73372
      vertex 17.8 1.25 7.91506
      vertex 17.8 1.46946 7.77254
    endloop
  endfacet
  facet normal 1 0 0
    outer loop
      vertex 17.8 1.87099 9.95231
      vertex 17.8 1.01684 8.03386
      vertex 17.8 1.25 7.91506
    endloop
  endfacet
  facet normal 1 0 0
    outer loop
      vertex 17.8 0.772542 8.12764
      vertex 17.8 1.42148 10.1249
      vertex 17.8 0.956393 10.2495
    endloop
  endfacet
  facet normal 1 0 0
    outer loop
      vertex 17.8 1.42148 10.1249
      vertex 17.8 0.772542 8.12764
      vertex 17.8 1.01684 8.03386
    endloop
  endfacet
  facet normal 1 0 0
    outer loop
      vertex 17.8 0.956393 10.2495
      vertex 17.8 0.519779 8.19537
      vertex 17.8 0.772542 8.12764
    endloop
  endfacet
  facet normal 1 0 0
    outer loop
      vertex 17.8 0.48083 10.3248
      vertex 17.8 0.519779 8.19537
      vertex 17.8 0.956393 10.2495
    endloop
  endfacet
  facet normal 1 0 0
    outer loop
      vertex 17.8 0.48083 10.3248
      vertex 17.8 0.261321 8.2363
      vertex 17.8 0.519779 8.19537
    endloop
  endfacet
  facet normal 1 0 0
    outer loop
      vertex 17.8 0 10.35
      vertex 17.8 0.261321 8.2363
      vertex 17.8 0.48083 10.3248
    endloop
  endfacet
  facet normal 1 0 0
    outer loop
      vertex 17.8 0 10.35
      vertex 17.8 0 8.25
      vertex 17.8 0.261321 8.2363
    endloop
  endfacet
  facet normal 1 0 0
    outer loop
      vertex 17.8 0 10.35
      vertex 17.8 -0.261321 8.2363
      vertex 17.8 0 8.25
    endloop
  endfacet
  facet normal 1 -0 0
    outer loop
      vertex 17.8 -0.48083 10.3248
      vertex 17.8 -0.261321 8.2363
      vertex 17.8 0 10.35
    endloop
  endfacet
  facet normal 1 0 0
    outer loop
      vertex 17.8 -0.48083 10.3248
      vertex 17.8 -0.519779 8.19537
      vertex 17.8 -0.261321 8.2363
    endloop
  endfacet
  facet normal 1 -0 0
    outer loop
      vertex 17.8 -0.956393 10.2495
      vertex 17.8 -0.519779 8.19537
      vertex 17.8 -0.48083 10.3248
    endloop
  endfacet
  facet normal 1 0 0
    outer loop
      vertex 17.8 -0.519779 8.19537
      vertex 17.8 -0.956393 10.2495
      vertex 17.8 -0.772542 8.12764
    endloop
  endfacet
  facet normal 1 -0 0
    outer loop
      vertex 17.8 -1.42148 10.1249
      vertex 17.8 -0.772542 8.12764
      vertex 17.8 -0.956393 10.2495
    endloop
  endfacet
  facet normal 1 0 0
    outer loop
      vertex 17.8 -0.772542 8.12764
      vertex 17.8 -1.42148 10.1249
      vertex 17.8 -1.01684 8.03386
    endloop
  endfacet
  facet normal 1 -0 0
    outer loop
      vertex 17.8 -1.87099 9.95231
      vertex 17.8 -1.01684 8.03386
      vertex 17.8 -1.42148 10.1249
    endloop
  endfacet
  facet normal 1 0 0
    outer loop
      vertex 17.8 -1.01684 8.03386
      vertex 17.8 -1.87099 9.95231
      vertex 17.8 -1.25 7.91506
    endloop
  endfacet
  facet normal 1 -0 0
    outer loop
      vertex 17.8 -2.3 9.73372
      vertex 17.8 -1.25 7.91506
      vertex 17.8 -1.87099 9.95231
    endloop
  endfacet
  facet normal 1 0 0
    outer loop
      vertex 17.8 -1.25 7.91506
      vertex 17.8 -2.3 9.73372
      vertex 17.8 -1.46946 7.77254
    endloop
  endfacet
  facet normal 1 -0 0
    outer loop
      vertex 17.8 -2.70381 9.47148
      vertex 17.8 -1.46946 7.77254
      vertex 17.8 -2.3 9.73372
    endloop
  endfacet
  facet normal 1 0 0
    outer loop
      vertex 17.8 -1.46946 7.77254
      vertex 17.8 -2.70381 9.47148
      vertex 17.8 -1.67283 7.60786
    endloop
  endfacet
  facet normal 1 -0 0
    outer loop
      vertex 17.8 -3.078 9.16847
      vertex 17.8 -1.67283 7.60786
      vertex 17.8 -2.70381 9.47148
    endloop
  endfacet
  facet normal 1 0 0
    outer loop
      vertex 17.8 -1.67283 7.60786
      vertex 17.8 -3.078 9.16847
      vertex 17.8 -1.85786 7.42283
    endloop
  endfacet
  facet normal 1 -0 0
    outer loop
      vertex 17.8 -3.41847 8.828
      vertex 17.8 -1.85786 7.42283
      vertex 17.8 -3.078 9.16847
    endloop
  endfacet
  facet normal 1 0 0
    outer loop
      vertex 17.8 -1.85786 7.42283
      vertex 17.8 -3.41847 8.828
      vertex 17.8 -2.02254 7.21946
    endloop
  endfacet
  facet normal 1 -0 0
    outer loop
      vertex 17.8 -3.72148 8.45381
      vertex 17.8 -2.02254 7.21946
      vertex 17.8 -3.41847 8.828
    endloop
  endfacet
  facet normal 1 0 0
    outer loop
      vertex 17.8 -2.02254 7.21946
      vertex 17.8 -3.72148 8.45381
      vertex 17.8 -2.16506 7
    endloop
  endfacet
  facet normal 1 -0 0
    outer loop
      vertex 17.8 -3.98372 8.05
      vertex 17.8 -2.16506 7
      vertex 17.8 -3.72148 8.45381
    endloop
  endfacet
  facet normal 1 0 0
    outer loop
      vertex 17.8 -2.16506 7
      vertex 17.8 -3.98372 8.05
      vertex 17.8 -2.28386 6.76684
    endloop
  endfacet
  facet normal 1 0 0
    outer loop
      vertex 17.8 4.20231 3.87901
      vertex 17.8 2.24898 4.66469
      vertex 17.8 3.98372 3.45
    endloop
  endfacet
  facet normal 1 -0 0
    outer loop
      vertex 17.8 2.16506 4.5
      vertex 17.8 3.98372 3.45
      vertex 17.8 2.24898 4.66469
    endloop
  endfacet
  facet normal 1 -0 0
    outer loop
      vertex 17.8 2.06439 4.34498
      vertex 17.8 3.98372 3.45
      vertex 17.8 2.16506 4.5
    endloop
  endfacet
  facet normal 1 0 0
    outer loop
      vertex 17.8 3.98372 3.45
      vertex 17.8 2.06439 4.34498
      vertex 17.8 3.72148 3.04619
    endloop
  endfacet
  facet normal 1 -0 0
    outer loop
      vertex 17.8 2.02254 4.28054
      vertex 17.8 3.72148 3.04619
      vertex 17.8 2.06439 4.34498
    endloop
  endfacet
  facet normal 1 0 0
    outer loop
      vertex 17.8 3.72148 3.04619
      vertex 17.8 2.02254 4.28054
      vertex 17.8 3.41847 2.672
    endloop
  endfacet
  facet normal 1 -0 0
    outer loop
      vertex 17.8 1.85786 4.07717
      vertex 17.8 3.41847 2.672
      vertex 17.8 2.02254 4.28054
    endloop
  endfacet
  facet normal 1 0 0
    outer loop
      vertex 17.8 3.41847 2.672
      vertex 17.8 1.85786 4.07717
      vertex 17.8 3.078 2.33153
    endloop
  endfacet
  facet normal 1 -0 0
    outer loop
      vertex 17.8 1.67283 3.89214
      vertex 17.8 3.078 2.33153
      vertex 17.8 1.85786 4.07717
    endloop
  endfacet
  facet normal 1 0 0
    outer loop
      vertex 17.8 3.078 2.33153
      vertex 17.8 1.67283 3.89214
      vertex 17.8 2.70381 2.02852
    endloop
  endfacet
  facet normal 1 -0 0
    outer loop
      vertex 17.8 1.46946 3.72746
      vertex 17.8 2.70381 2.02852
      vertex 17.8 1.67283 3.89214
    endloop
  endfacet
  facet normal 1 0 0
    outer loop
      vertex 17.8 2.70381 2.02852
      vertex 17.8 1.46946 3.72746
      vertex 17.8 2.3 1.76628
    endloop
  endfacet
  facet normal 1 -0 0
    outer loop
      vertex 17.8 1.25 3.58494
      vertex 17.8 2.3 1.76628
      vertex 17.8 1.46946 3.72746
    endloop
  endfacet
  facet normal 1 0 0
    outer loop
      vertex 17.8 2.3 1.76628
      vertex 17.8 1.25 3.58494
      vertex 17.8 1.87099 1.54769
    endloop
  endfacet
  facet normal 1 -0 0
    outer loop
      vertex 17.8 1.01684 3.46614
      vertex 17.8 1.87099 1.54769
      vertex 17.8 1.25 3.58494
    endloop
  endfacet
  facet normal 1 0 0
    outer loop
      vertex 17.8 1.87099 1.54769
      vertex 17.8 1.01684 3.46614
      vertex 17.8 1.42148 1.37514
    endloop
  endfacet
  facet normal 1 -0 0
    outer loop
      vertex 17.8 0.772542 3.37236
      vertex 17.8 1.42148 1.37514
      vertex 17.8 1.01684 3.46614
    endloop
  endfacet
  facet normal 1 0 0
    outer loop
      vertex 17.8 1.42148 1.37514
      vertex 17.8 0.772542 3.37236
      vertex 17.8 0.956393 1.25052
    endloop
  endfacet
  facet normal 1 -0 0
    outer loop
      vertex 17.8 0.519779 3.30463
      vertex 17.8 0.956393 1.25052
      vertex 17.8 0.772542 3.37236
    endloop
  endfacet
  facet normal 1 0 0
    outer loop
      vertex 17.8 0.519779 3.30463
      vertex 17.8 0.48083 1.1752
      vertex 17.8 0.956393 1.25052
    endloop
  endfacet
  facet normal 1 -0 0
    outer loop
      vertex 17.8 0.261321 3.2637
      vertex 17.8 0.48083 1.1752
      vertex 17.8 0.519779 3.30463
    endloop
  endfacet
  facet normal 1 -0 0
    outer loop
      vertex 17.8 0.184584 3.25967
      vertex 17.8 0.48083 1.1752
      vertex 17.8 0.261321 3.2637
    endloop
  endfacet
  facet normal 1 0 0
    outer loop
      vertex 17.8 0 1.15
      vertex 17.8 0.184584 3.25967
      vertex 17.8 0 3.25
    endloop
  endfacet
  facet normal 1 0 0
    outer loop
      vertex 17.8 0.184584 3.25967
      vertex 17.8 0 1.15
      vertex 17.8 0.48083 1.1752
    endloop
  endfacet
  facet normal 1 0 0
    outer loop
      vertex 17.8 -0.184584 3.25967
      vertex 17.8 0 1.15
      vertex 17.8 0 3.25
    endloop
  endfacet
  facet normal 1 0 0
    outer loop
      vertex 17.8 -0.48083 1.1752
      vertex 17.8 -0.184584 3.25967
      vertex 17.8 -0.261321 3.2637
    endloop
  endfacet
  facet normal 1 0 0
    outer loop
      vertex 17.8 -0.184584 3.25967
      vertex 17.8 -0.48083 1.1752
      vertex 17.8 0 1.15
    endloop
  endfacet
  facet normal 1 0 0
    outer loop
      vertex 17.8 -0.519779 3.30463
      vertex 17.8 -0.48083 1.1752
      vertex 17.8 -0.261321 3.2637
    endloop
  endfacet
  facet normal 1 0 0
    outer loop
      vertex 17.8 -0.956393 1.25052
      vertex 17.8 -0.519779 3.30463
      vertex 17.8 -0.772542 3.37236
    endloop
  endfacet
  facet normal 1 0 0
    outer loop
      vertex 17.8 -0.519779 3.30463
      vertex 17.8 -0.956393 1.25052
      vertex 17.8 -0.48083 1.1752
    endloop
  endfacet
  facet normal 1 0 0
    outer loop
      vertex 17.8 -1.42148 1.37514
      vertex 17.8 -0.772542 3.37236
      vertex 17.8 -1.01684 3.46614
    endloop
  endfacet
  facet normal 1 0 0
    outer loop
      vertex 17.8 -1.87099 1.54769
      vertex 17.8 -1.01684 3.46614
      vertex 17.8 -1.25 3.58494
    endloop
  endfacet
  facet normal 1 0 0
    outer loop
      vertex 17.8 -0.772542 3.37236
      vertex 17.8 -1.42148 1.37514
      vertex 17.8 -0.956393 1.25052
    endloop
  endfacet
  facet normal 1 0 0
    outer loop
      vertex 17.8 -2.3 1.76628
      vertex 17.8 -1.25 3.58494
      vertex 17.8 -1.46946 3.72746
    endloop
  endfacet
  facet normal 1 0 0
    outer loop
      vertex 17.8 -2.70381 2.02852
      vertex 17.8 -1.46946 3.72746
      vertex 17.8 -1.67283 3.89214
    endloop
  endfacet
  facet normal 1 0 0
    outer loop
      vertex 17.8 -3.078 2.33153
      vertex 17.8 -1.67283 3.89214
      vertex 17.8 -1.85786 4.07717
    endloop
  endfacet
  facet normal 1 0 0
    outer loop
      vertex 17.8 -1.01684 3.46614
      vertex 17.8 -1.87099 1.54769
      vertex 17.8 -1.42148 1.37514
    endloop
  endfacet
  facet normal 1 0 0
    outer loop
      vertex 17.8 -3.41847 2.672
      vertex 17.8 -1.85786 4.07717
      vertex 17.8 -2.02254 4.28054
    endloop
  endfacet
  facet normal 1 0 0
    outer loop
      vertex 17.8 -3.72148 3.04619
      vertex 17.8 -2.02254 4.28054
      vertex 17.8 -2.06439 4.34498
    endloop
  endfacet
  facet normal 1 0 0
    outer loop
      vertex 17.8 -3.98372 3.45
      vertex 17.8 -2.06439 4.34498
      vertex 17.8 -2.16506 4.5
    endloop
  endfacet
  facet normal 1 0 0
    outer loop
      vertex 17.8 -3.98372 3.45
      vertex 17.8 -2.16506 4.5
      vertex 17.8 -2.24898 4.66469
    endloop
  endfacet
  facet normal 1 0 0
    outer loop
      vertex 17.8 -4.20231 3.87901
      vertex 17.8 -2.24898 4.66469
      vertex 17.8 -2.28386 4.73316
    endloop
  endfacet
  facet normal 1 0 0
    outer loop
      vertex 17.8 -1.25 3.58494
      vertex 17.8 -2.3 1.76628
      vertex 17.8 -1.87099 1.54769
    endloop
  endfacet
  facet normal 1 0 0
    outer loop
      vertex 17.8 -4.20231 3.87901
      vertex 17.8 -2.28386 4.73316
      vertex 17.8 -2.37764 4.97746
    endloop
  endfacet
  facet normal 1 0 0
    outer loop
      vertex 17.8 -4.37486 4.32852
      vertex 17.8 -2.37764 4.97746
      vertex 17.8 -2.44537 5.23022
    endloop
  endfacet
  facet normal 1 0 0
    outer loop
      vertex 17.8 -4.49948 4.79361
      vertex 17.8 -2.44537 5.23022
      vertex 17.8 -2.4863 5.48868
    endloop
  endfacet
  facet normal 1 0 0
    outer loop
      vertex 17.8 -4.5748 5.26917
      vertex 17.8 -2.4863 5.48868
      vertex 17.8 -2.5 5.75
    endloop
  endfacet
  facet normal 1 -0 0
    outer loop
      vertex 17.8 -4.20231 7.62099
      vertex 17.8 -2.28386 6.76684
      vertex 17.8 -3.98372 8.05
    endloop
  endfacet
  facet normal 1 0 0
    outer loop
      vertex 17.8 -1.46946 3.72746
      vertex 17.8 -2.70381 2.02852
      vertex 17.8 -2.3 1.76628
    endloop
  endfacet
  facet normal 1 0 0
    outer loop
      vertex 17.8 -2.28386 6.76684
      vertex 17.8 -4.20231 7.62099
      vertex 17.8 -2.37764 6.52254
    endloop
  endfacet
  facet normal 1 0 0
    outer loop
      vertex 17.8 -1.67283 3.89214
      vertex 17.8 -3.078 2.33153
      vertex 17.8 -2.70381 2.02852
    endloop
  endfacet
  facet normal 1 -0 0
    outer loop
      vertex 17.8 -4.37486 7.17148
      vertex 17.8 -2.37764 6.52254
      vertex 17.8 -4.20231 7.62099
    endloop
  endfacet
  facet normal 1 0 0
    outer loop
      vertex 17.8 -1.85786 4.07717
      vertex 17.8 -3.41847 2.672
      vertex 17.8 -3.078 2.33153
    endloop
  endfacet
  facet normal 1 0 0
    outer loop
      vertex 17.8 -2.37764 6.52254
      vertex 17.8 -4.37486 7.17148
      vertex 17.8 -2.44537 6.26978
    endloop
  endfacet
  facet normal 1 0 0
    outer loop
      vertex 17.8 -2.02254 4.28054
      vertex 17.8 -3.72148 3.04619
      vertex 17.8 -3.41847 2.672
    endloop
  endfacet
  facet normal 1 -0 0
    outer loop
      vertex 17.8 -4.49948 6.70639
      vertex 17.8 -2.44537 6.26978
      vertex 17.8 -4.37486 7.17148
    endloop
  endfacet
  facet normal 1 0 0
    outer loop
      vertex 17.8 -2.06439 4.34498
      vertex 17.8 -3.98372 3.45
      vertex 17.8 -3.72148 3.04619
    endloop
  endfacet
  facet normal 1 0 0
    outer loop
      vertex 17.8 -2.44537 6.26978
      vertex 17.8 -4.49948 6.70639
      vertex 17.8 -2.4863 6.01132
    endloop
  endfacet
  facet normal 1 0 0
    outer loop
      vertex 17.8 -2.24898 4.66469
      vertex 17.8 -4.20231 3.87901
      vertex 17.8 -3.98372 3.45
    endloop
  endfacet
  facet normal 1 -0 0
    outer loop
      vertex 17.8 -4.5748 6.23083
      vertex 17.8 -2.4863 6.01132
      vertex 17.8 -4.49948 6.70639
    endloop
  endfacet
  facet normal 1 0 0
    outer loop
      vertex 17.8 -2.37764 4.97746
      vertex 17.8 -4.37486 4.32852
      vertex 17.8 -4.20231 3.87901
    endloop
  endfacet
  facet normal 1 0 0
    outer loop
      vertex 17.8 -2.4863 6.01132
      vertex 17.8 -4.5748 6.23083
      vertex 17.8 -2.5 5.75
    endloop
  endfacet
  facet normal 1 0 0
    outer loop
      vertex 17.8 -2.44537 5.23022
      vertex 17.8 -4.49948 4.79361
      vertex 17.8 -4.37486 4.32852
    endloop
  endfacet
  facet normal 1 0 0
    outer loop
      vertex 17.8 -4.6 5.75
      vertex 17.8 -2.5 5.75
      vertex 17.8 -4.5748 6.23083
    endloop
  endfacet
  facet normal 1 0 0
    outer loop
      vertex 17.8 -2.4863 5.48868
      vertex 17.8 -4.5748 5.26917
      vertex 17.8 -4.49948 4.79361
    endloop
  endfacet
  facet normal 1 0 0
    outer loop
      vertex 17.8 -2.5 5.75
      vertex 17.8 -4.6 5.75
      vertex 17.8 -4.5748 5.26917
    endloop
  endfacet
  facet normal 0 0.777146 0.62932
    outer loop
      vertex 22.2 -3.41847 2.672
      vertex 17.8 -3.72148 3.04619
      vertex 22.2 -3.72148 3.04619
    endloop
  endfacet
  facet normal 0 0.777146 0.62932
    outer loop
      vertex 17.8 -3.72148 3.04619
      vertex 22.2 -3.41847 2.672
      vertex 17.8 -3.41847 2.672
    endloop
  endfacet
  facet normal -0 0.62932 0.777146
    outer loop
      vertex 17.8 -2.70381 2.02852
      vertex 22.2 -3.078 2.33153
      vertex 22.2 -2.70381 2.02852
    endloop
  endfacet
  facet normal 0 0.62932 0.777146
    outer loop
      vertex 22.2 -3.078 2.33153
      vertex 17.8 -2.70381 2.02852
      vertex 17.8 -3.078 2.33153
    endloop
  endfacet
  facet normal 0 0.965926 -0.258818
    outer loop
      vertex 22.2 -4.49948 6.70639
      vertex 17.8 -4.37486 7.17148
      vertex 22.2 -4.37486 7.17148
    endloop
  endfacet
  facet normal 0 0.965926 -0.258818
    outer loop
      vertex 17.8 -4.37486 7.17148
      vertex 22.2 -4.49948 6.70639
      vertex 17.8 -4.49948 6.70639
    endloop
  endfacet
  facet normal 0 0.93358 -0.358368
    outer loop
      vertex 22.2 -4.37486 7.17148
      vertex 17.8 -4.20231 7.62099
      vertex 22.2 -4.20231 7.62099
    endloop
  endfacet
  facet normal 0 0.93358 -0.358368
    outer loop
      vertex 17.8 -4.20231 7.62099
      vertex 22.2 -4.37486 7.17148
      vertex 17.8 -4.37486 7.17148
    endloop
  endfacet
  facet normal 0 0.258818 -0.965926
    outer loop
      vertex 17.8 -1.42148 10.1249
      vertex 22.2 -0.956393 10.2495
      vertex 22.2 -1.42148 10.1249
    endloop
  endfacet
  facet normal 0 0.258818 -0.965926
    outer loop
      vertex 22.2 -0.956393 10.2495
      vertex 17.8 -1.42148 10.1249
      vertex 17.8 -0.956393 10.2495
    endloop
  endfacet
  facet normal 0 0.156435 -0.987688
    outer loop
      vertex 17.8 -0.956393 10.2495
      vertex 22.2 -0.48083 10.3248
      vertex 22.2 -0.956393 10.2495
    endloop
  endfacet
  facet normal 0 0.156435 -0.987688
    outer loop
      vertex 22.2 -0.48083 10.3248
      vertex 17.8 -0.956393 10.2495
      vertex 17.8 -0.48083 10.3248
    endloop
  endfacet
  facet normal 0 0.707107 -0.707107
    outer loop
      vertex 22.2 -3.41847 8.828
      vertex 17.8 -3.078 9.16847
      vertex 22.2 -3.078 9.16847
    endloop
  endfacet
  facet normal 0 0.707107 -0.707107
    outer loop
      vertex 17.8 -3.078 9.16847
      vertex 22.2 -3.41847 8.828
      vertex 17.8 -3.41847 8.828
    endloop
  endfacet
  facet normal 0 0.891006 -0.453991
    outer loop
      vertex 22.2 -4.20231 7.62099
      vertex 17.8 -3.98372 8.05
      vertex 22.2 -3.98372 8.05
    endloop
  endfacet
  facet normal 0 0.891006 -0.453991
    outer loop
      vertex 17.8 -3.98372 8.05
      vertex 22.2 -4.20231 7.62099
      vertex 17.8 -4.20231 7.62099
    endloop
  endfacet
  facet normal 0 0.358368 -0.93358
    outer loop
      vertex 17.8 -1.87099 9.95231
      vertex 22.2 -1.42148 10.1249
      vertex 22.2 -1.87099 9.95231
    endloop
  endfacet
  facet normal 0 0.358368 -0.93358
    outer loop
      vertex 22.2 -1.42148 10.1249
      vertex 17.8 -1.87099 9.95231
      vertex 17.8 -1.42148 10.1249
    endloop
  endfacet
  facet normal 0 0.99863 0.0523353
    outer loop
      vertex 22.2 -4.5748 5.26917
      vertex 17.8 -4.6 5.75
      vertex 22.2 -4.6 5.75
    endloop
  endfacet
  facet normal 0 0.99863 0.0523353
    outer loop
      vertex 17.8 -4.6 5.75
      vertex 22.2 -4.5748 5.26917
      vertex 17.8 -4.5748 5.26917
    endloop
  endfacet
  facet normal -0 0.453991 0.891006
    outer loop
      vertex 17.8 -1.87099 1.54769
      vertex 22.2 -2.3 1.76628
      vertex 22.2 -1.87099 1.54769
    endloop
  endfacet
  facet normal 0 0.453991 0.891006
    outer loop
      vertex 22.2 -2.3 1.76628
      vertex 17.8 -1.87099 1.54769
      vertex 17.8 -2.3 1.76628
    endloop
  endfacet
  facet normal -0 0.544639 0.838671
    outer loop
      vertex 17.8 -2.3 1.76628
      vertex 22.2 -2.70381 2.02852
      vertex 22.2 -2.3 1.76628
    endloop
  endfacet
  facet normal 0 0.544639 0.838671
    outer loop
      vertex 22.2 -2.70381 2.02852
      vertex 17.8 -2.3 1.76628
      vertex 17.8 -2.70381 2.02852
    endloop
  endfacet
  facet normal -0 0.258818 0.965926
    outer loop
      vertex 17.8 -0.956393 1.25052
      vertex 22.2 -1.42148 1.37514
      vertex 22.2 -0.956393 1.25052
    endloop
  endfacet
  facet normal 0 0.258818 0.965926
    outer loop
      vertex 22.2 -1.42148 1.37514
      vertex 17.8 -0.956393 1.25052
      vertex 17.8 -1.42148 1.37514
    endloop
  endfacet
  facet normal -0 0.156435 0.987688
    outer loop
      vertex 17.8 -0.48083 1.1752
      vertex 22.2 -0.956393 1.25052
      vertex 22.2 -0.48083 1.1752
    endloop
  endfacet
  facet normal 0 0.156435 0.987688
    outer loop
      vertex 22.2 -0.956393 1.25052
      vertex 17.8 -0.48083 1.1752
      vertex 17.8 -0.956393 1.25052
    endloop
  endfacet
  facet normal -0 0.0523353 0.99863
    outer loop
      vertex 17.8 0 1.15
      vertex 22.2 -0.48083 1.1752
      vertex 22.2 0 1.15
    endloop
  endfacet
  facet normal 0 0.0523353 0.99863
    outer loop
      vertex 22.2 -0.48083 1.1752
      vertex 17.8 0 1.15
      vertex 17.8 -0.48083 1.1752
    endloop
  endfacet
  facet normal 0 0.93358 0.358368
    outer loop
      vertex 22.2 -4.20231 3.87901
      vertex 17.8 -4.37486 4.32852
      vertex 22.2 -4.37486 4.32852
    endloop
  endfacet
  facet normal 0 0.93358 0.358368
    outer loop
      vertex 17.8 -4.37486 4.32852
      vertex 22.2 -4.20231 3.87901
      vertex 17.8 -4.20231 3.87901
    endloop
  endfacet
  facet normal 0 0.707107 0.707107
    outer loop
      vertex 22.2 -3.078 2.33153
      vertex 17.8 -3.41847 2.672
      vertex 22.2 -3.41847 2.672
    endloop
  endfacet
  facet normal 0 0.707107 0.707107
    outer loop
      vertex 17.8 -3.41847 2.672
      vertex 22.2 -3.078 2.33153
      vertex 17.8 -3.078 2.33153
    endloop
  endfacet
  facet normal 0 0.838671 0.544639
    outer loop
      vertex 22.2 -3.72148 3.04619
      vertex 17.8 -3.98372 3.45
      vertex 22.2 -3.98372 3.45
    endloop
  endfacet
  facet normal 0 0.838671 0.544639
    outer loop
      vertex 17.8 -3.98372 3.45
      vertex 22.2 -3.72148 3.04619
      vertex 17.8 -3.72148 3.04619
    endloop
  endfacet
  facet normal -0 0.358368 0.93358
    outer loop
      vertex 17.8 -1.42148 1.37514
      vertex 22.2 -1.87099 1.54769
      vertex 22.2 -1.42148 1.37514
    endloop
  endfacet
  facet normal 0 0.358368 0.93358
    outer loop
      vertex 22.2 -1.87099 1.54769
      vertex 17.8 -1.42148 1.37514
      vertex 17.8 -1.87099 1.54769
    endloop
  endfacet
  facet normal 0 0.965926 0.258818
    outer loop
      vertex 22.2 -4.37486 4.32852
      vertex 17.8 -4.49948 4.79361
      vertex 22.2 -4.49948 4.79361
    endloop
  endfacet
  facet normal 0 0.965926 0.258818
    outer loop
      vertex 17.8 -4.49948 4.79361
      vertex 22.2 -4.37486 4.32852
      vertex 17.8 -4.37486 4.32852
    endloop
  endfacet
  facet normal 0 0.987688 0.156435
    outer loop
      vertex 22.2 -4.49948 4.79361
      vertex 17.8 -4.5748 5.26917
      vertex 22.2 -4.5748 5.26917
    endloop
  endfacet
  facet normal 0 0.987688 0.156435
    outer loop
      vertex 17.8 -4.5748 5.26917
      vertex 22.2 -4.49948 4.79361
      vertex 17.8 -4.49948 4.79361
    endloop
  endfacet
  facet normal 0 0.891006 0.453991
    outer loop
      vertex 22.2 -3.98372 3.45
      vertex 17.8 -4.20231 3.87901
      vertex 22.2 -4.20231 3.87901
    endloop
  endfacet
  facet normal 0 0.891006 0.453991
    outer loop
      vertex 17.8 -4.20231 3.87901
      vertex 22.2 -3.98372 3.45
      vertex 17.8 -3.98372 3.45
    endloop
  endfacet
  facet normal 0 -0.5 0.866025
    outer loop
      vertex 6.1 3.98372 3.45
      vertex 10.5 0 1.15
      vertex 10.5 3.98372 3.45
    endloop
  endfacet
  facet normal 0 -0.5 0.866025
    outer loop
      vertex 10.5 0 1.15
      vertex 6.1 3.98372 3.45
      vertex 6.1 0 1.15
    endloop
  endfacet
  facet normal 0 -0.5 -0.866025
    outer loop
      vertex 6.1 0 10.35
      vertex 10.5 3.98372 8.05
      vertex 10.5 0 10.35
    endloop
  endfacet
  facet normal -0 -0.5 -0.866025
    outer loop
      vertex 10.5 3.98372 8.05
      vertex 6.1 0 10.35
      vertex 6.1 3.98372 8.05
    endloop
  endfacet
  facet normal 0 -1 0
    outer loop
      vertex 6.1 3.98372 3.45
      vertex 10.5 3.98372 8.05
      vertex 6.1 3.98372 8.05
    endloop
  endfacet
  facet normal 0 -1 -0
    outer loop
      vertex 10.5 3.98372 8.05
      vertex 6.1 3.98372 3.45
      vertex 10.5 3.98372 3.45
    endloop
  endfacet
  facet normal -0 0.5 0.866025
    outer loop
      vertex 6.1 0 1.15
      vertex 10.5 -3.98372 3.45
      vertex 10.5 0 1.15
    endloop
  endfacet
  facet normal 0 0.5 0.866025
    outer loop
      vertex 10.5 -3.98372 3.45
      vertex 6.1 0 1.15
      vertex 6.1 -3.98372 3.45
    endloop
  endfacet
  facet normal -1 0 0
    outer loop
      vertex 10.5 3.98372 3.45
      vertex 10.5 2.5 5.75
      vertex 10.5 3.98372 8.05
    endloop
  endfacet
  facet normal -1 0 0
    outer loop
      vertex 10.5 3.98372 3.45
      vertex 10.5 2.4863 5.48868
      vertex 10.5 2.5 5.75
    endloop
  endfacet
  facet normal -1 0 0
    outer loop
      vertex 10.5 3.98372 3.45
      vertex 10.5 2.44537 5.23022
      vertex 10.5 2.4863 5.48868
    endloop
  endfacet
  facet normal -1 0 0
    outer loop
      vertex 10.5 3.98372 3.45
      vertex 10.5 2.37764 4.97746
      vertex 10.5 2.44537 5.23022
    endloop
  endfacet
  facet normal -1 0 0
    outer loop
      vertex 10.5 3.98372 3.45
      vertex 10.5 2.28386 4.73316
      vertex 10.5 2.37764 4.97746
    endloop
  endfacet
  facet normal -1 0 0
    outer loop
      vertex 10.5 3.98372 3.45
      vertex 10.5 2.21456 4.59715
      vertex 10.5 2.28386 4.73316
    endloop
  endfacet
  facet normal -1 0 0
    outer loop
      vertex 10.5 3.98372 3.45
      vertex 10.5 2.16506 4.5
      vertex 10.5 2.21456 4.59715
    endloop
  endfacet
  facet normal -1 0 0
    outer loop
      vertex 10.5 3.98372 3.45
      vertex 10.5 2.10568 4.40856
      vertex 10.5 2.16506 4.5
    endloop
  endfacet
  facet normal -1 0 0
    outer loop
      vertex 10.5 3.98372 3.45
      vertex 10.5 2.02254 4.28054
      vertex 10.5 2.10568 4.40856
    endloop
  endfacet
  facet normal -1 0 0
    outer loop
      vertex 10.5 3.98372 3.45
      vertex 10.5 1.85786 4.07717
      vertex 10.5 2.02254 4.28054
    endloop
  endfacet
  facet normal -1 0 0
    outer loop
      vertex 10.5 3.98372 3.45
      vertex 10.5 1.67283 3.89214
      vertex 10.5 1.85786 4.07717
    endloop
  endfacet
  facet normal -1 0 0
    outer loop
      vertex 10.5 3.98372 3.45
      vertex 10.5 1.46946 3.72746
      vertex 10.5 1.67283 3.89214
    endloop
  endfacet
  facet normal -1 0 0
    outer loop
      vertex 10.5 3.98372 3.45
      vertex 10.5 1.25 3.58494
      vertex 10.5 1.46946 3.72746
    endloop
  endfacet
  facet normal -1 0 0
    outer loop
      vertex 10.5 0 1.15
      vertex 10.5 1.25 3.58494
      vertex 10.5 3.98372 3.45
    endloop
  endfacet
  facet normal -1 0 0
    outer loop
      vertex 10.5 1.25 3.58494
      vertex 10.5 0 1.15
      vertex 10.5 1.01684 3.46614
    endloop
  endfacet
  facet normal -1 0 0
    outer loop
      vertex 10.5 1.01684 3.46614
      vertex 10.5 0 1.15
      vertex 10.5 0.772542 3.37236
    endloop
  endfacet
  facet normal -1 0 0
    outer loop
      vertex 10.5 0.772542 3.37236
      vertex 10.5 0 1.15
      vertex 10.5 0.519779 3.30463
    endloop
  endfacet
  facet normal -1 0 0
    outer loop
      vertex 10.5 0.519779 3.30463
      vertex 10.5 0 1.15
      vertex 10.5 0.261321 3.2637
    endloop
  endfacet
  facet normal -1 0 0
    outer loop
      vertex 10.5 0.261321 3.2637
      vertex 10.5 0 1.15
      vertex 10.5 0.108884 3.25571
    endloop
  endfacet
  facet normal -1 0 0
    outer loop
      vertex 10.5 0 1.15
      vertex 10.5 0 3.25
      vertex 10.5 0.108884 3.25571
    endloop
  endfacet
  facet normal -1 0 0
    outer loop
      vertex 10.5 0 1.15
      vertex 10.5 -0.108884 3.25571
      vertex 10.5 0 3.25
    endloop
  endfacet
  facet normal -1 0 0
    outer loop
      vertex 10.5 0 1.15
      vertex 10.5 -0.261321 3.2637
      vertex 10.5 -0.108884 3.25571
    endloop
  endfacet
  facet normal -1 0 0
    outer loop
      vertex 10.5 0 1.15
      vertex 10.5 -0.519779 3.30463
      vertex 10.5 -0.261321 3.2637
    endloop
  endfacet
  facet normal -1 0 0
    outer loop
      vertex 10.5 0 1.15
      vertex 10.5 -0.772542 3.37236
      vertex 10.5 -0.519779 3.30463
    endloop
  endfacet
  facet normal -1 0 0
    outer loop
      vertex 10.5 0 1.15
      vertex 10.5 -1.01684 3.46614
      vertex 10.5 -0.772542 3.37236
    endloop
  endfacet
  facet normal -1 0 0
    outer loop
      vertex 10.5 0 1.15
      vertex 10.5 -1.25 3.58494
      vertex 10.5 -1.01684 3.46614
    endloop
  endfacet
  facet normal -1 0 0
    outer loop
      vertex 10.5 -3.98372 3.45
      vertex 10.5 -1.25 3.58494
      vertex 10.5 0 1.15
    endloop
  endfacet
  facet normal -1 -0 0
    outer loop
      vertex 10.5 -1.25 3.58494
      vertex 10.5 -3.98372 3.45
      vertex 10.5 -1.46946 3.72746
    endloop
  endfacet
  facet normal -1 -0 0
    outer loop
      vertex 10.5 -1.46946 3.72746
      vertex 10.5 -3.98372 3.45
      vertex 10.5 -1.67283 3.89214
    endloop
  endfacet
  facet normal -1 -0 0
    outer loop
      vertex 10.5 -1.67283 3.89214
      vertex 10.5 -3.98372 3.45
      vertex 10.5 -1.85786 4.07717
    endloop
  endfacet
  facet normal -1 -0 0
    outer loop
      vertex 10.5 -1.85786 4.07717
      vertex 10.5 -3.98372 3.45
      vertex 10.5 -2.02254 4.28054
    endloop
  endfacet
  facet normal -1 -0 0
    outer loop
      vertex 10.5 -2.02254 4.28054
      vertex 10.5 -3.98372 3.45
      vertex 10.5 -2.10568 4.40856
    endloop
  endfacet
  facet normal -1 0 0
    outer loop
      vertex 10.5 -3.98372 3.45
      vertex 10.5 -2.21456 4.59715
      vertex 10.5 -2.16506 4.5
    endloop
  endfacet
  facet normal -1 -0 0
    outer loop
      vertex 10.5 -2.4863 5.48868
      vertex 10.5 -3.98372 3.45
      vertex 10.5 -2.5 5.75
    endloop
  endfacet
  facet normal -1 -0 0
    outer loop
      vertex 10.5 -2.44537 5.23022
      vertex 10.5 -3.98372 3.45
      vertex 10.5 -2.4863 5.48868
    endloop
  endfacet
  facet normal -1 -0 0
    outer loop
      vertex 10.5 -2.37764 4.97746
      vertex 10.5 -3.98372 3.45
      vertex 10.5 -2.44537 5.23022
    endloop
  endfacet
  facet normal -1 -0 0
    outer loop
      vertex 10.5 -2.28386 4.73316
      vertex 10.5 -3.98372 3.45
      vertex 10.5 -2.37764 4.97746
    endloop
  endfacet
  facet normal -1 -0 0
    outer loop
      vertex 10.5 -2.21456 4.59715
      vertex 10.5 -3.98372 3.45
      vertex 10.5 -2.28386 4.73316
    endloop
  endfacet
  facet normal -1 -0 0
    outer loop
      vertex 10.5 -2.10568 4.40856
      vertex 10.5 -3.98372 3.45
      vertex 10.5 -2.16506 4.5
    endloop
  endfacet
  facet normal -1 0 0
    outer loop
      vertex 10.5 2.4863 6.01132
      vertex 10.5 3.98372 8.05
      vertex 10.5 2.5 5.75
    endloop
  endfacet
  facet normal -1 0 0
    outer loop
      vertex 10.5 2.44537 6.26978
      vertex 10.5 3.98372 8.05
      vertex 10.5 2.4863 6.01132
    endloop
  endfacet
  facet normal -1 0 0
    outer loop
      vertex 10.5 2.37764 6.52254
      vertex 10.5 3.98372 8.05
      vertex 10.5 2.44537 6.26978
    endloop
  endfacet
  facet normal -1 0 0
    outer loop
      vertex 10.5 2.28386 6.76684
      vertex 10.5 3.98372 8.05
      vertex 10.5 2.37764 6.52254
    endloop
  endfacet
  facet normal -1 0 0
    outer loop
      vertex 10.5 2.23436 6.86399
      vertex 10.5 3.98372 8.05
      vertex 10.5 2.28386 6.76684
    endloop
  endfacet
  facet normal -1 0 0
    outer loop
      vertex 10.5 2.16506 7
      vertex 10.5 3.98372 8.05
      vertex 10.5 2.23436 6.86399
    endloop
  endfacet
  facet normal -1 0 0
    outer loop
      vertex 10.5 2.08193 7.12802
      vertex 10.5 3.98372 8.05
      vertex 10.5 2.16506 7
    endloop
  endfacet
  facet normal -1 0 0
    outer loop
      vertex 10.5 2.02254 7.21946
      vertex 10.5 3.98372 8.05
      vertex 10.5 2.08193 7.12802
    endloop
  endfacet
  facet normal -1 0 0
    outer loop
      vertex 10.5 1.85786 7.42283
      vertex 10.5 3.98372 8.05
      vertex 10.5 2.02254 7.21946
    endloop
  endfacet
  facet normal -1 0 0
    outer loop
      vertex 10.5 1.67283 7.60786
      vertex 10.5 3.98372 8.05
      vertex 10.5 1.85786 7.42283
    endloop
  endfacet
  facet normal -1 0 0
    outer loop
      vertex 10.5 1.46946 7.77254
      vertex 10.5 3.98372 8.05
      vertex 10.5 1.67283 7.60786
    endloop
  endfacet
  facet normal -1 0 0
    outer loop
      vertex 10.5 1.25 7.91506
      vertex 10.5 3.98372 8.05
      vertex 10.5 1.46946 7.77254
    endloop
  endfacet
  facet normal -1 0 0
    outer loop
      vertex 10.5 0 10.35
      vertex 10.5 1.25 7.91506
      vertex 10.5 1.01684 8.03386
    endloop
  endfacet
  facet normal -1 0 0
    outer loop
      vertex 10.5 0 10.35
      vertex 10.5 1.01684 8.03386
      vertex 10.5 0.772542 8.12764
    endloop
  endfacet
  facet normal -1 0 0
    outer loop
      vertex 10.5 0 10.35
      vertex 10.5 0.772542 8.12764
      vertex 10.5 0.519779 8.19537
    endloop
  endfacet
  facet normal -1 0 0
    outer loop
      vertex 10.5 0 10.35
      vertex 10.5 0.519779 8.19537
      vertex 10.5 0.261321 8.2363
    endloop
  endfacet
  facet normal -1 0 0
    outer loop
      vertex 10.5 0 10.35
      vertex 10.5 0.261321 8.2363
      vertex 10.5 0 8.25
    endloop
  endfacet
  facet normal -1 0 0
    outer loop
      vertex 10.5 1.25 7.91506
      vertex 10.5 0 10.35
      vertex 10.5 3.98372 8.05
    endloop
  endfacet
  facet normal -1 0 0
    outer loop
      vertex 10.5 -0.261321 8.2363
      vertex 10.5 0 10.35
      vertex 10.5 0 8.25
    endloop
  endfacet
  facet normal -1 0 0
    outer loop
      vertex 10.5 -0.519779 8.19537
      vertex 10.5 0 10.35
      vertex 10.5 -0.261321 8.2363
    endloop
  endfacet
  facet normal -1 0 0
    outer loop
      vertex 10.5 -0.772542 8.12764
      vertex 10.5 0 10.35
      vertex 10.5 -0.519779 8.19537
    endloop
  endfacet
  facet normal -1 0 0
    outer loop
      vertex 10.5 -1.01684 8.03386
      vertex 10.5 0 10.35
      vertex 10.5 -0.772542 8.12764
    endloop
  endfacet
  facet normal -1 0 0
    outer loop
      vertex 10.5 -1.25 7.91506
      vertex 10.5 0 10.35
      vertex 10.5 -1.01684 8.03386
    endloop
  endfacet
  facet normal -1 0 0
    outer loop
      vertex 10.5 -3.98372 8.05
      vertex 10.5 -1.25 7.91506
      vertex 10.5 -1.46946 7.77254
    endloop
  endfacet
  facet normal -1 0 0
    outer loop
      vertex 10.5 -3.98372 8.05
      vertex 10.5 -1.46946 7.77254
      vertex 10.5 -1.67283 7.60786
    endloop
  endfacet
  facet normal -1 0 0
    outer loop
      vertex 10.5 -3.98372 8.05
      vertex 10.5 -1.67283 7.60786
      vertex 10.5 -1.85786 7.42283
    endloop
  endfacet
  facet normal -1 0 0
    outer loop
      vertex 10.5 -3.98372 8.05
      vertex 10.5 -1.85786 7.42283
      vertex 10.5 -2.02254 7.21946
    endloop
  endfacet
  facet normal -1 0 0
    outer loop
      vertex 10.5 -3.98372 8.05
      vertex 10.5 -2.02254 7.21946
      vertex 10.5 -2.16506 7
    endloop
  endfacet
  facet normal -1 0 0
    outer loop
      vertex 10.5 -3.98372 8.05
      vertex 10.5 -2.5 5.75
      vertex 10.5 -3.98372 3.45
    endloop
  endfacet
  facet normal -1 0 0
    outer loop
      vertex 10.5 -2.5 5.75
      vertex 10.5 -3.98372 8.05
      vertex 10.5 -2.4863 6.01132
    endloop
  endfacet
  facet normal -1 0 0
    outer loop
      vertex 10.5 -2.4863 6.01132
      vertex 10.5 -3.98372 8.05
      vertex 10.5 -2.44537 6.26978
    endloop
  endfacet
  facet normal -1 0 0
    outer loop
      vertex 10.5 -2.44537 6.26978
      vertex 10.5 -3.98372 8.05
      vertex 10.5 -2.37764 6.52254
    endloop
  endfacet
  facet normal -1 0 0
    outer loop
      vertex 10.5 -2.37764 6.52254
      vertex 10.5 -3.98372 8.05
      vertex 10.5 -2.28386 6.76684
    endloop
  endfacet
  facet normal -1 0 0
    outer loop
      vertex 10.5 -1.25 7.91506
      vertex 10.5 -3.98372 8.05
      vertex 10.5 0 10.35
    endloop
  endfacet
  facet normal -1 0 0
    outer loop
      vertex 10.5 -2.28386 6.76684
      vertex 10.5 -3.98372 8.05
      vertex 10.5 -2.16506 7
    endloop
  endfacet
  facet normal 0 1 -0
    outer loop
      vertex 10.5 -3.98372 3.45
      vertex 6.1 -3.98372 8.05
      vertex 10.5 -3.98372 8.05
    endloop
  endfacet
  facet normal 0 1 0
    outer loop
      vertex 6.1 -3.98372 8.05
      vertex 10.5 -3.98372 3.45
      vertex 6.1 -3.98372 3.45
    endloop
  endfacet
  facet normal 0 0.5 -0.866025
    outer loop
      vertex 6.1 -3.98372 8.05
      vertex 10.5 0 10.35
      vertex 10.5 -3.98372 8.05
    endloop
  endfacet
  facet normal 0 0.5 -0.866025
    outer loop
      vertex 10.5 0 10.35
      vertex 6.1 -3.98372 8.05
      vertex 6.1 0 10.35
    endloop
  endfacet
  facet normal -0.998629 -0.0523375 0
    outer loop
      vertex 2.5 20 0
      vertex 2.4863 20.2613 11.5
      vertex 2.4863 20.2613 0
    endloop
  endfacet
  facet normal -0.998629 -0.0523375 0
    outer loop
      vertex 2.4863 20.2613 11.5
      vertex 2.5 20 0
      vertex 2.5 20 11.5
    endloop
  endfacet
  facet normal 0.0523341 -0.99863 0
    outer loop
      vertex -0.261321 22.4863 0
      vertex 0 22.5 11.5
      vertex -0.261321 22.4863 11.5
    endloop
  endfacet
  facet normal 0.0523341 -0.99863 0
    outer loop
      vertex 0 22.5 11.5
      vertex -0.261321 22.4863 0
      vertex 0 22.5 0
    endloop
  endfacet
  facet normal -0.62932 -0.777146 0
    outer loop
      vertex 1.46946 22.0225 0
      vertex 1.67283 21.8579 11.5
      vertex 1.46946 22.0225 11.5
    endloop
  endfacet
  facet normal -0.62932 -0.777146 -0
    outer loop
      vertex 1.67283 21.8579 11.5
      vertex 1.46946 22.0225 0
      vertex 1.67283 21.8579 0
    endloop
  endfacet
  facet normal 0.777143 -0.629324 0
    outer loop
      vertex -2.02254 21.4695 11.5
      vertex -1.85786 21.6728 0
      vertex -1.85786 21.6728 11.5
    endloop
  endfacet
  facet normal 0.777143 -0.629324 0
    outer loop
      vertex -1.85786 21.6728 0
      vertex -2.02254 21.4695 11.5
      vertex -2.02254 21.4695 0
    endloop
  endfacet
  facet normal 0.453994 -0.891005 0
    outer loop
      vertex -1.25 22.1651 0
      vertex -1.01684 22.2839 11.5
      vertex -1.25 22.1651 11.5
    endloop
  endfacet
  facet normal 0.453994 -0.891005 0
    outer loop
      vertex -1.01684 22.2839 11.5
      vertex -1.25 22.1651 0
      vertex -1.01684 22.2839 0
    endloop
  endfacet
  facet normal 0.93358 0.358368 0
    outer loop
      vertex -2.28386 18.9832 11.5
      vertex -2.37764 19.2275 0
      vertex -2.37764 19.2275 11.5
    endloop
  endfacet
  facet normal 0.93358 0.358368 0
    outer loop
      vertex -2.37764 19.2275 0
      vertex -2.28386 18.9832 11.5
      vertex -2.28386 18.9832 0
    endloop
  endfacet
  facet normal -0.891006 -0.453991 0
    outer loop
      vertex 2.28386 21.0168 0
      vertex 2.16506 21.25 11.5
      vertex 2.16506 21.25 0
    endloop
  endfacet
  facet normal -0.891006 -0.453991 0
    outer loop
      vertex 2.16506 21.25 11.5
      vertex 2.28386 21.0168 0
      vertex 2.28386 21.0168 11.5
    endloop
  endfacet
  facet normal -0.258827 -0.965924 0
    outer loop
      vertex 0.519779 22.4454 0
      vertex 0.772542 22.3776 11.5
      vertex 0.519779 22.4454 11.5
    endloop
  endfacet
  facet normal -0.258827 -0.965924 -0
    outer loop
      vertex 0.772542 22.3776 11.5
      vertex 0.519779 22.4454 0
      vertex 0.772542 22.3776 0
    endloop
  endfacet
  facet normal 0.933581 -0.358366 0
    outer loop
      vertex -2.37764 20.7725 11.5
      vertex -2.28386 21.0168 0
      vertex -2.28386 21.0168 11.5
    endloop
  endfacet
  facet normal 0.933581 -0.358366 0
    outer loop
      vertex -2.28386 21.0168 0
      vertex -2.37764 20.7725 11.5
      vertex -2.37764 20.7725 0
    endloop
  endfacet
  facet normal 0.891006 -0.453991 0
    outer loop
      vertex -2.28386 21.0168 11.5
      vertex -2.16506 21.25 0
      vertex -2.16506 21.25 11.5
    endloop
  endfacet
  facet normal 0.891006 -0.453991 0
    outer loop
      vertex -2.16506 21.25 0
      vertex -2.28386 21.0168 11.5
      vertex -2.28386 21.0168 0
    endloop
  endfacet
  facet normal 0.258827 -0.965924 0
    outer loop
      vertex -0.772542 22.3776 0
      vertex -0.519779 22.4454 11.5
      vertex -0.772542 22.3776 11.5
    endloop
  endfacet
  facet normal 0.258827 -0.965924 0
    outer loop
      vertex -0.519779 22.4454 11.5
      vertex -0.772542 22.3776 0
      vertex -0.519779 22.4454 0
    endloop
  endfacet
  facet normal -0.358371 0.933579 0
    outer loop
      vertex 1.01684 17.7161 0
      vertex 0.772542 17.6224 11.5
      vertex 1.01684 17.7161 11.5
    endloop
  endfacet
  facet normal -0.358371 0.933579 0
    outer loop
      vertex 0.772542 17.6224 11.5
      vertex 1.01684 17.7161 0
      vertex 0.772542 17.6224 0
    endloop
  endfacet
  facet normal -0.777146 0.62932 0
    outer loop
      vertex 1.85786 18.3272 0
      vertex 2.02254 18.5305 11.5
      vertex 2.02254 18.5305 0
    endloop
  endfacet
  facet normal -0.777146 0.62932 0
    outer loop
      vertex 2.02254 18.5305 11.5
      vertex 1.85786 18.3272 0
      vertex 1.85786 18.3272 11.5
    endloop
  endfacet
  facet normal -0.93358 0.358368 0
    outer loop
      vertex 2.28386 18.9832 0
      vertex 2.37764 19.2275 11.5
      vertex 2.37764 19.2275 0
    endloop
  endfacet
  facet normal -0.93358 0.358368 0
    outer loop
      vertex 2.37764 19.2275 11.5
      vertex 2.28386 18.9832 0
      vertex 2.28386 18.9832 11.5
    endloop
  endfacet
  facet normal -0.987688 0.156434 0
    outer loop
      vertex 2.44537 19.4802 0
      vertex 2.4863 19.7387 11.5
      vertex 2.4863 19.7387 0
    endloop
  endfacet
  facet normal -0.987688 0.156434 0
    outer loop
      vertex 2.4863 19.7387 11.5
      vertex 2.44537 19.4802 0
      vertex 2.44537 19.4802 11.5
    endloop
  endfacet
  facet normal 0.156434 0.987688 -0
    outer loop
      vertex -0.261321 17.5137 0
      vertex -0.519779 17.5546 11.5
      vertex -0.261321 17.5137 11.5
    endloop
  endfacet
  facet normal 0.156434 0.987688 0
    outer loop
      vertex -0.519779 17.5546 11.5
      vertex -0.261321 17.5137 0
      vertex -0.519779 17.5546 0
    endloop
  endfacet
  facet normal 0.62932 0.777146 -0
    outer loop
      vertex -1.46946 17.9775 0
      vertex -1.67283 18.1421 11.5
      vertex -1.46946 17.9775 11.5
    endloop
  endfacet
  facet normal 0.62932 0.777146 0
    outer loop
      vertex -1.67283 18.1421 11.5
      vertex -1.46946 17.9775 0
      vertex -1.67283 18.1421 0
    endloop
  endfacet
  facet normal 0.707107 0.707107 0
    outer loop
      vertex -1.67283 18.1421 11.5
      vertex -1.85786 18.3272 0
      vertex -1.85786 18.3272 11.5
    endloop
  endfacet
  facet normal 0.707107 0.707107 0
    outer loop
      vertex -1.85786 18.3272 0
      vertex -1.67283 18.1421 11.5
      vertex -1.67283 18.1421 0
    endloop
  endfacet
  facet normal 0.987688 0.156434 0
    outer loop
      vertex -2.44537 19.4802 11.5
      vertex -2.4863 19.7387 0
      vertex -2.4863 19.7387 11.5
    endloop
  endfacet
  facet normal 0.987688 0.156434 0
    outer loop
      vertex -2.4863 19.7387 0
      vertex -2.44537 19.4802 11.5
      vertex -2.44537 19.4802 0
    endloop
  endfacet
  facet normal -0.965925 -0.258822 0
    outer loop
      vertex 2.44537 20.5198 0
      vertex 2.37764 20.7725 11.5
      vertex 2.37764 20.7725 0
    endloop
  endfacet
  facet normal -0.965925 -0.258822 0
    outer loop
      vertex 2.37764 20.7725 11.5
      vertex 2.44537 20.5198 0
      vertex 2.44537 20.5198 11.5
    endloop
  endfacet
  facet normal -0.987688 -0.156434 0
    outer loop
      vertex 2.4863 20.2613 0
      vertex 2.44537 20.5198 11.5
      vertex 2.44537 20.5198 0
    endloop
  endfacet
  facet normal -0.987688 -0.156434 0
    outer loop
      vertex 2.44537 20.5198 11.5
      vertex 2.4863 20.2613 0
      vertex 2.4863 20.2613 11.5
    endloop
  endfacet
  facet normal -0.933581 -0.358366 0
    outer loop
      vertex 2.37764 20.7725 0
      vertex 2.28386 21.0168 11.5
      vertex 2.28386 21.0168 0
    endloop
  endfacet
  facet normal -0.933581 -0.358366 0
    outer loop
      vertex 2.28386 21.0168 11.5
      vertex 2.37764 20.7725 0
      vertex 2.37764 20.7725 11.5
    endloop
  endfacet
  facet normal -0.777143 -0.629324 0
    outer loop
      vertex 2.02254 21.4695 0
      vertex 1.85786 21.6728 11.5
      vertex 1.85786 21.6728 0
    endloop
  endfacet
  facet normal -0.777143 -0.629324 0
    outer loop
      vertex 1.85786 21.6728 11.5
      vertex 2.02254 21.4695 0
      vertex 2.02254 21.4695 11.5
    endloop
  endfacet
  facet normal -0.707107 -0.707107 0
    outer loop
      vertex 1.85786 21.6728 0
      vertex 1.67283 21.8579 11.5
      vertex 1.67283 21.8579 0
    endloop
  endfacet
  facet normal -0.707107 -0.707107 0
    outer loop
      vertex 1.67283 21.8579 11.5
      vertex 1.85786 21.6728 0
      vertex 1.85786 21.6728 11.5
    endloop
  endfacet
  facet normal -0.838671 -0.544638 0
    outer loop
      vertex 2.16506 21.25 0
      vertex 2.02254 21.4695 11.5
      vertex 2.02254 21.4695 0
    endloop
  endfacet
  facet normal -0.838671 -0.544638 0
    outer loop
      vertex 2.02254 21.4695 11.5
      vertex 2.16506 21.25 0
      vertex 2.16506 21.25 11.5
    endloop
  endfacet
  facet normal -0.0523341 -0.99863 0
    outer loop
      vertex 0 22.5 0
      vertex 0.261321 22.4863 11.5
      vertex 0 22.5 11.5
    endloop
  endfacet
  facet normal -0.0523341 -0.99863 -0
    outer loop
      vertex 0.261321 22.4863 11.5
      vertex 0 22.5 0
      vertex 0.261321 22.4863 0
    endloop
  endfacet
  facet normal -0.453992 -0.891006 0
    outer loop
      vertex 1.01684 22.2839 0
      vertex 1.25 22.1651 11.5
      vertex 1.01684 22.2839 11.5
    endloop
  endfacet
  facet normal -0.453992 -0.891006 -0
    outer loop
      vertex 1.25 22.1651 11.5
      vertex 1.01684 22.2839 0
      vertex 1.25 22.1651 0
    endloop
  endfacet
  facet normal -0.358365 -0.933582 0
    outer loop
      vertex 0.772542 22.3776 0
      vertex 1.01684 22.2839 11.5
      vertex 0.772542 22.3776 11.5
    endloop
  endfacet
  facet normal -0.358365 -0.933582 -0
    outer loop
      vertex 1.01684 22.2839 11.5
      vertex 0.772542 22.3776 0
      vertex 1.01684 22.2839 0
    endloop
  endfacet
  facet normal -0.54464 -0.83867 0
    outer loop
      vertex 1.25 22.1651 0
      vertex 1.46946 22.0225 11.5
      vertex 1.25 22.1651 11.5
    endloop
  endfacet
  facet normal -0.54464 -0.83867 -0
    outer loop
      vertex 1.46946 22.0225 11.5
      vertex 1.25 22.1651 0
      vertex 1.46946 22.0225 0
    endloop
  endfacet
  facet normal 0.965925 -0.258822 0
    outer loop
      vertex -2.44537 20.5198 11.5
      vertex -2.37764 20.7725 0
      vertex -2.37764 20.7725 11.5
    endloop
  endfacet
  facet normal 0.965925 -0.258822 0
    outer loop
      vertex -2.37764 20.7725 0
      vertex -2.44537 20.5198 11.5
      vertex -2.44537 20.5198 0
    endloop
  endfacet
  facet normal 0.998629 -0.0523375 0
    outer loop
      vertex -2.5 20 11.5
      vertex -2.4863 20.2613 0
      vertex -2.4863 20.2613 11.5
    endloop
  endfacet
  facet normal 0.998629 -0.0523375 0
    outer loop
      vertex -2.4863 20.2613 0
      vertex -2.5 20 11.5
      vertex -2.5 20 0
    endloop
  endfacet
  facet normal 0.998629 0.0523375 0
    outer loop
      vertex -2.4863 19.7387 11.5
      vertex -2.5 20 0
      vertex -2.5 20 11.5
    endloop
  endfacet
  facet normal 0.998629 0.0523375 0
    outer loop
      vertex -2.5 20 0
      vertex -2.4863 19.7387 11.5
      vertex -2.4863 19.7387 0
    endloop
  endfacet
  facet normal 0.62932 -0.777146 0
    outer loop
      vertex -1.67283 21.8579 0
      vertex -1.46946 22.0225 11.5
      vertex -1.67283 21.8579 11.5
    endloop
  endfacet
  facet normal 0.62932 -0.777146 0
    outer loop
      vertex -1.46946 22.0225 11.5
      vertex -1.67283 21.8579 0
      vertex -1.46946 22.0225 0
    endloop
  endfacet
  facet normal 0.707107 -0.707107 0
    outer loop
      vertex -1.85786 21.6728 11.5
      vertex -1.67283 21.8579 0
      vertex -1.67283 21.8579 11.5
    endloop
  endfacet
  facet normal 0.707107 -0.707107 0
    outer loop
      vertex -1.67283 21.8579 0
      vertex -1.85786 21.6728 11.5
      vertex -1.85786 21.6728 0
    endloop
  endfacet
  facet normal 0.358365 -0.933582 0
    outer loop
      vertex -1.01684 22.2839 0
      vertex -0.772542 22.3776 11.5
      vertex -1.01684 22.2839 11.5
    endloop
  endfacet
  facet normal 0.358365 -0.933582 0
    outer loop
      vertex -0.772542 22.3776 11.5
      vertex -1.01684 22.2839 0
      vertex -0.772542 22.3776 0
    endloop
  endfacet
  facet normal 0.156434 -0.987688 0
    outer loop
      vertex -0.519779 22.4454 0
      vertex -0.261321 22.4863 11.5
      vertex -0.519779 22.4454 11.5
    endloop
  endfacet
  facet normal 0.156434 -0.987688 0
    outer loop
      vertex -0.261321 22.4863 11.5
      vertex -0.519779 22.4454 0
      vertex -0.261321 22.4863 0
    endloop
  endfacet
  facet normal -0.156434 0.987688 0
    outer loop
      vertex 0.519779 17.5546 0
      vertex 0.261321 17.5137 11.5
      vertex 0.519779 17.5546 11.5
    endloop
  endfacet
  facet normal -0.156434 0.987688 0
    outer loop
      vertex 0.261321 17.5137 11.5
      vertex 0.519779 17.5546 0
      vertex 0.261321 17.5137 0
    endloop
  endfacet
  facet normal -0.54464 0.83867 0
    outer loop
      vertex 1.46946 17.9775 0
      vertex 1.25 17.8349 11.5
      vertex 1.46946 17.9775 11.5
    endloop
  endfacet
  facet normal -0.54464 0.83867 0
    outer loop
      vertex 1.25 17.8349 11.5
      vertex 1.46946 17.9775 0
      vertex 1.25 17.8349 0
    endloop
  endfacet
  facet normal -0.707107 0.707107 0
    outer loop
      vertex 1.67283 18.1421 0
      vertex 1.85786 18.3272 11.5
      vertex 1.85786 18.3272 0
    endloop
  endfacet
  facet normal -0.707107 0.707107 0
    outer loop
      vertex 1.85786 18.3272 11.5
      vertex 1.67283 18.1421 0
      vertex 1.67283 18.1421 11.5
    endloop
  endfacet
  facet normal -0.62932 0.777146 0
    outer loop
      vertex 1.67283 18.1421 0
      vertex 1.46946 17.9775 11.5
      vertex 1.67283 18.1421 11.5
    endloop
  endfacet
  facet normal -0.62932 0.777146 0
    outer loop
      vertex 1.46946 17.9775 11.5
      vertex 1.67283 18.1421 0
      vertex 1.46946 17.9775 0
    endloop
  endfacet
  facet normal -0.838671 0.544638 0
    outer loop
      vertex 2.02254 18.5305 0
      vertex 2.16506 18.75 11.5
      vertex 2.16506 18.75 0
    endloop
  endfacet
  facet normal -0.838671 0.544638 0
    outer loop
      vertex 2.16506 18.75 11.5
      vertex 2.02254 18.5305 0
      vertex 2.02254 18.5305 11.5
    endloop
  endfacet
  facet normal -0.891006 0.453991 0
    outer loop
      vertex 2.16506 18.75 0
      vertex 2.28386 18.9832 11.5
      vertex 2.28386 18.9832 0
    endloop
  endfacet
  facet normal -0.891006 0.453991 0
    outer loop
      vertex 2.28386 18.9832 11.5
      vertex 2.16506 18.75 0
      vertex 2.16506 18.75 11.5
    endloop
  endfacet
  facet normal 0.54464 0.83867 -0
    outer loop
      vertex -1.25 17.8349 0
      vertex -1.46946 17.9775 11.5
      vertex -1.25 17.8349 11.5
    endloop
  endfacet
  facet normal 0.54464 0.83867 0
    outer loop
      vertex -1.46946 17.9775 11.5
      vertex -1.25 17.8349 0
      vertex -1.46946 17.9775 0
    endloop
  endfacet
  facet normal 0.453987 0.891008 -0
    outer loop
      vertex -1.01684 17.7161 0
      vertex -1.25 17.8349 11.5
      vertex -1.01684 17.7161 11.5
    endloop
  endfacet
  facet normal 0.453987 0.891008 0
    outer loop
      vertex -1.25 17.8349 11.5
      vertex -1.01684 17.7161 0
      vertex -1.25 17.8349 0
    endloop
  endfacet
  facet normal 0.358371 0.933579 -0
    outer loop
      vertex -0.772542 17.6224 0
      vertex -1.01684 17.7161 11.5
      vertex -0.772542 17.6224 11.5
    endloop
  endfacet
  facet normal 0.358371 0.933579 0
    outer loop
      vertex -1.01684 17.7161 11.5
      vertex -0.772542 17.6224 0
      vertex -1.01684 17.7161 0
    endloop
  endfacet
  facet normal 0.0523341 0.99863 -0
    outer loop
      vertex 0 17.5 0
      vertex -0.261321 17.5137 11.5
      vertex 0 17.5 11.5
    endloop
  endfacet
  facet normal 0.0523341 0.99863 0
    outer loop
      vertex -0.261321 17.5137 11.5
      vertex 0 17.5 0
      vertex -0.261321 17.5137 0
    endloop
  endfacet
  facet normal 0.838671 0.544638 0
    outer loop
      vertex -2.02254 18.5305 11.5
      vertex -2.16506 18.75 0
      vertex -2.16506 18.75 11.5
    endloop
  endfacet
  facet normal 0.838671 0.544638 0
    outer loop
      vertex -2.16506 18.75 0
      vertex -2.02254 18.5305 11.5
      vertex -2.02254 18.5305 0
    endloop
  endfacet
  facet normal -0.156434 -0.987688 0
    outer loop
      vertex 0.261321 22.4863 0
      vertex 0.519779 22.4454 11.5
      vertex 0.261321 22.4863 11.5
    endloop
  endfacet
  facet normal -0.156434 -0.987688 -0
    outer loop
      vertex 0.519779 22.4454 11.5
      vertex 0.261321 22.4863 0
      vertex 0.519779 22.4454 0
    endloop
  endfacet
  facet normal 0.838671 -0.544638 0
    outer loop
      vertex -2.16506 21.25 11.5
      vertex -2.02254 21.4695 0
      vertex -2.02254 21.4695 11.5
    endloop
  endfacet
  facet normal 0.838671 -0.544638 0
    outer loop
      vertex -2.02254 21.4695 0
      vertex -2.16506 21.25 11.5
      vertex -2.16506 21.25 0
    endloop
  endfacet
  facet normal 0.987688 -0.156434 0
    outer loop
      vertex -2.4863 20.2613 11.5
      vertex -2.44537 20.5198 0
      vertex -2.44537 20.5198 11.5
    endloop
  endfacet
  facet normal 0.987688 -0.156434 0
    outer loop
      vertex -2.44537 20.5198 0
      vertex -2.4863 20.2613 11.5
      vertex -2.4863 20.2613 0
    endloop
  endfacet
  facet normal 0.544638 -0.838671 0
    outer loop
      vertex -1.46946 22.0225 0
      vertex -1.25 22.1651 11.5
      vertex -1.46946 22.0225 11.5
    endloop
  endfacet
  facet normal 0.544638 -0.838671 0
    outer loop
      vertex -1.25 22.1651 11.5
      vertex -1.46946 22.0225 0
      vertex -1.25 22.1651 0
    endloop
  endfacet
  facet normal -0.998629 0.0523375 0
    outer loop
      vertex 2.4863 19.7387 0
      vertex 2.5 20 11.5
      vertex 2.5 20 0
    endloop
  endfacet
  facet normal -0.998629 0.0523375 0
    outer loop
      vertex 2.5 20 11.5
      vertex 2.4863 19.7387 0
      vertex 2.4863 19.7387 11.5
    endloop
  endfacet
  facet normal -0.258821 0.965925 0
    outer loop
      vertex 0.772542 17.6224 0
      vertex 0.519779 17.5546 11.5
      vertex 0.772542 17.6224 11.5
    endloop
  endfacet
  facet normal -0.258821 0.965925 0
    outer loop
      vertex 0.519779 17.5546 11.5
      vertex 0.772542 17.6224 0
      vertex 0.519779 17.5546 0
    endloop
  endfacet
  facet normal -0.453987 0.891008 0
    outer loop
      vertex 1.25 17.8349 0
      vertex 1.01684 17.7161 11.5
      vertex 1.25 17.8349 11.5
    endloop
  endfacet
  facet normal -0.453987 0.891008 0
    outer loop
      vertex 1.01684 17.7161 11.5
      vertex 1.25 17.8349 0
      vertex 1.01684 17.7161 0
    endloop
  endfacet
  facet normal -0.965926 0.25882 0
    outer loop
      vertex 2.37764 19.2275 0
      vertex 2.44537 19.4802 11.5
      vertex 2.44537 19.4802 0
    endloop
  endfacet
  facet normal -0.965926 0.25882 0
    outer loop
      vertex 2.44537 19.4802 11.5
      vertex 2.37764 19.2275 0
      vertex 2.37764 19.2275 11.5
    endloop
  endfacet
  facet normal 0.258821 0.965925 -0
    outer loop
      vertex -0.519779 17.5546 0
      vertex -0.772542 17.6224 11.5
      vertex -0.519779 17.5546 11.5
    endloop
  endfacet
  facet normal 0.258821 0.965925 0
    outer loop
      vertex -0.772542 17.6224 11.5
      vertex -0.519779 17.5546 0
      vertex -0.772542 17.6224 0
    endloop
  endfacet
  facet normal -0.0523341 0.99863 0
    outer loop
      vertex 0.261321 17.5137 0
      vertex 0 17.5 11.5
      vertex 0.261321 17.5137 11.5
    endloop
  endfacet
  facet normal -0.0523341 0.99863 0
    outer loop
      vertex 0 17.5 11.5
      vertex 0.261321 17.5137 0
      vertex 0 17.5 0
    endloop
  endfacet
  facet normal 0.777146 0.62932 0
    outer loop
      vertex -1.85786 18.3272 11.5
      vertex -2.02254 18.5305 0
      vertex -2.02254 18.5305 11.5
    endloop
  endfacet
  facet normal 0.777146 0.62932 0
    outer loop
      vertex -2.02254 18.5305 0
      vertex -1.85786 18.3272 11.5
      vertex -1.85786 18.3272 0
    endloop
  endfacet
  facet normal 0.891006 0.453991 0
    outer loop
      vertex -2.16506 18.75 11.5
      vertex -2.28386 18.9832 0
      vertex -2.28386 18.9832 11.5
    endloop
  endfacet
  facet normal 0.891006 0.453991 0
    outer loop
      vertex -2.28386 18.9832 0
      vertex -2.16506 18.75 11.5
      vertex -2.16506 18.75 0
    endloop
  endfacet
  facet normal 0.965926 0.25882 0
    outer loop
      vertex -2.37764 19.2275 11.5
      vertex -2.44537 19.4802 0
      vertex -2.44537 19.4802 11.5
    endloop
  endfacet
  facet normal 0.965926 0.25882 0
    outer loop
      vertex -2.44537 19.4802 0
      vertex -2.37764 19.2275 11.5
      vertex -2.37764 19.2275 0
    endloop
  endfacet
  facet normal -0.998629 -0.0523375 0
    outer loop
      vertex 2.5 -20 0
      vertex 2.4863 -19.7387 11.5
      vertex 2.4863 -19.7387 0
    endloop
  endfacet
  facet normal -0.998629 -0.0523375 0
    outer loop
      vertex 2.4863 -19.7387 11.5
      vertex 2.5 -20 0
      vertex 2.5 -20 11.5
    endloop
  endfacet
  facet normal 0.998629 -0.0523375 0
    outer loop
      vertex -2.5 -20 11.5
      vertex -2.4863 -19.7387 0
      vertex -2.4863 -19.7387 11.5
    endloop
  endfacet
  facet normal 0.998629 -0.0523375 0
    outer loop
      vertex -2.4863 -19.7387 0
      vertex -2.5 -20 11.5
      vertex -2.5 -20 0
    endloop
  endfacet
  facet normal 0.0523341 -0.99863 0
    outer loop
      vertex -0.261321 -17.5137 0
      vertex 0 -17.5 11.5
      vertex -0.261321 -17.5137 11.5
    endloop
  endfacet
  facet normal 0.0523341 -0.99863 0
    outer loop
      vertex 0 -17.5 11.5
      vertex -0.261321 -17.5137 0
      vertex 0 -17.5 0
    endloop
  endfacet
  facet normal 0.0523341 0.99863 -0
    outer loop
      vertex 0 -22.5 0
      vertex -0.261321 -22.4863 11.5
      vertex 0 -22.5 11.5
    endloop
  endfacet
  facet normal 0.0523341 0.99863 0
    outer loop
      vertex -0.261321 -22.4863 11.5
      vertex 0 -22.5 0
      vertex -0.261321 -22.4863 0
    endloop
  endfacet
  facet normal -0.62932 -0.777146 0
    outer loop
      vertex 1.46946 -17.9775 0
      vertex 1.67283 -18.1421 11.5
      vertex 1.46946 -17.9775 11.5
    endloop
  endfacet
  facet normal -0.62932 -0.777146 -0
    outer loop
      vertex 1.67283 -18.1421 11.5
      vertex 1.46946 -17.9775 0
      vertex 1.67283 -18.1421 0
    endloop
  endfacet
  facet normal 0.707107 -0.707107 0
    outer loop
      vertex -1.85786 -18.3272 11.5
      vertex -1.67283 -18.1421 0
      vertex -1.67283 -18.1421 11.5
    endloop
  endfacet
  facet normal 0.707107 -0.707107 0
    outer loop
      vertex -1.67283 -18.1421 0
      vertex -1.85786 -18.3272 11.5
      vertex -1.85786 -18.3272 0
    endloop
  endfacet
  facet normal 0.358371 -0.933579 0
    outer loop
      vertex -1.01684 -17.7161 0
      vertex -0.772542 -17.6224 11.5
      vertex -1.01684 -17.7161 11.5
    endloop
  endfacet
  facet normal 0.358371 -0.933579 0
    outer loop
      vertex -0.772542 -17.6224 11.5
      vertex -1.01684 -17.7161 0
      vertex -0.772542 -17.6224 0
    endloop
  endfacet
  facet normal 0.965925 0.258822 0
    outer loop
      vertex -2.37764 -20.7725 11.5
      vertex -2.44537 -20.5198 0
      vertex -2.44537 -20.5198 11.5
    endloop
  endfacet
  facet normal 0.965925 0.258822 0
    outer loop
      vertex -2.44537 -20.5198 0
      vertex -2.37764 -20.7725 11.5
      vertex -2.37764 -20.7725 0
    endloop
  endfacet
  facet normal -0.891006 -0.453991 0
    outer loop
      vertex 2.28386 -18.9832 0
      vertex 2.16506 -18.75 11.5
      vertex 2.16506 -18.75 0
    endloop
  endfacet
  facet normal -0.891006 -0.453991 0
    outer loop
      vertex 2.16506 -18.75 11.5
      vertex 2.28386 -18.9832 0
      vertex 2.28386 -18.9832 11.5
    endloop
  endfacet
  facet normal -0.258821 -0.965925 0
    outer loop
      vertex 0.519779 -17.5546 0
      vertex 0.772542 -17.6224 11.5
      vertex 0.519779 -17.5546 11.5
    endloop
  endfacet
  facet normal -0.258821 -0.965925 -0
    outer loop
      vertex 0.772542 -17.6224 11.5
      vertex 0.519779 -17.5546 0
      vertex 0.772542 -17.6224 0
    endloop
  endfacet
  facet normal -0.156434 -0.987688 0
    outer loop
      vertex 0.261321 -17.5137 0
      vertex 0.519779 -17.5546 11.5
      vertex 0.261321 -17.5137 11.5
    endloop
  endfacet
  facet normal -0.156434 -0.987688 -0
    outer loop
      vertex 0.519779 -17.5546 11.5
      vertex 0.261321 -17.5137 0
      vertex 0.519779 -17.5546 0
    endloop
  endfacet
  facet normal 0.891006 -0.453991 0
    outer loop
      vertex -2.28386 -18.9832 11.5
      vertex -2.16506 -18.75 0
      vertex -2.16506 -18.75 11.5
    endloop
  endfacet
  facet normal 0.891006 -0.453991 0
    outer loop
      vertex -2.16506 -18.75 0
      vertex -2.28386 -18.9832 11.5
      vertex -2.28386 -18.9832 0
    endloop
  endfacet
  facet normal 0.838671 -0.544638 0
    outer loop
      vertex -2.16506 -18.75 11.5
      vertex -2.02254 -18.5305 0
      vertex -2.02254 -18.5305 11.5
    endloop
  endfacet
  facet normal 0.838671 -0.544638 0
    outer loop
      vertex -2.02254 -18.5305 0
      vertex -2.16506 -18.75 11.5
      vertex -2.16506 -18.75 0
    endloop
  endfacet
  facet normal 0.965926 -0.25882 0
    outer loop
      vertex -2.44537 -19.4802 11.5
      vertex -2.37764 -19.2275 0
      vertex -2.37764 -19.2275 11.5
    endloop
  endfacet
  facet normal 0.965926 -0.25882 0
    outer loop
      vertex -2.37764 -19.2275 0
      vertex -2.44537 -19.4802 11.5
      vertex -2.44537 -19.4802 0
    endloop
  endfacet
  facet normal 0.156434 -0.987688 0
    outer loop
      vertex -0.519779 -17.5546 0
      vertex -0.261321 -17.5137 11.5
      vertex -0.519779 -17.5546 11.5
    endloop
  endfacet
  facet normal 0.156434 -0.987688 0
    outer loop
      vertex -0.261321 -17.5137 11.5
      vertex -0.519779 -17.5546 0
      vertex -0.261321 -17.5137 0
    endloop
  endfacet
  facet normal -0.891006 0.453991 0
    outer loop
      vertex 2.16506 -21.25 0
      vertex 2.28386 -21.0168 11.5
      vertex 2.28386 -21.0168 0
    endloop
  endfacet
  facet normal -0.891006 0.453991 0
    outer loop
      vertex 2.28386 -21.0168 11.5
      vertex 2.16506 -21.25 0
      vertex 2.16506 -21.25 11.5
    endloop
  endfacet
  facet normal -0.258827 0.965924 0
    outer loop
      vertex 0.772542 -22.3776 0
      vertex 0.519779 -22.4454 11.5
      vertex 0.772542 -22.3776 11.5
    endloop
  endfacet
  facet normal -0.258827 0.965924 0
    outer loop
      vertex 0.519779 -22.4454 11.5
      vertex 0.772542 -22.3776 0
      vertex 0.519779 -22.4454 0
    endloop
  endfacet
  facet normal -0.707107 0.707107 0
    outer loop
      vertex 1.67283 -21.8579 0
      vertex 1.85786 -21.6728 11.5
      vertex 1.85786 -21.6728 0
    endloop
  endfacet
  facet normal -0.707107 0.707107 0
    outer loop
      vertex 1.85786 -21.6728 11.5
      vertex 1.67283 -21.8579 0
      vertex 1.67283 -21.8579 11.5
    endloop
  endfacet
  facet normal -0.965925 0.258822 0
    outer loop
      vertex 2.37764 -20.7725 0
      vertex 2.44537 -20.5198 11.5
      vertex 2.44537 -20.5198 0
    endloop
  endfacet
  facet normal -0.965925 0.258822 0
    outer loop
      vertex 2.44537 -20.5198 11.5
      vertex 2.37764 -20.7725 0
      vertex 2.37764 -20.7725 11.5
    endloop
  endfacet
  facet normal 0.358365 0.933582 -0
    outer loop
      vertex -0.772542 -22.3776 0
      vertex -1.01684 -22.2839 11.5
      vertex -0.772542 -22.3776 11.5
    endloop
  endfacet
  facet normal 0.358365 0.933582 0
    outer loop
      vertex -1.01684 -22.2839 11.5
      vertex -0.772542 -22.3776 0
      vertex -1.01684 -22.2839 0
    endloop
  endfacet
  facet normal 0.891006 0.453991 0
    outer loop
      vertex -2.16506 -21.25 11.5
      vertex -2.28386 -21.0168 0
      vertex -2.28386 -21.0168 11.5
    endloop
  endfacet
  facet normal 0.891006 0.453991 0
    outer loop
      vertex -2.28386 -21.0168 0
      vertex -2.16506 -21.25 11.5
      vertex -2.16506 -21.25 0
    endloop
  endfacet
  facet normal 0.838671 0.544638 0
    outer loop
      vertex -2.02254 -21.4695 11.5
      vertex -2.16506 -21.25 0
      vertex -2.16506 -21.25 11.5
    endloop
  endfacet
  facet normal 0.838671 0.544638 0
    outer loop
      vertex -2.16506 -21.25 0
      vertex -2.02254 -21.4695 11.5
      vertex -2.02254 -21.4695 0
    endloop
  endfacet
  facet normal 0.998629 0.0523375 0
    outer loop
      vertex -2.4863 -20.2613 11.5
      vertex -2.5 -20 0
      vertex -2.5 -20 11.5
    endloop
  endfacet
  facet normal 0.998629 0.0523375 0
    outer loop
      vertex -2.5 -20 0
      vertex -2.4863 -20.2613 11.5
      vertex -2.4863 -20.2613 0
    endloop
  endfacet
  facet normal -0.965926 -0.25882 0
    outer loop
      vertex 2.44537 -19.4802 0
      vertex 2.37764 -19.2275 11.5
      vertex 2.37764 -19.2275 0
    endloop
  endfacet
  facet normal -0.965926 -0.25882 0
    outer loop
      vertex 2.37764 -19.2275 11.5
      vertex 2.44537 -19.4802 0
      vertex 2.44537 -19.4802 11.5
    endloop
  endfacet
  facet normal -0.987688 -0.156434 0
    outer loop
      vertex 2.4863 -19.7387 0
      vertex 2.44537 -19.4802 11.5
      vertex 2.44537 -19.4802 0
    endloop
  endfacet
  facet normal -0.987688 -0.156434 0
    outer loop
      vertex 2.44537 -19.4802 11.5
      vertex 2.4863 -19.7387 0
      vertex 2.4863 -19.7387 11.5
    endloop
  endfacet
  facet normal -0.93358 -0.358368 0
    outer loop
      vertex 2.37764 -19.2275 0
      vertex 2.28386 -18.9832 11.5
      vertex 2.28386 -18.9832 0
    endloop
  endfacet
  facet normal -0.93358 -0.358368 0
    outer loop
      vertex 2.28386 -18.9832 11.5
      vertex 2.37764 -19.2275 0
      vertex 2.37764 -19.2275 11.5
    endloop
  endfacet
  facet normal -0.777146 -0.62932 0
    outer loop
      vertex 2.02254 -18.5305 0
      vertex 1.85786 -18.3272 11.5
      vertex 1.85786 -18.3272 0
    endloop
  endfacet
  facet normal -0.777146 -0.62932 0
    outer loop
      vertex 1.85786 -18.3272 11.5
      vertex 2.02254 -18.5305 0
      vertex 2.02254 -18.5305 11.5
    endloop
  endfacet
  facet normal -0.838671 -0.544638 0
    outer loop
      vertex 2.16506 -18.75 0
      vertex 2.02254 -18.5305 11.5
      vertex 2.02254 -18.5305 0
    endloop
  endfacet
  facet normal -0.838671 -0.544638 0
    outer loop
      vertex 2.02254 -18.5305 11.5
      vertex 2.16506 -18.75 0
      vertex 2.16506 -18.75 11.5
    endloop
  endfacet
  facet normal -0.0523341 -0.99863 0
    outer loop
      vertex 0 -17.5 0
      vertex 0.261321 -17.5137 11.5
      vertex 0 -17.5 11.5
    endloop
  endfacet
  facet normal -0.0523341 -0.99863 -0
    outer loop
      vertex 0.261321 -17.5137 11.5
      vertex 0 -17.5 0
      vertex 0.261321 -17.5137 0
    endloop
  endfacet
  facet normal -0.453987 -0.891008 0
    outer loop
      vertex 1.01684 -17.7161 0
      vertex 1.25 -17.8349 11.5
      vertex 1.01684 -17.7161 11.5
    endloop
  endfacet
  facet normal -0.453987 -0.891008 -0
    outer loop
      vertex 1.25 -17.8349 11.5
      vertex 1.01684 -17.7161 0
      vertex 1.25 -17.8349 0
    endloop
  endfacet
  facet normal -0.358371 -0.933579 0
    outer loop
      vertex 0.772542 -17.6224 0
      vertex 1.01684 -17.7161 11.5
      vertex 0.772542 -17.6224 11.5
    endloop
  endfacet
  facet normal -0.358371 -0.933579 -0
    outer loop
      vertex 1.01684 -17.7161 11.5
      vertex 0.772542 -17.6224 0
      vertex 1.01684 -17.7161 0
    endloop
  endfacet
  facet normal -0.54464 -0.83867 0
    outer loop
      vertex 1.25 -17.8349 0
      vertex 1.46946 -17.9775 11.5
      vertex 1.25 -17.8349 11.5
    endloop
  endfacet
  facet normal -0.54464 -0.83867 -0
    outer loop
      vertex 1.46946 -17.9775 11.5
      vertex 1.25 -17.8349 0
      vertex 1.46946 -17.9775 0
    endloop
  endfacet
  facet normal 0.777146 -0.62932 0
    outer loop
      vertex -2.02254 -18.5305 11.5
      vertex -1.85786 -18.3272 0
      vertex -1.85786 -18.3272 11.5
    endloop
  endfacet
  facet normal 0.777146 -0.62932 0
    outer loop
      vertex -1.85786 -18.3272 0
      vertex -2.02254 -18.5305 11.5
      vertex -2.02254 -18.5305 0
    endloop
  endfacet
  facet normal 0.93358 -0.358368 0
    outer loop
      vertex -2.37764 -19.2275 11.5
      vertex -2.28386 -18.9832 0
      vertex -2.28386 -18.9832 11.5
    endloop
  endfacet
  facet normal 0.93358 -0.358368 0
    outer loop
      vertex -2.28386 -18.9832 0
      vertex -2.37764 -19.2275 11.5
      vertex -2.37764 -19.2275 0
    endloop
  endfacet
  facet normal 0.987688 -0.156434 0
    outer loop
      vertex -2.4863 -19.7387 11.5
      vertex -2.44537 -19.4802 0
      vertex -2.44537 -19.4802 11.5
    endloop
  endfacet
  facet normal 0.987688 -0.156434 0
    outer loop
      vertex -2.44537 -19.4802 0
      vertex -2.4863 -19.7387 11.5
      vertex -2.4863 -19.7387 0
    endloop
  endfacet
  facet normal 0.453988 -0.891008 0
    outer loop
      vertex -1.25 -17.8349 0
      vertex -1.01684 -17.7161 11.5
      vertex -1.25 -17.8349 11.5
    endloop
  endfacet
  facet normal 0.453988 -0.891008 0
    outer loop
      vertex -1.01684 -17.7161 11.5
      vertex -1.25 -17.8349 0
      vertex -1.01684 -17.7161 0
    endloop
  endfacet
  facet normal 0.544638 -0.838671 0
    outer loop
      vertex -1.46946 -17.9775 0
      vertex -1.25 -17.8349 11.5
      vertex -1.46946 -17.9775 11.5
    endloop
  endfacet
  facet normal 0.544638 -0.838671 0
    outer loop
      vertex -1.25 -17.8349 11.5
      vertex -1.46946 -17.9775 0
      vertex -1.25 -17.8349 0
    endloop
  endfacet
  facet normal 0.62932 -0.777146 0
    outer loop
      vertex -1.67283 -18.1421 0
      vertex -1.46946 -17.9775 11.5
      vertex -1.67283 -18.1421 11.5
    endloop
  endfacet
  facet normal 0.62932 -0.777146 0
    outer loop
      vertex -1.46946 -17.9775 11.5
      vertex -1.67283 -18.1421 0
      vertex -1.46946 -17.9775 0
    endloop
  endfacet
  facet normal -0.998629 0.0523375 0
    outer loop
      vertex 2.4863 -20.2613 0
      vertex 2.5 -20 11.5
      vertex 2.5 -20 0
    endloop
  endfacet
  facet normal -0.998629 0.0523375 0
    outer loop
      vertex 2.5 -20 11.5
      vertex 2.4863 -20.2613 0
      vertex 2.4863 -20.2613 11.5
    endloop
  endfacet
  facet normal -0.0523341 0.99863 0
    outer loop
      vertex 0.261321 -22.4863 0
      vertex 0 -22.5 11.5
      vertex 0.261321 -22.4863 11.5
    endloop
  endfacet
  facet normal -0.0523341 0.99863 0
    outer loop
      vertex 0 -22.5 11.5
      vertex 0.261321 -22.4863 0
      vertex 0 -22.5 0
    endloop
  endfacet
  facet normal -0.453992 0.891006 0
    outer loop
      vertex 1.25 -22.1651 0
      vertex 1.01684 -22.2839 11.5
      vertex 1.25 -22.1651 11.5
    endloop
  endfacet
  facet normal -0.453992 0.891006 0
    outer loop
      vertex 1.01684 -22.2839 11.5
      vertex 1.25 -22.1651 0
      vertex 1.01684 -22.2839 0
    endloop
  endfacet
  facet normal -0.62932 0.777146 0
    outer loop
      vertex 1.67283 -21.8579 0
      vertex 1.46946 -22.0225 11.5
      vertex 1.67283 -21.8579 11.5
    endloop
  endfacet
  facet normal -0.62932 0.777146 0
    outer loop
      vertex 1.46946 -22.0225 11.5
      vertex 1.67283 -21.8579 0
      vertex 1.46946 -22.0225 0
    endloop
  endfacet
  facet normal -0.777143 0.629324 0
    outer loop
      vertex 1.85786 -21.6728 0
      vertex 2.02254 -21.4695 11.5
      vertex 2.02254 -21.4695 0
    endloop
  endfacet
  facet normal -0.777143 0.629324 0
    outer loop
      vertex 2.02254 -21.4695 11.5
      vertex 1.85786 -21.6728 0
      vertex 1.85786 -21.6728 11.5
    endloop
  endfacet
  facet normal -0.838671 0.544638 0
    outer loop
      vertex 2.02254 -21.4695 0
      vertex 2.16506 -21.25 11.5
      vertex 2.16506 -21.25 0
    endloop
  endfacet
  facet normal -0.838671 0.544638 0
    outer loop
      vertex 2.16506 -21.25 11.5
      vertex 2.02254 -21.4695 0
      vertex 2.02254 -21.4695 11.5
    endloop
  endfacet
  facet normal 0.707107 0.707107 0
    outer loop
      vertex -1.67283 -21.8579 11.5
      vertex -1.85786 -21.6728 0
      vertex -1.85786 -21.6728 11.5
    endloop
  endfacet
  facet normal 0.707107 0.707107 0
    outer loop
      vertex -1.85786 -21.6728 0
      vertex -1.67283 -21.8579 11.5
      vertex -1.67283 -21.8579 0
    endloop
  endfacet
  facet normal 0.62932 0.777146 -0
    outer loop
      vertex -1.46946 -22.0225 0
      vertex -1.67283 -21.8579 11.5
      vertex -1.46946 -22.0225 11.5
    endloop
  endfacet
  facet normal 0.62932 0.777146 0
    outer loop
      vertex -1.67283 -21.8579 11.5
      vertex -1.46946 -22.0225 0
      vertex -1.67283 -21.8579 0
    endloop
  endfacet
  facet normal 0.54464 0.83867 -0
    outer loop
      vertex -1.25 -22.1651 0
      vertex -1.46946 -22.0225 11.5
      vertex -1.25 -22.1651 11.5
    endloop
  endfacet
  facet normal 0.54464 0.83867 0
    outer loop
      vertex -1.46946 -22.0225 11.5
      vertex -1.25 -22.1651 0
      vertex -1.46946 -22.0225 0
    endloop
  endfacet
  facet normal 0.156434 0.987688 -0
    outer loop
      vertex -0.261321 -22.4863 0
      vertex -0.519779 -22.4454 11.5
      vertex -0.261321 -22.4863 11.5
    endloop
  endfacet
  facet normal 0.156434 0.987688 0
    outer loop
      vertex -0.519779 -22.4454 11.5
      vertex -0.261321 -22.4863 0
      vertex -0.519779 -22.4454 0
    endloop
  endfacet
  facet normal 0.777143 0.629324 0
    outer loop
      vertex -1.85786 -21.6728 11.5
      vertex -2.02254 -21.4695 0
      vertex -2.02254 -21.4695 11.5
    endloop
  endfacet
  facet normal 0.777143 0.629324 0
    outer loop
      vertex -2.02254 -21.4695 0
      vertex -1.85786 -21.6728 11.5
      vertex -1.85786 -21.6728 0
    endloop
  endfacet
  facet normal 0.987688 0.156434 0
    outer loop
      vertex -2.44537 -20.5198 11.5
      vertex -2.4863 -20.2613 0
      vertex -2.4863 -20.2613 11.5
    endloop
  endfacet
  facet normal 0.987688 0.156434 0
    outer loop
      vertex -2.4863 -20.2613 0
      vertex -2.44537 -20.5198 11.5
      vertex -2.44537 -20.5198 0
    endloop
  endfacet
  facet normal -0.707107 -0.707107 0
    outer loop
      vertex 1.85786 -18.3272 0
      vertex 1.67283 -18.1421 11.5
      vertex 1.67283 -18.1421 0
    endloop
  endfacet
  facet normal -0.707107 -0.707107 0
    outer loop
      vertex 1.67283 -18.1421 11.5
      vertex 1.85786 -18.3272 0
      vertex 1.85786 -18.3272 11.5
    endloop
  endfacet
  facet normal 0.258821 -0.965925 0
    outer loop
      vertex -0.772542 -17.6224 0
      vertex -0.519779 -17.5546 11.5
      vertex -0.772542 -17.6224 11.5
    endloop
  endfacet
  facet normal 0.258821 -0.965925 0
    outer loop
      vertex -0.519779 -17.5546 11.5
      vertex -0.772542 -17.6224 0
      vertex -0.519779 -17.5546 0
    endloop
  endfacet
  facet normal -0.156434 0.987688 0
    outer loop
      vertex 0.519779 -22.4454 0
      vertex 0.261321 -22.4863 11.5
      vertex 0.519779 -22.4454 11.5
    endloop
  endfacet
  facet normal -0.156434 0.987688 0
    outer loop
      vertex 0.261321 -22.4863 11.5
      vertex 0.519779 -22.4454 0
      vertex 0.261321 -22.4863 0
    endloop
  endfacet
  facet normal -0.358365 0.933582 0
    outer loop
      vertex 1.01684 -22.2839 0
      vertex 0.772542 -22.3776 11.5
      vertex 1.01684 -22.2839 11.5
    endloop
  endfacet
  facet normal -0.358365 0.933582 0
    outer loop
      vertex 0.772542 -22.3776 11.5
      vertex 1.01684 -22.2839 0
      vertex 0.772542 -22.3776 0
    endloop
  endfacet
  facet normal -0.54464 0.83867 0
    outer loop
      vertex 1.46946 -22.0225 0
      vertex 1.25 -22.1651 11.5
      vertex 1.46946 -22.0225 11.5
    endloop
  endfacet
  facet normal -0.54464 0.83867 0
    outer loop
      vertex 1.25 -22.1651 11.5
      vertex 1.46946 -22.0225 0
      vertex 1.25 -22.1651 0
    endloop
  endfacet
  facet normal -0.933581 0.358366 0
    outer loop
      vertex 2.28386 -21.0168 0
      vertex 2.37764 -20.7725 11.5
      vertex 2.37764 -20.7725 0
    endloop
  endfacet
  facet normal -0.933581 0.358366 0
    outer loop
      vertex 2.37764 -20.7725 11.5
      vertex 2.28386 -21.0168 0
      vertex 2.28386 -21.0168 11.5
    endloop
  endfacet
  facet normal -0.987688 0.156434 0
    outer loop
      vertex 2.44537 -20.5198 0
      vertex 2.4863 -20.2613 11.5
      vertex 2.4863 -20.2613 0
    endloop
  endfacet
  facet normal -0.987688 0.156434 0
    outer loop
      vertex 2.4863 -20.2613 11.5
      vertex 2.44537 -20.5198 0
      vertex 2.44537 -20.5198 11.5
    endloop
  endfacet
  facet normal 0.453992 0.891006 -0
    outer loop
      vertex -1.01684 -22.2839 0
      vertex -1.25 -22.1651 11.5
      vertex -1.01684 -22.2839 11.5
    endloop
  endfacet
  facet normal 0.453992 0.891006 0
    outer loop
      vertex -1.25 -22.1651 11.5
      vertex -1.01684 -22.2839 0
      vertex -1.25 -22.1651 0
    endloop
  endfacet
  facet normal 0.258827 0.965924 -0
    outer loop
      vertex -0.519779 -22.4454 0
      vertex -0.772542 -22.3776 11.5
      vertex -0.519779 -22.4454 11.5
    endloop
  endfacet
  facet normal 0.258827 0.965924 0
    outer loop
      vertex -0.772542 -22.3776 11.5
      vertex -0.519779 -22.4454 0
      vertex -0.772542 -22.3776 0
    endloop
  endfacet
  facet normal 0.933581 0.358366 0
    outer loop
      vertex -2.28386 -21.0168 11.5
      vertex -2.37764 -20.7725 0
      vertex -2.37764 -20.7725 11.5
    endloop
  endfacet
  facet normal 0.933581 0.358366 0
    outer loop
      vertex -2.37764 -20.7725 0
      vertex -2.28386 -21.0168 11.5
      vertex -2.28386 -21.0168 0
    endloop
  endfacet
  facet normal -0.0523367 0.998629 0
    outer loop
      vertex 50.4 25.2 0
      vertex 47.7659 25.062 11.5
      vertex 50.4 25.2 11.5
    endloop
  endfacet
  facet normal -0.0523367 0.998629 0
    outer loop
      vertex 47.7659 25.062 11.5
      vertex 50.4 25.2 0
      vertex 47.7659 25.062 0
    endloop
  endfacet
  facet normal 0.0523367 -0.998629 0
    outer loop
      vertex 50.4 -25.2 0
      vertex 53.0341 -25.062 11.5
      vertex 50.4 -25.2 11.5
    endloop
  endfacet
  facet normal 0.0523367 -0.998629 0
    outer loop
      vertex 53.0341 -25.062 11.5
      vertex 50.4 -25.2 0
      vertex 53.0341 -25.062 0
    endloop
  endfacet
  facet normal 0.62932 0.777146 -0
    outer loop
      vertex 67.2621 18.7272 0
      vertex 65.2122 20.3872 11.5
      vertex 67.2621 18.7272 11.5
    endloop
  endfacet
  facet normal 0.62932 0.777146 0
    outer loop
      vertex 65.2122 20.3872 11.5
      vertex 67.2621 18.7272 0
      vertex 65.2122 20.3872 0
    endloop
  endfacet
  facet normal -0.707106 0.707107 0
    outer loop
      vertex 33.5379 18.7272 0
      vertex 31.6728 16.8621 11.5
      vertex 33.5379 18.7272 11.5
    endloop
  endfacet
  facet normal -0.707106 0.707107 0
    outer loop
      vertex 31.6728 16.8621 11.5
      vertex 33.5379 18.7272 0
      vertex 31.6728 16.8621 0
    endloop
  endfacet
  facet normal -0.45399 0.891007 0
    outer loop
      vertex 40.1502 23.0213 0
      vertex 37.8 21.8238 11.5
      vertex 40.1502 23.0213 11.5
    endloop
  endfacet
  facet normal -0.45399 0.891007 0
    outer loop
      vertex 37.8 21.8238 11.5
      vertex 40.1502 23.0213 0
      vertex 37.8 21.8238 0
    endloop
  endfacet
  facet normal 0.891007 0.45399 0
    outer loop
      vertex 72.6 11.8617 11.5
      vertex 72.2238 12.6 0
      vertex 72.2238 12.6 11.5
    endloop
  endfacet
  facet normal 0.891007 0.45399 0
    outer loop
      vertex 72.2238 12.6 0
      vertex 72.6 11.8617 11.5
      vertex 72.6 11.8617 0
    endloop
  endfacet
  facet normal 0.258819 0.965926 -0
    outer loop
      vertex 58.1872 23.9666 0
      vertex 55.6394 24.6493 11.5
      vertex 58.1872 23.9666 11.5
    endloop
  endfacet
  facet normal 0.258819 0.965926 0
    outer loop
      vertex 55.6394 24.6493 11.5
      vertex 58.1872 23.9666 0
      vertex 55.6394 24.6493 0
    endloop
  endfacet
  facet normal 0.156435 0.987688 -0
    outer loop
      vertex 55.6394 24.6493 0
      vertex 53.0341 25.062 11.5
      vertex 55.6394 24.6493 11.5
    endloop
  endfacet
  facet normal 0.156435 0.987688 0
    outer loop
      vertex 53.0341 25.062 11.5
      vertex 55.6394 24.6493 0
      vertex 53.0341 25.062 0
    endloop
  endfacet
  facet normal 0.45399 0.891007 -0
    outer loop
      vertex 63 21.8238 0
      vertex 60.6498 23.0213 11.5
      vertex 63 21.8238 11.5
    endloop
  endfacet
  facet normal 0.45399 0.891007 0
    outer loop
      vertex 60.6498 23.0213 11.5
      vertex 63 21.8238 0
      vertex 60.6498 23.0213 0
    endloop
  endfacet
  facet normal -0.891007 0.45399 0
    outer loop
      vertex 28.2 11.8617 0
      vertex 28.5762 12.6 11.5
      vertex 28.5762 12.6 0
    endloop
  endfacet
  facet normal -0.891007 0.45399 0
    outer loop
      vertex 28.5762 12.6 11.5
      vertex 28.2 11.8617 0
      vertex 28.2 11.8617 11.5
    endloop
  endfacet
  facet normal -0.544639 0.83867 0
    outer loop
      vertex 37.8 21.8238 0
      vertex 35.5878 20.3872 11.5
      vertex 37.8 21.8238 11.5
    endloop
  endfacet
  facet normal -0.544639 0.83867 0
    outer loop
      vertex 35.5878 20.3872 11.5
      vertex 37.8 21.8238 0
      vertex 35.5878 20.3872 0
    endloop
  endfacet
  facet normal -0.258819 0.965926 0
    outer loop
      vertex 45.1606 24.6493 0
      vertex 42.6128 23.9666 11.5
      vertex 45.1606 24.6493 11.5
    endloop
  endfacet
  facet normal -0.258819 0.965926 0
    outer loop
      vertex 42.6128 23.9666 11.5
      vertex 45.1606 24.6493 0
      vertex 42.6128 23.9666 0
    endloop
  endfacet
  facet normal 0.45399 -0.891007 0
    outer loop
      vertex 60.6498 -23.0213 0
      vertex 63 -21.8238 11.5
      vertex 60.6498 -23.0213 11.5
    endloop
  endfacet
  facet normal 0.45399 -0.891007 0
    outer loop
      vertex 63 -21.8238 11.5
      vertex 60.6498 -23.0213 0
      vertex 63 -21.8238 0
    endloop
  endfacet
  facet normal 0.777146 0.629321 0
    outer loop
      vertex 70.7872 14.8122 11.5
      vertex 69.1273 16.8621 0
      vertex 69.1273 16.8621 11.5
    endloop
  endfacet
  facet normal 0.777146 0.629321 0
    outer loop
      vertex 69.1273 16.8621 0
      vertex 70.7872 14.8122 11.5
      vertex 70.7872 14.8122 0
    endloop
  endfacet
  facet normal 0.707107 0.707107 0
    outer loop
      vertex 69.1273 16.8621 11.5
      vertex 67.2621 18.7272 0
      vertex 67.2621 18.7272 11.5
    endloop
  endfacet
  facet normal 0.707107 0.707107 0
    outer loop
      vertex 67.2621 18.7272 0
      vertex 69.1273 16.8621 11.5
      vertex 69.1273 16.8621 0
    endloop
  endfacet
  facet normal 0.838671 0.544638 0
    outer loop
      vertex 72.2238 12.6 11.5
      vertex 70.7872 14.8122 0
      vertex 70.7872 14.8122 11.5
    endloop
  endfacet
  facet normal 0.838671 0.544638 0
    outer loop
      vertex 70.7872 14.8122 0
      vertex 72.2238 12.6 11.5
      vertex 72.2238 12.6 0
    endloop
  endfacet
  facet normal 0.0523367 0.998629 -0
    outer loop
      vertex 53.0341 25.062 0
      vertex 50.4 25.2 11.5
      vertex 53.0341 25.062 11.5
    endloop
  endfacet
  facet normal 0.0523367 0.998629 0
    outer loop
      vertex 50.4 25.2 11.5
      vertex 53.0341 25.062 0
      vertex 50.4 25.2 0
    endloop
  endfacet
  facet normal 0.358368 0.93358 -0
    outer loop
      vertex 60.6498 23.0213 0
      vertex 58.1872 23.9666 11.5
      vertex 60.6498 23.0213 11.5
    endloop
  endfacet
  facet normal 0.358368 0.93358 0
    outer loop
      vertex 58.1872 23.9666 11.5
      vertex 60.6498 23.0213 0
      vertex 58.1872 23.9666 0
    endloop
  endfacet
  facet normal 0.544639 0.83867 -0
    outer loop
      vertex 65.2122 20.3872 0
      vertex 63 21.8238 11.5
      vertex 65.2122 20.3872 11.5
    endloop
  endfacet
  facet normal 0.544639 0.83867 0
    outer loop
      vertex 63 21.8238 11.5
      vertex 65.2122 20.3872 0
      vertex 63 21.8238 0
    endloop
  endfacet
  facet normal -0.838671 0.544639 0
    outer loop
      vertex 28.5762 12.6 0
      vertex 30.0128 14.8122 11.5
      vertex 30.0128 14.8122 0
    endloop
  endfacet
  facet normal -0.838671 0.544639 0
    outer loop
      vertex 30.0128 14.8122 11.5
      vertex 28.5762 12.6 0
      vertex 28.5762 12.6 11.5
    endloop
  endfacet
  facet normal -0.777146 0.62932 0
    outer loop
      vertex 30.0128 14.8122 0
      vertex 31.6728 16.8621 11.5
      vertex 31.6728 16.8621 0
    endloop
  endfacet
  facet normal -0.777146 0.62932 0
    outer loop
      vertex 31.6728 16.8621 11.5
      vertex 30.0128 14.8122 0
      vertex 30.0128 14.8122 11.5
    endloop
  endfacet
  facet normal 0 0 1
    outer loop
      vertex 58.1872 23.9666 11.5
      vertex 52.8863 20.2613 11.5
      vertex 52.9 20 11.5
    endloop
  endfacet
  facet normal 0 0 1
    outer loop
      vertex 55.6394 24.6493 11.5
      vertex 52.8454 20.5198 11.5
      vertex 52.8863 20.2613 11.5
    endloop
  endfacet
  facet normal 0 0 1
    outer loop
      vertex 55.6394 24.6493 11.5
      vertex 52.7776 20.7725 11.5
      vertex 52.8454 20.5198 11.5
    endloop
  endfacet
  facet normal 0 0 1
    outer loop
      vertex 55.6394 24.6493 11.5
      vertex 52.6839 21.0168 11.5
      vertex 52.7776 20.7725 11.5
    endloop
  endfacet
  facet normal 0 0 1
    outer loop
      vertex 55.6394 24.6493 11.5
      vertex 52.5651 21.25 11.5
      vertex 52.6839 21.0168 11.5
    endloop
  endfacet
  facet normal 0 0 1
    outer loop
      vertex 55.6394 24.6493 11.5
      vertex 52.4225 21.4695 11.5
      vertex 52.5651 21.25 11.5
    endloop
  endfacet
  facet normal 0 0 1
    outer loop
      vertex 55.6394 24.6493 11.5
      vertex 52.2579 21.6728 11.5
      vertex 52.4225 21.4695 11.5
    endloop
  endfacet
  facet normal 0 0 1
    outer loop
      vertex 53.0341 25.062 11.5
      vertex 52.0728 21.8579 11.5
      vertex 52.2579 21.6728 11.5
    endloop
  endfacet
  facet normal 0 0 1
    outer loop
      vertex 53.0341 25.062 11.5
      vertex 51.8695 22.0225 11.5
      vertex 52.0728 21.8579 11.5
    endloop
  endfacet
  facet normal 0 0 1
    outer loop
      vertex 53.0341 25.062 11.5
      vertex 51.65 22.1651 11.5
      vertex 51.8695 22.0225 11.5
    endloop
  endfacet
  facet normal 0 0 1
    outer loop
      vertex 53.0341 25.062 11.5
      vertex 51.4168 22.2839 11.5
      vertex 51.65 22.1651 11.5
    endloop
  endfacet
  facet normal 0 0 1
    outer loop
      vertex 53.0341 25.062 11.5
      vertex 51.1725 22.3776 11.5
      vertex 51.4168 22.2839 11.5
    endloop
  endfacet
  facet normal 0 0 1
    outer loop
      vertex 50.4 25.2 11.5
      vertex 51.1725 22.3776 11.5
      vertex 53.0341 25.062 11.5
    endloop
  endfacet
  facet normal 0 0 1
    outer loop
      vertex 51.1725 22.3776 11.5
      vertex 50.4 25.2 11.5
      vertex 50.9198 22.4454 11.5
    endloop
  endfacet
  facet normal 0 0 1
    outer loop
      vertex 50.9198 22.4454 11.5
      vertex 50.4 25.2 11.5
      vertex 50.6613 22.4863 11.5
    endloop
  endfacet
  facet normal 0 0 1
    outer loop
      vertex 50.4 25.2 11.5
      vertex 50.4 22.5 11.5
      vertex 50.6613 22.4863 11.5
    endloop
  endfacet
  facet normal 0 0 1
    outer loop
      vertex 50.4 25.2 11.5
      vertex 50.1387 22.4863 11.5
      vertex 50.4 22.5 11.5
    endloop
  endfacet
  facet normal 0 0 1
    outer loop
      vertex 50.4 25.2 11.5
      vertex 49.8802 22.4454 11.5
      vertex 50.1387 22.4863 11.5
    endloop
  endfacet
  facet normal 0 0 1
    outer loop
      vertex 50.4 25.2 11.5
      vertex 49.6275 22.3776 11.5
      vertex 49.8802 22.4454 11.5
    endloop
  endfacet
  facet normal -0 0 1
    outer loop
      vertex 47.7659 25.062 11.5
      vertex 49.6275 22.3776 11.5
      vertex 50.4 25.2 11.5
    endloop
  endfacet
  facet normal 0 0 1
    outer loop
      vertex 49.6275 22.3776 11.5
      vertex 47.7659 25.062 11.5
      vertex 49.3832 22.2839 11.5
    endloop
  endfacet
  facet normal 0 0 1
    outer loop
      vertex 49.3832 22.2839 11.5
      vertex 47.7659 25.062 11.5
      vertex 49.15 22.1651 11.5
    endloop
  endfacet
  facet normal 0 0 1
    outer loop
      vertex 49.15 22.1651 11.5
      vertex 47.7659 25.062 11.5
      vertex 48.9305 22.0225 11.5
    endloop
  endfacet
  facet normal 0 0 1
    outer loop
      vertex 48.9305 22.0225 11.5
      vertex 47.7659 25.062 11.5
      vertex 48.7272 21.8579 11.5
    endloop
  endfacet
  facet normal 0 0 1
    outer loop
      vertex 48.7272 21.8579 11.5
      vertex 47.7659 25.062 11.5
      vertex 48.5421 21.6728 11.5
    endloop
  endfacet
  facet normal -0 0 1
    outer loop
      vertex 45.1606 24.6493 11.5
      vertex 48.5421 21.6728 11.5
      vertex 47.7659 25.062 11.5
    endloop
  endfacet
  facet normal -0 0 1
    outer loop
      vertex 42.6128 23.9666 11.5
      vertex 47.9546 20.5198 11.5
      vertex 45.1606 24.6493 11.5
    endloop
  endfacet
  facet normal 0 0 1
    outer loop
      vertex 48.0224 20.7725 11.5
      vertex 45.1606 24.6493 11.5
      vertex 47.9546 20.5198 11.5
    endloop
  endfacet
  facet normal 0 0 1
    outer loop
      vertex 48.1161 21.0168 11.5
      vertex 45.1606 24.6493 11.5
      vertex 48.0224 20.7725 11.5
    endloop
  endfacet
  facet normal 0 0 1
    outer loop
      vertex 48.2349 21.25 11.5
      vertex 45.1606 24.6493 11.5
      vertex 48.1161 21.0168 11.5
    endloop
  endfacet
  facet normal 0 0 1
    outer loop
      vertex 48.3775 21.4695 11.5
      vertex 45.1606 24.6493 11.5
      vertex 48.2349 21.25 11.5
    endloop
  endfacet
  facet normal 0 0 1
    outer loop
      vertex 48.5421 21.6728 11.5
      vertex 45.1606 24.6493 11.5
      vertex 48.3775 21.4695 11.5
    endloop
  endfacet
  facet normal 0 0 1
    outer loop
      vertex 63.7368 7.7 11.5
      vertex 72.6 11.8617 11.5
      vertex 72.2238 12.6 11.5
    endloop
  endfacet
  facet normal 0 0 1
    outer loop
      vertex 72.6 11.8617 11.5
      vertex 65.8 0 11.5
      vertex 72.6 -11.8617 11.5
    endloop
  endfacet
  facet normal 0 0 1
    outer loop
      vertex 63.7368 7.7 11.5
      vertex 72.2238 12.6 11.5
      vertex 70.7872 14.8122 11.5
    endloop
  endfacet
  facet normal -0 0 1
    outer loop
      vertex 65.7156 -1.60974 11.5
      vertex 72.6 -11.8617 11.5
      vertex 65.8 0 11.5
    endloop
  endfacet
  facet normal 0 0 1
    outer loop
      vertex 62.8589 9.05189 11.5
      vertex 70.7872 14.8122 11.5
      vertex 69.1273 16.8621 11.5
    endloop
  endfacet
  facet normal -0 0 1
    outer loop
      vertex 65.4635 -3.20184 11.5
      vertex 72.6 -11.8617 11.5
      vertex 65.7156 -1.60974 11.5
    endloop
  endfacet
  facet normal 0 0 1
    outer loop
      vertex 61.8444 10.3046 11.5
      vertex 69.1273 16.8621 11.5
      vertex 67.2621 18.7272 11.5
    endloop
  endfacet
  facet normal -0 0 1
    outer loop
      vertex 65.0463 -4.75886 11.5
      vertex 72.6 -11.8617 11.5
      vertex 65.4635 -3.20184 11.5
    endloop
  endfacet
  facet normal -0 0 1
    outer loop
      vertex 64.4686 -6.26374 11.5
      vertex 72.6 -11.8617 11.5
      vertex 65.0463 -4.75886 11.5
    endloop
  endfacet
  facet normal 0 0 1
    outer loop
      vertex 72.6 11.8617 11.5
      vertex 65.7156 1.60974 11.5
      vertex 65.8 0 11.5
    endloop
  endfacet
  facet normal 0 0 1
    outer loop
      vertex 72.6 11.8617 11.5
      vertex 65.4635 3.20184 11.5
      vertex 65.7156 1.60974 11.5
    endloop
  endfacet
  facet normal 0 0 1
    outer loop
      vertex 60.7046 11.4444 11.5
      vertex 67.2621 18.7272 11.5
      vertex 65.2122 20.3872 11.5
    endloop
  endfacet
  facet normal 0 0 1
    outer loop
      vertex 72.6 11.8617 11.5
      vertex 65.0463 4.75886 11.5
      vertex 65.4635 3.20184 11.5
    endloop
  endfacet
  facet normal 0 0 1
    outer loop
      vertex 72.6 11.8617 11.5
      vertex 64.4686 6.26374 11.5
      vertex 65.0463 4.75886 11.5
    endloop
  endfacet
  facet normal 0 0 1
    outer loop
      vertex 72.6 11.8617 11.5
      vertex 63.7368 7.7 11.5
      vertex 64.4686 6.26374 11.5
    endloop
  endfacet
  facet normal 0 0 1
    outer loop
      vertex 59.4519 12.4589 11.5
      vertex 65.2122 20.3872 11.5
      vertex 63 21.8238 11.5
    endloop
  endfacet
  facet normal 0 0 1
    outer loop
      vertex 70.7872 14.8122 11.5
      vertex 62.8589 9.05189 11.5
      vertex 63.7368 7.7 11.5
    endloop
  endfacet
  facet normal 0 0 1
    outer loop
      vertex 69.1273 16.8621 11.5
      vertex 61.8444 10.3046 11.5
      vertex 62.8589 9.05189 11.5
    endloop
  endfacet
  facet normal 0 0 1
    outer loop
      vertex 67.2621 18.7272 11.5
      vertex 60.7046 11.4444 11.5
      vertex 61.8444 10.3046 11.5
    endloop
  endfacet
  facet normal 0 0 1
    outer loop
      vertex 58.1 13.3368 11.5
      vertex 63 21.8238 11.5
      vertex 60.6498 23.0213 11.5
    endloop
  endfacet
  facet normal 0 0 1
    outer loop
      vertex 65.2122 20.3872 11.5
      vertex 59.4519 12.4589 11.5
      vertex 60.7046 11.4444 11.5
    endloop
  endfacet
  facet normal 0 0 1
    outer loop
      vertex 52.8863 19.7387 11.5
      vertex 60.6498 23.0213 11.5
      vertex 58.1872 23.9666 11.5
    endloop
  endfacet
  facet normal 0 0 1
    outer loop
      vertex 63 21.8238 11.5
      vertex 58.1 13.3368 11.5
      vertex 59.4519 12.4589 11.5
    endloop
  endfacet
  facet normal 0 0 1
    outer loop
      vertex 60.6498 23.0213 11.5
      vertex 56.6637 14.0686 11.5
      vertex 58.1 13.3368 11.5
    endloop
  endfacet
  facet normal 0 0 1
    outer loop
      vertex 52.8863 20.2613 11.5
      vertex 58.1872 23.9666 11.5
      vertex 55.6394 24.6493 11.5
    endloop
  endfacet
  facet normal 0 0 1
    outer loop
      vertex 52.8863 19.7387 11.5
      vertex 58.1872 23.9666 11.5
      vertex 52.9 20 11.5
    endloop
  endfacet
  facet normal -0 0 1
    outer loop
      vertex 52.8454 19.4802 11.5
      vertex 56.6637 14.0686 11.5
      vertex 52.8863 19.7387 11.5
    endloop
  endfacet
  facet normal 0 0 1
    outer loop
      vertex 52.2579 21.6728 11.5
      vertex 55.6394 24.6493 11.5
      vertex 53.0341 25.062 11.5
    endloop
  endfacet
  facet normal 0 0 1
    outer loop
      vertex 60.6498 23.0213 11.5
      vertex 52.8863 19.7387 11.5
      vertex 56.6637 14.0686 11.5
    endloop
  endfacet
  facet normal 0 0 1
    outer loop
      vertex 56.6637 14.0686 11.5
      vertex 52.8454 19.4802 11.5
      vertex 55.1589 14.6463 11.5
    endloop
  endfacet
  facet normal -0 0 1
    outer loop
      vertex 52.7776 19.2275 11.5
      vertex 55.1589 14.6463 11.5
      vertex 52.8454 19.4802 11.5
    endloop
  endfacet
  facet normal -0 0 1
    outer loop
      vertex 52.6839 18.9832 11.5
      vertex 55.1589 14.6463 11.5
      vertex 52.7776 19.2275 11.5
    endloop
  endfacet
  facet normal -0 0 1
    outer loop
      vertex 52.5651 18.75 11.5
      vertex 55.1589 14.6463 11.5
      vertex 52.6839 18.9832 11.5
    endloop
  endfacet
  facet normal 0 0 1
    outer loop
      vertex 55.1589 14.6463 11.5
      vertex 52.5651 18.75 11.5
      vertex 53.6018 15.0635 11.5
    endloop
  endfacet
  facet normal -0 0 1
    outer loop
      vertex 52.4225 18.5305 11.5
      vertex 53.6018 15.0635 11.5
      vertex 52.5651 18.75 11.5
    endloop
  endfacet
  facet normal -0 0 1
    outer loop
      vertex 52.2579 18.3272 11.5
      vertex 53.6018 15.0635 11.5
      vertex 52.4225 18.5305 11.5
    endloop
  endfacet
  facet normal -0 0 1
    outer loop
      vertex 52.0728 18.1421 11.5
      vertex 53.6018 15.0635 11.5
      vertex 52.2579 18.3272 11.5
    endloop
  endfacet
  facet normal 0 0 1
    outer loop
      vertex 52.0728 18.1421 11.5
      vertex 52.0097 15.3156 11.5
      vertex 53.6018 15.0635 11.5
    endloop
  endfacet
  facet normal -0 0 1
    outer loop
      vertex 51.8695 17.9775 11.5
      vertex 52.0097 15.3156 11.5
      vertex 52.0728 18.1421 11.5
    endloop
  endfacet
  facet normal -0 0 1
    outer loop
      vertex 51.65 17.8349 11.5
      vertex 52.0097 15.3156 11.5
      vertex 51.8695 17.9775 11.5
    endloop
  endfacet
  facet normal -0 0 1
    outer loop
      vertex 51.4168 17.7161 11.5
      vertex 52.0097 15.3156 11.5
      vertex 51.65 17.8349 11.5
    endloop
  endfacet
  facet normal -0 0 1
    outer loop
      vertex 51.1725 17.6224 11.5
      vertex 52.0097 15.3156 11.5
      vertex 51.4168 17.7161 11.5
    endloop
  endfacet
  facet normal -0 0 1
    outer loop
      vertex 50.9198 17.5546 11.5
      vertex 52.0097 15.3156 11.5
      vertex 51.1725 17.6224 11.5
    endloop
  endfacet
  facet normal 0 0 1
    outer loop
      vertex 50.4 15.4 11.5
      vertex 50.9198 17.5546 11.5
      vertex 50.6613 17.5137 11.5
    endloop
  endfacet
  facet normal 0 0 1
    outer loop
      vertex 50.4 15.4 11.5
      vertex 50.6613 17.5137 11.5
      vertex 50.4 17.5 11.5
    endloop
  endfacet
  facet normal 0 0 1
    outer loop
      vertex 50.9198 17.5546 11.5
      vertex 50.4 15.4 11.5
      vertex 52.0097 15.3156 11.5
    endloop
  endfacet
  facet normal 0 0 1
    outer loop
      vertex 50.1387 17.5137 11.5
      vertex 50.4 15.4 11.5
      vertex 50.4 17.5 11.5
    endloop
  endfacet
  facet normal 0 0 1
    outer loop
      vertex 49.8802 17.5546 11.5
      vertex 50.4 15.4 11.5
      vertex 50.1387 17.5137 11.5
    endloop
  endfacet
  facet normal 0 0 1
    outer loop
      vertex 48.7903 15.3156 11.5
      vertex 49.8802 17.5546 11.5
      vertex 49.6275 17.6224 11.5
    endloop
  endfacet
  facet normal 0 0 1
    outer loop
      vertex 48.7903 15.3156 11.5
      vertex 49.6275 17.6224 11.5
      vertex 49.3832 17.7161 11.5
    endloop
  endfacet
  facet normal 0 0 1
    outer loop
      vertex 48.7903 15.3156 11.5
      vertex 49.3832 17.7161 11.5
      vertex 49.15 17.8349 11.5
    endloop
  endfacet
  facet normal 0 0 1
    outer loop
      vertex 48.7903 15.3156 11.5
      vertex 49.15 17.8349 11.5
      vertex 48.9305 17.9775 11.5
    endloop
  endfacet
  facet normal 0 0 1
    outer loop
      vertex 49.8802 17.5546 11.5
      vertex 48.7903 15.3156 11.5
      vertex 50.4 15.4 11.5
    endloop
  endfacet
  facet normal 0 0 1
    outer loop
      vertex 48.7272 18.1421 11.5
      vertex 48.7903 15.3156 11.5
      vertex 48.9305 17.9775 11.5
    endloop
  endfacet
  facet normal 0 0 1
    outer loop
      vertex 47.1982 15.0635 11.5
      vertex 48.7272 18.1421 11.5
      vertex 48.5421 18.3272 11.5
    endloop
  endfacet
  facet normal 0 0 1
    outer loop
      vertex 47.1982 15.0635 11.5
      vertex 48.5421 18.3272 11.5
      vertex 48.3775 18.5305 11.5
    endloop
  endfacet
  facet normal 0 0 1
    outer loop
      vertex 47.1982 15.0635 11.5
      vertex 48.3775 18.5305 11.5
      vertex 48.2349 18.75 11.5
    endloop
  endfacet
  facet normal 0 0 1
    outer loop
      vertex 45.6411 14.6463 11.5
      vertex 48.2349 18.75 11.5
      vertex 48.1161 18.9832 11.5
    endloop
  endfacet
  facet normal 0 0 1
    outer loop
      vertex 45.6411 14.6463 11.5
      vertex 48.1161 18.9832 11.5
      vertex 48.0224 19.2275 11.5
    endloop
  endfacet
  facet normal 0 0 1
    outer loop
      vertex 45.6411 14.6463 11.5
      vertex 48.0224 19.2275 11.5
      vertex 47.9546 19.4802 11.5
    endloop
  endfacet
  facet normal 0 0 1
    outer loop
      vertex 48.7272 18.1421 11.5
      vertex 47.1982 15.0635 11.5
      vertex 48.7903 15.3156 11.5
    endloop
  endfacet
  facet normal 0 0 1
    outer loop
      vertex 44.1363 14.0686 11.5
      vertex 47.9546 19.4802 11.5
      vertex 47.9137 19.7387 11.5
    endloop
  endfacet
  facet normal 0 0 1
    outer loop
      vertex 42.6128 23.9666 11.5
      vertex 47.9137 19.7387 11.5
      vertex 47.9 20 11.5
    endloop
  endfacet
  facet normal 0 0 1
    outer loop
      vertex 47.9546 20.5198 11.5
      vertex 42.6128 23.9666 11.5
      vertex 47.9137 20.2613 11.5
    endloop
  endfacet
  facet normal 0 0 1
    outer loop
      vertex 47.9137 20.2613 11.5
      vertex 42.6128 23.9666 11.5
      vertex 47.9 20 11.5
    endloop
  endfacet
  facet normal 0 0 1
    outer loop
      vertex 48.2349 18.75 11.5
      vertex 45.6411 14.6463 11.5
      vertex 47.1982 15.0635 11.5
    endloop
  endfacet
  facet normal 0 0 1
    outer loop
      vertex 47.9137 19.7387 11.5
      vertex 42.6128 23.9666 11.5
      vertex 40.1502 23.0213 11.5
    endloop
  endfacet
  facet normal 0 0 1
    outer loop
      vertex 47.9546 19.4802 11.5
      vertex 44.1363 14.0686 11.5
      vertex 45.6411 14.6463 11.5
    endloop
  endfacet
  facet normal 0 0 1
    outer loop
      vertex 47.9137 19.7387 11.5
      vertex 40.1502 23.0213 11.5
      vertex 44.1363 14.0686 11.5
    endloop
  endfacet
  facet normal 0 0 1
    outer loop
      vertex 44.1363 14.0686 11.5
      vertex 40.1502 23.0213 11.5
      vertex 42.7 13.3368 11.5
    endloop
  endfacet
  facet normal -0 0 1
    outer loop
      vertex 37.8 21.8238 11.5
      vertex 42.7 13.3368 11.5
      vertex 40.1502 23.0213 11.5
    endloop
  endfacet
  facet normal 0 0 1
    outer loop
      vertex 42.7 13.3368 11.5
      vertex 37.8 21.8238 11.5
      vertex 41.3481 12.4589 11.5
    endloop
  endfacet
  facet normal -0 0 1
    outer loop
      vertex 35.5878 20.3872 11.5
      vertex 41.3481 12.4589 11.5
      vertex 37.8 21.8238 11.5
    endloop
  endfacet
  facet normal 0 0 1
    outer loop
      vertex 41.3481 12.4589 11.5
      vertex 35.5878 20.3872 11.5
      vertex 40.0954 11.4444 11.5
    endloop
  endfacet
  facet normal -0 0 1
    outer loop
      vertex 33.5379 18.7272 11.5
      vertex 40.0954 11.4444 11.5
      vertex 35.5878 20.3872 11.5
    endloop
  endfacet
  facet normal 0 0 1
    outer loop
      vertex 40.0954 11.4444 11.5
      vertex 33.5379 18.7272 11.5
      vertex 38.9556 10.3046 11.5
    endloop
  endfacet
  facet normal -0 0 1
    outer loop
      vertex 31.6728 16.8621 11.5
      vertex 38.9556 10.3046 11.5
      vertex 33.5379 18.7272 11.5
    endloop
  endfacet
  facet normal 0 0 1
    outer loop
      vertex 38.9556 10.3046 11.5
      vertex 31.6728 16.8621 11.5
      vertex 37.9411 9.05189 11.5
    endloop
  endfacet
  facet normal -0 0 1
    outer loop
      vertex 30.0128 14.8122 11.5
      vertex 37.9411 9.05189 11.5
      vertex 31.6728 16.8621 11.5
    endloop
  endfacet
  facet normal 0 0 1
    outer loop
      vertex 37.9411 9.05189 11.5
      vertex 30.0128 14.8122 11.5
      vertex 37.0632 7.7 11.5
    endloop
  endfacet
  facet normal -0 0 1
    outer loop
      vertex 28.5762 12.6 11.5
      vertex 37.0632 7.7 11.5
      vertex 30.0128 14.8122 11.5
    endloop
  endfacet
  facet normal -0 0 1
    outer loop
      vertex 28.2 11.8617 11.5
      vertex 37.0632 7.7 11.5
      vertex 28.5762 12.6 11.5
    endloop
  endfacet
  facet normal 0 0 1
    outer loop
      vertex 37.0632 7.7 11.5
      vertex 28.2 11.8617 11.5
      vertex 36.3314 6.26374 11.5
    endloop
  endfacet
  facet normal -0 0 1
    outer loop
      vertex 63.7368 -7.7 11.5
      vertex 72.6 -11.8617 11.5
      vertex 64.4686 -6.26374 11.5
    endloop
  endfacet
  facet normal 0 0 1
    outer loop
      vertex 72.6 -11.8617 11.5
      vertex 63.7368 -7.7 11.5
      vertex 72.2238 -12.6 11.5
    endloop
  endfacet
  facet normal 0 0 1
    outer loop
      vertex 72.2238 -12.6 11.5
      vertex 63.7368 -7.7 11.5
      vertex 70.7872 -14.8122 11.5
    endloop
  endfacet
  facet normal -0 0 1
    outer loop
      vertex 62.8589 -9.05189 11.5
      vertex 70.7872 -14.8122 11.5
      vertex 63.7368 -7.7 11.5
    endloop
  endfacet
  facet normal 0 0 1
    outer loop
      vertex 70.7872 -14.8122 11.5
      vertex 62.8589 -9.05189 11.5
      vertex 69.1273 -16.8621 11.5
    endloop
  endfacet
  facet normal -0 0 1
    outer loop
      vertex 61.8444 -10.3046 11.5
      vertex 69.1273 -16.8621 11.5
      vertex 62.8589 -9.05189 11.5
    endloop
  endfacet
  facet normal 0 0 1
    outer loop
      vertex 69.1273 -16.8621 11.5
      vertex 61.8444 -10.3046 11.5
      vertex 67.2621 -18.7272 11.5
    endloop
  endfacet
  facet normal -0 0 1
    outer loop
      vertex 60.7046 -11.4444 11.5
      vertex 67.2621 -18.7272 11.5
      vertex 61.8444 -10.3046 11.5
    endloop
  endfacet
  facet normal 0 0 1
    outer loop
      vertex 67.2621 -18.7272 11.5
      vertex 60.7046 -11.4444 11.5
      vertex 65.2122 -20.3872 11.5
    endloop
  endfacet
  facet normal -0 0 1
    outer loop
      vertex 59.4519 -12.4589 11.5
      vertex 65.2122 -20.3872 11.5
      vertex 60.7046 -11.4444 11.5
    endloop
  endfacet
  facet normal 0 0 1
    outer loop
      vertex 65.2122 -20.3872 11.5
      vertex 59.4519 -12.4589 11.5
      vertex 63 -21.8238 11.5
    endloop
  endfacet
  facet normal -0 0 1
    outer loop
      vertex 58.1 -13.3368 11.5
      vertex 63 -21.8238 11.5
      vertex 59.4519 -12.4589 11.5
    endloop
  endfacet
  facet normal 0 0 1
    outer loop
      vertex 63 -21.8238 11.5
      vertex 58.1 -13.3368 11.5
      vertex 60.6498 -23.0213 11.5
    endloop
  endfacet
  facet normal -0 0 1
    outer loop
      vertex 56.6637 -14.0686 11.5
      vertex 60.6498 -23.0213 11.5
      vertex 58.1 -13.3368 11.5
    endloop
  endfacet
  facet normal -0 0 1
    outer loop
      vertex 52.8863 -19.7387 11.5
      vertex 60.6498 -23.0213 11.5
      vertex 56.6637 -14.0686 11.5
    endloop
  endfacet
  facet normal 0 0 1
    outer loop
      vertex 60.6498 -23.0213 11.5
      vertex 52.8863 -19.7387 11.5
      vertex 58.1872 -23.9666 11.5
    endloop
  endfacet
  facet normal 0 0 1
    outer loop
      vertex 52.8454 -19.4802 11.5
      vertex 56.6637 -14.0686 11.5
      vertex 55.1589 -14.6463 11.5
    endloop
  endfacet
  facet normal 0 0 1
    outer loop
      vertex 52.5651 -18.75 11.5
      vertex 55.1589 -14.6463 11.5
      vertex 53.6018 -15.0635 11.5
    endloop
  endfacet
  facet normal 0 0 1
    outer loop
      vertex 58.1872 -23.9666 11.5
      vertex 52.8863 -19.7387 11.5
      vertex 52.9 -20 11.5
    endloop
  endfacet
  facet normal -0 0 1
    outer loop
      vertex 52.8454 -20.5198 11.5
      vertex 58.1872 -23.9666 11.5
      vertex 52.8863 -20.2613 11.5
    endloop
  endfacet
  facet normal -0 0 1
    outer loop
      vertex 52.8863 -20.2613 11.5
      vertex 58.1872 -23.9666 11.5
      vertex 52.9 -20 11.5
    endloop
  endfacet
  facet normal 0 0 1
    outer loop
      vertex 56.6637 -14.0686 11.5
      vertex 52.8454 -19.4802 11.5
      vertex 52.8863 -19.7387 11.5
    endloop
  endfacet
  facet normal 0 0 1
    outer loop
      vertex 55.1589 -14.6463 11.5
      vertex 52.7776 -19.2275 11.5
      vertex 52.8454 -19.4802 11.5
    endloop
  endfacet
  facet normal 0 0 1
    outer loop
      vertex 55.1589 -14.6463 11.5
      vertex 52.6839 -18.9832 11.5
      vertex 52.7776 -19.2275 11.5
    endloop
  endfacet
  facet normal 0 0 1
    outer loop
      vertex 55.1589 -14.6463 11.5
      vertex 52.5651 -18.75 11.5
      vertex 52.6839 -18.9832 11.5
    endloop
  endfacet
  facet normal 0 0 1
    outer loop
      vertex 53.6018 -15.0635 11.5
      vertex 52.4225 -18.5305 11.5
      vertex 52.5651 -18.75 11.5
    endloop
  endfacet
  facet normal 0 0 1
    outer loop
      vertex 53.6018 -15.0635 11.5
      vertex 52.2579 -18.3272 11.5
      vertex 52.4225 -18.5305 11.5
    endloop
  endfacet
  facet normal 0 0 1
    outer loop
      vertex 53.6018 -15.0635 11.5
      vertex 52.0728 -18.1421 11.5
      vertex 52.2579 -18.3272 11.5
    endloop
  endfacet
  facet normal -0 0 1
    outer loop
      vertex 52.0097 -15.3156 11.5
      vertex 52.0728 -18.1421 11.5
      vertex 53.6018 -15.0635 11.5
    endloop
  endfacet
  facet normal 0 0 1
    outer loop
      vertex 52.0097 -15.3156 11.5
      vertex 51.8695 -17.9775 11.5
      vertex 52.0728 -18.1421 11.5
    endloop
  endfacet
  facet normal 0 0 1
    outer loop
      vertex 52.0097 -15.3156 11.5
      vertex 51.65 -17.8349 11.5
      vertex 51.8695 -17.9775 11.5
    endloop
  endfacet
  facet normal 0 0 1
    outer loop
      vertex 52.0097 -15.3156 11.5
      vertex 51.4168 -17.7161 11.5
      vertex 51.65 -17.8349 11.5
    endloop
  endfacet
  facet normal 0 0 1
    outer loop
      vertex 52.0097 -15.3156 11.5
      vertex 51.1725 -17.6224 11.5
      vertex 51.4168 -17.7161 11.5
    endloop
  endfacet
  facet normal 0 0 1
    outer loop
      vertex 52.0097 -15.3156 11.5
      vertex 50.9198 -17.5546 11.5
      vertex 51.1725 -17.6224 11.5
    endloop
  endfacet
  facet normal -0 0 1
    outer loop
      vertex 50.4 -15.4 11.5
      vertex 50.9198 -17.5546 11.5
      vertex 52.0097 -15.3156 11.5
    endloop
  endfacet
  facet normal 0 0 1
    outer loop
      vertex 50.9198 -17.5546 11.5
      vertex 50.4 -15.4 11.5
      vertex 50.6613 -17.5137 11.5
    endloop
  endfacet
  facet normal 0 0 1
    outer loop
      vertex 50.4 -15.4 11.5
      vertex 50.4 -17.5 11.5
      vertex 50.6613 -17.5137 11.5
    endloop
  endfacet
  facet normal 0 0 1
    outer loop
      vertex 50.4 -15.4 11.5
      vertex 50.1387 -17.5137 11.5
      vertex 50.4 -17.5 11.5
    endloop
  endfacet
  facet normal 0 0 1
    outer loop
      vertex 50.4 -15.4 11.5
      vertex 49.8802 -17.5546 11.5
      vertex 50.1387 -17.5137 11.5
    endloop
  endfacet
  facet normal 0 0 1
    outer loop
      vertex 48.7903 -15.3156 11.5
      vertex 49.8802 -17.5546 11.5
      vertex 50.4 -15.4 11.5
    endloop
  endfacet
  facet normal 0 0 1
    outer loop
      vertex 49.8802 -17.5546 11.5
      vertex 48.7903 -15.3156 11.5
      vertex 49.6275 -17.6224 11.5
    endloop
  endfacet
  facet normal 0 0 1
    outer loop
      vertex 49.6275 -17.6224 11.5
      vertex 48.7903 -15.3156 11.5
      vertex 49.3832 -17.7161 11.5
    endloop
  endfacet
  facet normal 0 0 1
    outer loop
      vertex 49.3832 -17.7161 11.5
      vertex 48.7903 -15.3156 11.5
      vertex 49.15 -17.8349 11.5
    endloop
  endfacet
  facet normal 0 0 1
    outer loop
      vertex 49.15 -17.8349 11.5
      vertex 48.7903 -15.3156 11.5
      vertex 48.9305 -17.9775 11.5
    endloop
  endfacet
  facet normal 0 0 1
    outer loop
      vertex 48.7903 -15.3156 11.5
      vertex 48.7272 -18.1421 11.5
      vertex 48.9305 -17.9775 11.5
    endloop
  endfacet
  facet normal 0 0 1
    outer loop
      vertex 47.1982 -15.0635 11.5
      vertex 48.7272 -18.1421 11.5
      vertex 48.7903 -15.3156 11.5
    endloop
  endfacet
  facet normal 0 0 1
    outer loop
      vertex 48.7272 -18.1421 11.5
      vertex 47.1982 -15.0635 11.5
      vertex 48.5421 -18.3272 11.5
    endloop
  endfacet
  facet normal 0 0 1
    outer loop
      vertex 48.5421 -18.3272 11.5
      vertex 47.1982 -15.0635 11.5
      vertex 48.3775 -18.5305 11.5
    endloop
  endfacet
  facet normal 0 0 1
    outer loop
      vertex 48.3775 -18.5305 11.5
      vertex 47.1982 -15.0635 11.5
      vertex 48.2349 -18.75 11.5
    endloop
  endfacet
  facet normal 0 0 1
    outer loop
      vertex 45.6411 -14.6463 11.5
      vertex 48.2349 -18.75 11.5
      vertex 47.1982 -15.0635 11.5
    endloop
  endfacet
  facet normal 0 0 1
    outer loop
      vertex 48.2349 -18.75 11.5
      vertex 45.6411 -14.6463 11.5
      vertex 48.1161 -18.9832 11.5
    endloop
  endfacet
  facet normal 0 0 1
    outer loop
      vertex 48.1161 -18.9832 11.5
      vertex 45.6411 -14.6463 11.5
      vertex 48.0224 -19.2275 11.5
    endloop
  endfacet
  facet normal 0 0 1
    outer loop
      vertex 48.0224 -19.2275 11.5
      vertex 45.6411 -14.6463 11.5
      vertex 47.9546 -19.4802 11.5
    endloop
  endfacet
  facet normal 0 0 1
    outer loop
      vertex 44.1363 -14.0686 11.5
      vertex 47.9546 -19.4802 11.5
      vertex 45.6411 -14.6463 11.5
    endloop
  endfacet
  facet normal 0 0 1
    outer loop
      vertex 47.9546 -19.4802 11.5
      vertex 44.1363 -14.0686 11.5
      vertex 47.9137 -19.7387 11.5
    endloop
  endfacet
  facet normal 0 0 1
    outer loop
      vertex 40.1502 -23.0213 11.5
      vertex 47.9137 -19.7387 11.5
      vertex 44.1363 -14.0686 11.5
    endloop
  endfacet
  facet normal 0 0 1
    outer loop
      vertex 47.9 -20 11.5
      vertex 45.1606 -24.6493 11.5
      vertex 47.7659 -25.062 11.5
    endloop
  endfacet
  facet normal 0 -0 1
    outer loop
      vertex 42.6128 -23.9666 11.5
      vertex 47.9137 -19.7387 11.5
      vertex 40.1502 -23.0213 11.5
    endloop
  endfacet
  facet normal 0 0 1
    outer loop
      vertex 40.1502 -23.0213 11.5
      vertex 44.1363 -14.0686 11.5
      vertex 42.7 -13.3368 11.5
    endloop
  endfacet
  facet normal 0 0 1
    outer loop
      vertex 47.9 -20 11.5
      vertex 42.6128 -23.9666 11.5
      vertex 45.1606 -24.6493 11.5
    endloop
  endfacet
  facet normal 0 0 1
    outer loop
      vertex 37.8 -21.8238 11.5
      vertex 42.7 -13.3368 11.5
      vertex 41.3481 -12.4589 11.5
    endloop
  endfacet
  facet normal 0 0 1
    outer loop
      vertex 47.9137 -19.7387 11.5
      vertex 42.6128 -23.9666 11.5
      vertex 47.9 -20 11.5
    endloop
  endfacet
  facet normal 0 0 1
    outer loop
      vertex 35.5878 -20.3872 11.5
      vertex 41.3481 -12.4589 11.5
      vertex 40.0954 -11.4444 11.5
    endloop
  endfacet
  facet normal 0 0 1
    outer loop
      vertex 33.5379 -18.7272 11.5
      vertex 40.0954 -11.4444 11.5
      vertex 38.9556 -10.3046 11.5
    endloop
  endfacet
  facet normal 0 0 1
    outer loop
      vertex 31.6728 -16.8621 11.5
      vertex 38.9556 -10.3046 11.5
      vertex 37.9411 -9.05189 11.5
    endloop
  endfacet
  facet normal 0 0 1
    outer loop
      vertex 42.7 -13.3368 11.5
      vertex 37.8 -21.8238 11.5
      vertex 40.1502 -23.0213 11.5
    endloop
  endfacet
  facet normal 0 0 1
    outer loop
      vertex 30.0128 -14.8122 11.5
      vertex 37.9411 -9.05189 11.5
      vertex 37.0632 -7.7 11.5
    endloop
  endfacet
  facet normal 0 0 1
    outer loop
      vertex 28.2 -11.8617 11.5
      vertex 37.0632 -7.7 11.5
      vertex 36.3314 -6.26374 11.5
    endloop
  endfacet
  facet normal 0 0 1
    outer loop
      vertex 28.2 -11.8617 11.5
      vertex 36.3314 -6.26374 11.5
      vertex 35.7537 -4.75886 11.5
    endloop
  endfacet
  facet normal 0 0 1
    outer loop
      vertex 41.3481 -12.4589 11.5
      vertex 35.5878 -20.3872 11.5
      vertex 37.8 -21.8238 11.5
    endloop
  endfacet
  facet normal 0 0 1
    outer loop
      vertex 28.2 -11.8617 11.5
      vertex 35.7537 -4.75886 11.5
      vertex 35.3365 -3.20184 11.5
    endloop
  endfacet
  facet normal 0 0 1
    outer loop
      vertex 28.2 -11.8617 11.5
      vertex 35.3365 -3.20184 11.5
      vertex 35.0844 -1.60974 11.5
    endloop
  endfacet
  facet normal 0 0 1
    outer loop
      vertex 28.2 -11.8617 11.5
      vertex 35.0844 -1.60974 11.5
      vertex 35 0 11.5
    endloop
  endfacet
  facet normal 0 0 1
    outer loop
      vertex 36.3314 6.26374 11.5
      vertex 28.2 11.8617 11.5
      vertex 35.7537 4.75886 11.5
    endloop
  endfacet
  facet normal 0 0 1
    outer loop
      vertex 40.0954 -11.4444 11.5
      vertex 33.5379 -18.7272 11.5
      vertex 35.5878 -20.3872 11.5
    endloop
  endfacet
  facet normal 0 0 1
    outer loop
      vertex 35.7537 4.75886 11.5
      vertex 28.2 11.8617 11.5
      vertex 35.3365 3.20184 11.5
    endloop
  endfacet
  facet normal 0 0 1
    outer loop
      vertex 38.9556 -10.3046 11.5
      vertex 31.6728 -16.8621 11.5
      vertex 33.5379 -18.7272 11.5
    endloop
  endfacet
  facet normal 0 0 1
    outer loop
      vertex 35.3365 3.20184 11.5
      vertex 28.2 11.8617 11.5
      vertex 35.0844 1.60974 11.5
    endloop
  endfacet
  facet normal 0 0 1
    outer loop
      vertex 37.9411 -9.05189 11.5
      vertex 30.0128 -14.8122 11.5
      vertex 31.6728 -16.8621 11.5
    endloop
  endfacet
  facet normal 0 0 1
    outer loop
      vertex 35.0844 1.60974 11.5
      vertex 28.2 11.8617 11.5
      vertex 35 0 11.5
    endloop
  endfacet
  facet normal 0 0 1
    outer loop
      vertex 28.2 -11.8617 11.5
      vertex 35 0 11.5
      vertex 28.2 11.8617 11.5
    endloop
  endfacet
  facet normal 0 0 1
    outer loop
      vertex 37.0632 -7.7 11.5
      vertex 28.2 -11.8617 11.5
      vertex 28.5762 -12.6 11.5
    endloop
  endfacet
  facet normal 0 0 1
    outer loop
      vertex 37.0632 -7.7 11.5
      vertex 28.5762 -12.6 11.5
      vertex 30.0128 -14.8122 11.5
    endloop
  endfacet
  facet normal 0 0 1
    outer loop
      vertex 58.1872 -23.9666 11.5
      vertex 52.8454 -20.5198 11.5
      vertex 55.6394 -24.6493 11.5
    endloop
  endfacet
  facet normal -0 0 1
    outer loop
      vertex 52.7776 -20.7725 11.5
      vertex 55.6394 -24.6493 11.5
      vertex 52.8454 -20.5198 11.5
    endloop
  endfacet
  facet normal -0 0 1
    outer loop
      vertex 52.6839 -21.0168 11.5
      vertex 55.6394 -24.6493 11.5
      vertex 52.7776 -20.7725 11.5
    endloop
  endfacet
  facet normal -0 0 1
    outer loop
      vertex 52.5651 -21.25 11.5
      vertex 55.6394 -24.6493 11.5
      vertex 52.6839 -21.0168 11.5
    endloop
  endfacet
  facet normal -0 0 1
    outer loop
      vertex 52.4225 -21.4695 11.5
      vertex 55.6394 -24.6493 11.5
      vertex 52.5651 -21.25 11.5
    endloop
  endfacet
  facet normal -0 0 1
    outer loop
      vertex 52.2579 -21.6728 11.5
      vertex 55.6394 -24.6493 11.5
      vertex 52.4225 -21.4695 11.5
    endloop
  endfacet
  facet normal 0 0 1
    outer loop
      vertex 55.6394 -24.6493 11.5
      vertex 52.2579 -21.6728 11.5
      vertex 53.0341 -25.062 11.5
    endloop
  endfacet
  facet normal -0 0 1
    outer loop
      vertex 52.0728 -21.8579 11.5
      vertex 53.0341 -25.062 11.5
      vertex 52.2579 -21.6728 11.5
    endloop
  endfacet
  facet normal -0 0 1
    outer loop
      vertex 51.8695 -22.0225 11.5
      vertex 53.0341 -25.062 11.5
      vertex 52.0728 -21.8579 11.5
    endloop
  endfacet
  facet normal -0 0 1
    outer loop
      vertex 51.65 -22.1651 11.5
      vertex 53.0341 -25.062 11.5
      vertex 51.8695 -22.0225 11.5
    endloop
  endfacet
  facet normal -0 0 1
    outer loop
      vertex 51.4168 -22.2839 11.5
      vertex 53.0341 -25.062 11.5
      vertex 51.65 -22.1651 11.5
    endloop
  endfacet
  facet normal -0 0 1
    outer loop
      vertex 51.1725 -22.3776 11.5
      vertex 53.0341 -25.062 11.5
      vertex 51.4168 -22.2839 11.5
    endloop
  endfacet
  facet normal 0 0 1
    outer loop
      vertex 50.4 -25.2 11.5
      vertex 51.1725 -22.3776 11.5
      vertex 50.9198 -22.4454 11.5
    endloop
  endfacet
  facet normal 0 0 1
    outer loop
      vertex 50.4 -25.2 11.5
      vertex 50.9198 -22.4454 11.5
      vertex 50.6613 -22.4863 11.5
    endloop
  endfacet
  facet normal 0 0 1
    outer loop
      vertex 50.4 -25.2 11.5
      vertex 50.6613 -22.4863 11.5
      vertex 50.4 -22.5 11.5
    endloop
  endfacet
  facet normal 0 0 1
    outer loop
      vertex 51.1725 -22.3776 11.5
      vertex 50.4 -25.2 11.5
      vertex 53.0341 -25.062 11.5
    endloop
  endfacet
  facet normal 0 0 1
    outer loop
      vertex 50.1387 -22.4863 11.5
      vertex 50.4 -25.2 11.5
      vertex 50.4 -22.5 11.5
    endloop
  endfacet
  facet normal 0 0 1
    outer loop
      vertex 49.8802 -22.4454 11.5
      vertex 50.4 -25.2 11.5
      vertex 50.1387 -22.4863 11.5
    endloop
  endfacet
  facet normal 0 0 1
    outer loop
      vertex 49.6275 -22.3776 11.5
      vertex 50.4 -25.2 11.5
      vertex 49.8802 -22.4454 11.5
    endloop
  endfacet
  facet normal 0 0 1
    outer loop
      vertex 47.7659 -25.062 11.5
      vertex 49.6275 -22.3776 11.5
      vertex 49.3832 -22.2839 11.5
    endloop
  endfacet
  facet normal 0 0 1
    outer loop
      vertex 47.7659 -25.062 11.5
      vertex 49.3832 -22.2839 11.5
      vertex 49.15 -22.1651 11.5
    endloop
  endfacet
  facet normal 0 0 1
    outer loop
      vertex 47.7659 -25.062 11.5
      vertex 49.15 -22.1651 11.5
      vertex 48.9305 -22.0225 11.5
    endloop
  endfacet
  facet normal 0 0 1
    outer loop
      vertex 47.7659 -25.062 11.5
      vertex 48.9305 -22.0225 11.5
      vertex 48.7272 -21.8579 11.5
    endloop
  endfacet
  facet normal 0 0 1
    outer loop
      vertex 47.7659 -25.062 11.5
      vertex 48.7272 -21.8579 11.5
      vertex 48.5421 -21.6728 11.5
    endloop
  endfacet
  facet normal 0 0 1
    outer loop
      vertex 47.7659 -25.062 11.5
      vertex 48.5421 -21.6728 11.5
      vertex 48.3775 -21.4695 11.5
    endloop
  endfacet
  facet normal 0 0 1
    outer loop
      vertex 47.7659 -25.062 11.5
      vertex 48.3775 -21.4695 11.5
      vertex 48.2349 -21.25 11.5
    endloop
  endfacet
  facet normal 0 0 1
    outer loop
      vertex 49.6275 -22.3776 11.5
      vertex 47.7659 -25.062 11.5
      vertex 50.4 -25.2 11.5
    endloop
  endfacet
  facet normal 0 0 1
    outer loop
      vertex 48.1161 -21.0168 11.5
      vertex 47.7659 -25.062 11.5
      vertex 48.2349 -21.25 11.5
    endloop
  endfacet
  facet normal 0 0 1
    outer loop
      vertex 48.0224 -20.7725 11.5
      vertex 47.7659 -25.062 11.5
      vertex 48.1161 -21.0168 11.5
    endloop
  endfacet
  facet normal 0 0 1
    outer loop
      vertex 47.9546 -20.5198 11.5
      vertex 47.7659 -25.062 11.5
      vertex 48.0224 -20.7725 11.5
    endloop
  endfacet
  facet normal 0 0 1
    outer loop
      vertex 47.9137 -20.2613 11.5
      vertex 47.7659 -25.062 11.5
      vertex 47.9546 -20.5198 11.5
    endloop
  endfacet
  facet normal 0 0 1
    outer loop
      vertex 47.7659 -25.062 11.5
      vertex 47.9137 -20.2613 11.5
      vertex 47.9 -20 11.5
    endloop
  endfacet
  facet normal -0.629321 0.777145 0
    outer loop
      vertex 35.5878 20.3872 0
      vertex 33.5379 18.7272 11.5
      vertex 35.5878 20.3872 11.5
    endloop
  endfacet
  facet normal -0.629321 0.777145 0
    outer loop
      vertex 33.5379 18.7272 11.5
      vertex 35.5878 20.3872 0
      vertex 33.5379 18.7272 0
    endloop
  endfacet
  facet normal -0.358368 0.933581 0
    outer loop
      vertex 42.6128 23.9666 0
      vertex 40.1502 23.0213 11.5
      vertex 42.6128 23.9666 11.5
    endloop
  endfacet
  facet normal -0.358368 0.933581 0
    outer loop
      vertex 40.1502 23.0213 11.5
      vertex 42.6128 23.9666 0
      vertex 40.1502 23.0213 0
    endloop
  endfacet
  facet normal -0.156434 0.987688 0
    outer loop
      vertex 47.7659 25.062 0
      vertex 45.1606 24.6493 11.5
      vertex 47.7659 25.062 11.5
    endloop
  endfacet
  facet normal -0.156434 0.987688 0
    outer loop
      vertex 45.1606 24.6493 11.5
      vertex 47.7659 25.062 0
      vertex 45.1606 24.6493 0
    endloop
  endfacet
  facet normal 0.777146 -0.629321 0
    outer loop
      vertex 69.1273 -16.8621 11.5
      vertex 70.7872 -14.8122 0
      vertex 70.7872 -14.8122 11.5
    endloop
  endfacet
  facet normal 0.777146 -0.629321 0
    outer loop
      vertex 70.7872 -14.8122 0
      vertex 69.1273 -16.8621 11.5
      vertex 69.1273 -16.8621 0
    endloop
  endfacet
  facet normal -0.891007 -0.45399 0
    outer loop
      vertex 28.5762 -12.6 0
      vertex 28.2 -11.8617 11.5
      vertex 28.2 -11.8617 0
    endloop
  endfacet
  facet normal -0.891007 -0.45399 0
    outer loop
      vertex 28.2 -11.8617 11.5
      vertex 28.5762 -12.6 0
      vertex 28.5762 -12.6 11.5
    endloop
  endfacet
  facet normal 0 0 -1
    outer loop
      vertex 58.1872 -23.9666 0
      vertex 52.8863 -20.2613 0
      vertex 52.9 -20 0
    endloop
  endfacet
  facet normal 0 0 -1
    outer loop
      vertex 55.6394 -24.6493 0
      vertex 52.8454 -20.5198 0
      vertex 52.8863 -20.2613 0
    endloop
  endfacet
  facet normal 0 0 -1
    outer loop
      vertex 55.6394 -24.6493 0
      vertex 52.7776 -20.7725 0
      vertex 52.8454 -20.5198 0
    endloop
  endfacet
  facet normal 0 0 -1
    outer loop
      vertex 55.6394 -24.6493 0
      vertex 52.6839 -21.0168 0
      vertex 52.7776 -20.7725 0
    endloop
  endfacet
  facet normal 0 0 -1
    outer loop
      vertex 55.6394 -24.6493 0
      vertex 52.5651 -21.25 0
      vertex 52.6839 -21.0168 0
    endloop
  endfacet
  facet normal 0 0 -1
    outer loop
      vertex 55.6394 -24.6493 0
      vertex 52.4225 -21.4695 0
      vertex 52.5651 -21.25 0
    endloop
  endfacet
  facet normal 0 0 -1
    outer loop
      vertex 55.6394 -24.6493 0
      vertex 52.2579 -21.6728 0
      vertex 52.4225 -21.4695 0
    endloop
  endfacet
  facet normal 0 0 -1
    outer loop
      vertex 53.0341 -25.062 0
      vertex 52.0728 -21.8579 0
      vertex 52.2579 -21.6728 0
    endloop
  endfacet
  facet normal 0 0 -1
    outer loop
      vertex 53.0341 -25.062 0
      vertex 51.8695 -22.0225 0
      vertex 52.0728 -21.8579 0
    endloop
  endfacet
  facet normal 0 0 -1
    outer loop
      vertex 53.0341 -25.062 0
      vertex 51.65 -22.1651 0
      vertex 51.8695 -22.0225 0
    endloop
  endfacet
  facet normal 0 0 -1
    outer loop
      vertex 53.0341 -25.062 0
      vertex 51.4168 -22.2839 0
      vertex 51.65 -22.1651 0
    endloop
  endfacet
  facet normal 0 0 -1
    outer loop
      vertex 53.0341 -25.062 0
      vertex 51.1725 -22.3776 0
      vertex 51.4168 -22.2839 0
    endloop
  endfacet
  facet normal 0 0 -1
    outer loop
      vertex 50.4 -25.2 0
      vertex 51.1725 -22.3776 0
      vertex 53.0341 -25.062 0
    endloop
  endfacet
  facet normal 0 0 -1
    outer loop
      vertex 51.1725 -22.3776 0
      vertex 50.4 -25.2 0
      vertex 50.9198 -22.4454 0
    endloop
  endfacet
  facet normal 0 0 -1
    outer loop
      vertex 50.9198 -22.4454 0
      vertex 50.4 -25.2 0
      vertex 50.6613 -22.4863 0
    endloop
  endfacet
  facet normal 0 0 -1
    outer loop
      vertex 50.4 -25.2 0
      vertex 50.4 -22.5 0
      vertex 50.6613 -22.4863 0
    endloop
  endfacet
  facet normal 0 0 -1
    outer loop
      vertex 50.4 -25.2 0
      vertex 50.1387 -22.4863 0
      vertex 50.4 -22.5 0
    endloop
  endfacet
  facet normal 0 0 -1
    outer loop
      vertex 50.4 -25.2 0
      vertex 49.8802 -22.4454 0
      vertex 50.1387 -22.4863 0
    endloop
  endfacet
  facet normal 0 0 -1
    outer loop
      vertex 50.4 -25.2 0
      vertex 49.6275 -22.3776 0
      vertex 49.8802 -22.4454 0
    endloop
  endfacet
  facet normal 0 0 -1
    outer loop
      vertex 47.7659 -25.062 0
      vertex 49.6275 -22.3776 0
      vertex 50.4 -25.2 0
    endloop
  endfacet
  facet normal -0 0 -1
    outer loop
      vertex 49.6275 -22.3776 0
      vertex 47.7659 -25.062 0
      vertex 49.3832 -22.2839 0
    endloop
  endfacet
  facet normal -0 0 -1
    outer loop
      vertex 49.3832 -22.2839 0
      vertex 47.7659 -25.062 0
      vertex 49.15 -22.1651 0
    endloop
  endfacet
  facet normal -0 0 -1
    outer loop
      vertex 49.15 -22.1651 0
      vertex 47.7659 -25.062 0
      vertex 48.9305 -22.0225 0
    endloop
  endfacet
  facet normal -0 0 -1
    outer loop
      vertex 48.9305 -22.0225 0
      vertex 47.7659 -25.062 0
      vertex 48.7272 -21.8579 0
    endloop
  endfacet
  facet normal -0 0 -1
    outer loop
      vertex 48.7272 -21.8579 0
      vertex 47.7659 -25.062 0
      vertex 48.5421 -21.6728 0
    endloop
  endfacet
  facet normal 0 0 -1
    outer loop
      vertex 45.1606 -24.6493 0
      vertex 48.5421 -21.6728 0
      vertex 47.7659 -25.062 0
    endloop
  endfacet
  facet normal 0 0 -1
    outer loop
      vertex 42.6128 -23.9666 0
      vertex 47.9546 -20.5198 0
      vertex 45.1606 -24.6493 0
    endloop
  endfacet
  facet normal -0 0 -1
    outer loop
      vertex 48.0224 -20.7725 0
      vertex 45.1606 -24.6493 0
      vertex 47.9546 -20.5198 0
    endloop
  endfacet
  facet normal -0 0 -1
    outer loop
      vertex 48.1161 -21.0168 0
      vertex 45.1606 -24.6493 0
      vertex 48.0224 -20.7725 0
    endloop
  endfacet
  facet normal -0 0 -1
    outer loop
      vertex 48.2349 -21.25 0
      vertex 45.1606 -24.6493 0
      vertex 48.1161 -21.0168 0
    endloop
  endfacet
  facet normal -0 0 -1
    outer loop
      vertex 48.3775 -21.4695 0
      vertex 45.1606 -24.6493 0
      vertex 48.2349 -21.25 0
    endloop
  endfacet
  facet normal -0 0 -1
    outer loop
      vertex 48.5421 -21.6728 0
      vertex 45.1606 -24.6493 0
      vertex 48.3775 -21.4695 0
    endloop
  endfacet
  facet normal 0 0 -1
    outer loop
      vertex 56.5 -6.04557 0
      vertex 72.6 -11.8617 0
      vertex 72.2238 -12.6 0
    endloop
  endfacet
  facet normal 0 0 -1
    outer loop
      vertex 72.6 -11.8617 0
      vertex 56.5 -6.04557 0
      vertex 72.6 11.8617 0
    endloop
  endfacet
  facet normal 0 0 -1
    outer loop
      vertex 56.5 -6.04557 0
      vertex 72.2238 -12.6 0
      vertex 70.7872 -14.8122 0
    endloop
  endfacet
  facet normal 0 0 -1
    outer loop
      vertex 56.5 6.04557 0
      vertex 72.6 11.8617 0
      vertex 56.5 -6.04557 0
    endloop
  endfacet
  facet normal 0 0 -1
    outer loop
      vertex 56.5 -6.04557 0
      vertex 70.7872 -14.8122 0
      vertex 69.1273 -16.8621 0
    endloop
  endfacet
  facet normal -0 0 -1
    outer loop
      vertex 72.6 11.8617 0
      vertex 56.5 6.04557 0
      vertex 72.2238 12.6 0
    endloop
  endfacet
  facet normal 0 0 -1
    outer loop
      vertex 56.5 -6.04557 0
      vertex 69.1273 -16.8621 0
      vertex 67.2621 -18.7272 0
    endloop
  endfacet
  facet normal -0 0 -1
    outer loop
      vertex 72.2238 12.6 0
      vertex 56.5 6.04557 0
      vertex 70.7872 14.8122 0
    endloop
  endfacet
  facet normal 0 0 -1
    outer loop
      vertex 56.1545 -6.39104 0
      vertex 67.2621 -18.7272 0
      vertex 65.2122 -20.3872 0
    endloop
  endfacet
  facet normal -0 0 -1
    outer loop
      vertex 70.7872 14.8122 0
      vertex 56.5 6.04557 0
      vertex 69.1273 16.8621 0
    endloop
  endfacet
  facet normal 0 0 -1
    outer loop
      vertex 55.455 -6.95755 0
      vertex 65.2122 -20.3872 0
      vertex 63 -21.8238 0
    endloop
  endfacet
  facet normal -0 0 -1
    outer loop
      vertex 69.1273 16.8621 0
      vertex 56.5 6.04557 0
      vertex 67.2621 18.7272 0
    endloop
  endfacet
  facet normal 0 0 -1
    outer loop
      vertex 52.6839 -18.9832 0
      vertex 63 -21.8238 0
      vertex 60.6498 -23.0213 0
    endloop
  endfacet
  facet normal 0 0 -1
    outer loop
      vertex 56.1545 6.39104 0
      vertex 67.2621 18.7272 0
      vertex 56.5 6.04557 0
    endloop
  endfacet
  facet normal 0 0 -1
    outer loop
      vertex 52.8863 -19.7387 0
      vertex 60.6498 -23.0213 0
      vertex 58.1872 -23.9666 0
    endloop
  endfacet
  facet normal -0 0 -1
    outer loop
      vertex 67.2621 18.7272 0
      vertex 56.1545 6.39104 0
      vertex 65.2122 20.3872 0
    endloop
  endfacet
  facet normal 0 0 -1
    outer loop
      vertex 55.455 6.95755 0
      vertex 65.2122 20.3872 0
      vertex 56.1545 6.39104 0
    endloop
  endfacet
  facet normal 0 0 -1
    outer loop
      vertex 67.2621 -18.7272 0
      vertex 56.1545 -6.39104 0
      vertex 56.5 -6.04557 0
    endloop
  endfacet
  facet normal 0 0 -1
    outer loop
      vertex 52.8863 -20.2613 0
      vertex 58.1872 -23.9666 0
      vertex 55.6394 -24.6493 0
    endloop
  endfacet
  facet normal 0 0 -1
    outer loop
      vertex 60.6498 -23.0213 0
      vertex 52.7776 -19.2275 0
      vertex 52.6839 -18.9832 0
    endloop
  endfacet
  facet normal 0 0 -1
    outer loop
      vertex 63 -21.8238 0
      vertex 52.6839 -18.9832 0
      vertex 52.5651 -18.75 0
    endloop
  endfacet
  facet normal 0 0 -1
    outer loop
      vertex 65.2122 -20.3872 0
      vertex 55.455 -6.95755 0
      vertex 56.1545 -6.39104 0
    endloop
  endfacet
  facet normal 0 0 -1
    outer loop
      vertex 63 -21.8238 0
      vertex 52.5651 -18.75 0
      vertex 55.455 -6.95755 0
    endloop
  endfacet
  facet normal 0 0 -1
    outer loop
      vertex 52.2579 -21.6728 0
      vertex 55.6394 -24.6493 0
      vertex 53.0341 -25.062 0
    endloop
  endfacet
  facet normal 0 0 -1
    outer loop
      vertex 58.1872 -23.9666 0
      vertex 52.9 -20 0
      vertex 52.8863 -19.7387 0
    endloop
  endfacet
  facet normal 0 0 -1
    outer loop
      vertex 60.6498 -23.0213 0
      vertex 52.8863 -19.7387 0
      vertex 52.8454 -19.4802 0
    endloop
  endfacet
  facet normal 0 0 -1
    outer loop
      vertex 60.6498 -23.0213 0
      vertex 52.8454 -19.4802 0
      vertex 52.7776 -19.2275 0
    endloop
  endfacet
  facet normal 0 0 -1
    outer loop
      vertex 55.455 -6.95755 0
      vertex 52.5651 -18.75 0
      vertex 54.7 -7.44782 0
    endloop
  endfacet
  facet normal 0 0 -1
    outer loop
      vertex 52.4225 -18.5305 0
      vertex 54.7 -7.44782 0
      vertex 52.5651 -18.75 0
    endloop
  endfacet
  facet normal 0 0 -1
    outer loop
      vertex 52.2579 -18.3272 0
      vertex 54.7 -7.44782 0
      vertex 52.4225 -18.5305 0
    endloop
  endfacet
  facet normal 0 0 -1
    outer loop
      vertex 54.7 -7.44782 0
      vertex 52.2579 -18.3272 0
      vertex 53.8979 -7.85649 0
    endloop
  endfacet
  facet normal 0 0 -1
    outer loop
      vertex 52.0728 -18.1421 0
      vertex 53.8979 -7.85649 0
      vertex 52.2579 -18.3272 0
    endloop
  endfacet
  facet normal 0 0 -1
    outer loop
      vertex 51.8695 -17.9775 0
      vertex 53.8979 -7.85649 0
      vertex 52.0728 -18.1421 0
    endloop
  endfacet
  facet normal 0 0 -1
    outer loop
      vertex 53.8979 -7.85649 0
      vertex 51.8695 -17.9775 0
      vertex 53.0575 -8.17909 0
    endloop
  endfacet
  facet normal 0 0 -1
    outer loop
      vertex 51.65 -17.8349 0
      vertex 53.0575 -8.17909 0
      vertex 51.8695 -17.9775 0
    endloop
  endfacet
  facet normal 0 0 -1
    outer loop
      vertex 53.0575 -8.17909 0
      vertex 51.65 -17.8349 0
      vertex 52.188 -8.41207 0
    endloop
  endfacet
  facet normal 0 0 -1
    outer loop
      vertex 51.4168 -17.7161 0
      vertex 52.188 -8.41207 0
      vertex 51.65 -17.8349 0
    endloop
  endfacet
  facet normal 0 0 -1
    outer loop
      vertex 51.1725 -17.6224 0
      vertex 52.188 -8.41207 0
      vertex 51.4168 -17.7161 0
    endloop
  endfacet
  facet normal 0 0 -1
    outer loop
      vertex 52.188 -8.41207 0
      vertex 51.1725 -17.6224 0
      vertex 51.2989 -8.55289 0
    endloop
  endfacet
  facet normal 0 0 -1
    outer loop
      vertex 50.9198 -17.5546 0
      vertex 51.2989 -8.55289 0
      vertex 51.1725 -17.6224 0
    endloop
  endfacet
  facet normal 0 0 -1
    outer loop
      vertex 50.6613 -17.5137 0
      vertex 51.2989 -8.55289 0
      vertex 50.9198 -17.5546 0
    endloop
  endfacet
  facet normal 0 0 -1
    outer loop
      vertex 50.4 -8.6 0
      vertex 50.6613 -17.5137 0
      vertex 50.4 -17.5 0
    endloop
  endfacet
  facet normal 0 0 -1
    outer loop
      vertex 50.6613 -17.5137 0
      vertex 50.4 -8.6 0
      vertex 51.2989 -8.55289 0
    endloop
  endfacet
  facet normal 0 0 -1
    outer loop
      vertex 50.1387 -17.5137 0
      vertex 50.4 -8.6 0
      vertex 50.4 -17.5 0
    endloop
  endfacet
  facet normal 0 0 -1
    outer loop
      vertex 49.5011 -8.55289 0
      vertex 50.1387 -17.5137 0
      vertex 49.8802 -17.5546 0
    endloop
  endfacet
  facet normal 0 0 -1
    outer loop
      vertex 49.5011 -8.55289 0
      vertex 49.8802 -17.5546 0
      vertex 49.6275 -17.6224 0
    endloop
  endfacet
  facet normal 0 0 -1
    outer loop
      vertex 50.1387 -17.5137 0
      vertex 49.5011 -8.55289 0
      vertex 50.4 -8.6 0
    endloop
  endfacet
  facet normal 0 0 -1
    outer loop
      vertex 48.612 -8.41207 0
      vertex 49.6275 -17.6224 0
      vertex 49.3832 -17.7161 0
    endloop
  endfacet
  facet normal 0 0 -1
    outer loop
      vertex 48.612 -8.41207 0
      vertex 49.3832 -17.7161 0
      vertex 49.15 -17.8349 0
    endloop
  endfacet
  facet normal 0 0 -1
    outer loop
      vertex 47.7425 -8.17909 0
      vertex 49.15 -17.8349 0
      vertex 48.9305 -17.9775 0
    endloop
  endfacet
  facet normal 0 0 -1
    outer loop
      vertex 46.9021 -7.85649 0
      vertex 48.9305 -17.9775 0
      vertex 48.7272 -18.1421 0
    endloop
  endfacet
  facet normal 0 0 -1
    outer loop
      vertex 49.6275 -17.6224 0
      vertex 48.612 -8.41207 0
      vertex 49.5011 -8.55289 0
    endloop
  endfacet
  facet normal 0 0 -1
    outer loop
      vertex 46.9021 -7.85649 0
      vertex 48.7272 -18.1421 0
      vertex 48.5421 -18.3272 0
    endloop
  endfacet
  facet normal 0 0 -1
    outer loop
      vertex 46.1 -7.44782 0
      vertex 48.5421 -18.3272 0
      vertex 48.3775 -18.5305 0
    endloop
  endfacet
  facet normal 0 0 -1
    outer loop
      vertex 46.1 -7.44782 0
      vertex 48.3775 -18.5305 0
      vertex 48.2349 -18.75 0
    endloop
  endfacet
  facet normal 0 0 -1
    outer loop
      vertex 37.8 -21.8238 0
      vertex 48.2349 -18.75 0
      vertex 48.1161 -18.9832 0
    endloop
  endfacet
  facet normal 0 0 -1
    outer loop
      vertex 40.1502 -23.0213 0
      vertex 48.1161 -18.9832 0
      vertex 48.0224 -19.2275 0
    endloop
  endfacet
  facet normal 0 0 -1
    outer loop
      vertex 40.1502 -23.0213 0
      vertex 48.0224 -19.2275 0
      vertex 47.9546 -19.4802 0
    endloop
  endfacet
  facet normal 0 0 -1
    outer loop
      vertex 40.1502 -23.0213 0
      vertex 47.9546 -19.4802 0
      vertex 47.9137 -19.7387 0
    endloop
  endfacet
  facet normal 0 0 -1
    outer loop
      vertex 49.15 -17.8349 0
      vertex 47.7425 -8.17909 0
      vertex 48.612 -8.41207 0
    endloop
  endfacet
  facet normal 0 0 -1
    outer loop
      vertex 42.6128 -23.9666 0
      vertex 47.9137 -19.7387 0
      vertex 47.9 -20 0
    endloop
  endfacet
  facet normal -0 0 -1
    outer loop
      vertex 47.9546 -20.5198 0
      vertex 42.6128 -23.9666 0
      vertex 47.9137 -20.2613 0
    endloop
  endfacet
  facet normal -0 0 -1
    outer loop
      vertex 47.9137 -20.2613 0
      vertex 42.6128 -23.9666 0
      vertex 47.9 -20 0
    endloop
  endfacet
  facet normal 0 0 -1
    outer loop
      vertex 47.9137 -19.7387 0
      vertex 42.6128 -23.9666 0
      vertex 40.1502 -23.0213 0
    endloop
  endfacet
  facet normal 0 0 -1
    outer loop
      vertex 48.9305 -17.9775 0
      vertex 46.9021 -7.85649 0
      vertex 47.7425 -8.17909 0
    endloop
  endfacet
  facet normal 0 0 -1
    outer loop
      vertex 48.1161 -18.9832 0
      vertex 40.1502 -23.0213 0
      vertex 37.8 -21.8238 0
    endloop
  endfacet
  facet normal 0 0 -1
    outer loop
      vertex 48.5421 -18.3272 0
      vertex 46.1 -7.44782 0
      vertex 46.9021 -7.85649 0
    endloop
  endfacet
  facet normal -0 0 -1
    outer loop
      vertex 48.2349 -18.75 0
      vertex 37.8 -21.8238 0
      vertex 46.1 -7.44782 0
    endloop
  endfacet
  facet normal 0 0 -1
    outer loop
      vertex 35.5878 -20.3872 0
      vertex 45.345 -6.95755 0
      vertex 37.8 -21.8238 0
    endloop
  endfacet
  facet normal -0 0 -1
    outer loop
      vertex 46.1 -7.44782 0
      vertex 37.8 -21.8238 0
      vertex 45.345 -6.95755 0
    endloop
  endfacet
  facet normal -0 0 -1
    outer loop
      vertex 65.2122 20.3872 0
      vertex 55.455 6.95755 0
      vertex 63 21.8238 0
    endloop
  endfacet
  facet normal 0 0 -1
    outer loop
      vertex 52.5651 18.75 0
      vertex 63 21.8238 0
      vertex 55.455 6.95755 0
    endloop
  endfacet
  facet normal 0 -0 -1
    outer loop
      vertex 52.6839 18.9832 0
      vertex 63 21.8238 0
      vertex 52.5651 18.75 0
    endloop
  endfacet
  facet normal 0 -0 -1
    outer loop
      vertex 52.7776 19.2275 0
      vertex 60.6498 23.0213 0
      vertex 52.6839 18.9832 0
    endloop
  endfacet
  facet normal 0 0 -1
    outer loop
      vertex 52.5651 18.75 0
      vertex 55.455 6.95755 0
      vertex 54.7 7.44782 0
    endloop
  endfacet
  facet normal 0 0 -1
    outer loop
      vertex 52.2579 18.3272 0
      vertex 54.7 7.44782 0
      vertex 53.8979 7.85649 0
    endloop
  endfacet
  facet normal 0 0 -1
    outer loop
      vertex 51.8695 17.9775 0
      vertex 53.8979 7.85649 0
      vertex 53.0575 8.17909 0
    endloop
  endfacet
  facet normal 0 -0 -1
    outer loop
      vertex 52.8863 19.7387 0
      vertex 60.6498 23.0213 0
      vertex 52.8454 19.4802 0
    endloop
  endfacet
  facet normal 0 0 -1
    outer loop
      vertex 52.8454 20.5198 0
      vertex 58.1872 23.9666 0
      vertex 52.8863 20.2613 0
    endloop
  endfacet
  facet normal 0 0 -1
    outer loop
      vertex 52.8863 20.2613 0
      vertex 58.1872 23.9666 0
      vertex 52.9 20 0
    endloop
  endfacet
  facet normal 0 -0 -1
    outer loop
      vertex 52.9 20 0
      vertex 58.1872 23.9666 0
      vertex 52.8863 19.7387 0
    endloop
  endfacet
  facet normal -0 0 -1
    outer loop
      vertex 60.6498 23.0213 0
      vertex 52.8863 19.7387 0
      vertex 58.1872 23.9666 0
    endloop
  endfacet
  facet normal 0 -0 -1
    outer loop
      vertex 52.8454 19.4802 0
      vertex 60.6498 23.0213 0
      vertex 52.7776 19.2275 0
    endloop
  endfacet
  facet normal -0 0 -1
    outer loop
      vertex 63 21.8238 0
      vertex 52.6839 18.9832 0
      vertex 60.6498 23.0213 0
    endloop
  endfacet
  facet normal 0 0 -1
    outer loop
      vertex 54.7 7.44782 0
      vertex 52.4225 18.5305 0
      vertex 52.5651 18.75 0
    endloop
  endfacet
  facet normal 0 0 -1
    outer loop
      vertex 54.7 7.44782 0
      vertex 52.2579 18.3272 0
      vertex 52.4225 18.5305 0
    endloop
  endfacet
  facet normal 0 0 -1
    outer loop
      vertex 51.65 17.8349 0
      vertex 53.0575 8.17909 0
      vertex 52.188 8.41207 0
    endloop
  endfacet
  facet normal 0 0 -1
    outer loop
      vertex 53.8979 7.85649 0
      vertex 52.0728 18.1421 0
      vertex 52.2579 18.3272 0
    endloop
  endfacet
  facet normal 0 0 -1
    outer loop
      vertex 53.8979 7.85649 0
      vertex 51.8695 17.9775 0
      vertex 52.0728 18.1421 0
    endloop
  endfacet
  facet normal 0 0 -1
    outer loop
      vertex 53.0575 8.17909 0
      vertex 51.65 17.8349 0
      vertex 51.8695 17.9775 0
    endloop
  endfacet
  facet normal 0 0 -1
    outer loop
      vertex 52.188 8.41207 0
      vertex 51.4168 17.7161 0
      vertex 51.65 17.8349 0
    endloop
  endfacet
  facet normal 0 0 -1
    outer loop
      vertex 51.1725 17.6224 0
      vertex 52.188 8.41207 0
      vertex 51.2989 8.55289 0
    endloop
  endfacet
  facet normal 0 0 -1
    outer loop
      vertex 52.188 8.41207 0
      vertex 51.1725 17.6224 0
      vertex 51.4168 17.7161 0
    endloop
  endfacet
  facet normal 0 0 -1
    outer loop
      vertex 51.2989 8.55289 0
      vertex 50.9198 17.5546 0
      vertex 51.1725 17.6224 0
    endloop
  endfacet
  facet normal 0 0 -1
    outer loop
      vertex 51.2989 8.55289 0
      vertex 50.6613 17.5137 0
      vertex 50.9198 17.5546 0
    endloop
  endfacet
  facet normal 0 0 -1
    outer loop
      vertex 50.4 8.6 0
      vertex 50.6613 17.5137 0
      vertex 51.2989 8.55289 0
    endloop
  endfacet
  facet normal 0 0 -1
    outer loop
      vertex 50.4 8.6 0
      vertex 50.4 17.5 0
      vertex 50.6613 17.5137 0
    endloop
  endfacet
  facet normal 0 0 -1
    outer loop
      vertex 50.4 8.6 0
      vertex 50.1387 17.5137 0
      vertex 50.4 17.5 0
    endloop
  endfacet
  facet normal 0 0 -1
    outer loop
      vertex 49.5011 8.55289 0
      vertex 50.1387 17.5137 0
      vertex 50.4 8.6 0
    endloop
  endfacet
  facet normal -0 0 -1
    outer loop
      vertex 50.1387 17.5137 0
      vertex 49.5011 8.55289 0
      vertex 49.8802 17.5546 0
    endloop
  endfacet
  facet normal -0 0 -1
    outer loop
      vertex 49.8802 17.5546 0
      vertex 49.5011 8.55289 0
      vertex 49.6275 17.6224 0
    endloop
  endfacet
  facet normal 0 0 -1
    outer loop
      vertex 48.612 8.41207 0
      vertex 49.6275 17.6224 0
      vertex 49.5011 8.55289 0
    endloop
  endfacet
  facet normal -0 0 -1
    outer loop
      vertex 49.6275 17.6224 0
      vertex 48.612 8.41207 0
      vertex 49.3832 17.7161 0
    endloop
  endfacet
  facet normal -0 0 -1
    outer loop
      vertex 49.3832 17.7161 0
      vertex 48.612 8.41207 0
      vertex 49.15 17.8349 0
    endloop
  endfacet
  facet normal 0 0 -1
    outer loop
      vertex 47.7425 8.17909 0
      vertex 49.15 17.8349 0
      vertex 48.612 8.41207 0
    endloop
  endfacet
  facet normal -0 0 -1
    outer loop
      vertex 49.15 17.8349 0
      vertex 47.7425 8.17909 0
      vertex 48.9305 17.9775 0
    endloop
  endfacet
  facet normal 0 0 -1
    outer loop
      vertex 46.9021 7.85649 0
      vertex 48.9305 17.9775 0
      vertex 47.7425 8.17909 0
    endloop
  endfacet
  facet normal -0 0 -1
    outer loop
      vertex 48.9305 17.9775 0
      vertex 46.9021 7.85649 0
      vertex 48.7272 18.1421 0
    endloop
  endfacet
  facet normal -0 0 -1
    outer loop
      vertex 48.7272 18.1421 0
      vertex 46.9021 7.85649 0
      vertex 48.5421 18.3272 0
    endloop
  endfacet
  facet normal 0 0 -1
    outer loop
      vertex 46.1 7.44782 0
      vertex 48.5421 18.3272 0
      vertex 46.9021 7.85649 0
    endloop
  endfacet
  facet normal -0 0 -1
    outer loop
      vertex 48.5421 18.3272 0
      vertex 46.1 7.44782 0
      vertex 48.3775 18.5305 0
    endloop
  endfacet
  facet normal -0 0 -1
    outer loop
      vertex 48.3775 18.5305 0
      vertex 46.1 7.44782 0
      vertex 48.2349 18.75 0
    endloop
  endfacet
  facet normal 0 0 -1
    outer loop
      vertex 37.8 21.8238 0
      vertex 48.2349 18.75 0
      vertex 46.1 7.44782 0
    endloop
  endfacet
  facet normal 0 0 -1
    outer loop
      vertex 48.2349 18.75 0
      vertex 37.8 21.8238 0
      vertex 48.1161 18.9832 0
    endloop
  endfacet
  facet normal 0 -0 -1
    outer loop
      vertex 40.1502 23.0213 0
      vertex 48.1161 18.9832 0
      vertex 37.8 21.8238 0
    endloop
  endfacet
  facet normal 0 0 -1
    outer loop
      vertex 48.1161 18.9832 0
      vertex 40.1502 23.0213 0
      vertex 48.0224 19.2275 0
    endloop
  endfacet
  facet normal 0 0 -1
    outer loop
      vertex 48.0224 19.2275 0
      vertex 40.1502 23.0213 0
      vertex 47.9546 19.4802 0
    endloop
  endfacet
  facet normal 0 0 -1
    outer loop
      vertex 47.9546 19.4802 0
      vertex 40.1502 23.0213 0
      vertex 47.9137 19.7387 0
    endloop
  endfacet
  facet normal 0 0 -1
    outer loop
      vertex 37.8 21.8238 0
      vertex 46.1 7.44782 0
      vertex 45.345 6.95755 0
    endloop
  endfacet
  facet normal 0 0 -1
    outer loop
      vertex 47.9 20 0
      vertex 45.1606 24.6493 0
      vertex 47.7659 25.062 0
    endloop
  endfacet
  facet normal 0 0 -1
    outer loop
      vertex 35.5878 20.3872 0
      vertex 45.345 6.95755 0
      vertex 44.6455 6.39104 0
    endloop
  endfacet
  facet normal 0 0 -1
    outer loop
      vertex 33.5379 18.7272 0
      vertex 44.6455 6.39104 0
      vertex 44.3 6.04557 0
    endloop
  endfacet
  facet normal -0 0 -1
    outer loop
      vertex 45.345 -6.95755 0
      vertex 35.5878 -20.3872 0
      vertex 44.6455 -6.39104 0
    endloop
  endfacet
  facet normal 0 0 -1
    outer loop
      vertex 47.9 20 0
      vertex 42.6128 23.9666 0
      vertex 45.1606 24.6493 0
    endloop
  endfacet
  facet normal 0 0 -1
    outer loop
      vertex 33.5379 -18.7272 0
      vertex 44.6455 -6.39104 0
      vertex 35.5878 -20.3872 0
    endloop
  endfacet
  facet normal 0 0 -1
    outer loop
      vertex 47.9137 19.7387 0
      vertex 42.6128 23.9666 0
      vertex 47.9 20 0
    endloop
  endfacet
  facet normal -0 0 -1
    outer loop
      vertex 44.6455 -6.39104 0
      vertex 33.5379 -18.7272 0
      vertex 44.3 -6.04557 0
    endloop
  endfacet
  facet normal 0 -0 -1
    outer loop
      vertex 42.6128 23.9666 0
      vertex 47.9137 19.7387 0
      vertex 40.1502 23.0213 0
    endloop
  endfacet
  facet normal 0 0 -1
    outer loop
      vertex 31.6728 -16.8621 0
      vertex 44.3 -6.04557 0
      vertex 33.5379 -18.7272 0
    endloop
  endfacet
  facet normal 0 0 -1
    outer loop
      vertex 45.345 6.95755 0
      vertex 35.5878 20.3872 0
      vertex 37.8 21.8238 0
    endloop
  endfacet
  facet normal 0 0 -1
    outer loop
      vertex 30.0128 -14.8122 0
      vertex 44.3 -6.04557 0
      vertex 31.6728 -16.8621 0
    endloop
  endfacet
  facet normal 0 0 -1
    outer loop
      vertex 44.6455 6.39104 0
      vertex 33.5379 18.7272 0
      vertex 35.5878 20.3872 0
    endloop
  endfacet
  facet normal 0 0 -1
    outer loop
      vertex 28.5762 -12.6 0
      vertex 44.3 -6.04557 0
      vertex 30.0128 -14.8122 0
    endloop
  endfacet
  facet normal 0 0 -1
    outer loop
      vertex 44.3 6.04557 0
      vertex 31.6728 16.8621 0
      vertex 33.5379 18.7272 0
    endloop
  endfacet
  facet normal 0 0 -1
    outer loop
      vertex 28.2 -11.8617 0
      vertex 44.3 -6.04557 0
      vertex 28.5762 -12.6 0
    endloop
  endfacet
  facet normal 0 0 -1
    outer loop
      vertex 44.3 6.04557 0
      vertex 30.0128 14.8122 0
      vertex 31.6728 16.8621 0
    endloop
  endfacet
  facet normal -0 0 -1
    outer loop
      vertex 44.3 -6.04557 0
      vertex 28.2 -11.8617 0
      vertex 44.3 6.04557 0
    endloop
  endfacet
  facet normal 0 0 -1
    outer loop
      vertex 28.2 11.8617 0
      vertex 44.3 6.04557 0
      vertex 28.2 -11.8617 0
    endloop
  endfacet
  facet normal 0 -0 -1
    outer loop
      vertex 28.5762 12.6 0
      vertex 44.3 6.04557 0
      vertex 28.2 11.8617 0
    endloop
  endfacet
  facet normal 0 0 -1
    outer loop
      vertex 44.3 6.04557 0
      vertex 28.5762 12.6 0
      vertex 30.0128 14.8122 0
    endloop
  endfacet
  facet normal -0 0 -1
    outer loop
      vertex 58.1872 23.9666 0
      vertex 52.8454 20.5198 0
      vertex 55.6394 24.6493 0
    endloop
  endfacet
  facet normal 0 0 -1
    outer loop
      vertex 52.7776 20.7725 0
      vertex 55.6394 24.6493 0
      vertex 52.8454 20.5198 0
    endloop
  endfacet
  facet normal 0 0 -1
    outer loop
      vertex 52.6839 21.0168 0
      vertex 55.6394 24.6493 0
      vertex 52.7776 20.7725 0
    endloop
  endfacet
  facet normal 0 0 -1
    outer loop
      vertex 52.5651 21.25 0
      vertex 55.6394 24.6493 0
      vertex 52.6839 21.0168 0
    endloop
  endfacet
  facet normal 0 0 -1
    outer loop
      vertex 52.4225 21.4695 0
      vertex 55.6394 24.6493 0
      vertex 52.5651 21.25 0
    endloop
  endfacet
  facet normal 0 0 -1
    outer loop
      vertex 52.2579 21.6728 0
      vertex 55.6394 24.6493 0
      vertex 52.4225 21.4695 0
    endloop
  endfacet
  facet normal -0 0 -1
    outer loop
      vertex 55.6394 24.6493 0
      vertex 52.2579 21.6728 0
      vertex 53.0341 25.062 0
    endloop
  endfacet
  facet normal 0 0 -1
    outer loop
      vertex 52.0728 21.8579 0
      vertex 53.0341 25.062 0
      vertex 52.2579 21.6728 0
    endloop
  endfacet
  facet normal 0 0 -1
    outer loop
      vertex 51.8695 22.0225 0
      vertex 53.0341 25.062 0
      vertex 52.0728 21.8579 0
    endloop
  endfacet
  facet normal 0 0 -1
    outer loop
      vertex 51.65 22.1651 0
      vertex 53.0341 25.062 0
      vertex 51.8695 22.0225 0
    endloop
  endfacet
  facet normal 0 0 -1
    outer loop
      vertex 51.4168 22.2839 0
      vertex 53.0341 25.062 0
      vertex 51.65 22.1651 0
    endloop
  endfacet
  facet normal 0 0 -1
    outer loop
      vertex 51.1725 22.3776 0
      vertex 53.0341 25.062 0
      vertex 51.4168 22.2839 0
    endloop
  endfacet
  facet normal 0 0 -1
    outer loop
      vertex 50.4 25.2 0
      vertex 51.1725 22.3776 0
      vertex 50.9198 22.4454 0
    endloop
  endfacet
  facet normal 0 0 -1
    outer loop
      vertex 50.4 25.2 0
      vertex 50.9198 22.4454 0
      vertex 50.6613 22.4863 0
    endloop
  endfacet
  facet normal 0 0 -1
    outer loop
      vertex 50.4 25.2 0
      vertex 50.6613 22.4863 0
      vertex 50.4 22.5 0
    endloop
  endfacet
  facet normal 0 0 -1
    outer loop
      vertex 51.1725 22.3776 0
      vertex 50.4 25.2 0
      vertex 53.0341 25.062 0
    endloop
  endfacet
  facet normal 0 0 -1
    outer loop
      vertex 50.1387 22.4863 0
      vertex 50.4 25.2 0
      vertex 50.4 22.5 0
    endloop
  endfacet
  facet normal 0 0 -1
    outer loop
      vertex 49.8802 22.4454 0
      vertex 50.4 25.2 0
      vertex 50.1387 22.4863 0
    endloop
  endfacet
  facet normal 0 0 -1
    outer loop
      vertex 49.6275 22.3776 0
      vertex 50.4 25.2 0
      vertex 49.8802 22.4454 0
    endloop
  endfacet
  facet normal 0 0 -1
    outer loop
      vertex 47.7659 25.062 0
      vertex 49.6275 22.3776 0
      vertex 49.3832 22.2839 0
    endloop
  endfacet
  facet normal 0 0 -1
    outer loop
      vertex 47.7659 25.062 0
      vertex 49.3832 22.2839 0
      vertex 49.15 22.1651 0
    endloop
  endfacet
  facet normal 0 0 -1
    outer loop
      vertex 47.7659 25.062 0
      vertex 49.15 22.1651 0
      vertex 48.9305 22.0225 0
    endloop
  endfacet
  facet normal 0 0 -1
    outer loop
      vertex 47.7659 25.062 0
      vertex 48.9305 22.0225 0
      vertex 48.7272 21.8579 0
    endloop
  endfacet
  facet normal 0 0 -1
    outer loop
      vertex 47.7659 25.062 0
      vertex 48.7272 21.8579 0
      vertex 48.5421 21.6728 0
    endloop
  endfacet
  facet normal 0 0 -1
    outer loop
      vertex 47.7659 25.062 0
      vertex 48.5421 21.6728 0
      vertex 48.3775 21.4695 0
    endloop
  endfacet
  facet normal 0 0 -1
    outer loop
      vertex 47.7659 25.062 0
      vertex 48.3775 21.4695 0
      vertex 48.2349 21.25 0
    endloop
  endfacet
  facet normal 0 0 -1
    outer loop
      vertex 49.6275 22.3776 0
      vertex 47.7659 25.062 0
      vertex 50.4 25.2 0
    endloop
  endfacet
  facet normal 0 0 -1
    outer loop
      vertex 48.1161 21.0168 0
      vertex 47.7659 25.062 0
      vertex 48.2349 21.25 0
    endloop
  endfacet
  facet normal 0 0 -1
    outer loop
      vertex 48.0224 20.7725 0
      vertex 47.7659 25.062 0
      vertex 48.1161 21.0168 0
    endloop
  endfacet
  facet normal 0 0 -1
    outer loop
      vertex 47.9546 20.5198 0
      vertex 47.7659 25.062 0
      vertex 48.0224 20.7725 0
    endloop
  endfacet
  facet normal 0 0 -1
    outer loop
      vertex 47.9137 20.2613 0
      vertex 47.7659 25.062 0
      vertex 47.9546 20.5198 0
    endloop
  endfacet
  facet normal 0 0 -1
    outer loop
      vertex 47.7659 25.062 0
      vertex 47.9137 20.2613 0
      vertex 47.9 20 0
    endloop
  endfacet
  facet normal 0.838671 -0.544638 0
    outer loop
      vertex 70.7872 -14.8122 11.5
      vertex 72.2238 -12.6 0
      vertex 72.2238 -12.6 11.5
    endloop
  endfacet
  facet normal 0.838671 -0.544638 0
    outer loop
      vertex 72.2238 -12.6 0
      vertex 70.7872 -14.8122 11.5
      vertex 70.7872 -14.8122 0
    endloop
  endfacet
  facet normal 0.544639 -0.83867 0
    outer loop
      vertex 63 -21.8238 0
      vertex 65.2122 -20.3872 11.5
      vertex 63 -21.8238 11.5
    endloop
  endfacet
  facet normal 0.544639 -0.83867 0
    outer loop
      vertex 65.2122 -20.3872 11.5
      vertex 63 -21.8238 0
      vertex 65.2122 -20.3872 0
    endloop
  endfacet
  facet normal 0.707107 -0.707107 0
    outer loop
      vertex 67.2621 -18.7272 11.5
      vertex 69.1273 -16.8621 0
      vertex 69.1273 -16.8621 11.5
    endloop
  endfacet
  facet normal 0.707107 -0.707107 0
    outer loop
      vertex 69.1273 -16.8621 0
      vertex 67.2621 -18.7272 11.5
      vertex 67.2621 -18.7272 0
    endloop
  endfacet
  facet normal 0.358368 -0.93358 0
    outer loop
      vertex 58.1872 -23.9666 0
      vertex 60.6498 -23.0213 11.5
      vertex 58.1872 -23.9666 11.5
    endloop
  endfacet
  facet normal 0.358368 -0.93358 0
    outer loop
      vertex 60.6498 -23.0213 11.5
      vertex 58.1872 -23.9666 0
      vertex 60.6498 -23.0213 0
    endloop
  endfacet
  facet normal 0.891007 -0.45399 0
    outer loop
      vertex 72.2238 -12.6 11.5
      vertex 72.6 -11.8617 0
      vertex 72.6 -11.8617 11.5
    endloop
  endfacet
  facet normal 0.891007 -0.45399 0
    outer loop
      vertex 72.6 -11.8617 0
      vertex 72.2238 -12.6 11.5
      vertex 72.2238 -12.6 0
    endloop
  endfacet
  facet normal 0.62932 -0.777146 0
    outer loop
      vertex 65.2122 -20.3872 0
      vertex 67.2621 -18.7272 11.5
      vertex 65.2122 -20.3872 11.5
    endloop
  endfacet
  facet normal 0.62932 -0.777146 0
    outer loop
      vertex 67.2621 -18.7272 11.5
      vertex 65.2122 -20.3872 0
      vertex 67.2621 -18.7272 0
    endloop
  endfacet
  facet normal -0.0523367 -0.998629 0
    outer loop
      vertex 47.7659 -25.062 0
      vertex 50.4 -25.2 11.5
      vertex 47.7659 -25.062 11.5
    endloop
  endfacet
  facet normal -0.0523367 -0.998629 -0
    outer loop
      vertex 50.4 -25.2 11.5
      vertex 47.7659 -25.062 0
      vertex 50.4 -25.2 0
    endloop
  endfacet
  facet normal -0.707106 -0.707107 0
    outer loop
      vertex 31.6728 -16.8621 0
      vertex 33.5379 -18.7272 11.5
      vertex 31.6728 -16.8621 11.5
    endloop
  endfacet
  facet normal -0.707106 -0.707107 -0
    outer loop
      vertex 33.5379 -18.7272 11.5
      vertex 31.6728 -16.8621 0
      vertex 33.5379 -18.7272 0
    endloop
  endfacet
  facet normal 0.258819 -0.965926 0
    outer loop
      vertex 55.6394 -24.6493 0
      vertex 58.1872 -23.9666 11.5
      vertex 55.6394 -24.6493 11.5
    endloop
  endfacet
  facet normal 0.258819 -0.965926 0
    outer loop
      vertex 58.1872 -23.9666 11.5
      vertex 55.6394 -24.6493 0
      vertex 58.1872 -23.9666 0
    endloop
  endfacet
  facet normal 0.156435 -0.987688 0
    outer loop
      vertex 53.0341 -25.062 0
      vertex 55.6394 -24.6493 11.5
      vertex 53.0341 -25.062 11.5
    endloop
  endfacet
  facet normal 0.156435 -0.987688 0
    outer loop
      vertex 55.6394 -24.6493 11.5
      vertex 53.0341 -25.062 0
      vertex 55.6394 -24.6493 0
    endloop
  endfacet
  facet normal -0.629321 -0.777145 0
    outer loop
      vertex 33.5379 -18.7272 0
      vertex 35.5878 -20.3872 11.5
      vertex 33.5379 -18.7272 11.5
    endloop
  endfacet
  facet normal -0.629321 -0.777145 -0
    outer loop
      vertex 35.5878 -20.3872 11.5
      vertex 33.5379 -18.7272 0
      vertex 35.5878 -20.3872 0
    endloop
  endfacet
  facet normal -0.258819 -0.965926 0
    outer loop
      vertex 42.6128 -23.9666 0
      vertex 45.1606 -24.6493 11.5
      vertex 42.6128 -23.9666 11.5
    endloop
  endfacet
  facet normal -0.258819 -0.965926 -0
    outer loop
      vertex 45.1606 -24.6493 11.5
      vertex 42.6128 -23.9666 0
      vertex 45.1606 -24.6493 0
    endloop
  endfacet
  facet normal -0.156434 -0.987688 0
    outer loop
      vertex 45.1606 -24.6493 0
      vertex 47.7659 -25.062 11.5
      vertex 45.1606 -24.6493 11.5
    endloop
  endfacet
  facet normal -0.156434 -0.987688 -0
    outer loop
      vertex 47.7659 -25.062 11.5
      vertex 45.1606 -24.6493 0
      vertex 47.7659 -25.062 0
    endloop
  endfacet
  facet normal -0.838671 -0.544639 0
    outer loop
      vertex 30.0128 -14.8122 0
      vertex 28.5762 -12.6 11.5
      vertex 28.5762 -12.6 0
    endloop
  endfacet
  facet normal -0.838671 -0.544639 0
    outer loop
      vertex 28.5762 -12.6 11.5
      vertex 30.0128 -14.8122 0
      vertex 30.0128 -14.8122 11.5
    endloop
  endfacet
  facet normal -0.777146 -0.62932 0
    outer loop
      vertex 31.6728 -16.8621 0
      vertex 30.0128 -14.8122 11.5
      vertex 30.0128 -14.8122 0
    endloop
  endfacet
  facet normal -0.777146 -0.62932 0
    outer loop
      vertex 30.0128 -14.8122 11.5
      vertex 31.6728 -16.8621 0
      vertex 31.6728 -16.8621 11.5
    endloop
  endfacet
  facet normal -0.544639 -0.83867 0
    outer loop
      vertex 35.5878 -20.3872 0
      vertex 37.8 -21.8238 11.5
      vertex 35.5878 -20.3872 11.5
    endloop
  endfacet
  facet normal -0.544639 -0.83867 -0
    outer loop
      vertex 37.8 -21.8238 11.5
      vertex 35.5878 -20.3872 0
      vertex 37.8 -21.8238 0
    endloop
  endfacet
  facet normal -0.358368 -0.933581 0
    outer loop
      vertex 40.1502 -23.0213 0
      vertex 42.6128 -23.9666 11.5
      vertex 40.1502 -23.0213 11.5
    endloop
  endfacet
  facet normal -0.358368 -0.933581 -0
    outer loop
      vertex 42.6128 -23.9666 11.5
      vertex 40.1502 -23.0213 0
      vertex 42.6128 -23.9666 0
    endloop
  endfacet
  facet normal -0.45399 -0.891007 0
    outer loop
      vertex 37.8 -21.8238 0
      vertex 40.1502 -23.0213 11.5
      vertex 37.8 -21.8238 11.5
    endloop
  endfacet
  facet normal -0.45399 -0.891007 -0
    outer loop
      vertex 40.1502 -23.0213 11.5
      vertex 37.8 -21.8238 0
      vertex 40.1502 -23.0213 0
    endloop
  endfacet
  facet normal 1 0 0
    outer loop
      vertex 72.6 11.8617 11.5
      vertex 72.6 4.6 5.75
      vertex 72.6 11.8617 0
    endloop
  endfacet
  facet normal 1 0 0
    outer loop
      vertex 72.6 11.8617 11.5
      vertex 72.6 4.5748 6.23083
      vertex 72.6 4.6 5.75
    endloop
  endfacet
  facet normal 1 0 0
    outer loop
      vertex 72.6 11.8617 11.5
      vertex 72.6 4.49948 6.70639
      vertex 72.6 4.5748 6.23083
    endloop
  endfacet
  facet normal 1 0 0
    outer loop
      vertex 72.6 11.8617 11.5
      vertex 72.6 4.37486 7.17148
      vertex 72.6 4.49948 6.70639
    endloop
  endfacet
  facet normal 1 0 0
    outer loop
      vertex 72.6 11.8617 11.5
      vertex 72.6 4.20231 7.62099
      vertex 72.6 4.37486 7.17148
    endloop
  endfacet
  facet normal 1 0 0
    outer loop
      vertex 72.6 11.8617 11.5
      vertex 72.6 3.98372 8.05
      vertex 72.6 4.20231 7.62099
    endloop
  endfacet
  facet normal 1 0 0
    outer loop
      vertex 72.6 11.8617 11.5
      vertex 72.6 3.72148 8.45381
      vertex 72.6 3.98372 8.05
    endloop
  endfacet
  facet normal 1 0 0
    outer loop
      vertex 72.6 11.8617 11.5
      vertex 72.6 3.41847 8.828
      vertex 72.6 3.72148 8.45381
    endloop
  endfacet
  facet normal 1 0 0
    outer loop
      vertex 72.6 11.8617 11.5
      vertex 72.6 3.078 9.16847
      vertex 72.6 3.41847 8.828
    endloop
  endfacet
  facet normal 1 0 0
    outer loop
      vertex 72.6 11.8617 11.5
      vertex 72.6 2.70381 9.47148
      vertex 72.6 3.078 9.16847
    endloop
  endfacet
  facet normal 1 0 0
    outer loop
      vertex 72.6 11.8617 11.5
      vertex 72.6 2.3 9.73372
      vertex 72.6 2.70381 9.47148
    endloop
  endfacet
  facet normal 1 0 0
    outer loop
      vertex 72.6 11.8617 11.5
      vertex 72.6 1.87099 9.95231
      vertex 72.6 2.3 9.73372
    endloop
  endfacet
  facet normal 1 0 0
    outer loop
      vertex 72.6 11.8617 11.5
      vertex 72.6 1.42148 10.1249
      vertex 72.6 1.87099 9.95231
    endloop
  endfacet
  facet normal 1 0 0
    outer loop
      vertex 72.6 11.8617 11.5
      vertex 72.6 0.956393 10.2495
      vertex 72.6 1.42148 10.1249
    endloop
  endfacet
  facet normal 1 0 0
    outer loop
      vertex 72.6 11.8617 11.5
      vertex 72.6 0.48083 10.3248
      vertex 72.6 0.956393 10.2495
    endloop
  endfacet
  facet normal 1 0 0
    outer loop
      vertex 72.6 11.8617 11.5
      vertex 72.6 0 10.35
      vertex 72.6 0.48083 10.3248
    endloop
  endfacet
  facet normal 1 -0 0
    outer loop
      vertex 72.6 -11.8617 11.5
      vertex 72.6 0 10.35
      vertex 72.6 11.8617 11.5
    endloop
  endfacet
  facet normal 1 0 0
    outer loop
      vertex 72.6 -4.5748 6.23083
      vertex 72.6 -11.8617 11.5
      vertex 72.6 -4.6 5.75
    endloop
  endfacet
  facet normal 1 0 0
    outer loop
      vertex 72.6 -4.49948 6.70639
      vertex 72.6 -11.8617 11.5
      vertex 72.6 -4.5748 6.23083
    endloop
  endfacet
  facet normal 1 0 0
    outer loop
      vertex 72.6 -4.37486 7.17148
      vertex 72.6 -11.8617 11.5
      vertex 72.6 -4.49948 6.70639
    endloop
  endfacet
  facet normal 1 0 0
    outer loop
      vertex 72.6 -4.20231 7.62099
      vertex 72.6 -11.8617 11.5
      vertex 72.6 -4.37486 7.17148
    endloop
  endfacet
  facet normal 1 0 0
    outer loop
      vertex 72.6 -3.98372 8.05
      vertex 72.6 -11.8617 11.5
      vertex 72.6 -4.20231 7.62099
    endloop
  endfacet
  facet normal 1 0 0
    outer loop
      vertex 72.6 -3.72148 8.45381
      vertex 72.6 -11.8617 11.5
      vertex 72.6 -3.98372 8.05
    endloop
  endfacet
  facet normal 1 0 0
    outer loop
      vertex 72.6 -3.41847 8.828
      vertex 72.6 -11.8617 11.5
      vertex 72.6 -3.72148 8.45381
    endloop
  endfacet
  facet normal 1 0 0
    outer loop
      vertex 72.6 -3.078 9.16847
      vertex 72.6 -11.8617 11.5
      vertex 72.6 -3.41847 8.828
    endloop
  endfacet
  facet normal 1 0 0
    outer loop
      vertex 72.6 -2.70381 9.47148
      vertex 72.6 -11.8617 11.5
      vertex 72.6 -3.078 9.16847
    endloop
  endfacet
  facet normal 1 0 0
    outer loop
      vertex 72.6 -2.3 9.73372
      vertex 72.6 -11.8617 11.5
      vertex 72.6 -2.70381 9.47148
    endloop
  endfacet
  facet normal 1 0 0
    outer loop
      vertex 72.6 -1.87099 9.95231
      vertex 72.6 -11.8617 11.5
      vertex 72.6 -2.3 9.73372
    endloop
  endfacet
  facet normal 1 0 0
    outer loop
      vertex 72.6 -1.42148 10.1249
      vertex 72.6 -11.8617 11.5
      vertex 72.6 -1.87099 9.95231
    endloop
  endfacet
  facet normal 1 0 0
    outer loop
      vertex 72.6 -0.956393 10.2495
      vertex 72.6 -11.8617 11.5
      vertex 72.6 -1.42148 10.1249
    endloop
  endfacet
  facet normal 1 0 0
    outer loop
      vertex 72.6 -0.48083 10.3248
      vertex 72.6 -11.8617 11.5
      vertex 72.6 -0.956393 10.2495
    endloop
  endfacet
  facet normal 1 0 0
    outer loop
      vertex 72.6 0 10.35
      vertex 72.6 -11.8617 11.5
      vertex 72.6 -0.48083 10.3248
    endloop
  endfacet
  facet normal 1 -0 0
    outer loop
      vertex 72.6 4.5748 5.26917
      vertex 72.6 11.8617 0
      vertex 72.6 4.6 5.75
    endloop
  endfacet
  facet normal 1 -0 0
    outer loop
      vertex 72.6 4.49948 4.79361
      vertex 72.6 11.8617 0
      vertex 72.6 4.5748 5.26917
    endloop
  endfacet
  facet normal 1 -0 0
    outer loop
      vertex 72.6 4.37486 4.32852
      vertex 72.6 11.8617 0
      vertex 72.6 4.49948 4.79361
    endloop
  endfacet
  facet normal 1 -0 0
    outer loop
      vertex 72.6 4.20231 3.87901
      vertex 72.6 11.8617 0
      vertex 72.6 4.37486 4.32852
    endloop
  endfacet
  facet normal 1 -0 0
    outer loop
      vertex 72.6 3.98372 3.45
      vertex 72.6 11.8617 0
      vertex 72.6 4.20231 3.87901
    endloop
  endfacet
  facet normal 1 -0 0
    outer loop
      vertex 72.6 3.72148 3.04619
      vertex 72.6 11.8617 0
      vertex 72.6 3.98372 3.45
    endloop
  endfacet
  facet normal 1 -0 0
    outer loop
      vertex 72.6 3.41847 2.672
      vertex 72.6 11.8617 0
      vertex 72.6 3.72148 3.04619
    endloop
  endfacet
  facet normal 1 -0 0
    outer loop
      vertex 72.6 3.078 2.33153
      vertex 72.6 11.8617 0
      vertex 72.6 3.41847 2.672
    endloop
  endfacet
  facet normal 1 -0 0
    outer loop
      vertex 72.6 2.70381 2.02852
      vertex 72.6 11.8617 0
      vertex 72.6 3.078 2.33153
    endloop
  endfacet
  facet normal 1 -0 0
    outer loop
      vertex 72.6 2.3 1.76628
      vertex 72.6 11.8617 0
      vertex 72.6 2.70381 2.02852
    endloop
  endfacet
  facet normal 1 -0 0
    outer loop
      vertex 72.6 1.87099 1.54769
      vertex 72.6 11.8617 0
      vertex 72.6 2.3 1.76628
    endloop
  endfacet
  facet normal 1 -0 0
    outer loop
      vertex 72.6 1.42148 1.37514
      vertex 72.6 11.8617 0
      vertex 72.6 1.87099 1.54769
    endloop
  endfacet
  facet normal 1 -0 0
    outer loop
      vertex 72.6 0.956393 1.25052
      vertex 72.6 11.8617 0
      vertex 72.6 1.42148 1.37514
    endloop
  endfacet
  facet normal 1 -0 0
    outer loop
      vertex 72.6 0.48083 1.1752
      vertex 72.6 11.8617 0
      vertex 72.6 0.956393 1.25052
    endloop
  endfacet
  facet normal 1 -0 0
    outer loop
      vertex 72.6 0 1.15
      vertex 72.6 11.8617 0
      vertex 72.6 0.48083 1.1752
    endloop
  endfacet
  facet normal 1 0 0
    outer loop
      vertex 72.6 -11.8617 0
      vertex 72.6 0 1.15
      vertex 72.6 -0.48083 1.1752
    endloop
  endfacet
  facet normal 1 0 0
    outer loop
      vertex 72.6 -11.8617 0
      vertex 72.6 -4.6 5.75
      vertex 72.6 -11.8617 11.5
    endloop
  endfacet
  facet normal 1 0 0
    outer loop
      vertex 72.6 -4.6 5.75
      vertex 72.6 -11.8617 0
      vertex 72.6 -4.5748 5.26917
    endloop
  endfacet
  facet normal 1 0 0
    outer loop
      vertex 72.6 -4.5748 5.26917
      vertex 72.6 -11.8617 0
      vertex 72.6 -4.49948 4.79361
    endloop
  endfacet
  facet normal 1 0 0
    outer loop
      vertex 72.6 -4.49948 4.79361
      vertex 72.6 -11.8617 0
      vertex 72.6 -4.37486 4.32852
    endloop
  endfacet
  facet normal 1 0 0
    outer loop
      vertex 72.6 -4.37486 4.32852
      vertex 72.6 -11.8617 0
      vertex 72.6 -4.20231 3.87901
    endloop
  endfacet
  facet normal 1 0 0
    outer loop
      vertex 72.6 -4.20231 3.87901
      vertex 72.6 -11.8617 0
      vertex 72.6 -3.98372 3.45
    endloop
  endfacet
  facet normal 1 0 0
    outer loop
      vertex 72.6 -3.98372 3.45
      vertex 72.6 -11.8617 0
      vertex 72.6 -3.72148 3.04619
    endloop
  endfacet
  facet normal 1 0 0
    outer loop
      vertex 72.6 0 1.15
      vertex 72.6 -11.8617 0
      vertex 72.6 11.8617 0
    endloop
  endfacet
  facet normal 1 0 0
    outer loop
      vertex 72.6 -0.956393 1.25052
      vertex 72.6 -11.8617 0
      vertex 72.6 -0.48083 1.1752
    endloop
  endfacet
  facet normal 1 0 0
    outer loop
      vertex 72.6 -1.42148 1.37514
      vertex 72.6 -11.8617 0
      vertex 72.6 -0.956393 1.25052
    endloop
  endfacet
  facet normal 1 0 0
    outer loop
      vertex 72.6 -1.87099 1.54769
      vertex 72.6 -11.8617 0
      vertex 72.6 -1.42148 1.37514
    endloop
  endfacet
  facet normal 1 0 0
    outer loop
      vertex 72.6 -2.3 1.76628
      vertex 72.6 -11.8617 0
      vertex 72.6 -1.87099 1.54769
    endloop
  endfacet
  facet normal 1 0 0
    outer loop
      vertex 72.6 -2.70381 2.02852
      vertex 72.6 -11.8617 0
      vertex 72.6 -2.3 1.76628
    endloop
  endfacet
  facet normal 1 0 0
    outer loop
      vertex 72.6 -3.078 2.33153
      vertex 72.6 -11.8617 0
      vertex 72.6 -2.70381 2.02852
    endloop
  endfacet
  facet normal 1 0 0
    outer loop
      vertex 72.6 -3.41847 2.672
      vertex 72.6 -11.8617 0
      vertex 72.6 -3.078 2.33153
    endloop
  endfacet
  facet normal 1 0 0
    outer loop
      vertex 72.6 -3.72148 3.04619
      vertex 72.6 -11.8617 0
      vertex 72.6 -3.41847 2.672
    endloop
  endfacet
  facet normal -1 0 0
    outer loop
      vertex 28.2 -11.8617 0
      vertex 28.2 11.8617 11.5
      vertex 28.2 11.8617 0
    endloop
  endfacet
  facet normal -1 -0 0
    outer loop
      vertex 28.2 11.8617 11.5
      vertex 28.2 -11.8617 0
      vertex 28.2 -11.8617 11.5
    endloop
  endfacet
  facet normal 0.0523357 -0.99863 0
    outer loop
      vertex 49.5011 8.55289 0
      vertex 50.4 8.6 15.5
      vertex 49.5011 8.55289 15.5
    endloop
  endfacet
  facet normal 0.0523357 -0.99863 0
    outer loop
      vertex 50.4 8.6 15.5
      vertex 49.5011 8.55289 0
      vertex 50.4 8.6 0
    endloop
  endfacet
  facet normal -0.052336 0.99863 0
    outer loop
      vertex 51.2989 -8.55289 0
      vertex 50.4 -8.6 15.5
      vertex 51.2989 -8.55289 15.5
    endloop
  endfacet
  facet normal -0.052336 0.99863 0
    outer loop
      vertex 50.4 -8.6 15.5
      vertex 51.2989 -8.55289 0
      vertex 50.4 -8.6 0
    endloop
  endfacet
  facet normal -0.629321 -0.777146 0
    outer loop
      vertex 55.455 6.95755 0
      vertex 56.1545 6.39104 15.5
      vertex 55.455 6.95755 15.5
    endloop
  endfacet
  facet normal -0.629321 -0.777146 -0
    outer loop
      vertex 56.1545 6.39104 15.5
      vertex 55.455 6.95755 0
      vertex 56.1545 6.39104 0
    endloop
  endfacet
  facet normal 0.707106 -0.707108 0
    outer loop
      vertex 44.3 6.04557 0
      vertex 44.6455 6.39104 15.5
      vertex 44.3 6.04557 15.5
    endloop
  endfacet
  facet normal 0.707106 -0.707108 0
    outer loop
      vertex 44.6455 6.39104 15.5
      vertex 44.3 6.04557 0
      vertex 44.6455 6.39104 0
    endloop
  endfacet
  facet normal 0.453991 -0.891006 0
    outer loop
      vertex 46.1 7.44782 0
      vertex 46.9021 7.85649 15.5
      vertex 46.1 7.44782 15.5
    endloop
  endfacet
  facet normal 0.453991 -0.891006 0
    outer loop
      vertex 46.9021 7.85649 15.5
      vertex 46.1 7.44782 0
      vertex 46.9021 7.85649 0
    endloop
  endfacet
  facet normal -0.25882 -0.965926 0
    outer loop
      vertex 52.188 8.41207 0
      vertex 53.0575 8.17909 15.5
      vertex 52.188 8.41207 15.5
    endloop
  endfacet
  facet normal -0.25882 -0.965926 -0
    outer loop
      vertex 53.0575 8.17909 15.5
      vertex 52.188 8.41207 0
      vertex 53.0575 8.17909 0
    endloop
  endfacet
  facet normal -0.156434 -0.987688 0
    outer loop
      vertex 51.2989 8.55289 0
      vertex 52.188 8.41207 15.5
      vertex 51.2989 8.55289 15.5
    endloop
  endfacet
  facet normal -0.156434 -0.987688 -0
    outer loop
      vertex 52.188 8.41207 15.5
      vertex 51.2989 8.55289 0
      vertex 52.188 8.41207 0
    endloop
  endfacet
  facet normal -0.45399 -0.891007 0
    outer loop
      vertex 53.8979 7.85649 0
      vertex 54.7 7.44782 15.5
      vertex 53.8979 7.85649 15.5
    endloop
  endfacet
  facet normal -0.45399 -0.891007 -0
    outer loop
      vertex 54.7 7.44782 15.5
      vertex 53.8979 7.85649 0
      vertex 54.7 7.44782 0
    endloop
  endfacet
  facet normal 0.544638 -0.838671 0
    outer loop
      vertex 45.345 6.95755 0
      vertex 46.1 7.44782 15.5
      vertex 45.345 6.95755 15.5
    endloop
  endfacet
  facet normal 0.544638 -0.838671 0
    outer loop
      vertex 46.1 7.44782 15.5
      vertex 45.345 6.95755 0
      vertex 46.1 7.44782 0
    endloop
  endfacet
  facet normal 0.258819 -0.965926 0
    outer loop
      vertex 47.7425 8.17909 0
      vertex 48.612 8.41207 15.5
      vertex 47.7425 8.17909 15.5
    endloop
  endfacet
  facet normal 0.258819 -0.965926 0
    outer loop
      vertex 48.612 8.41207 15.5
      vertex 47.7425 8.17909 0
      vertex 48.612 8.41207 0
    endloop
  endfacet
  facet normal -0.156434 0.987688 0
    outer loop
      vertex 52.188 -8.41207 0
      vertex 51.2989 -8.55289 15.5
      vertex 52.188 -8.41207 15.5
    endloop
  endfacet
  facet normal -0.156434 0.987688 0
    outer loop
      vertex 51.2989 -8.55289 15.5
      vertex 52.188 -8.41207 0
      vertex 51.2989 -8.55289 0
    endloop
  endfacet
  facet normal -0.707106 -0.707108 0
    outer loop
      vertex 56.1545 6.39104 0
      vertex 56.5 6.04557 15.5
      vertex 56.1545 6.39104 15.5
    endloop
  endfacet
  facet normal -0.707106 -0.707108 -0
    outer loop
      vertex 56.5 6.04557 15.5
      vertex 56.1545 6.39104 0
      vertex 56.5 6.04557 0
    endloop
  endfacet
  facet normal -0.052336 -0.99863 0
    outer loop
      vertex 50.4 8.6 0
      vertex 51.2989 8.55289 15.5
      vertex 50.4 8.6 15.5
    endloop
  endfacet
  facet normal -0.052336 -0.99863 -0
    outer loop
      vertex 51.2989 8.55289 15.5
      vertex 50.4 8.6 0
      vertex 51.2989 8.55289 0
    endloop
  endfacet
  facet normal -0.54464 -0.83867 0
    outer loop
      vertex 54.7 7.44782 0
      vertex 55.455 6.95755 15.5
      vertex 54.7 7.44782 15.5
    endloop
  endfacet
  facet normal -0.54464 -0.83867 -0
    outer loop
      vertex 55.455 6.95755 15.5
      vertex 54.7 7.44782 0
      vertex 55.455 6.95755 0
    endloop
  endfacet
  facet normal 0.358368 -0.93358 0
    outer loop
      vertex 46.9021 7.85649 0
      vertex 47.7425 8.17909 15.5
      vertex 46.9021 7.85649 15.5
    endloop
  endfacet
  facet normal 0.358368 -0.93358 0
    outer loop
      vertex 47.7425 8.17909 15.5
      vertex 46.9021 7.85649 0
      vertex 47.7425 8.17909 0
    endloop
  endfacet
  facet normal 0.156434 -0.987688 0
    outer loop
      vertex 48.612 8.41207 0
      vertex 49.5011 8.55289 15.5
      vertex 48.612 8.41207 15.5
    endloop
  endfacet
  facet normal 0.156434 -0.987688 0
    outer loop
      vertex 49.5011 8.55289 15.5
      vertex 48.612 8.41207 0
      vertex 49.5011 8.55289 0
    endloop
  endfacet
  facet normal -0.45399 0.891007 0
    outer loop
      vertex 54.7 -7.44782 0
      vertex 53.8979 -7.85649 15.5
      vertex 54.7 -7.44782 15.5
    endloop
  endfacet
  facet normal -0.45399 0.891007 0
    outer loop
      vertex 53.8979 -7.85649 15.5
      vertex 54.7 -7.44782 0
      vertex 53.8979 -7.85649 0
    endloop
  endfacet
  facet normal -0.358368 -0.93358 0
    outer loop
      vertex 53.0575 8.17909 0
      vertex 53.8979 7.85649 15.5
      vertex 53.0575 8.17909 15.5
    endloop
  endfacet
  facet normal -0.358368 -0.93358 -0
    outer loop
      vertex 53.8979 7.85649 15.5
      vertex 53.0575 8.17909 0
      vertex 53.8979 7.85649 0
    endloop
  endfacet
  facet normal 0.629321 -0.777146 0
    outer loop
      vertex 44.6455 6.39104 0
      vertex 45.345 6.95755 15.5
      vertex 44.6455 6.39104 15.5
    endloop
  endfacet
  facet normal 0.629321 -0.777146 0
    outer loop
      vertex 45.345 6.95755 15.5
      vertex 44.6455 6.39104 0
      vertex 45.345 6.95755 0
    endloop
  endfacet
  facet normal -0.54464 0.83867 0
    outer loop
      vertex 55.455 -6.95755 0
      vertex 54.7 -7.44782 15.5
      vertex 55.455 -6.95755 15.5
    endloop
  endfacet
  facet normal -0.54464 0.83867 0
    outer loop
      vertex 54.7 -7.44782 15.5
      vertex 55.455 -6.95755 0
      vertex 54.7 -7.44782 0
    endloop
  endfacet
  facet normal -0.707106 0.707108 0
    outer loop
      vertex 56.5 -6.04557 0
      vertex 56.1545 -6.39104 15.5
      vertex 56.5 -6.04557 15.5
    endloop
  endfacet
  facet normal -0.707106 0.707108 0
    outer loop
      vertex 56.1545 -6.39104 15.5
      vertex 56.5 -6.04557 0
      vertex 56.1545 -6.39104 0
    endloop
  endfacet
  facet normal -0.358368 0.93358 0
    outer loop
      vertex 53.8979 -7.85649 0
      vertex 53.0575 -8.17909 15.5
      vertex 53.8979 -7.85649 15.5
    endloop
  endfacet
  facet normal -0.358368 0.93358 0
    outer loop
      vertex 53.0575 -8.17909 15.5
      vertex 53.8979 -7.85649 0
      vertex 53.0575 -8.17909 0
    endloop
  endfacet
  facet normal -0.25882 0.965926 0
    outer loop
      vertex 53.0575 -8.17909 0
      vertex 52.188 -8.41207 15.5
      vertex 53.0575 -8.17909 15.5
    endloop
  endfacet
  facet normal -0.25882 0.965926 0
    outer loop
      vertex 52.188 -8.41207 15.5
      vertex 53.0575 -8.17909 0
      vertex 52.188 -8.41207 0
    endloop
  endfacet
  facet normal -0.629321 0.777146 0
    outer loop
      vertex 56.1545 -6.39104 0
      vertex 55.455 -6.95755 15.5
      vertex 56.1545 -6.39104 15.5
    endloop
  endfacet
  facet normal -0.629321 0.777146 0
    outer loop
      vertex 55.455 -6.95755 15.5
      vertex 56.1545 -6.39104 0
      vertex 55.455 -6.95755 0
    endloop
  endfacet
  facet normal 0.707106 0.707108 -0
    outer loop
      vertex 44.6455 -6.39104 0
      vertex 44.3 -6.04557 15.5
      vertex 44.6455 -6.39104 15.5
    endloop
  endfacet
  facet normal 0.707106 0.707108 0
    outer loop
      vertex 44.3 -6.04557 15.5
      vertex 44.6455 -6.39104 0
      vertex 44.3 -6.04557 0
    endloop
  endfacet
  facet normal 0.258819 0.965926 -0
    outer loop
      vertex 48.612 -8.41207 0
      vertex 47.7425 -8.17909 15.5
      vertex 48.612 -8.41207 15.5
    endloop
  endfacet
  facet normal 0.258819 0.965926 0
    outer loop
      vertex 47.7425 -8.17909 15.5
      vertex 48.612 -8.41207 0
      vertex 47.7425 -8.17909 0
    endloop
  endfacet
  facet normal 0.156434 0.987688 -0
    outer loop
      vertex 49.5011 -8.55289 0
      vertex 48.612 -8.41207 15.5
      vertex 49.5011 -8.55289 15.5
    endloop
  endfacet
  facet normal 0.156434 0.987688 0
    outer loop
      vertex 48.612 -8.41207 15.5
      vertex 49.5011 -8.55289 0
      vertex 48.612 -8.41207 0
    endloop
  endfacet
  facet normal 0.0523357 0.99863 -0
    outer loop
      vertex 50.4 -8.6 0
      vertex 49.5011 -8.55289 15.5
      vertex 50.4 -8.6 15.5
    endloop
  endfacet
  facet normal 0.0523357 0.99863 0
    outer loop
      vertex 49.5011 -8.55289 15.5
      vertex 50.4 -8.6 0
      vertex 49.5011 -8.55289 0
    endloop
  endfacet
  facet normal 0.629321 0.777146 -0
    outer loop
      vertex 45.345 -6.95755 0
      vertex 44.6455 -6.39104 15.5
      vertex 45.345 -6.95755 15.5
    endloop
  endfacet
  facet normal 0.629321 0.777146 0
    outer loop
      vertex 44.6455 -6.39104 15.5
      vertex 45.345 -6.95755 0
      vertex 44.6455 -6.39104 0
    endloop
  endfacet
  facet normal 0.544638 0.838671 -0
    outer loop
      vertex 46.1 -7.44782 0
      vertex 45.345 -6.95755 15.5
      vertex 46.1 -7.44782 15.5
    endloop
  endfacet
  facet normal 0.544638 0.838671 0
    outer loop
      vertex 45.345 -6.95755 15.5
      vertex 46.1 -7.44782 0
      vertex 45.345 -6.95755 0
    endloop
  endfacet
  facet normal 0.358368 0.93358 -0
    outer loop
      vertex 47.7425 -8.17909 0
      vertex 46.9021 -7.85649 15.5
      vertex 47.7425 -8.17909 15.5
    endloop
  endfacet
  facet normal 0.358368 0.93358 0
    outer loop
      vertex 46.9021 -7.85649 15.5
      vertex 47.7425 -8.17909 0
      vertex 46.9021 -7.85649 0
    endloop
  endfacet
  facet normal 0.453991 0.891006 -0
    outer loop
      vertex 46.9021 -7.85649 0
      vertex 46.1 -7.44782 15.5
      vertex 46.9021 -7.85649 15.5
    endloop
  endfacet
  facet normal 0.453991 0.891006 0
    outer loop
      vertex 46.1 -7.44782 15.5
      vertex 46.9021 -7.85649 0
      vertex 46.1 -7.44782 0
    endloop
  endfacet
  facet normal -1 0 0
    outer loop
      vertex 56.5 3.98372 8.05
      vertex 56.5 6.04557 0
      vertex 56.5 3.98372 3.45
    endloop
  endfacet
  facet normal -1 0 0
    outer loop
      vertex 56.5 6.04557 0
      vertex 56.5 0 1.15
      vertex 56.5 3.98372 3.45
    endloop
  endfacet
  facet normal -1 -0 0
    outer loop
      vertex 56.5 -3.98372 3.45
      vertex 56.5 -6.04557 0
      vertex 56.5 -3.98372 8.05
    endloop
  endfacet
  facet normal -1 -0 0
    outer loop
      vertex 56.5 0 1.15
      vertex 56.5 -6.04557 0
      vertex 56.5 -3.98372 3.45
    endloop
  endfacet
  facet normal -1 0 0
    outer loop
      vertex 56.5 -6.04557 0
      vertex 56.5 0 1.15
      vertex 56.5 6.04557 0
    endloop
  endfacet
  facet normal -1 0 0
    outer loop
      vertex 56.5 6.04557 0
      vertex 56.5 3.98372 8.05
      vertex 56.5 6.04557 15.5
    endloop
  endfacet
  facet normal -1 0 0
    outer loop
      vertex 56.5 0 10.35
      vertex 56.5 6.04557 15.5
      vertex 56.5 3.98372 8.05
    endloop
  endfacet
  facet normal -1 0 0
    outer loop
      vertex 56.5 -6.04557 15.5
      vertex 56.5 0 10.35
      vertex 56.5 -3.98372 8.05
    endloop
  endfacet
  facet normal -1 0 0
    outer loop
      vertex 56.5 0 10.35
      vertex 56.5 -6.04557 15.5
      vertex 56.5 6.04557 15.5
    endloop
  endfacet
  facet normal -1 0 0
    outer loop
      vertex 56.5 -6.04557 15.5
      vertex 56.5 -3.98372 8.05
      vertex 56.5 -6.04557 0
    endloop
  endfacet
  facet normal 1 -0 0
    outer loop
      vertex 44.3 -6.04557 15.5
      vertex 44.3 6.04557 0
      vertex 44.3 6.04557 15.5
    endloop
  endfacet
  facet normal 1 0 0
    outer loop
      vertex 44.3 6.04557 0
      vertex 44.3 -6.04557 15.5
      vertex 44.3 -6.04557 0
    endloop
  endfacet
  facet normal 0 -0.0523362 0.99863
    outer loop
      vertex 60.9 0.261321 3.2637
      vertex 68.2 0.184584 3.25967
      vertex 68.2 0.261321 3.2637
    endloop
  endfacet
  facet normal -1.56052e-008 -0.0523377 0.998629
    outer loop
      vertex 68.2 0.184584 3.25967
      vertex 60.9 0.261321 3.2637
      vertex 60.9 0.108884 3.25571
    endloop
  endfacet
  facet normal -4.93207e-008 -0.0523345 0.99863
    outer loop
      vertex 60.9 0.108884 3.25571
      vertex 68.2 0 3.25
      vertex 68.2 0.184584 3.25967
    endloop
  endfacet
  facet normal -3.26153e-008 -0.0523333 0.99863
    outer loop
      vertex 68.2 0 3.25
      vertex 60.9 0.108884 3.25571
      vertex 60.9 0 3.25
    endloop
  endfacet
  facet normal 0 -0.0523377 -0.998629
    outer loop
      vertex 60.9 0 8.25
      vertex 68.2 0.261321 8.2363
      vertex 68.2 0 8.25
    endloop
  endfacet
  facet normal -0 -0.0523377 -0.998629
    outer loop
      vertex 68.2 0.261321 8.2363
      vertex 60.9 0 8.25
      vertex 60.9 0.261321 8.2363
    endloop
  endfacet
  facet normal 0 0.998629 -0.0523377
    outer loop
      vertex 68.2 -2.5 5.75
      vertex 60.9 -2.4863 6.01132
      vertex 68.2 -2.4863 6.01132
    endloop
  endfacet
  facet normal 0 0.998629 -0.0523377
    outer loop
      vertex 60.9 -2.4863 6.01132
      vertex 68.2 -2.5 5.75
      vertex 60.9 -2.5 5.75
    endloop
  endfacet
  facet normal 0 0.62932 -0.777146
    outer loop
      vertex 60.9 -1.67283 7.60786
      vertex 68.2 -1.46946 7.77254
      vertex 68.2 -1.67283 7.60786
    endloop
  endfacet
  facet normal 0 0.62932 -0.777146
    outer loop
      vertex 68.2 -1.46946 7.77254
      vertex 60.9 -1.67283 7.60786
      vertex 60.9 -1.46946 7.77254
    endloop
  endfacet
  facet normal 0 -0.707107 0.707107
    outer loop
      vertex 60.9 1.67283 3.89214
      vertex 68.2 1.85786 4.07717
      vertex 60.9 1.85786 4.07717
    endloop
  endfacet
  facet normal 0 -0.707107 0.707107
    outer loop
      vertex 68.2 1.85786 4.07717
      vertex 60.9 1.67283 3.89214
      vertex 68.2 1.67283 3.89214
    endloop
  endfacet
  facet normal 0 -0.777146 -0.62932
    outer loop
      vertex 60.9 2.02254 7.21946
      vertex 68.2 1.85786 7.42283
      vertex 60.9 1.85786 7.42283
    endloop
  endfacet
  facet normal 0 -0.777146 -0.62932
    outer loop
      vertex 68.2 1.85786 7.42283
      vertex 60.9 2.02254 7.21946
      vertex 68.2 2.02254 7.21946
    endloop
  endfacet
  facet normal 0 0.707107 0.707107
    outer loop
      vertex 68.2 -1.67283 3.89214
      vertex 60.9 -1.85786 4.07717
      vertex 68.2 -1.85786 4.07717
    endloop
  endfacet
  facet normal 0 0.707107 0.707107
    outer loop
      vertex 60.9 -1.85786 4.07717
      vertex 68.2 -1.67283 3.89214
      vertex 60.9 -1.67283 3.89214
    endloop
  endfacet
  facet normal 0 0.358368 -0.93358
    outer loop
      vertex 60.9 -1.01684 8.03386
      vertex 68.2 -0.772542 8.12764
      vertex 68.2 -1.01684 8.03386
    endloop
  endfacet
  facet normal 0 0.358368 -0.93358
    outer loop
      vertex 68.2 -0.772542 8.12764
      vertex 60.9 -1.01684 8.03386
      vertex 60.9 -0.772542 8.12764
    endloop
  endfacet
  facet normal 0 -0.156434 0.987688
    outer loop
      vertex 60.9 0.519779 3.30463
      vertex 68.2 0.261321 3.2637
      vertex 68.2 0.519779 3.30463
    endloop
  endfacet
  facet normal 0 -0.156434 0.987688
    outer loop
      vertex 68.2 0.261321 3.2637
      vertex 60.9 0.519779 3.30463
      vertex 60.9 0.261321 3.2637
    endloop
  endfacet
  facet normal 0 -0.891006 0.453992
    outer loop
      vertex 60.9 2.28386 4.73316
      vertex 68.2 2.24898 4.66469
      vertex 68.2 2.28386 4.73316
    endloop
  endfacet
  facet normal -1.51431e-008 -0.891006 0.453991
    outer loop
      vertex 68.2 2.24898 4.66469
      vertex 60.9 2.28386 4.73316
      vertex 60.9 2.21456 4.59715
    endloop
  endfacet
  facet normal 0 -0.453991 -0.891006
    outer loop
      vertex 60.9 1.01684 8.03386
      vertex 68.2 1.25 7.91506
      vertex 68.2 1.01684 8.03386
    endloop
  endfacet
  facet normal -0 -0.453991 -0.891006
    outer loop
      vertex 68.2 1.25 7.91506
      vertex 60.9 1.01684 8.03386
      vertex 60.9 1.25 7.91506
    endloop
  endfacet
  facet normal -0 0.358368 0.93358
    outer loop
      vertex 60.9 -0.772542 3.37236
      vertex 68.2 -1.01684 3.46614
      vertex 68.2 -0.772542 3.37236
    endloop
  endfacet
  facet normal 0 0.358368 0.93358
    outer loop
      vertex 68.2 -1.01684 3.46614
      vertex 60.9 -0.772542 3.37236
      vertex 60.9 -1.01684 3.46614
    endloop
  endfacet
  facet normal 0 0.891007 -0.45399
    outer loop
      vertex 68.2 -2.28386 6.76684
      vertex 60.9 -2.16506 7
      vertex 68.2 -2.16506 7
    endloop
  endfacet
  facet normal 0 0.891007 -0.45399
    outer loop
      vertex 60.9 -2.16506 7
      vertex 68.2 -2.28386 6.76684
      vertex 60.9 -2.28386 6.76684
    endloop
  endfacet
  facet normal 0 0.156434 -0.987688
    outer loop
      vertex 60.9 -0.519779 8.19537
      vertex 68.2 -0.261321 8.2363
      vertex 68.2 -0.519779 8.19537
    endloop
  endfacet
  facet normal 0 0.156434 -0.987688
    outer loop
      vertex 68.2 -0.261321 8.2363
      vertex 60.9 -0.519779 8.19537
      vertex 60.9 -0.261321 8.2363
    endloop
  endfacet
  facet normal 0 -0.258821 0.965925
    outer loop
      vertex 60.9 0.772542 3.37236
      vertex 68.2 0.519779 3.30463
      vertex 68.2 0.772542 3.37236
    endloop
  endfacet
  facet normal 0 -0.258821 0.965925
    outer loop
      vertex 68.2 0.519779 3.30463
      vertex 60.9 0.772542 3.37236
      vertex 60.9 0.519779 3.30463
    endloop
  endfacet
  facet normal 0 -0.62932 0.777146
    outer loop
      vertex 60.9 1.67283 3.89214
      vertex 68.2 1.46946 3.72746
      vertex 68.2 1.67283 3.89214
    endloop
  endfacet
  facet normal 0 -0.62932 0.777146
    outer loop
      vertex 68.2 1.46946 3.72746
      vertex 60.9 1.67283 3.89214
      vertex 60.9 1.46946 3.72746
    endloop
  endfacet
  facet normal 0 -0.453991 0.891006
    outer loop
      vertex 60.9 1.25 3.58494
      vertex 68.2 1.01684 3.46614
      vertex 68.2 1.25 3.58494
    endloop
  endfacet
  facet normal 0 -0.453991 0.891006
    outer loop
      vertex 68.2 1.01684 3.46614
      vertex 60.9 1.25 3.58494
      vertex 60.9 1.01684 3.46614
    endloop
  endfacet
  facet normal 0 -0.93358 0.358368
    outer loop
      vertex 60.9 2.28386 4.73316
      vertex 68.2 2.37764 4.97746
      vertex 60.9 2.37764 4.97746
    endloop
  endfacet
  facet normal 0 -0.93358 0.358368
    outer loop
      vertex 68.2 2.37764 4.97746
      vertex 60.9 2.28386 4.73316
      vertex 68.2 2.28386 4.73316
    endloop
  endfacet
  facet normal 0 -0.987688 0.156434
    outer loop
      vertex 60.9 2.44537 5.23022
      vertex 68.2 2.4863 5.48868
      vertex 60.9 2.4863 5.48868
    endloop
  endfacet
  facet normal 0 -0.987688 0.156434
    outer loop
      vertex 68.2 2.4863 5.48868
      vertex 60.9 2.44537 5.23022
      vertex 68.2 2.44537 5.23022
    endloop
  endfacet
  facet normal 0 -0.258821 -0.965925
    outer loop
      vertex 60.9 0.519779 8.19537
      vertex 68.2 0.772542 8.12764
      vertex 68.2 0.519779 8.19537
    endloop
  endfacet
  facet normal -0 -0.258821 -0.965925
    outer loop
      vertex 68.2 0.772542 8.12764
      vertex 60.9 0.519779 8.19537
      vertex 60.9 0.772542 8.12764
    endloop
  endfacet
  facet normal 0 -0.62932 -0.777146
    outer loop
      vertex 60.9 1.46946 7.77254
      vertex 68.2 1.67283 7.60786
      vertex 68.2 1.46946 7.77254
    endloop
  endfacet
  facet normal -0 -0.62932 -0.777146
    outer loop
      vertex 68.2 1.67283 7.60786
      vertex 60.9 1.46946 7.77254
      vertex 60.9 1.67283 7.60786
    endloop
  endfacet
  facet normal 0 -0.707107 -0.707107
    outer loop
      vertex 60.9 1.85786 7.42283
      vertex 68.2 1.67283 7.60786
      vertex 60.9 1.67283 7.60786
    endloop
  endfacet
  facet normal 0 -0.707107 -0.707107
    outer loop
      vertex 68.2 1.67283 7.60786
      vertex 60.9 1.85786 7.42283
      vertex 68.2 1.85786 7.42283
    endloop
  endfacet
  facet normal 0 -0.544638 -0.838671
    outer loop
      vertex 60.9 1.25 7.91506
      vertex 68.2 1.46946 7.77254
      vertex 68.2 1.25 7.91506
    endloop
  endfacet
  facet normal -0 -0.544638 -0.838671
    outer loop
      vertex 68.2 1.46946 7.77254
      vertex 60.9 1.25 7.91506
      vertex 60.9 1.46946 7.77254
    endloop
  endfacet
  facet normal 0 -0.358368 -0.93358
    outer loop
      vertex 60.9 0.772542 8.12764
      vertex 68.2 1.01684 8.03386
      vertex 68.2 0.772542 8.12764
    endloop
  endfacet
  facet normal -0 -0.358368 -0.93358
    outer loop
      vertex 68.2 1.01684 8.03386
      vertex 60.9 0.772542 8.12764
      vertex 60.9 1.01684 8.03386
    endloop
  endfacet
  facet normal 0 -0.156434 -0.987688
    outer loop
      vertex 60.9 0.261321 8.2363
      vertex 68.2 0.519779 8.19537
      vertex 68.2 0.261321 8.2363
    endloop
  endfacet
  facet normal -0 -0.156434 -0.987688
    outer loop
      vertex 68.2 0.519779 8.19537
      vertex 60.9 0.261321 8.2363
      vertex 60.9 0.519779 8.19537
    endloop
  endfacet
  facet normal -1.40896e-008 -0.891008 -0.453988
    outer loop
      vertex 60.9 2.28386 6.76684
      vertex 68.2 2.19995 6.93153
      vertex 60.9 2.23436 6.86399
    endloop
  endfacet
  facet normal 0 -0.891008 -0.453989
    outer loop
      vertex 68.2 2.19995 6.93153
      vertex 60.9 2.28386 6.76684
      vertex 68.2 2.28386 6.76684
    endloop
  endfacet
  facet normal 0 -0.987688 -0.156434
    outer loop
      vertex 60.9 2.4863 6.01132
      vertex 68.2 2.44537 6.26978
      vertex 60.9 2.44537 6.26978
    endloop
  endfacet
  facet normal 0 -0.987688 -0.156434
    outer loop
      vertex 68.2 2.44537 6.26978
      vertex 60.9 2.4863 6.01132
      vertex 68.2 2.4863 6.01132
    endloop
  endfacet
  facet normal 0 -0.998629 -0.0523377
    outer loop
      vertex 60.9 2.5 5.75
      vertex 68.2 2.4863 6.01132
      vertex 60.9 2.4863 6.01132
    endloop
  endfacet
  facet normal 0 -0.998629 -0.0523377
    outer loop
      vertex 68.2 2.4863 6.01132
      vertex 60.9 2.5 5.75
      vertex 68.2 2.5 5.75
    endloop
  endfacet
  facet normal 0 0.965925 -0.258821
    outer loop
      vertex 68.2 -2.44537 6.26978
      vertex 60.9 -2.37764 6.52254
      vertex 68.2 -2.37764 6.52254
    endloop
  endfacet
  facet normal 0 0.965925 -0.258821
    outer loop
      vertex 60.9 -2.37764 6.52254
      vertex 68.2 -2.44537 6.26978
      vertex 60.9 -2.44537 6.26978
    endloop
  endfacet
  facet normal 0 0.777146 -0.62932
    outer loop
      vertex 68.2 -2.02254 7.21946
      vertex 60.9 -1.85786 7.42283
      vertex 68.2 -1.85786 7.42283
    endloop
  endfacet
  facet normal 0 0.777146 -0.62932
    outer loop
      vertex 60.9 -1.85786 7.42283
      vertex 68.2 -2.02254 7.21946
      vertex 60.9 -2.02254 7.21946
    endloop
  endfacet
  facet normal 0 0.707107 -0.707107
    outer loop
      vertex 68.2 -1.85786 7.42283
      vertex 60.9 -1.67283 7.60786
      vertex 68.2 -1.67283 7.60786
    endloop
  endfacet
  facet normal 0 0.707107 -0.707107
    outer loop
      vertex 60.9 -1.67283 7.60786
      vertex 68.2 -1.85786 7.42283
      vertex 60.9 -1.85786 7.42283
    endloop
  endfacet
  facet normal 0 0.83867 -0.54464
    outer loop
      vertex 68.2 -2.16506 7
      vertex 60.9 -2.02254 7.21946
      vertex 68.2 -2.02254 7.21946
    endloop
  endfacet
  facet normal 0 0.83867 -0.54464
    outer loop
      vertex 60.9 -2.02254 7.21946
      vertex 68.2 -2.16506 7
      vertex 60.9 -2.16506 7
    endloop
  endfacet
  facet normal 0 0.93358 -0.358368
    outer loop
      vertex 68.2 -2.37764 6.52254
      vertex 60.9 -2.28386 6.76684
      vertex 68.2 -2.28386 6.76684
    endloop
  endfacet
  facet normal 0 0.93358 -0.358368
    outer loop
      vertex 60.9 -2.28386 6.76684
      vertex 68.2 -2.37764 6.52254
      vertex 60.9 -2.37764 6.52254
    endloop
  endfacet
  facet normal 0 0.987688 -0.156434
    outer loop
      vertex 68.2 -2.4863 6.01132
      vertex 60.9 -2.44537 6.26978
      vertex 68.2 -2.44537 6.26978
    endloop
  endfacet
  facet normal 0 0.987688 -0.156434
    outer loop
      vertex 60.9 -2.44537 6.26978
      vertex 68.2 -2.4863 6.01132
      vertex 60.9 -2.4863 6.01132
    endloop
  endfacet
  facet normal 0 0.453991 -0.891006
    outer loop
      vertex 60.9 -1.25 7.91506
      vertex 68.2 -1.01684 8.03386
      vertex 68.2 -1.25 7.91506
    endloop
  endfacet
  facet normal 0 0.453991 -0.891006
    outer loop
      vertex 68.2 -1.01684 8.03386
      vertex 60.9 -1.25 7.91506
      vertex 60.9 -1.01684 8.03386
    endloop
  endfacet
  facet normal 0 0.544638 -0.838671
    outer loop
      vertex 60.9 -1.46946 7.77254
      vertex 68.2 -1.25 7.91506
      vertex 68.2 -1.46946 7.77254
    endloop
  endfacet
  facet normal 0 0.544638 -0.838671
    outer loop
      vertex 68.2 -1.25 7.91506
      vertex 60.9 -1.46946 7.77254
      vertex 60.9 -1.25 7.91506
    endloop
  endfacet
  facet normal 0 0.258821 -0.965925
    outer loop
      vertex 60.9 -0.772542 8.12764
      vertex 68.2 -0.519779 8.19537
      vertex 68.2 -0.772542 8.12764
    endloop
  endfacet
  facet normal 0 0.258821 -0.965925
    outer loop
      vertex 68.2 -0.519779 8.19537
      vertex 60.9 -0.772542 8.12764
      vertex 60.9 -0.519779 8.19537
    endloop
  endfacet
  facet normal 0 0.0523377 -0.998629
    outer loop
      vertex 60.9 -0.261321 8.2363
      vertex 68.2 0 8.25
      vertex 68.2 -0.261321 8.2363
    endloop
  endfacet
  facet normal 0 0.0523377 -0.998629
    outer loop
      vertex 68.2 0 8.25
      vertex 60.9 -0.261321 8.2363
      vertex 60.9 0 8.25
    endloop
  endfacet
  facet normal 0 -0.358368 0.93358
    outer loop
      vertex 60.9 1.01684 3.46614
      vertex 68.2 0.772542 3.37236
      vertex 68.2 1.01684 3.46614
    endloop
  endfacet
  facet normal 0 -0.358368 0.93358
    outer loop
      vertex 68.2 0.772542 3.37236
      vertex 60.9 1.01684 3.46614
      vertex 60.9 0.772542 3.37236
    endloop
  endfacet
  facet normal 0 -0.544638 0.838671
    outer loop
      vertex 60.9 1.46946 3.72746
      vertex 68.2 1.25 3.58494
      vertex 68.2 1.46946 3.72746
    endloop
  endfacet
  facet normal 0 -0.544638 0.838671
    outer loop
      vertex 68.2 1.25 3.58494
      vertex 60.9 1.46946 3.72746
      vertex 60.9 1.25 3.58494
    endloop
  endfacet
  facet normal 0 -0.965925 0.258821
    outer loop
      vertex 60.9 2.37764 4.97746
      vertex 68.2 2.44537 5.23022
      vertex 60.9 2.44537 5.23022
    endloop
  endfacet
  facet normal 0 -0.965925 0.258821
    outer loop
      vertex 68.2 2.44537 5.23022
      vertex 60.9 2.37764 4.97746
      vertex 68.2 2.37764 4.97746
    endloop
  endfacet
  facet normal 0 -0.998629 0.0523377
    outer loop
      vertex 60.9 2.4863 5.48868
      vertex 68.2 2.5 5.75
      vertex 60.9 2.5 5.75
    endloop
  endfacet
  facet normal 0 -0.998629 0.0523377
    outer loop
      vertex 68.2 2.5 5.75
      vertex 60.9 2.4863 5.48868
      vertex 68.2 2.4863 5.48868
    endloop
  endfacet
  facet normal -2.65983e-008 -0.83867 0.54464
    outer loop
      vertex 60.9 2.02254 4.28054
      vertex 68.2 2.06439 4.34498
      vertex 60.9 2.10568 4.40856
    endloop
  endfacet
  facet normal 0 -0.838671 0.544638
    outer loop
      vertex 68.2 2.06439 4.34498
      vertex 60.9 2.02254 4.28054
      vertex 68.2 2.02254 4.28054
    endloop
  endfacet
  facet normal 0 -0.777146 0.62932
    outer loop
      vertex 60.9 1.85786 4.07717
      vertex 68.2 2.02254 4.28054
      vertex 60.9 2.02254 4.28054
    endloop
  endfacet
  facet normal 0 -0.777146 0.62932
    outer loop
      vertex 68.2 2.02254 4.28054
      vertex 60.9 1.85786 4.07717
      vertex 68.2 1.85786 4.07717
    endloop
  endfacet
  facet normal 0 -0.838671 0.544638
    outer loop
      vertex 60.9 2.10568 4.40856
      vertex 68.2 2.16506 4.5
      vertex 60.9 2.16506 4.5
    endloop
  endfacet
  facet normal -3.25306e-008 -0.83867 0.54464
    outer loop
      vertex 68.2 2.16506 4.5
      vertex 60.9 2.10568 4.40856
      vertex 68.2 2.06439 4.34498
    endloop
  endfacet
  facet normal -6.52747e-009 -0.891007 0.45399
    outer loop
      vertex 60.9 2.16506 4.5
      vertex 68.2 2.24898 4.66469
      vertex 60.9 2.21456 4.59715
    endloop
  endfacet
  facet normal 0 -0.891007 0.45399
    outer loop
      vertex 68.2 2.24898 4.66469
      vertex 60.9 2.16506 4.5
      vertex 68.2 2.16506 4.5
    endloop
  endfacet
  facet normal 0 -0.83867 -0.54464
    outer loop
      vertex 60.9 2.08193 7.12802
      vertex 68.2 2.02254 7.21946
      vertex 60.9 2.02254 7.21946
    endloop
  endfacet
  facet normal 1.79405e-008 -0.838669 -0.544641
    outer loop
      vertex 68.2 2.02254 7.21946
      vertex 60.9 2.08193 7.12802
      vertex 68.2 2.12321 7.06445
    endloop
  endfacet
  facet normal 4.42653e-008 -0.838671 -0.544639
    outer loop
      vertex 60.9 2.16506 7
      vertex 68.2 2.12321 7.06445
      vertex 60.9 2.08193 7.12802
    endloop
  endfacet
  facet normal 0 -0.838673 -0.544635
    outer loop
      vertex 68.2 2.12321 7.06445
      vertex 60.9 2.16506 7
      vertex 68.2 2.16506 7
    endloop
  endfacet
  facet normal 0 -0.891005 -0.453994
    outer loop
      vertex 60.9 2.16506 7
      vertex 68.2 2.19995 6.93153
      vertex 68.2 2.16506 7
    endloop
  endfacet
  facet normal 2.98697e-008 -0.891006 -0.453992
    outer loop
      vertex 68.2 2.19995 6.93153
      vertex 60.9 2.16506 7
      vertex 60.9 2.23436 6.86399
    endloop
  endfacet
  facet normal 0 -0.965925 -0.258821
    outer loop
      vertex 60.9 2.44537 6.26978
      vertex 68.2 2.37764 6.52254
      vertex 60.9 2.37764 6.52254
    endloop
  endfacet
  facet normal 0 -0.965925 -0.258821
    outer loop
      vertex 68.2 2.37764 6.52254
      vertex 60.9 2.44537 6.26978
      vertex 68.2 2.44537 6.26978
    endloop
  endfacet
  facet normal 0 -0.93358 -0.358368
    outer loop
      vertex 60.9 2.37764 6.52254
      vertex 68.2 2.28386 6.76684
      vertex 60.9 2.28386 6.76684
    endloop
  endfacet
  facet normal 0 -0.93358 -0.358368
    outer loop
      vertex 68.2 2.28386 6.76684
      vertex 60.9 2.37764 6.52254
      vertex 68.2 2.37764 6.52254
    endloop
  endfacet
  facet normal 0 0.998629 0.0523377
    outer loop
      vertex 68.2 -2.4863 5.48868
      vertex 60.9 -2.5 5.75
      vertex 68.2 -2.5 5.75
    endloop
  endfacet
  facet normal 0 0.998629 0.0523377
    outer loop
      vertex 60.9 -2.5 5.75
      vertex 68.2 -2.4863 5.48868
      vertex 60.9 -2.4863 5.48868
    endloop
  endfacet
  facet normal -5.28372e-008 0.838671 0.544638
    outer loop
      vertex 68.2 -2.02254 4.28054
      vertex 60.9 -2.10568 4.40856
      vertex 68.2 -2.06439 4.34498
    endloop
  endfacet
  facet normal 0 0.83867 0.54464
    outer loop
      vertex 60.9 -2.10568 4.40856
      vertex 68.2 -2.02254 4.28054
      vertex 60.9 -2.02254 4.28054
    endloop
  endfacet
  facet normal 0 0.93358 0.358368
    outer loop
      vertex 68.2 -2.28386 4.73316
      vertex 60.9 -2.37764 4.97746
      vertex 68.2 -2.37764 4.97746
    endloop
  endfacet
  facet normal 0 0.93358 0.358368
    outer loop
      vertex 60.9 -2.37764 4.97746
      vertex 68.2 -2.28386 4.73316
      vertex 60.9 -2.28386 4.73316
    endloop
  endfacet
  facet normal -0 0.544638 0.838671
    outer loop
      vertex 60.9 -1.25 3.58494
      vertex 68.2 -1.46946 3.72746
      vertex 68.2 -1.25 3.58494
    endloop
  endfacet
  facet normal 0 0.544638 0.838671
    outer loop
      vertex 68.2 -1.46946 3.72746
      vertex 60.9 -1.25 3.58494
      vertex 60.9 -1.46946 3.72746
    endloop
  endfacet
  facet normal -3.26153e-008 0.0523333 0.99863
    outer loop
      vertex 60.9 -0.108884 3.25571
      vertex 68.2 0 3.25
      vertex 60.9 0 3.25
    endloop
  endfacet
  facet normal -4.93207e-008 0.0523345 0.99863
    outer loop
      vertex 68.2 0 3.25
      vertex 60.9 -0.108884 3.25571
      vertex 68.2 -0.184584 3.25967
    endloop
  endfacet
  facet normal -3.85047e-009 0.891007 0.45399
    outer loop
      vertex 68.2 -2.16506 4.5
      vertex 60.9 -2.21456 4.59715
      vertex 68.2 -2.24898 4.66469
    endloop
  endfacet
  facet normal 0 0.891007 0.45399
    outer loop
      vertex 60.9 -2.21456 4.59715
      vertex 68.2 -2.16506 4.5
      vertex 60.9 -2.16506 4.5
    endloop
  endfacet
  facet normal 0 0.838671 0.544638
    outer loop
      vertex 68.2 -2.16506 4.5
      vertex 60.9 -2.10568 4.40856
      vertex 60.9 -2.16506 4.5
    endloop
  endfacet
  facet normal -3.25306e-008 0.83867 0.54464
    outer loop
      vertex 60.9 -2.10568 4.40856
      vertex 68.2 -2.16506 4.5
      vertex 68.2 -2.06439 4.34498
    endloop
  endfacet
  facet normal 0 0.777146 0.62932
    outer loop
      vertex 68.2 -1.85786 4.07717
      vertex 60.9 -2.02254 4.28054
      vertex 68.2 -2.02254 4.28054
    endloop
  endfacet
  facet normal 0 0.777146 0.62932
    outer loop
      vertex 60.9 -2.02254 4.28054
      vertex 68.2 -1.85786 4.07717
      vertex 60.9 -1.85786 4.07717
    endloop
  endfacet
  facet normal 0 0.891006 0.453992
    outer loop
      vertex 68.2 -2.24898 4.66469
      vertex 60.9 -2.28386 4.73316
      vertex 68.2 -2.28386 4.73316
    endloop
  endfacet
  facet normal -1.51431e-008 0.891006 0.453991
    outer loop
      vertex 60.9 -2.28386 4.73316
      vertex 68.2 -2.24898 4.66469
      vertex 60.9 -2.21456 4.59715
    endloop
  endfacet
  facet normal 0 0.965925 0.258821
    outer loop
      vertex 68.2 -2.37764 4.97746
      vertex 60.9 -2.44537 5.23022
      vertex 68.2 -2.44537 5.23022
    endloop
  endfacet
  facet normal 0 0.965925 0.258821
    outer loop
      vertex 60.9 -2.44537 5.23022
      vertex 68.2 -2.37764 4.97746
      vertex 60.9 -2.37764 4.97746
    endloop
  endfacet
  facet normal -0 0.62932 0.777146
    outer loop
      vertex 60.9 -1.46946 3.72746
      vertex 68.2 -1.67283 3.89214
      vertex 68.2 -1.46946 3.72746
    endloop
  endfacet
  facet normal 0 0.62932 0.777146
    outer loop
      vertex 68.2 -1.67283 3.89214
      vertex 60.9 -1.46946 3.72746
      vertex 60.9 -1.67283 3.89214
    endloop
  endfacet
  facet normal -0 0.453991 0.891006
    outer loop
      vertex 60.9 -1.01684 3.46614
      vertex 68.2 -1.25 3.58494
      vertex 68.2 -1.01684 3.46614
    endloop
  endfacet
  facet normal 0 0.453991 0.891006
    outer loop
      vertex 68.2 -1.25 3.58494
      vertex 60.9 -1.01684 3.46614
      vertex 60.9 -1.25 3.58494
    endloop
  endfacet
  facet normal -0 0.258821 0.965925
    outer loop
      vertex 60.9 -0.519779 3.30463
      vertex 68.2 -0.772542 3.37236
      vertex 68.2 -0.519779 3.30463
    endloop
  endfacet
  facet normal 0 0.258821 0.965925
    outer loop
      vertex 68.2 -0.772542 3.37236
      vertex 60.9 -0.519779 3.30463
      vertex 60.9 -0.772542 3.37236
    endloop
  endfacet
  facet normal -1.56052e-008 0.0523377 0.998629
    outer loop
      vertex 60.9 -0.261321 3.2637
      vertex 68.2 -0.184584 3.25967
      vertex 60.9 -0.108884 3.25571
    endloop
  endfacet
  facet normal 0 0.0523362 0.99863
    outer loop
      vertex 68.2 -0.184584 3.25967
      vertex 60.9 -0.261321 3.2637
      vertex 68.2 -0.261321 3.2637
    endloop
  endfacet
  facet normal -0 0.156434 0.987688
    outer loop
      vertex 60.9 -0.261321 3.2637
      vertex 68.2 -0.519779 3.30463
      vertex 68.2 -0.261321 3.2637
    endloop
  endfacet
  facet normal 0 0.156434 0.987688
    outer loop
      vertex 68.2 -0.519779 3.30463
      vertex 60.9 -0.261321 3.2637
      vertex 60.9 -0.519779 3.30463
    endloop
  endfacet
  facet normal 0 0.987688 0.156434
    outer loop
      vertex 68.2 -2.44537 5.23022
      vertex 60.9 -2.4863 5.48868
      vertex 68.2 -2.4863 5.48868
    endloop
  endfacet
  facet normal 0 0.987688 0.156434
    outer loop
      vertex 60.9 -2.4863 5.48868
      vertex 68.2 -2.44537 5.23022
      vertex 60.9 -2.44537 5.23022
    endloop
  endfacet
  facet normal 0 -0.0523353 -0.99863
    outer loop
      vertex 68.2 0 10.35
      vertex 72.6 0.48083 10.3248
      vertex 72.6 0 10.35
    endloop
  endfacet
  facet normal -0 -0.0523353 -0.99863
    outer loop
      vertex 72.6 0.48083 10.3248
      vertex 68.2 0 10.35
      vertex 68.2 0.48083 10.3248
    endloop
  endfacet
  facet normal 0 -0.156435 -0.987688
    outer loop
      vertex 68.2 0.48083 10.3248
      vertex 72.6 0.956393 10.2495
      vertex 72.6 0.48083 10.3248
    endloop
  endfacet
  facet normal -0 -0.156435 -0.987688
    outer loop
      vertex 72.6 0.956393 10.2495
      vertex 68.2 0.48083 10.3248
      vertex 68.2 0.956393 10.2495
    endloop
  endfacet
  facet normal 0 -0.0523353 0.99863
    outer loop
      vertex 68.2 0.48083 1.1752
      vertex 72.6 0 1.15
      vertex 72.6 0.48083 1.1752
    endloop
  endfacet
  facet normal 0 -0.0523353 0.99863
    outer loop
      vertex 72.6 0 1.15
      vertex 68.2 0.48083 1.1752
      vertex 68.2 0 1.15
    endloop
  endfacet
  facet normal 0 -0.99863 0.0523353
    outer loop
      vertex 68.2 4.5748 5.26917
      vertex 72.6 4.6 5.75
      vertex 68.2 4.6 5.75
    endloop
  endfacet
  facet normal 0 -0.99863 0.0523353
    outer loop
      vertex 72.6 4.6 5.75
      vertex 68.2 4.5748 5.26917
      vertex 72.6 4.5748 5.26917
    endloop
  endfacet
  facet normal 0 -0.93358 0.358368
    outer loop
      vertex 68.2 4.20231 3.87901
      vertex 72.6 4.37486 4.32852
      vertex 68.2 4.37486 4.32852
    endloop
  endfacet
  facet normal 0 -0.93358 0.358368
    outer loop
      vertex 72.6 4.37486 4.32852
      vertex 68.2 4.20231 3.87901
      vertex 72.6 4.20231 3.87901
    endloop
  endfacet
  facet normal 0 -0.358368 0.93358
    outer loop
      vertex 68.2 1.87099 1.54769
      vertex 72.6 1.42148 1.37514
      vertex 72.6 1.87099 1.54769
    endloop
  endfacet
  facet normal 0 -0.358368 0.93358
    outer loop
      vertex 72.6 1.42148 1.37514
      vertex 68.2 1.87099 1.54769
      vertex 68.2 1.42148 1.37514
    endloop
  endfacet
  facet normal 0 -0.62932 0.777146
    outer loop
      vertex 68.2 3.078 2.33153
      vertex 72.6 2.70381 2.02852
      vertex 72.6 3.078 2.33153
    endloop
  endfacet
  facet normal 0 -0.62932 0.777146
    outer loop
      vertex 72.6 2.70381 2.02852
      vertex 68.2 3.078 2.33153
      vertex 68.2 2.70381 2.02852
    endloop
  endfacet
  facet normal 0 -0.965926 0.258818
    outer loop
      vertex 68.2 4.37486 4.32852
      vertex 72.6 4.49948 4.79361
      vertex 68.2 4.49948 4.79361
    endloop
  endfacet
  facet normal 0 -0.965926 0.258818
    outer loop
      vertex 72.6 4.49948 4.79361
      vertex 68.2 4.37486 4.32852
      vertex 72.6 4.37486 4.32852
    endloop
  endfacet
  facet normal 0 0.987688 -0.156435
    outer loop
      vertex 72.6 -4.5748 6.23083
      vertex 68.2 -4.49948 6.70639
      vertex 72.6 -4.49948 6.70639
    endloop
  endfacet
  facet normal 0 0.987688 -0.156435
    outer loop
      vertex 68.2 -4.49948 6.70639
      vertex 72.6 -4.5748 6.23083
      vertex 68.2 -4.5748 6.23083
    endloop
  endfacet
  facet normal 0 -0.358368 -0.93358
    outer loop
      vertex 68.2 1.42148 10.1249
      vertex 72.6 1.87099 9.95231
      vertex 72.6 1.42148 10.1249
    endloop
  endfacet
  facet normal -0 -0.358368 -0.93358
    outer loop
      vertex 72.6 1.87099 9.95231
      vertex 68.2 1.42148 10.1249
      vertex 68.2 1.87099 9.95231
    endloop
  endfacet
  facet normal 0 -0.453991 -0.891006
    outer loop
      vertex 68.2 1.87099 9.95231
      vertex 72.6 2.3 9.73372
      vertex 72.6 1.87099 9.95231
    endloop
  endfacet
  facet normal -0 -0.453991 -0.891006
    outer loop
      vertex 72.6 2.3 9.73372
      vertex 68.2 1.87099 9.95231
      vertex 68.2 2.3 9.73372
    endloop
  endfacet
  facet normal 0 -0.965926 -0.258818
    outer loop
      vertex 68.2 4.49948 6.70639
      vertex 72.6 4.37486 7.17148
      vertex 68.2 4.37486 7.17148
    endloop
  endfacet
  facet normal 0 -0.965926 -0.258818
    outer loop
      vertex 72.6 4.37486 7.17148
      vertex 68.2 4.49948 6.70639
      vertex 72.6 4.49948 6.70639
    endloop
  endfacet
  facet normal 0 -0.777146 -0.62932
    outer loop
      vertex 68.2 3.72148 8.45381
      vertex 72.6 3.41847 8.828
      vertex 68.2 3.41847 8.828
    endloop
  endfacet
  facet normal 0 -0.777146 -0.62932
    outer loop
      vertex 72.6 3.41847 8.828
      vertex 68.2 3.72148 8.45381
      vertex 72.6 3.72148 8.45381
    endloop
  endfacet
  facet normal 0 -0.544639 0.838671
    outer loop
      vertex 68.2 2.70381 2.02852
      vertex 72.6 2.3 1.76628
      vertex 72.6 2.70381 2.02852
    endloop
  endfacet
  facet normal 0 -0.544639 0.838671
    outer loop
      vertex 72.6 2.3 1.76628
      vertex 68.2 2.70381 2.02852
      vertex 68.2 2.3 1.76628
    endloop
  endfacet
  facet normal 0 -0.258818 0.965926
    outer loop
      vertex 68.2 1.42148 1.37514
      vertex 72.6 0.956393 1.25052
      vertex 72.6 1.42148 1.37514
    endloop
  endfacet
  facet normal 0 -0.258818 0.965926
    outer loop
      vertex 72.6 0.956393 1.25052
      vertex 68.2 1.42148 1.37514
      vertex 68.2 0.956393 1.25052
    endloop
  endfacet
  facet normal 0 -0.156435 0.987688
    outer loop
      vertex 68.2 0.956393 1.25052
      vertex 72.6 0.48083 1.1752
      vertex 72.6 0.956393 1.25052
    endloop
  endfacet
  facet normal 0 -0.156435 0.987688
    outer loop
      vertex 72.6 0.48083 1.1752
      vertex 68.2 0.956393 1.25052
      vertex 68.2 0.48083 1.1752
    endloop
  endfacet
  facet normal 0 -0.838671 0.544639
    outer loop
      vertex 68.2 3.72148 3.04619
      vertex 72.6 3.98372 3.45
      vertex 68.2 3.98372 3.45
    endloop
  endfacet
  facet normal 0 -0.838671 0.544639
    outer loop
      vertex 72.6 3.98372 3.45
      vertex 68.2 3.72148 3.04619
      vertex 72.6 3.72148 3.04619
    endloop
  endfacet
  facet normal 0 -0.891006 0.453991
    outer loop
      vertex 68.2 3.98372 3.45
      vertex 72.6 4.20231 3.87901
      vertex 68.2 4.20231 3.87901
    endloop
  endfacet
  facet normal 0 -0.891006 0.453991
    outer loop
      vertex 72.6 4.20231 3.87901
      vertex 68.2 3.98372 3.45
      vertex 72.6 3.98372 3.45
    endloop
  endfacet
  facet normal 0 -0.987688 0.156435
    outer loop
      vertex 68.2 4.49948 4.79361
      vertex 72.6 4.5748 5.26917
      vertex 68.2 4.5748 5.26917
    endloop
  endfacet
  facet normal 0 -0.987688 0.156435
    outer loop
      vertex 72.6 4.5748 5.26917
      vertex 68.2 4.49948 4.79361
      vertex 72.6 4.49948 4.79361
    endloop
  endfacet
  facet normal 0 0.0523353 -0.99863
    outer loop
      vertex 68.2 -0.48083 10.3248
      vertex 72.6 0 10.35
      vertex 72.6 -0.48083 10.3248
    endloop
  endfacet
  facet normal 0 0.0523353 -0.99863
    outer loop
      vertex 72.6 0 10.35
      vertex 68.2 -0.48083 10.3248
      vertex 68.2 0 10.35
    endloop
  endfacet
  facet normal 0 0.544639 -0.838671
    outer loop
      vertex 68.2 -2.70381 9.47148
      vertex 72.6 -2.3 9.73372
      vertex 72.6 -2.70381 9.47148
    endloop
  endfacet
  facet normal 0 0.544639 -0.838671
    outer loop
      vertex 72.6 -2.3 9.73372
      vertex 68.2 -2.70381 9.47148
      vertex 68.2 -2.3 9.73372
    endloop
  endfacet
  facet normal 0 0.99863 -0.0523353
    outer loop
      vertex 72.6 -4.6 5.75
      vertex 68.2 -4.5748 6.23083
      vertex 72.6 -4.5748 6.23083
    endloop
  endfacet
  facet normal 0 0.99863 -0.0523353
    outer loop
      vertex 68.2 -4.5748 6.23083
      vertex 72.6 -4.6 5.75
      vertex 68.2 -4.6 5.75
    endloop
  endfacet
  facet normal 0 -0.258818 -0.965926
    outer loop
      vertex 68.2 0.956393 10.2495
      vertex 72.6 1.42148 10.1249
      vertex 72.6 0.956393 10.2495
    endloop
  endfacet
  facet normal -0 -0.258818 -0.965926
    outer loop
      vertex 72.6 1.42148 10.1249
      vertex 68.2 0.956393 10.2495
      vertex 68.2 1.42148 10.1249
    endloop
  endfacet
  facet normal 0 -0.62932 -0.777146
    outer loop
      vertex 68.2 2.70381 9.47148
      vertex 72.6 3.078 9.16847
      vertex 72.6 2.70381 9.47148
    endloop
  endfacet
  facet normal -0 -0.62932 -0.777146
    outer loop
      vertex 72.6 3.078 9.16847
      vertex 68.2 2.70381 9.47148
      vertex 68.2 3.078 9.16847
    endloop
  endfacet
  facet normal 0 -0.707107 -0.707107
    outer loop
      vertex 68.2 3.41847 8.828
      vertex 72.6 3.078 9.16847
      vertex 68.2 3.078 9.16847
    endloop
  endfacet
  facet normal 0 -0.707107 -0.707107
    outer loop
      vertex 72.6 3.078 9.16847
      vertex 68.2 3.41847 8.828
      vertex 72.6 3.41847 8.828
    endloop
  endfacet
  facet normal 0 -0.544639 -0.838671
    outer loop
      vertex 68.2 2.3 9.73372
      vertex 72.6 2.70381 9.47148
      vertex 72.6 2.3 9.73372
    endloop
  endfacet
  facet normal -0 -0.544639 -0.838671
    outer loop
      vertex 72.6 2.70381 9.47148
      vertex 68.2 2.3 9.73372
      vertex 68.2 2.70381 9.47148
    endloop
  endfacet
  facet normal 0 -0.987688 -0.156435
    outer loop
      vertex 68.2 4.5748 6.23083
      vertex 72.6 4.49948 6.70639
      vertex 68.2 4.49948 6.70639
    endloop
  endfacet
  facet normal 0 -0.987688 -0.156435
    outer loop
      vertex 72.6 4.49948 6.70639
      vertex 68.2 4.5748 6.23083
      vertex 72.6 4.5748 6.23083
    endloop
  endfacet
  facet normal 0 -0.99863 -0.0523353
    outer loop
      vertex 68.2 4.6 5.75
      vertex 72.6 4.5748 6.23083
      vertex 68.2 4.5748 6.23083
    endloop
  endfacet
  facet normal 0 -0.99863 -0.0523353
    outer loop
      vertex 72.6 4.5748 6.23083
      vertex 68.2 4.6 5.75
      vertex 72.6 4.6 5.75
    endloop
  endfacet
  facet normal 0 -0.891006 -0.453991
    outer loop
      vertex 68.2 4.20231 7.62099
      vertex 72.6 3.98372 8.05
      vertex 68.2 3.98372 8.05
    endloop
  endfacet
  facet normal 0 -0.891006 -0.453991
    outer loop
      vertex 72.6 3.98372 8.05
      vertex 68.2 4.20231 7.62099
      vertex 72.6 4.20231 7.62099
    endloop
  endfacet
  facet normal 0 -0.93358 -0.358368
    outer loop
      vertex 68.2 4.37486 7.17148
      vertex 72.6 4.20231 7.62099
      vertex 68.2 4.20231 7.62099
    endloop
  endfacet
  facet normal 0 -0.93358 -0.358368
    outer loop
      vertex 72.6 4.20231 7.62099
      vertex 68.2 4.37486 7.17148
      vertex 72.6 4.37486 7.17148
    endloop
  endfacet
  facet normal 0 -0.838671 -0.544639
    outer loop
      vertex 68.2 3.98372 8.05
      vertex 72.6 3.72148 8.45381
      vertex 68.2 3.72148 8.45381
    endloop
  endfacet
  facet normal 0 -0.838671 -0.544639
    outer loop
      vertex 72.6 3.72148 8.45381
      vertex 68.2 3.98372 8.05
      vertex 72.6 3.98372 8.05
    endloop
  endfacet
  facet normal 0 -0.453991 0.891006
    outer loop
      vertex 68.2 2.3 1.76628
      vertex 72.6 1.87099 1.54769
      vertex 72.6 2.3 1.76628
    endloop
  endfacet
  facet normal 0 -0.453991 0.891006
    outer loop
      vertex 72.6 1.87099 1.54769
      vertex 68.2 2.3 1.76628
      vertex 68.2 1.87099 1.54769
    endloop
  endfacet
  facet normal 0 -0.777146 0.62932
    outer loop
      vertex 68.2 3.41847 2.672
      vertex 72.6 3.72148 3.04619
      vertex 68.2 3.72148 3.04619
    endloop
  endfacet
  facet normal 0 -0.777146 0.62932
    outer loop
      vertex 72.6 3.72148 3.04619
      vertex 68.2 3.41847 2.672
      vertex 72.6 3.41847 2.672
    endloop
  endfacet
  facet normal 0 -0.707107 0.707107
    outer loop
      vertex 68.2 3.078 2.33153
      vertex 72.6 3.41847 2.672
      vertex 68.2 3.41847 2.672
    endloop
  endfacet
  facet normal 0 -0.707107 0.707107
    outer loop
      vertex 72.6 3.41847 2.672
      vertex 68.2 3.078 2.33153
      vertex 72.6 3.078 2.33153
    endloop
  endfacet
  facet normal 0 0.453991 -0.891006
    outer loop
      vertex 68.2 -2.3 9.73372
      vertex 72.6 -1.87099 9.95231
      vertex 72.6 -2.3 9.73372
    endloop
  endfacet
  facet normal 0 0.453991 -0.891006
    outer loop
      vertex 72.6 -1.87099 9.95231
      vertex 68.2 -2.3 9.73372
      vertex 68.2 -1.87099 9.95231
    endloop
  endfacet
  facet normal 0 0.62932 -0.777146
    outer loop
      vertex 68.2 -3.078 9.16847
      vertex 72.6 -2.70381 9.47148
      vertex 72.6 -3.078 9.16847
    endloop
  endfacet
  facet normal 0 0.62932 -0.777146
    outer loop
      vertex 72.6 -2.70381 9.47148
      vertex 68.2 -3.078 9.16847
      vertex 68.2 -2.70381 9.47148
    endloop
  endfacet
  facet normal 0 0.838671 -0.544639
    outer loop
      vertex 72.6 -3.98372 8.05
      vertex 68.2 -3.72148 8.45381
      vertex 72.6 -3.72148 8.45381
    endloop
  endfacet
  facet normal 0 0.838671 -0.544639
    outer loop
      vertex 68.2 -3.72148 8.45381
      vertex 72.6 -3.98372 8.05
      vertex 68.2 -3.98372 8.05
    endloop
  endfacet
  facet normal 0 0.777146 -0.62932
    outer loop
      vertex 72.6 -3.72148 8.45381
      vertex 68.2 -3.41847 8.828
      vertex 72.6 -3.41847 8.828
    endloop
  endfacet
  facet normal 0 0.777146 -0.62932
    outer loop
      vertex 68.2 -3.41847 8.828
      vertex 72.6 -3.72148 8.45381
      vertex 68.2 -3.72148 8.45381
    endloop
  endfacet
  facet normal 1 0 0
    outer loop
      vertex 68.2 2.5 5.75
      vertex 68.2 4.6 5.75
      vertex 68.2 4.5748 6.23083
    endloop
  endfacet
  facet normal 1 0 0
    outer loop
      vertex 68.2 2.4863 6.01132
      vertex 68.2 4.5748 6.23083
      vertex 68.2 4.49948 6.70639
    endloop
  endfacet
  facet normal 1 0 0
    outer loop
      vertex 68.2 4.6 5.75
      vertex 68.2 2.5 5.75
      vertex 68.2 4.5748 5.26917
    endloop
  endfacet
  facet normal 1 0 0
    outer loop
      vertex 68.2 2.44537 6.26978
      vertex 68.2 4.49948 6.70639
      vertex 68.2 4.37486 7.17148
    endloop
  endfacet
  facet normal 1 -0 0
    outer loop
      vertex 68.2 2.4863 5.48868
      vertex 68.2 4.5748 5.26917
      vertex 68.2 2.5 5.75
    endloop
  endfacet
  facet normal 1 0 0
    outer loop
      vertex 68.2 2.37764 6.52254
      vertex 68.2 4.37486 7.17148
      vertex 68.2 4.20231 7.62099
    endloop
  endfacet
  facet normal 1 0 0
    outer loop
      vertex 68.2 4.5748 5.26917
      vertex 68.2 2.4863 5.48868
      vertex 68.2 4.49948 4.79361
    endloop
  endfacet
  facet normal 1 0 0
    outer loop
      vertex 68.2 2.19995 6.93153
      vertex 68.2 4.20231 7.62099
      vertex 68.2 3.98372 8.05
    endloop
  endfacet
  facet normal 1 -0 0
    outer loop
      vertex 68.2 2.44537 5.23022
      vertex 68.2 4.49948 4.79361
      vertex 68.2 2.4863 5.48868
    endloop
  endfacet
  facet normal 1 0 0
    outer loop
      vertex 68.2 2.12321 7.06445
      vertex 68.2 3.98372 8.05
      vertex 68.2 3.72148 8.45381
    endloop
  endfacet
  facet normal 1 0 0
    outer loop
      vertex 68.2 4.49948 4.79361
      vertex 68.2 2.44537 5.23022
      vertex 68.2 4.37486 4.32852
    endloop
  endfacet
  facet normal 1 0 0
    outer loop
      vertex 68.2 2.02254 7.21946
      vertex 68.2 3.72148 8.45381
      vertex 68.2 3.41847 8.828
    endloop
  endfacet
  facet normal 1 -0 0
    outer loop
      vertex 68.2 2.37764 4.97746
      vertex 68.2 4.37486 4.32852
      vertex 68.2 2.44537 5.23022
    endloop
  endfacet
  facet normal 1 0 0
    outer loop
      vertex 68.2 1.85786 7.42283
      vertex 68.2 3.41847 8.828
      vertex 68.2 3.078 9.16847
    endloop
  endfacet
  facet normal 1 0 0
    outer loop
      vertex 68.2 4.37486 4.32852
      vertex 68.2 2.37764 4.97746
      vertex 68.2 4.20231 3.87901
    endloop
  endfacet
  facet normal 1 0 0
    outer loop
      vertex 68.2 1.67283 7.60786
      vertex 68.2 3.078 9.16847
      vertex 68.2 2.70381 9.47148
    endloop
  endfacet
  facet normal 1 -0 0
    outer loop
      vertex 68.2 2.28386 4.73316
      vertex 68.2 4.20231 3.87901
      vertex 68.2 2.37764 4.97746
    endloop
  endfacet
  facet normal 1 -0 0
    outer loop
      vertex 68.2 2.24898 4.66469
      vertex 68.2 4.20231 3.87901
      vertex 68.2 2.28386 4.73316
    endloop
  endfacet
  facet normal 1 0 0
    outer loop
      vertex 68.2 4.5748 6.23083
      vertex 68.2 2.4863 6.01132
      vertex 68.2 2.5 5.75
    endloop
  endfacet
  facet normal 1 0 0
    outer loop
      vertex 68.2 4.49948 6.70639
      vertex 68.2 2.44537 6.26978
      vertex 68.2 2.4863 6.01132
    endloop
  endfacet
  facet normal 1 0 0
    outer loop
      vertex 68.2 4.37486 7.17148
      vertex 68.2 2.37764 6.52254
      vertex 68.2 2.44537 6.26978
    endloop
  endfacet
  facet normal 1 0 0
    outer loop
      vertex 68.2 1.46946 7.77254
      vertex 68.2 2.70381 9.47148
      vertex 68.2 2.3 9.73372
    endloop
  endfacet
  facet normal 1 0 0
    outer loop
      vertex 68.2 4.20231 7.62099
      vertex 68.2 2.28386 6.76684
      vertex 68.2 2.37764 6.52254
    endloop
  endfacet
  facet normal 1 0 0
    outer loop
      vertex 68.2 4.20231 7.62099
      vertex 68.2 2.19995 6.93153
      vertex 68.2 2.28386 6.76684
    endloop
  endfacet
  facet normal 1 0 0
    outer loop
      vertex 68.2 3.98372 8.05
      vertex 68.2 2.16506 7
      vertex 68.2 2.19995 6.93153
    endloop
  endfacet
  facet normal 1 0 0
    outer loop
      vertex 68.2 3.98372 8.05
      vertex 68.2 2.12321 7.06445
      vertex 68.2 2.16506 7
    endloop
  endfacet
  facet normal 1 0 0
    outer loop
      vertex 68.2 3.72148 8.45381
      vertex 68.2 2.02254 7.21946
      vertex 68.2 2.12321 7.06445
    endloop
  endfacet
  facet normal 1 0 0
    outer loop
      vertex 68.2 1.25 7.91506
      vertex 68.2 2.3 9.73372
      vertex 68.2 1.87099 9.95231
    endloop
  endfacet
  facet normal 1 0 0
    outer loop
      vertex 68.2 3.41847 8.828
      vertex 68.2 1.85786 7.42283
      vertex 68.2 2.02254 7.21946
    endloop
  endfacet
  facet normal 1 0 0
    outer loop
      vertex 68.2 3.078 9.16847
      vertex 68.2 1.67283 7.60786
      vertex 68.2 1.85786 7.42283
    endloop
  endfacet
  facet normal 1 0 0
    outer loop
      vertex 68.2 2.70381 9.47148
      vertex 68.2 1.46946 7.77254
      vertex 68.2 1.67283 7.60786
    endloop
  endfacet
  facet normal 1 0 0
    outer loop
      vertex 68.2 1.01684 8.03386
      vertex 68.2 1.87099 9.95231
      vertex 68.2 1.42148 10.1249
    endloop
  endfacet
  facet normal 1 0 0
    outer loop
      vertex 68.2 2.3 9.73372
      vertex 68.2 1.25 7.91506
      vertex 68.2 1.46946 7.77254
    endloop
  endfacet
  facet normal 1 0 0
    outer loop
      vertex 68.2 1.87099 9.95231
      vertex 68.2 1.01684 8.03386
      vertex 68.2 1.25 7.91506
    endloop
  endfacet
  facet normal 1 0 0
    outer loop
      vertex 68.2 0.772542 8.12764
      vertex 68.2 1.42148 10.1249
      vertex 68.2 0.956393 10.2495
    endloop
  endfacet
  facet normal 1 0 0
    outer loop
      vertex 68.2 1.42148 10.1249
      vertex 68.2 0.772542 8.12764
      vertex 68.2 1.01684 8.03386
    endloop
  endfacet
  facet normal 1 0 0
    outer loop
      vertex 68.2 0.956393 10.2495
      vertex 68.2 0.519779 8.19537
      vertex 68.2 0.772542 8.12764
    endloop
  endfacet
  facet normal 1 0 0
    outer loop
      vertex 68.2 0.48083 10.3248
      vertex 68.2 0.519779 8.19537
      vertex 68.2 0.956393 10.2495
    endloop
  endfacet
  facet normal 1 0 0
    outer loop
      vertex 68.2 0.48083 10.3248
      vertex 68.2 0.261321 8.2363
      vertex 68.2 0.519779 8.19537
    endloop
  endfacet
  facet normal 1 0 0
    outer loop
      vertex 68.2 0 10.35
      vertex 68.2 0.261321 8.2363
      vertex 68.2 0.48083 10.3248
    endloop
  endfacet
  facet normal 1 0 0
    outer loop
      vertex 68.2 0 10.35
      vertex 68.2 0 8.25
      vertex 68.2 0.261321 8.2363
    endloop
  endfacet
  facet normal 1 0 0
    outer loop
      vertex 68.2 0 10.35
      vertex 68.2 -0.261321 8.2363
      vertex 68.2 0 8.25
    endloop
  endfacet
  facet normal 1 -0 0
    outer loop
      vertex 68.2 -0.48083 10.3248
      vertex 68.2 -0.261321 8.2363
      vertex 68.2 0 10.35
    endloop
  endfacet
  facet normal 1 0 0
    outer loop
      vertex 68.2 -0.48083 10.3248
      vertex 68.2 -0.519779 8.19537
      vertex 68.2 -0.261321 8.2363
    endloop
  endfacet
  facet normal 1 -0 0
    outer loop
      vertex 68.2 -0.956393 10.2495
      vertex 68.2 -0.519779 8.19537
      vertex 68.2 -0.48083 10.3248
    endloop
  endfacet
  facet normal 1 0 0
    outer loop
      vertex 68.2 -0.519779 8.19537
      vertex 68.2 -0.956393 10.2495
      vertex 68.2 -0.772542 8.12764
    endloop
  endfacet
  facet normal 1 -0 0
    outer loop
      vertex 68.2 -1.42148 10.1249
      vertex 68.2 -0.772542 8.12764
      vertex 68.2 -0.956393 10.2495
    endloop
  endfacet
  facet normal 1 0 0
    outer loop
      vertex 68.2 -0.772542 8.12764
      vertex 68.2 -1.42148 10.1249
      vertex 68.2 -1.01684 8.03386
    endloop
  endfacet
  facet normal 1 -0 0
    outer loop
      vertex 68.2 -1.87099 9.95231
      vertex 68.2 -1.01684 8.03386
      vertex 68.2 -1.42148 10.1249
    endloop
  endfacet
  facet normal 1 0 0
    outer loop
      vertex 68.2 -1.01684 8.03386
      vertex 68.2 -1.87099 9.95231
      vertex 68.2 -1.25 7.91506
    endloop
  endfacet
  facet normal 1 -0 0
    outer loop
      vertex 68.2 -2.3 9.73372
      vertex 68.2 -1.25 7.91506
      vertex 68.2 -1.87099 9.95231
    endloop
  endfacet
  facet normal 1 0 0
    outer loop
      vertex 68.2 -1.25 7.91506
      vertex 68.2 -2.3 9.73372
      vertex 68.2 -1.46946 7.77254
    endloop
  endfacet
  facet normal 1 -0 0
    outer loop
      vertex 68.2 -2.70381 9.47148
      vertex 68.2 -1.46946 7.77254
      vertex 68.2 -2.3 9.73372
    endloop
  endfacet
  facet normal 1 0 0
    outer loop
      vertex 68.2 -1.46946 7.77254
      vertex 68.2 -2.70381 9.47148
      vertex 68.2 -1.67283 7.60786
    endloop
  endfacet
  facet normal 1 -0 0
    outer loop
      vertex 68.2 -3.078 9.16847
      vertex 68.2 -1.67283 7.60786
      vertex 68.2 -2.70381 9.47148
    endloop
  endfacet
  facet normal 1 0 0
    outer loop
      vertex 68.2 -1.67283 7.60786
      vertex 68.2 -3.078 9.16847
      vertex 68.2 -1.85786 7.42283
    endloop
  endfacet
  facet normal 1 -0 0
    outer loop
      vertex 68.2 -3.41847 8.828
      vertex 68.2 -1.85786 7.42283
      vertex 68.2 -3.078 9.16847
    endloop
  endfacet
  facet normal 1 0 0
    outer loop
      vertex 68.2 -1.85786 7.42283
      vertex 68.2 -3.41847 8.828
      vertex 68.2 -2.02254 7.21946
    endloop
  endfacet
  facet normal 1 -0 0
    outer loop
      vertex 68.2 -3.72148 8.45381
      vertex 68.2 -2.02254 7.21946
      vertex 68.2 -3.41847 8.828
    endloop
  endfacet
  facet normal 1 0 0
    outer loop
      vertex 68.2 -2.02254 7.21946
      vertex 68.2 -3.72148 8.45381
      vertex 68.2 -2.16506 7
    endloop
  endfacet
  facet normal 1 -0 0
    outer loop
      vertex 68.2 -3.98372 8.05
      vertex 68.2 -2.16506 7
      vertex 68.2 -3.72148 8.45381
    endloop
  endfacet
  facet normal 1 0 0
    outer loop
      vertex 68.2 -2.16506 7
      vertex 68.2 -3.98372 8.05
      vertex 68.2 -2.28386 6.76684
    endloop
  endfacet
  facet normal 1 0 0
    outer loop
      vertex 68.2 4.20231 3.87901
      vertex 68.2 2.24898 4.66469
      vertex 68.2 3.98372 3.45
    endloop
  endfacet
  facet normal 1 -0 0
    outer loop
      vertex 68.2 2.16506 4.5
      vertex 68.2 3.98372 3.45
      vertex 68.2 2.24898 4.66469
    endloop
  endfacet
  facet normal 1 -0 0
    outer loop
      vertex 68.2 2.06439 4.34498
      vertex 68.2 3.98372 3.45
      vertex 68.2 2.16506 4.5
    endloop
  endfacet
  facet normal 1 0 0
    outer loop
      vertex 68.2 3.98372 3.45
      vertex 68.2 2.06439 4.34498
      vertex 68.2 3.72148 3.04619
    endloop
  endfacet
  facet normal 1 -0 0
    outer loop
      vertex 68.2 2.02254 4.28054
      vertex 68.2 3.72148 3.04619
      vertex 68.2 2.06439 4.34498
    endloop
  endfacet
  facet normal 1 0 0
    outer loop
      vertex 68.2 3.72148 3.04619
      vertex 68.2 2.02254 4.28054
      vertex 68.2 3.41847 2.672
    endloop
  endfacet
  facet normal 1 -0 0
    outer loop
      vertex 68.2 1.85786 4.07717
      vertex 68.2 3.41847 2.672
      vertex 68.2 2.02254 4.28054
    endloop
  endfacet
  facet normal 1 0 0
    outer loop
      vertex 68.2 3.41847 2.672
      vertex 68.2 1.85786 4.07717
      vertex 68.2 3.078 2.33153
    endloop
  endfacet
  facet normal 1 -0 0
    outer loop
      vertex 68.2 1.67283 3.89214
      vertex 68.2 3.078 2.33153
      vertex 68.2 1.85786 4.07717
    endloop
  endfacet
  facet normal 1 0 0
    outer loop
      vertex 68.2 3.078 2.33153
      vertex 68.2 1.67283 3.89214
      vertex 68.2 2.70381 2.02852
    endloop
  endfacet
  facet normal 1 -0 0
    outer loop
      vertex 68.2 1.46946 3.72746
      vertex 68.2 2.70381 2.02852
      vertex 68.2 1.67283 3.89214
    endloop
  endfacet
  facet normal 1 0 0
    outer loop
      vertex 68.2 2.70381 2.02852
      vertex 68.2 1.46946 3.72746
      vertex 68.2 2.3 1.76628
    endloop
  endfacet
  facet normal 1 -0 0
    outer loop
      vertex 68.2 1.25 3.58494
      vertex 68.2 2.3 1.76628
      vertex 68.2 1.46946 3.72746
    endloop
  endfacet
  facet normal 1 0 0
    outer loop
      vertex 68.2 2.3 1.76628
      vertex 68.2 1.25 3.58494
      vertex 68.2 1.87099 1.54769
    endloop
  endfacet
  facet normal 1 -0 0
    outer loop
      vertex 68.2 1.01684 3.46614
      vertex 68.2 1.87099 1.54769
      vertex 68.2 1.25 3.58494
    endloop
  endfacet
  facet normal 1 0 0
    outer loop
      vertex 68.2 1.87099 1.54769
      vertex 68.2 1.01684 3.46614
      vertex 68.2 1.42148 1.37514
    endloop
  endfacet
  facet normal 1 -0 0
    outer loop
      vertex 68.2 0.772542 3.37236
      vertex 68.2 1.42148 1.37514
      vertex 68.2 1.01684 3.46614
    endloop
  endfacet
  facet normal 1 0 0
    outer loop
      vertex 68.2 1.42148 1.37514
      vertex 68.2 0.772542 3.37236
      vertex 68.2 0.956393 1.25052
    endloop
  endfacet
  facet normal 1 -0 0
    outer loop
      vertex 68.2 0.519779 3.30463
      vertex 68.2 0.956393 1.25052
      vertex 68.2 0.772542 3.37236
    endloop
  endfacet
  facet normal 1 0 0
    outer loop
      vertex 68.2 0.519779 3.30463
      vertex 68.2 0.48083 1.1752
      vertex 68.2 0.956393 1.25052
    endloop
  endfacet
  facet normal 1 -0 0
    outer loop
      vertex 68.2 0.261321 3.2637
      vertex 68.2 0.48083 1.1752
      vertex 68.2 0.519779 3.30463
    endloop
  endfacet
  facet normal 1 -0 0
    outer loop
      vertex 68.2 0.184584 3.25967
      vertex 68.2 0.48083 1.1752
      vertex 68.2 0.261321 3.2637
    endloop
  endfacet
  facet normal 1 0 0
    outer loop
      vertex 68.2 0 1.15
      vertex 68.2 0.184584 3.25967
      vertex 68.2 0 3.25
    endloop
  endfacet
  facet normal 1 0 0
    outer loop
      vertex 68.2 0.184584 3.25967
      vertex 68.2 0 1.15
      vertex 68.2 0.48083 1.1752
    endloop
  endfacet
  facet normal 1 0 0
    outer loop
      vertex 68.2 -0.184584 3.25967
      vertex 68.2 0 1.15
      vertex 68.2 0 3.25
    endloop
  endfacet
  facet normal 1 0 0
    outer loop
      vertex 68.2 -0.48083 1.1752
      vertex 68.2 -0.184584 3.25967
      vertex 68.2 -0.261321 3.2637
    endloop
  endfacet
  facet normal 1 0 0
    outer loop
      vertex 68.2 -0.184584 3.25967
      vertex 68.2 -0.48083 1.1752
      vertex 68.2 0 1.15
    endloop
  endfacet
  facet normal 1 0 0
    outer loop
      vertex 68.2 -0.519779 3.30463
      vertex 68.2 -0.48083 1.1752
      vertex 68.2 -0.261321 3.2637
    endloop
  endfacet
  facet normal 1 0 0
    outer loop
      vertex 68.2 -0.956393 1.25052
      vertex 68.2 -0.519779 3.30463
      vertex 68.2 -0.772542 3.37236
    endloop
  endfacet
  facet normal 1 0 0
    outer loop
      vertex 68.2 -0.519779 3.30463
      vertex 68.2 -0.956393 1.25052
      vertex 68.2 -0.48083 1.1752
    endloop
  endfacet
  facet normal 1 0 0
    outer loop
      vertex 68.2 -1.42148 1.37514
      vertex 68.2 -0.772542 3.37236
      vertex 68.2 -1.01684 3.46614
    endloop
  endfacet
  facet normal 1 0 0
    outer loop
      vertex 68.2 -1.87099 1.54769
      vertex 68.2 -1.01684 3.46614
      vertex 68.2 -1.25 3.58494
    endloop
  endfacet
  facet normal 1 0 0
    outer loop
      vertex 68.2 -0.772542 3.37236
      vertex 68.2 -1.42148 1.37514
      vertex 68.2 -0.956393 1.25052
    endloop
  endfacet
  facet normal 1 0 0
    outer loop
      vertex 68.2 -2.3 1.76628
      vertex 68.2 -1.25 3.58494
      vertex 68.2 -1.46946 3.72746
    endloop
  endfacet
  facet normal 1 0 0
    outer loop
      vertex 68.2 -2.70381 2.02852
      vertex 68.2 -1.46946 3.72746
      vertex 68.2 -1.67283 3.89214
    endloop
  endfacet
  facet normal 1 0 0
    outer loop
      vertex 68.2 -3.078 2.33153
      vertex 68.2 -1.67283 3.89214
      vertex 68.2 -1.85786 4.07717
    endloop
  endfacet
  facet normal 1 0 0
    outer loop
      vertex 68.2 -1.01684 3.46614
      vertex 68.2 -1.87099 1.54769
      vertex 68.2 -1.42148 1.37514
    endloop
  endfacet
  facet normal 1 0 0
    outer loop
      vertex 68.2 -3.41847 2.672
      vertex 68.2 -1.85786 4.07717
      vertex 68.2 -2.02254 4.28054
    endloop
  endfacet
  facet normal 1 0 0
    outer loop
      vertex 68.2 -3.72148 3.04619
      vertex 68.2 -2.02254 4.28054
      vertex 68.2 -2.06439 4.34498
    endloop
  endfacet
  facet normal 1 0 0
    outer loop
      vertex 68.2 -3.98372 3.45
      vertex 68.2 -2.06439 4.34498
      vertex 68.2 -2.16506 4.5
    endloop
  endfacet
  facet normal 1 0 0
    outer loop
      vertex 68.2 -3.98372 3.45
      vertex 68.2 -2.16506 4.5
      vertex 68.2 -2.24898 4.66469
    endloop
  endfacet
  facet normal 1 0 0
    outer loop
      vertex 68.2 -4.20231 3.87901
      vertex 68.2 -2.24898 4.66469
      vertex 68.2 -2.28386 4.73316
    endloop
  endfacet
  facet normal 1 0 0
    outer loop
      vertex 68.2 -1.25 3.58494
      vertex 68.2 -2.3 1.76628
      vertex 68.2 -1.87099 1.54769
    endloop
  endfacet
  facet normal 1 0 0
    outer loop
      vertex 68.2 -4.20231 3.87901
      vertex 68.2 -2.28386 4.73316
      vertex 68.2 -2.37764 4.97746
    endloop
  endfacet
  facet normal 1 0 0
    outer loop
      vertex 68.2 -4.37486 4.32852
      vertex 68.2 -2.37764 4.97746
      vertex 68.2 -2.44537 5.23022
    endloop
  endfacet
  facet normal 1 0 0
    outer loop
      vertex 68.2 -4.49948 4.79361
      vertex 68.2 -2.44537 5.23022
      vertex 68.2 -2.4863 5.48868
    endloop
  endfacet
  facet normal 1 0 0
    outer loop
      vertex 68.2 -4.5748 5.26917
      vertex 68.2 -2.4863 5.48868
      vertex 68.2 -2.5 5.75
    endloop
  endfacet
  facet normal 1 -0 0
    outer loop
      vertex 68.2 -4.20231 7.62099
      vertex 68.2 -2.28386 6.76684
      vertex 68.2 -3.98372 8.05
    endloop
  endfacet
  facet normal 1 0 0
    outer loop
      vertex 68.2 -1.46946 3.72746
      vertex 68.2 -2.70381 2.02852
      vertex 68.2 -2.3 1.76628
    endloop
  endfacet
  facet normal 1 0 0
    outer loop
      vertex 68.2 -2.28386 6.76684
      vertex 68.2 -4.20231 7.62099
      vertex 68.2 -2.37764 6.52254
    endloop
  endfacet
  facet normal 1 0 0
    outer loop
      vertex 68.2 -1.67283 3.89214
      vertex 68.2 -3.078 2.33153
      vertex 68.2 -2.70381 2.02852
    endloop
  endfacet
  facet normal 1 -0 0
    outer loop
      vertex 68.2 -4.37486 7.17148
      vertex 68.2 -2.37764 6.52254
      vertex 68.2 -4.20231 7.62099
    endloop
  endfacet
  facet normal 1 0 0
    outer loop
      vertex 68.2 -1.85786 4.07717
      vertex 68.2 -3.41847 2.672
      vertex 68.2 -3.078 2.33153
    endloop
  endfacet
  facet normal 1 0 0
    outer loop
      vertex 68.2 -2.37764 6.52254
      vertex 68.2 -4.37486 7.17148
      vertex 68.2 -2.44537 6.26978
    endloop
  endfacet
  facet normal 1 0 0
    outer loop
      vertex 68.2 -2.02254 4.28054
      vertex 68.2 -3.72148 3.04619
      vertex 68.2 -3.41847 2.672
    endloop
  endfacet
  facet normal 1 -0 0
    outer loop
      vertex 68.2 -4.49948 6.70639
      vertex 68.2 -2.44537 6.26978
      vertex 68.2 -4.37486 7.17148
    endloop
  endfacet
  facet normal 1 0 0
    outer loop
      vertex 68.2 -2.06439 4.34498
      vertex 68.2 -3.98372 3.45
      vertex 68.2 -3.72148 3.04619
    endloop
  endfacet
  facet normal 1 0 0
    outer loop
      vertex 68.2 -2.44537 6.26978
      vertex 68.2 -4.49948 6.70639
      vertex 68.2 -2.4863 6.01132
    endloop
  endfacet
  facet normal 1 0 0
    outer loop
      vertex 68.2 -2.24898 4.66469
      vertex 68.2 -4.20231 3.87901
      vertex 68.2 -3.98372 3.45
    endloop
  endfacet
  facet normal 1 -0 0
    outer loop
      vertex 68.2 -4.5748 6.23083
      vertex 68.2 -2.4863 6.01132
      vertex 68.2 -4.49948 6.70639
    endloop
  endfacet
  facet normal 1 0 0
    outer loop
      vertex 68.2 -2.37764 4.97746
      vertex 68.2 -4.37486 4.32852
      vertex 68.2 -4.20231 3.87901
    endloop
  endfacet
  facet normal 1 0 0
    outer loop
      vertex 68.2 -2.4863 6.01132
      vertex 68.2 -4.5748 6.23083
      vertex 68.2 -2.5 5.75
    endloop
  endfacet
  facet normal 1 0 0
    outer loop
      vertex 68.2 -2.44537 5.23022
      vertex 68.2 -4.49948 4.79361
      vertex 68.2 -4.37486 4.32852
    endloop
  endfacet
  facet normal 1 0 0
    outer loop
      vertex 68.2 -4.6 5.75
      vertex 68.2 -2.5 5.75
      vertex 68.2 -4.5748 6.23083
    endloop
  endfacet
  facet normal 1 0 0
    outer loop
      vertex 68.2 -2.4863 5.48868
      vertex 68.2 -4.5748 5.26917
      vertex 68.2 -4.49948 4.79361
    endloop
  endfacet
  facet normal 1 0 0
    outer loop
      vertex 68.2 -2.5 5.75
      vertex 68.2 -4.6 5.75
      vertex 68.2 -4.5748 5.26917
    endloop
  endfacet
  facet normal 0 0.777146 0.62932
    outer loop
      vertex 72.6 -3.41847 2.672
      vertex 68.2 -3.72148 3.04619
      vertex 72.6 -3.72148 3.04619
    endloop
  endfacet
  facet normal 0 0.777146 0.62932
    outer loop
      vertex 68.2 -3.72148 3.04619
      vertex 72.6 -3.41847 2.672
      vertex 68.2 -3.41847 2.672
    endloop
  endfacet
  facet normal -0 0.62932 0.777146
    outer loop
      vertex 68.2 -2.70381 2.02852
      vertex 72.6 -3.078 2.33153
      vertex 72.6 -2.70381 2.02852
    endloop
  endfacet
  facet normal 0 0.62932 0.777146
    outer loop
      vertex 72.6 -3.078 2.33153
      vertex 68.2 -2.70381 2.02852
      vertex 68.2 -3.078 2.33153
    endloop
  endfacet
  facet normal 0 0.965926 -0.258818
    outer loop
      vertex 72.6 -4.49948 6.70639
      vertex 68.2 -4.37486 7.17148
      vertex 72.6 -4.37486 7.17148
    endloop
  endfacet
  facet normal 0 0.965926 -0.258818
    outer loop
      vertex 68.2 -4.37486 7.17148
      vertex 72.6 -4.49948 6.70639
      vertex 68.2 -4.49948 6.70639
    endloop
  endfacet
  facet normal 0 0.93358 -0.358368
    outer loop
      vertex 72.6 -4.37486 7.17148
      vertex 68.2 -4.20231 7.62099
      vertex 72.6 -4.20231 7.62099
    endloop
  endfacet
  facet normal 0 0.93358 -0.358368
    outer loop
      vertex 68.2 -4.20231 7.62099
      vertex 72.6 -4.37486 7.17148
      vertex 68.2 -4.37486 7.17148
    endloop
  endfacet
  facet normal 0 0.258818 -0.965926
    outer loop
      vertex 68.2 -1.42148 10.1249
      vertex 72.6 -0.956393 10.2495
      vertex 72.6 -1.42148 10.1249
    endloop
  endfacet
  facet normal 0 0.258818 -0.965926
    outer loop
      vertex 72.6 -0.956393 10.2495
      vertex 68.2 -1.42148 10.1249
      vertex 68.2 -0.956393 10.2495
    endloop
  endfacet
  facet normal 0 0.156435 -0.987688
    outer loop
      vertex 68.2 -0.956393 10.2495
      vertex 72.6 -0.48083 10.3248
      vertex 72.6 -0.956393 10.2495
    endloop
  endfacet
  facet normal 0 0.156435 -0.987688
    outer loop
      vertex 72.6 -0.48083 10.3248
      vertex 68.2 -0.956393 10.2495
      vertex 68.2 -0.48083 10.3248
    endloop
  endfacet
  facet normal 0 0.707107 -0.707107
    outer loop
      vertex 72.6 -3.41847 8.828
      vertex 68.2 -3.078 9.16847
      vertex 72.6 -3.078 9.16847
    endloop
  endfacet
  facet normal 0 0.707107 -0.707107
    outer loop
      vertex 68.2 -3.078 9.16847
      vertex 72.6 -3.41847 8.828
      vertex 68.2 -3.41847 8.828
    endloop
  endfacet
  facet normal 0 0.891006 -0.453991
    outer loop
      vertex 72.6 -4.20231 7.62099
      vertex 68.2 -3.98372 8.05
      vertex 72.6 -3.98372 8.05
    endloop
  endfacet
  facet normal 0 0.891006 -0.453991
    outer loop
      vertex 68.2 -3.98372 8.05
      vertex 72.6 -4.20231 7.62099
      vertex 68.2 -4.20231 7.62099
    endloop
  endfacet
  facet normal 0 0.358368 -0.93358
    outer loop
      vertex 68.2 -1.87099 9.95231
      vertex 72.6 -1.42148 10.1249
      vertex 72.6 -1.87099 9.95231
    endloop
  endfacet
  facet normal 0 0.358368 -0.93358
    outer loop
      vertex 72.6 -1.42148 10.1249
      vertex 68.2 -1.87099 9.95231
      vertex 68.2 -1.42148 10.1249
    endloop
  endfacet
  facet normal 0 0.99863 0.0523353
    outer loop
      vertex 72.6 -4.5748 5.26917
      vertex 68.2 -4.6 5.75
      vertex 72.6 -4.6 5.75
    endloop
  endfacet
  facet normal 0 0.99863 0.0523353
    outer loop
      vertex 68.2 -4.6 5.75
      vertex 72.6 -4.5748 5.26917
      vertex 68.2 -4.5748 5.26917
    endloop
  endfacet
  facet normal -0 0.453991 0.891006
    outer loop
      vertex 68.2 -1.87099 1.54769
      vertex 72.6 -2.3 1.76628
      vertex 72.6 -1.87099 1.54769
    endloop
  endfacet
  facet normal 0 0.453991 0.891006
    outer loop
      vertex 72.6 -2.3 1.76628
      vertex 68.2 -1.87099 1.54769
      vertex 68.2 -2.3 1.76628
    endloop
  endfacet
  facet normal -0 0.544639 0.838671
    outer loop
      vertex 68.2 -2.3 1.76628
      vertex 72.6 -2.70381 2.02852
      vertex 72.6 -2.3 1.76628
    endloop
  endfacet
  facet normal 0 0.544639 0.838671
    outer loop
      vertex 72.6 -2.70381 2.02852
      vertex 68.2 -2.3 1.76628
      vertex 68.2 -2.70381 2.02852
    endloop
  endfacet
  facet normal -0 0.258818 0.965926
    outer loop
      vertex 68.2 -0.956393 1.25052
      vertex 72.6 -1.42148 1.37514
      vertex 72.6 -0.956393 1.25052
    endloop
  endfacet
  facet normal 0 0.258818 0.965926
    outer loop
      vertex 72.6 -1.42148 1.37514
      vertex 68.2 -0.956393 1.25052
      vertex 68.2 -1.42148 1.37514
    endloop
  endfacet
  facet normal -0 0.156435 0.987688
    outer loop
      vertex 68.2 -0.48083 1.1752
      vertex 72.6 -0.956393 1.25052
      vertex 72.6 -0.48083 1.1752
    endloop
  endfacet
  facet normal 0 0.156435 0.987688
    outer loop
      vertex 72.6 -0.956393 1.25052
      vertex 68.2 -0.48083 1.1752
      vertex 68.2 -0.956393 1.25052
    endloop
  endfacet
  facet normal -0 0.0523353 0.99863
    outer loop
      vertex 68.2 0 1.15
      vertex 72.6 -0.48083 1.1752
      vertex 72.6 0 1.15
    endloop
  endfacet
  facet normal 0 0.0523353 0.99863
    outer loop
      vertex 72.6 -0.48083 1.1752
      vertex 68.2 0 1.15
      vertex 68.2 -0.48083 1.1752
    endloop
  endfacet
  facet normal 0 0.93358 0.358368
    outer loop
      vertex 72.6 -4.20231 3.87901
      vertex 68.2 -4.37486 4.32852
      vertex 72.6 -4.37486 4.32852
    endloop
  endfacet
  facet normal 0 0.93358 0.358368
    outer loop
      vertex 68.2 -4.37486 4.32852
      vertex 72.6 -4.20231 3.87901
      vertex 68.2 -4.20231 3.87901
    endloop
  endfacet
  facet normal 0 0.707107 0.707107
    outer loop
      vertex 72.6 -3.078 2.33153
      vertex 68.2 -3.41847 2.672
      vertex 72.6 -3.41847 2.672
    endloop
  endfacet
  facet normal 0 0.707107 0.707107
    outer loop
      vertex 68.2 -3.41847 2.672
      vertex 72.6 -3.078 2.33153
      vertex 68.2 -3.078 2.33153
    endloop
  endfacet
  facet normal 0 0.838671 0.544639
    outer loop
      vertex 72.6 -3.72148 3.04619
      vertex 68.2 -3.98372 3.45
      vertex 72.6 -3.98372 3.45
    endloop
  endfacet
  facet normal 0 0.838671 0.544639
    outer loop
      vertex 68.2 -3.98372 3.45
      vertex 72.6 -3.72148 3.04619
      vertex 68.2 -3.72148 3.04619
    endloop
  endfacet
  facet normal -0 0.358368 0.93358
    outer loop
      vertex 68.2 -1.42148 1.37514
      vertex 72.6 -1.87099 1.54769
      vertex 72.6 -1.42148 1.37514
    endloop
  endfacet
  facet normal 0 0.358368 0.93358
    outer loop
      vertex 72.6 -1.87099 1.54769
      vertex 68.2 -1.42148 1.37514
      vertex 68.2 -1.87099 1.54769
    endloop
  endfacet
  facet normal 0 0.965926 0.258818
    outer loop
      vertex 72.6 -4.37486 4.32852
      vertex 68.2 -4.49948 4.79361
      vertex 72.6 -4.49948 4.79361
    endloop
  endfacet
  facet normal 0 0.965926 0.258818
    outer loop
      vertex 68.2 -4.49948 4.79361
      vertex 72.6 -4.37486 4.32852
      vertex 68.2 -4.37486 4.32852
    endloop
  endfacet
  facet normal 0 0.987688 0.156435
    outer loop
      vertex 72.6 -4.49948 4.79361
      vertex 68.2 -4.5748 5.26917
      vertex 72.6 -4.5748 5.26917
    endloop
  endfacet
  facet normal 0 0.987688 0.156435
    outer loop
      vertex 68.2 -4.5748 5.26917
      vertex 72.6 -4.49948 4.79361
      vertex 68.2 -4.49948 4.79361
    endloop
  endfacet
  facet normal 0 0.891006 0.453991
    outer loop
      vertex 72.6 -3.98372 3.45
      vertex 68.2 -4.20231 3.87901
      vertex 72.6 -4.20231 3.87901
    endloop
  endfacet
  facet normal 0 0.891006 0.453991
    outer loop
      vertex 68.2 -4.20231 3.87901
      vertex 72.6 -3.98372 3.45
      vertex 68.2 -3.98372 3.45
    endloop
  endfacet
  facet normal 0 -0.5 0.866025
    outer loop
      vertex 56.5 3.98372 3.45
      vertex 60.9 0 1.15
      vertex 60.9 3.98372 3.45
    endloop
  endfacet
  facet normal 0 -0.5 0.866025
    outer loop
      vertex 60.9 0 1.15
      vertex 56.5 3.98372 3.45
      vertex 56.5 0 1.15
    endloop
  endfacet
  facet normal 0 -0.5 -0.866025
    outer loop
      vertex 56.5 0 10.35
      vertex 60.9 3.98372 8.05
      vertex 60.9 0 10.35
    endloop
  endfacet
  facet normal -0 -0.5 -0.866025
    outer loop
      vertex 60.9 3.98372 8.05
      vertex 56.5 0 10.35
      vertex 56.5 3.98372 8.05
    endloop
  endfacet
  facet normal 0 -1 0
    outer loop
      vertex 56.5 3.98372 3.45
      vertex 60.9 3.98372 8.05
      vertex 56.5 3.98372 8.05
    endloop
  endfacet
  facet normal 0 -1 -0
    outer loop
      vertex 60.9 3.98372 8.05
      vertex 56.5 3.98372 3.45
      vertex 60.9 3.98372 3.45
    endloop
  endfacet
  facet normal -0 0.5 0.866025
    outer loop
      vertex 56.5 0 1.15
      vertex 60.9 -3.98372 3.45
      vertex 60.9 0 1.15
    endloop
  endfacet
  facet normal 0 0.5 0.866025
    outer loop
      vertex 60.9 -3.98372 3.45
      vertex 56.5 0 1.15
      vertex 56.5 -3.98372 3.45
    endloop
  endfacet
  facet normal -1 0 0
    outer loop
      vertex 60.9 3.98372 3.45
      vertex 60.9 2.5 5.75
      vertex 60.9 3.98372 8.05
    endloop
  endfacet
  facet normal -1 0 0
    outer loop
      vertex 60.9 3.98372 3.45
      vertex 60.9 2.4863 5.48868
      vertex 60.9 2.5 5.75
    endloop
  endfacet
  facet normal -1 0 0
    outer loop
      vertex 60.9 3.98372 3.45
      vertex 60.9 2.44537 5.23022
      vertex 60.9 2.4863 5.48868
    endloop
  endfacet
  facet normal -1 0 0
    outer loop
      vertex 60.9 3.98372 3.45
      vertex 60.9 2.37764 4.97746
      vertex 60.9 2.44537 5.23022
    endloop
  endfacet
  facet normal -1 0 0
    outer loop
      vertex 60.9 3.98372 3.45
      vertex 60.9 2.28386 4.73316
      vertex 60.9 2.37764 4.97746
    endloop
  endfacet
  facet normal -1 0 0
    outer loop
      vertex 60.9 3.98372 3.45
      vertex 60.9 2.21456 4.59715
      vertex 60.9 2.28386 4.73316
    endloop
  endfacet
  facet normal -1 0 0
    outer loop
      vertex 60.9 3.98372 3.45
      vertex 60.9 2.16506 4.5
      vertex 60.9 2.21456 4.59715
    endloop
  endfacet
  facet normal -1 0 0
    outer loop
      vertex 60.9 3.98372 3.45
      vertex 60.9 2.10568 4.40856
      vertex 60.9 2.16506 4.5
    endloop
  endfacet
  facet normal -1 0 0
    outer loop
      vertex 60.9 3.98372 3.45
      vertex 60.9 2.02254 4.28054
      vertex 60.9 2.10568 4.40856
    endloop
  endfacet
  facet normal -1 0 0
    outer loop
      vertex 60.9 3.98372 3.45
      vertex 60.9 1.85786 4.07717
      vertex 60.9 2.02254 4.28054
    endloop
  endfacet
  facet normal -1 0 0
    outer loop
      vertex 60.9 3.98372 3.45
      vertex 60.9 1.67283 3.89214
      vertex 60.9 1.85786 4.07717
    endloop
  endfacet
  facet normal -1 0 0
    outer loop
      vertex 60.9 3.98372 3.45
      vertex 60.9 1.46946 3.72746
      vertex 60.9 1.67283 3.89214
    endloop
  endfacet
  facet normal -1 0 0
    outer loop
      vertex 60.9 3.98372 3.45
      vertex 60.9 1.25 3.58494
      vertex 60.9 1.46946 3.72746
    endloop
  endfacet
  facet normal -1 0 0
    outer loop
      vertex 60.9 0 1.15
      vertex 60.9 1.25 3.58494
      vertex 60.9 3.98372 3.45
    endloop
  endfacet
  facet normal -1 0 0
    outer loop
      vertex 60.9 1.25 3.58494
      vertex 60.9 0 1.15
      vertex 60.9 1.01684 3.46614
    endloop
  endfacet
  facet normal -1 0 0
    outer loop
      vertex 60.9 1.01684 3.46614
      vertex 60.9 0 1.15
      vertex 60.9 0.772542 3.37236
    endloop
  endfacet
  facet normal -1 0 0
    outer loop
      vertex 60.9 0.772542 3.37236
      vertex 60.9 0 1.15
      vertex 60.9 0.519779 3.30463
    endloop
  endfacet
  facet normal -1 0 0
    outer loop
      vertex 60.9 0.519779 3.30463
      vertex 60.9 0 1.15
      vertex 60.9 0.261321 3.2637
    endloop
  endfacet
  facet normal -1 0 0
    outer loop
      vertex 60.9 0.261321 3.2637
      vertex 60.9 0 1.15
      vertex 60.9 0.108884 3.25571
    endloop
  endfacet
  facet normal -1 0 0
    outer loop
      vertex 60.9 0 1.15
      vertex 60.9 0 3.25
      vertex 60.9 0.108884 3.25571
    endloop
  endfacet
  facet normal -1 0 0
    outer loop
      vertex 60.9 0 1.15
      vertex 60.9 -0.108884 3.25571
      vertex 60.9 0 3.25
    endloop
  endfacet
  facet normal -1 0 0
    outer loop
      vertex 60.9 0 1.15
      vertex 60.9 -0.261321 3.2637
      vertex 60.9 -0.108884 3.25571
    endloop
  endfacet
  facet normal -1 0 0
    outer loop
      vertex 60.9 0 1.15
      vertex 60.9 -0.519779 3.30463
      vertex 60.9 -0.261321 3.2637
    endloop
  endfacet
  facet normal -1 0 0
    outer loop
      vertex 60.9 0 1.15
      vertex 60.9 -0.772542 3.37236
      vertex 60.9 -0.519779 3.30463
    endloop
  endfacet
  facet normal -1 0 0
    outer loop
      vertex 60.9 0 1.15
      vertex 60.9 -1.01684 3.46614
      vertex 60.9 -0.772542 3.37236
    endloop
  endfacet
  facet normal -1 0 0
    outer loop
      vertex 60.9 0 1.15
      vertex 60.9 -1.25 3.58494
      vertex 60.9 -1.01684 3.46614
    endloop
  endfacet
  facet normal -1 0 0
    outer loop
      vertex 60.9 -3.98372 3.45
      vertex 60.9 -1.25 3.58494
      vertex 60.9 0 1.15
    endloop
  endfacet
  facet normal -1 -0 0
    outer loop
      vertex 60.9 -1.25 3.58494
      vertex 60.9 -3.98372 3.45
      vertex 60.9 -1.46946 3.72746
    endloop
  endfacet
  facet normal -1 -0 0
    outer loop
      vertex 60.9 -1.46946 3.72746
      vertex 60.9 -3.98372 3.45
      vertex 60.9 -1.67283 3.89214
    endloop
  endfacet
  facet normal -1 -0 0
    outer loop
      vertex 60.9 -1.67283 3.89214
      vertex 60.9 -3.98372 3.45
      vertex 60.9 -1.85786 4.07717
    endloop
  endfacet
  facet normal -1 -0 0
    outer loop
      vertex 60.9 -1.85786 4.07717
      vertex 60.9 -3.98372 3.45
      vertex 60.9 -2.02254 4.28054
    endloop
  endfacet
  facet normal -1 -0 0
    outer loop
      vertex 60.9 -2.02254 4.28054
      vertex 60.9 -3.98372 3.45
      vertex 60.9 -2.10568 4.40856
    endloop
  endfacet
  facet normal -1 0 0
    outer loop
      vertex 60.9 -3.98372 3.45
      vertex 60.9 -2.21456 4.59715
      vertex 60.9 -2.16506 4.5
    endloop
  endfacet
  facet normal -1 -0 0
    outer loop
      vertex 60.9 -2.4863 5.48868
      vertex 60.9 -3.98372 3.45
      vertex 60.9 -2.5 5.75
    endloop
  endfacet
  facet normal -1 -0 0
    outer loop
      vertex 60.9 -2.44537 5.23022
      vertex 60.9 -3.98372 3.45
      vertex 60.9 -2.4863 5.48868
    endloop
  endfacet
  facet normal -1 -0 0
    outer loop
      vertex 60.9 -2.37764 4.97746
      vertex 60.9 -3.98372 3.45
      vertex 60.9 -2.44537 5.23022
    endloop
  endfacet
  facet normal -1 -0 0
    outer loop
      vertex 60.9 -2.28386 4.73316
      vertex 60.9 -3.98372 3.45
      vertex 60.9 -2.37764 4.97746
    endloop
  endfacet
  facet normal -1 -0 0
    outer loop
      vertex 60.9 -2.21456 4.59715
      vertex 60.9 -3.98372 3.45
      vertex 60.9 -2.28386 4.73316
    endloop
  endfacet
  facet normal -1 -0 0
    outer loop
      vertex 60.9 -2.10568 4.40856
      vertex 60.9 -3.98372 3.45
      vertex 60.9 -2.16506 4.5
    endloop
  endfacet
  facet normal -1 0 0
    outer loop
      vertex 60.9 2.4863 6.01132
      vertex 60.9 3.98372 8.05
      vertex 60.9 2.5 5.75
    endloop
  endfacet
  facet normal -1 0 0
    outer loop
      vertex 60.9 2.44537 6.26978
      vertex 60.9 3.98372 8.05
      vertex 60.9 2.4863 6.01132
    endloop
  endfacet
  facet normal -1 0 0
    outer loop
      vertex 60.9 2.37764 6.52254
      vertex 60.9 3.98372 8.05
      vertex 60.9 2.44537 6.26978
    endloop
  endfacet
  facet normal -1 0 0
    outer loop
      vertex 60.9 2.28386 6.76684
      vertex 60.9 3.98372 8.05
      vertex 60.9 2.37764 6.52254
    endloop
  endfacet
  facet normal -1 0 0
    outer loop
      vertex 60.9 2.23436 6.86399
      vertex 60.9 3.98372 8.05
      vertex 60.9 2.28386 6.76684
    endloop
  endfacet
  facet normal -1 0 0
    outer loop
      vertex 60.9 2.16506 7
      vertex 60.9 3.98372 8.05
      vertex 60.9 2.23436 6.86399
    endloop
  endfacet
  facet normal -1 0 0
    outer loop
      vertex 60.9 2.08193 7.12802
      vertex 60.9 3.98372 8.05
      vertex 60.9 2.16506 7
    endloop
  endfacet
  facet normal -1 0 0
    outer loop
      vertex 60.9 2.02254 7.21946
      vertex 60.9 3.98372 8.05
      vertex 60.9 2.08193 7.12802
    endloop
  endfacet
  facet normal -1 0 0
    outer loop
      vertex 60.9 1.85786 7.42283
      vertex 60.9 3.98372 8.05
      vertex 60.9 2.02254 7.21946
    endloop
  endfacet
  facet normal -1 0 0
    outer loop
      vertex 60.9 1.67283 7.60786
      vertex 60.9 3.98372 8.05
      vertex 60.9 1.85786 7.42283
    endloop
  endfacet
  facet normal -1 0 0
    outer loop
      vertex 60.9 1.46946 7.77254
      vertex 60.9 3.98372 8.05
      vertex 60.9 1.67283 7.60786
    endloop
  endfacet
  facet normal -1 0 0
    outer loop
      vertex 60.9 1.25 7.91506
      vertex 60.9 3.98372 8.05
      vertex 60.9 1.46946 7.77254
    endloop
  endfacet
  facet normal -1 0 0
    outer loop
      vertex 60.9 0 10.35
      vertex 60.9 1.25 7.91506
      vertex 60.9 1.01684 8.03386
    endloop
  endfacet
  facet normal -1 0 0
    outer loop
      vertex 60.9 0 10.35
      vertex 60.9 1.01684 8.03386
      vertex 60.9 0.772542 8.12764
    endloop
  endfacet
  facet normal -1 0 0
    outer loop
      vertex 60.9 0 10.35
      vertex 60.9 0.772542 8.12764
      vertex 60.9 0.519779 8.19537
    endloop
  endfacet
  facet normal -1 0 0
    outer loop
      vertex 60.9 0 10.35
      vertex 60.9 0.519779 8.19537
      vertex 60.9 0.261321 8.2363
    endloop
  endfacet
  facet normal -1 0 0
    outer loop
      vertex 60.9 0 10.35
      vertex 60.9 0.261321 8.2363
      vertex 60.9 0 8.25
    endloop
  endfacet
  facet normal -1 0 0
    outer loop
      vertex 60.9 1.25 7.91506
      vertex 60.9 0 10.35
      vertex 60.9 3.98372 8.05
    endloop
  endfacet
  facet normal -1 0 0
    outer loop
      vertex 60.9 -0.261321 8.2363
      vertex 60.9 0 10.35
      vertex 60.9 0 8.25
    endloop
  endfacet
  facet normal -1 0 0
    outer loop
      vertex 60.9 -0.519779 8.19537
      vertex 60.9 0 10.35
      vertex 60.9 -0.261321 8.2363
    endloop
  endfacet
  facet normal -1 0 0
    outer loop
      vertex 60.9 -0.772542 8.12764
      vertex 60.9 0 10.35
      vertex 60.9 -0.519779 8.19537
    endloop
  endfacet
  facet normal -1 0 0
    outer loop
      vertex 60.9 -1.01684 8.03386
      vertex 60.9 0 10.35
      vertex 60.9 -0.772542 8.12764
    endloop
  endfacet
  facet normal -1 0 0
    outer loop
      vertex 60.9 -1.25 7.91506
      vertex 60.9 0 10.35
      vertex 60.9 -1.01684 8.03386
    endloop
  endfacet
  facet normal -1 0 0
    outer loop
      vertex 60.9 -3.98372 8.05
      vertex 60.9 -1.25 7.91506
      vertex 60.9 -1.46946 7.77254
    endloop
  endfacet
  facet normal -1 0 0
    outer loop
      vertex 60.9 -3.98372 8.05
      vertex 60.9 -1.46946 7.77254
      vertex 60.9 -1.67283 7.60786
    endloop
  endfacet
  facet normal -1 0 0
    outer loop
      vertex 60.9 -3.98372 8.05
      vertex 60.9 -1.67283 7.60786
      vertex 60.9 -1.85786 7.42283
    endloop
  endfacet
  facet normal -1 0 0
    outer loop
      vertex 60.9 -3.98372 8.05
      vertex 60.9 -1.85786 7.42283
      vertex 60.9 -2.02254 7.21946
    endloop
  endfacet
  facet normal -1 0 0
    outer loop
      vertex 60.9 -3.98372 8.05
      vertex 60.9 -2.02254 7.21946
      vertex 60.9 -2.16506 7
    endloop
  endfacet
  facet normal -1 0 0
    outer loop
      vertex 60.9 -3.98372 8.05
      vertex 60.9 -2.5 5.75
      vertex 60.9 -3.98372 3.45
    endloop
  endfacet
  facet normal -1 0 0
    outer loop
      vertex 60.9 -2.5 5.75
      vertex 60.9 -3.98372 8.05
      vertex 60.9 -2.4863 6.01132
    endloop
  endfacet
  facet normal -1 0 0
    outer loop
      vertex 60.9 -2.4863 6.01132
      vertex 60.9 -3.98372 8.05
      vertex 60.9 -2.44537 6.26978
    endloop
  endfacet
  facet normal -1 0 0
    outer loop
      vertex 60.9 -2.44537 6.26978
      vertex 60.9 -3.98372 8.05
      vertex 60.9 -2.37764 6.52254
    endloop
  endfacet
  facet normal -1 0 0
    outer loop
      vertex 60.9 -2.37764 6.52254
      vertex 60.9 -3.98372 8.05
      vertex 60.9 -2.28386 6.76684
    endloop
  endfacet
  facet normal -1 0 0
    outer loop
      vertex 60.9 -1.25 7.91506
      vertex 60.9 -3.98372 8.05
      vertex 60.9 0 10.35
    endloop
  endfacet
  facet normal -1 0 0
    outer loop
      vertex 60.9 -2.28386 6.76684
      vertex 60.9 -3.98372 8.05
      vertex 60.9 -2.16506 7
    endloop
  endfacet
  facet normal 0 1 -0
    outer loop
      vertex 60.9 -3.98372 3.45
      vertex 56.5 -3.98372 8.05
      vertex 60.9 -3.98372 8.05
    endloop
  endfacet
  facet normal 0 1 0
    outer loop
      vertex 56.5 -3.98372 8.05
      vertex 60.9 -3.98372 3.45
      vertex 56.5 -3.98372 3.45
    endloop
  endfacet
  facet normal 0 0.5 -0.866025
    outer loop
      vertex 56.5 -3.98372 8.05
      vertex 60.9 0 10.35
      vertex 60.9 -3.98372 8.05
    endloop
  endfacet
  facet normal 0 0.5 -0.866025
    outer loop
      vertex 60.9 0 10.35
      vertex 56.5 -3.98372 8.05
      vertex 56.5 0 10.35
    endloop
  endfacet
  facet normal -0.998629 -0.0523484 0
    outer loop
      vertex 52.9 20 0
      vertex 52.8863 20.2613 11.5
      vertex 52.8863 20.2613 0
    endloop
  endfacet
  facet normal -0.998629 -0.0523484 0
    outer loop
      vertex 52.8863 20.2613 11.5
      vertex 52.9 20 0
      vertex 52.9 20 11.5
    endloop
  endfacet
  facet normal 0.0523339 -0.99863 0
    outer loop
      vertex 50.1387 22.4863 0
      vertex 50.4 22.5 11.5
      vertex 50.1387 22.4863 11.5
    endloop
  endfacet
  facet normal 0.0523339 -0.99863 0
    outer loop
      vertex 50.4 22.5 11.5
      vertex 50.1387 22.4863 0
      vertex 50.4 22.5 0
    endloop
  endfacet
  facet normal -0.629317 -0.777149 0
    outer loop
      vertex 51.8695 22.0225 0
      vertex 52.0728 21.8579 11.5
      vertex 51.8695 22.0225 11.5
    endloop
  endfacet
  facet normal -0.629317 -0.777149 -0
    outer loop
      vertex 52.0728 21.8579 11.5
      vertex 51.8695 22.0225 0
      vertex 52.0728 21.8579 0
    endloop
  endfacet
  facet normal 0.777143 -0.629324 0
    outer loop
      vertex 48.3775 21.4695 11.5
      vertex 48.5421 21.6728 0
      vertex 48.5421 21.6728 11.5
    endloop
  endfacet
  facet normal 0.777143 -0.629324 0
    outer loop
      vertex 48.5421 21.6728 0
      vertex 48.3775 21.4695 11.5
      vertex 48.3775 21.4695 0
    endloop
  endfacet
  facet normal 0.453994 -0.891005 0
    outer loop
      vertex 49.15 22.1651 0
      vertex 49.3832 22.2839 11.5
      vertex 49.15 22.1651 11.5
    endloop
  endfacet
  facet normal 0.453994 -0.891005 0
    outer loop
      vertex 49.3832 22.2839 11.5
      vertex 49.15 22.1651 0
      vertex 49.3832 22.2839 0
    endloop
  endfacet
  facet normal 0.933577 0.358378 0
    outer loop
      vertex 48.1161 18.9832 11.5
      vertex 48.0224 19.2275 0
      vertex 48.0224 19.2275 11.5
    endloop
  endfacet
  facet normal 0.933577 0.358378 0
    outer loop
      vertex 48.0224 19.2275 0
      vertex 48.1161 18.9832 11.5
      vertex 48.1161 18.9832 0
    endloop
  endfacet
  facet normal -0.891005 -0.453994 0
    outer loop
      vertex 52.6839 21.0168 0
      vertex 52.5651 21.25 11.5
      vertex 52.5651 21.25 0
    endloop
  endfacet
  facet normal -0.891005 -0.453994 0
    outer loop
      vertex 52.5651 21.25 11.5
      vertex 52.6839 21.0168 0
      vertex 52.6839 21.0168 11.5
    endloop
  endfacet
  facet normal -0.258828 -0.965923 0
    outer loop
      vertex 50.9198 22.4454 0
      vertex 51.1725 22.3776 11.5
      vertex 50.9198 22.4454 11.5
    endloop
  endfacet
  facet normal -0.258828 -0.965923 -0
    outer loop
      vertex 51.1725 22.3776 11.5
      vertex 50.9198 22.4454 0
      vertex 51.1725 22.3776 0
    endloop
  endfacet
  facet normal 0.933578 -0.358375 0
    outer loop
      vertex 48.0224 20.7725 11.5
      vertex 48.1161 21.0168 0
      vertex 48.1161 21.0168 11.5
    endloop
  endfacet
  facet normal 0.933578 -0.358375 0
    outer loop
      vertex 48.1161 21.0168 0
      vertex 48.0224 20.7725 11.5
      vertex 48.0224 20.7725 0
    endloop
  endfacet
  facet normal 0.891011 -0.453982 0
    outer loop
      vertex 48.1161 21.0168 11.5
      vertex 48.2349 21.25 0
      vertex 48.2349 21.25 11.5
    endloop
  endfacet
  facet normal 0.891011 -0.453982 0
    outer loop
      vertex 48.2349 21.25 0
      vertex 48.1161 21.0168 11.5
      vertex 48.1161 21.0168 0
    endloop
  endfacet
  facet normal 0.258825 -0.965924 0
    outer loop
      vertex 49.6275 22.3776 0
      vertex 49.8802 22.4454 11.5
      vertex 49.6275 22.3776 11.5
    endloop
  endfacet
  facet normal 0.258825 -0.965924 0
    outer loop
      vertex 49.8802 22.4454 11.5
      vertex 49.6275 22.3776 0
      vertex 49.8802 22.4454 0
    endloop
  endfacet
  facet normal -0.358374 0.933578 0
    outer loop
      vertex 51.4168 17.7161 0
      vertex 51.1725 17.6224 11.5
      vertex 51.4168 17.7161 11.5
    endloop
  endfacet
  facet normal -0.358374 0.933578 0
    outer loop
      vertex 51.1725 17.6224 11.5
      vertex 51.4168 17.7161 0
      vertex 51.1725 17.6224 0
    endloop
  endfacet
  facet normal -0.777146 0.62932 0
    outer loop
      vertex 52.2579 18.3272 0
      vertex 52.4225 18.5305 11.5
      vertex 52.4225 18.5305 0
    endloop
  endfacet
  facet normal -0.777146 0.62932 0
    outer loop
      vertex 52.4225 18.5305 11.5
      vertex 52.2579 18.3272 0
      vertex 52.2579 18.3272 11.5
    endloop
  endfacet
  facet normal -0.933582 0.358365 0
    outer loop
      vertex 52.6839 18.9832 0
      vertex 52.7776 19.2275 11.5
      vertex 52.7776 19.2275 0
    endloop
  endfacet
  facet normal -0.933582 0.358365 0
    outer loop
      vertex 52.7776 19.2275 11.5
      vertex 52.6839 18.9832 0
      vertex 52.6839 18.9832 11.5
    endloop
  endfacet
  facet normal -0.987688 0.156434 0
    outer loop
      vertex 52.8454 19.4802 0
      vertex 52.8863 19.7387 11.5
      vertex 52.8863 19.7387 0
    endloop
  endfacet
  facet normal -0.987688 0.156434 0
    outer loop
      vertex 52.8863 19.7387 11.5
      vertex 52.8454 19.4802 0
      vertex 52.8454 19.4802 11.5
    endloop
  endfacet
  facet normal 0.156434 0.987688 -0
    outer loop
      vertex 50.1387 17.5137 0
      vertex 49.8802 17.5546 11.5
      vertex 50.1387 17.5137 11.5
    endloop
  endfacet
  facet normal 0.156434 0.987688 0
    outer loop
      vertex 49.8802 17.5546 11.5
      vertex 50.1387 17.5137 0
      vertex 49.8802 17.5546 0
    endloop
  endfacet
  facet normal 0.629317 0.777149 -0
    outer loop
      vertex 48.9305 17.9775 0
      vertex 48.7272 18.1421 11.5
      vertex 48.9305 17.9775 11.5
    endloop
  endfacet
  facet normal 0.629317 0.777149 0
    outer loop
      vertex 48.7272 18.1421 11.5
      vertex 48.9305 17.9775 0
      vertex 48.7272 18.1421 0
    endloop
  endfacet
  facet normal 0.707107 0.707107 0
    outer loop
      vertex 48.7272 18.1421 11.5
      vertex 48.5421 18.3272 0
      vertex 48.5421 18.3272 11.5
    endloop
  endfacet
  facet normal 0.707107 0.707107 0
    outer loop
      vertex 48.5421 18.3272 0
      vertex 48.7272 18.1421 11.5
      vertex 48.7272 18.1421 0
    endloop
  endfacet
  facet normal 0.987688 0.156434 0
    outer loop
      vertex 47.9546 19.4802 11.5
      vertex 47.9137 19.7387 0
      vertex 47.9137 19.7387 11.5
    endloop
  endfacet
  facet normal 0.987688 0.156434 0
    outer loop
      vertex 47.9137 19.7387 0
      vertex 47.9546 19.4802 11.5
      vertex 47.9546 19.4802 0
    endloop
  endfacet
  facet normal -0.965927 -0.258815 0
    outer loop
      vertex 52.8454 20.5198 0
      vertex 52.7776 20.7725 11.5
      vertex 52.7776 20.7725 0
    endloop
  endfacet
  facet normal -0.965927 -0.258815 0
    outer loop
      vertex 52.7776 20.7725 11.5
      vertex 52.8454 20.5198 0
      vertex 52.8454 20.5198 11.5
    endloop
  endfacet
  facet normal -0.987688 -0.156434 0
    outer loop
      vertex 52.8863 20.2613 0
      vertex 52.8454 20.5198 11.5
      vertex 52.8454 20.5198 0
    endloop
  endfacet
  facet normal -0.987688 -0.156434 0
    outer loop
      vertex 52.8454 20.5198 11.5
      vertex 52.8863 20.2613 0
      vertex 52.8863 20.2613 11.5
    endloop
  endfacet
  facet normal -0.933582 -0.358363 0
    outer loop
      vertex 52.7776 20.7725 0
      vertex 52.6839 21.0168 11.5
      vertex 52.6839 21.0168 0
    endloop
  endfacet
  facet normal -0.933582 -0.358363 0
    outer loop
      vertex 52.6839 21.0168 11.5
      vertex 52.7776 20.7725 0
      vertex 52.7776 20.7725 11.5
    endloop
  endfacet
  facet normal -0.777143 -0.629324 0
    outer loop
      vertex 52.4225 21.4695 0
      vertex 52.2579 21.6728 11.5
      vertex 52.2579 21.6728 0
    endloop
  endfacet
  facet normal -0.777143 -0.629324 0
    outer loop
      vertex 52.2579 21.6728 11.5
      vertex 52.4225 21.4695 0
      vertex 52.4225 21.4695 11.5
    endloop
  endfacet
  facet normal -0.707107 -0.707107 0
    outer loop
      vertex 52.2579 21.6728 0
      vertex 52.0728 21.8579 11.5
      vertex 52.0728 21.8579 0
    endloop
  endfacet
  facet normal -0.707107 -0.707107 0
    outer loop
      vertex 52.0728 21.8579 11.5
      vertex 52.2579 21.6728 0
      vertex 52.2579 21.6728 11.5
    endloop
  endfacet
  facet normal -0.838671 -0.544638 0
    outer loop
      vertex 52.5651 21.25 0
      vertex 52.4225 21.4695 11.5
      vertex 52.4225 21.4695 0
    endloop
  endfacet
  facet normal -0.838671 -0.544638 0
    outer loop
      vertex 52.4225 21.4695 11.5
      vertex 52.5651 21.25 0
      vertex 52.5651 21.25 11.5
    endloop
  endfacet
  facet normal -0.0523346 -0.99863 0
    outer loop
      vertex 50.4 22.5 0
      vertex 50.6613 22.4863 11.5
      vertex 50.4 22.5 11.5
    endloop
  endfacet
  facet normal -0.0523346 -0.99863 -0
    outer loop
      vertex 50.6613 22.4863 11.5
      vertex 50.4 22.5 0
      vertex 50.6613 22.4863 0
    endloop
  endfacet
  facet normal -0.453988 -0.891008 0
    outer loop
      vertex 51.4168 22.2839 0
      vertex 51.65 22.1651 11.5
      vertex 51.4168 22.2839 11.5
    endloop
  endfacet
  facet normal -0.453988 -0.891008 -0
    outer loop
      vertex 51.65 22.1651 11.5
      vertex 51.4168 22.2839 0
      vertex 51.65 22.1651 0
    endloop
  endfacet
  facet normal -0.358367 -0.933581 0
    outer loop
      vertex 51.1725 22.3776 0
      vertex 51.4168 22.2839 11.5
      vertex 51.1725 22.3776 11.5
    endloop
  endfacet
  facet normal -0.358367 -0.933581 -0
    outer loop
      vertex 51.4168 22.2839 11.5
      vertex 51.1725 22.3776 0
      vertex 51.4168 22.2839 0
    endloop
  endfacet
  facet normal -0.544645 -0.838667 0
    outer loop
      vertex 51.65 22.1651 0
      vertex 51.8695 22.0225 11.5
      vertex 51.65 22.1651 11.5
    endloop
  endfacet
  facet normal -0.544645 -0.838667 -0
    outer loop
      vertex 51.8695 22.0225 11.5
      vertex 51.65 22.1651 0
      vertex 51.8695 22.0225 0
    endloop
  endfacet
  facet normal 0.965927 -0.258815 0
    outer loop
      vertex 47.9546 20.5198 11.5
      vertex 48.0224 20.7725 0
      vertex 48.0224 20.7725 11.5
    endloop
  endfacet
  facet normal 0.965927 -0.258815 0
    outer loop
      vertex 48.0224 20.7725 0
      vertex 47.9546 20.5198 11.5
      vertex 47.9546 20.5198 0
    endloop
  endfacet
  facet normal 0.99863 -0.0523339 0
    outer loop
      vertex 47.9 20 11.5
      vertex 47.9137 20.2613 0
      vertex 47.9137 20.2613 11.5
    endloop
  endfacet
  facet normal 0.99863 -0.0523339 0
    outer loop
      vertex 47.9137 20.2613 0
      vertex 47.9 20 11.5
      vertex 47.9 20 0
    endloop
  endfacet
  facet normal 0.99863 0.0523339 0
    outer loop
      vertex 47.9137 19.7387 11.5
      vertex 47.9 20 0
      vertex 47.9 20 11.5
    endloop
  endfacet
  facet normal 0.99863 0.0523339 0
    outer loop
      vertex 47.9 20 0
      vertex 47.9137 19.7387 11.5
      vertex 47.9137 19.7387 0
    endloop
  endfacet
  facet normal 0.629317 -0.777149 0
    outer loop
      vertex 48.7272 21.8579 0
      vertex 48.9305 22.0225 11.5
      vertex 48.7272 21.8579 11.5
    endloop
  endfacet
  facet normal 0.629317 -0.777149 0
    outer loop
      vertex 48.9305 22.0225 11.5
      vertex 48.7272 21.8579 0
      vertex 48.9305 22.0225 0
    endloop
  endfacet
  facet normal 0.707107 -0.707107 0
    outer loop
      vertex 48.5421 21.6728 11.5
      vertex 48.7272 21.8579 0
      vertex 48.7272 21.8579 11.5
    endloop
  endfacet
  facet normal 0.707107 -0.707107 0
    outer loop
      vertex 48.7272 21.8579 0
      vertex 48.5421 21.6728 11.5
      vertex 48.5421 21.6728 0
    endloop
  endfacet
  facet normal 0.358367 -0.933581 0
    outer loop
      vertex 49.3832 22.2839 0
      vertex 49.6275 22.3776 11.5
      vertex 49.3832 22.2839 11.5
    endloop
  endfacet
  facet normal 0.358367 -0.933581 0
    outer loop
      vertex 49.6275 22.3776 11.5
      vertex 49.3832 22.2839 0
      vertex 49.6275 22.3776 0
    endloop
  endfacet
  facet normal 0.156434 -0.987688 0
    outer loop
      vertex 49.8802 22.4454 0
      vertex 50.1387 22.4863 11.5
      vertex 49.8802 22.4454 11.5
    endloop
  endfacet
  facet normal 0.156434 -0.987688 0
    outer loop
      vertex 50.1387 22.4863 11.5
      vertex 49.8802 22.4454 0
      vertex 50.1387 22.4863 0
    endloop
  endfacet
  facet normal -0.156432 0.987689 0
    outer loop
      vertex 50.9198 17.5546 0
      vertex 50.6613 17.5137 11.5
      vertex 50.9198 17.5546 11.5
    endloop
  endfacet
  facet normal -0.156432 0.987689 0
    outer loop
      vertex 50.6613 17.5137 11.5
      vertex 50.9198 17.5546 0
      vertex 50.6613 17.5137 0
    endloop
  endfacet
  facet normal -0.544645 0.838667 0
    outer loop
      vertex 51.8695 17.9775 0
      vertex 51.65 17.8349 11.5
      vertex 51.8695 17.9775 11.5
    endloop
  endfacet
  facet normal -0.544645 0.838667 0
    outer loop
      vertex 51.65 17.8349 11.5
      vertex 51.8695 17.9775 0
      vertex 51.65 17.8349 0
    endloop
  endfacet
  facet normal -0.707107 0.707107 0
    outer loop
      vertex 52.0728 18.1421 0
      vertex 52.2579 18.3272 11.5
      vertex 52.2579 18.3272 0
    endloop
  endfacet
  facet normal -0.707107 0.707107 0
    outer loop
      vertex 52.2579 18.3272 11.5
      vertex 52.0728 18.1421 0
      vertex 52.0728 18.1421 11.5
    endloop
  endfacet
  facet normal -0.629317 0.777149 0
    outer loop
      vertex 52.0728 18.1421 0
      vertex 51.8695 17.9775 11.5
      vertex 52.0728 18.1421 11.5
    endloop
  endfacet
  facet normal -0.629317 0.777149 0
    outer loop
      vertex 51.8695 17.9775 11.5
      vertex 52.0728 18.1421 0
      vertex 51.8695 17.9775 0
    endloop
  endfacet
  facet normal -0.838671 0.544638 0
    outer loop
      vertex 52.4225 18.5305 0
      vertex 52.5651 18.75 11.5
      vertex 52.5651 18.75 0
    endloop
  endfacet
  facet normal -0.838671 0.544638 0
    outer loop
      vertex 52.5651 18.75 11.5
      vertex 52.4225 18.5305 0
      vertex 52.4225 18.5305 11.5
    endloop
  endfacet
  facet normal -0.891005 0.453994 0
    outer loop
      vertex 52.5651 18.75 0
      vertex 52.6839 18.9832 11.5
      vertex 52.6839 18.9832 0
    endloop
  endfacet
  facet normal -0.891005 0.453994 0
    outer loop
      vertex 52.6839 18.9832 11.5
      vertex 52.5651 18.75 0
      vertex 52.5651 18.75 11.5
    endloop
  endfacet
  facet normal 0.544638 0.838671 -0
    outer loop
      vertex 49.15 17.8349 0
      vertex 48.9305 17.9775 11.5
      vertex 49.15 17.8349 11.5
    endloop
  endfacet
  facet normal 0.544638 0.838671 0
    outer loop
      vertex 48.9305 17.9775 11.5
      vertex 49.15 17.8349 0
      vertex 48.9305 17.9775 0
    endloop
  endfacet
  facet normal 0.453988 0.891008 -0
    outer loop
      vertex 49.3832 17.7161 0
      vertex 49.15 17.8349 11.5
      vertex 49.3832 17.7161 11.5
    endloop
  endfacet
  facet normal 0.453988 0.891008 0
    outer loop
      vertex 49.15 17.8349 11.5
      vertex 49.3832 17.7161 0
      vertex 49.15 17.8349 0
    endloop
  endfacet
  facet normal 0.358374 0.933578 -0
    outer loop
      vertex 49.6275 17.6224 0
      vertex 49.3832 17.7161 11.5
      vertex 49.6275 17.6224 11.5
    endloop
  endfacet
  facet normal 0.358374 0.933578 0
    outer loop
      vertex 49.3832 17.7161 11.5
      vertex 49.6275 17.6224 0
      vertex 49.3832 17.7161 0
    endloop
  endfacet
  facet normal 0.0523339 0.99863 -0
    outer loop
      vertex 50.4 17.5 0
      vertex 50.1387 17.5137 11.5
      vertex 50.4 17.5 11.5
    endloop
  endfacet
  facet normal 0.0523339 0.99863 0
    outer loop
      vertex 50.1387 17.5137 11.5
      vertex 50.4 17.5 0
      vertex 50.1387 17.5137 0
    endloop
  endfacet
  facet normal 0.838671 0.544638 0
    outer loop
      vertex 48.3775 18.5305 11.5
      vertex 48.2349 18.75 0
      vertex 48.2349 18.75 11.5
    endloop
  endfacet
  facet normal 0.838671 0.544638 0
    outer loop
      vertex 48.2349 18.75 0
      vertex 48.3775 18.5305 11.5
      vertex 48.3775 18.5305 0
    endloop
  endfacet
  facet normal -0.156432 -0.987689 0
    outer loop
      vertex 50.6613 22.4863 0
      vertex 50.9198 22.4454 11.5
      vertex 50.6613 22.4863 11.5
    endloop
  endfacet
  facet normal -0.156432 -0.987689 -0
    outer loop
      vertex 50.9198 22.4454 11.5
      vertex 50.6613 22.4863 0
      vertex 50.9198 22.4454 0
    endloop
  endfacet
  facet normal 0.838671 -0.544638 0
    outer loop
      vertex 48.2349 21.25 11.5
      vertex 48.3775 21.4695 0
      vertex 48.3775 21.4695 11.5
    endloop
  endfacet
  facet normal 0.838671 -0.544638 0
    outer loop
      vertex 48.3775 21.4695 0
      vertex 48.2349 21.25 11.5
      vertex 48.2349 21.25 0
    endloop
  endfacet
  facet normal 0.987688 -0.156434 0
    outer loop
      vertex 47.9137 20.2613 11.5
      vertex 47.9546 20.5198 0
      vertex 47.9546 20.5198 11.5
    endloop
  endfacet
  facet normal 0.987688 -0.156434 0
    outer loop
      vertex 47.9546 20.5198 0
      vertex 47.9137 20.2613 11.5
      vertex 47.9137 20.2613 0
    endloop
  endfacet
  facet normal 0.544638 -0.838671 0
    outer loop
      vertex 48.9305 22.0225 0
      vertex 49.15 22.1651 11.5
      vertex 48.9305 22.0225 11.5
    endloop
  endfacet
  facet normal 0.544638 -0.838671 0
    outer loop
      vertex 49.15 22.1651 11.5
      vertex 48.9305 22.0225 0
      vertex 49.15 22.1651 0
    endloop
  endfacet
  facet normal -0.998629 0.0523484 0
    outer loop
      vertex 52.8863 19.7387 0
      vertex 52.9 20 11.5
      vertex 52.9 20 0
    endloop
  endfacet
  facet normal -0.998629 0.0523484 0
    outer loop
      vertex 52.9 20 11.5
      vertex 52.8863 19.7387 0
      vertex 52.8863 19.7387 11.5
    endloop
  endfacet
  facet normal -0.258822 0.965925 0
    outer loop
      vertex 51.1725 17.6224 0
      vertex 50.9198 17.5546 11.5
      vertex 51.1725 17.6224 11.5
    endloop
  endfacet
  facet normal -0.258822 0.965925 0
    outer loop
      vertex 50.9198 17.5546 11.5
      vertex 51.1725 17.6224 0
      vertex 50.9198 17.5546 0
    endloop
  endfacet
  facet normal -0.453982 0.891011 0
    outer loop
      vertex 51.65 17.8349 0
      vertex 51.4168 17.7161 11.5
      vertex 51.65 17.8349 11.5
    endloop
  endfacet
  facet normal -0.453982 0.891011 0
    outer loop
      vertex 51.4168 17.7161 11.5
      vertex 51.65 17.8349 0
      vertex 51.4168 17.7161 0
    endloop
  endfacet
  facet normal -0.965927 0.258813 0
    outer loop
      vertex 52.7776 19.2275 0
      vertex 52.8454 19.4802 11.5
      vertex 52.8454 19.4802 0
    endloop
  endfacet
  facet normal -0.965927 0.258813 0
    outer loop
      vertex 52.8454 19.4802 11.5
      vertex 52.7776 19.2275 0
      vertex 52.7776 19.2275 11.5
    endloop
  endfacet
  facet normal 0.258818 0.965926 -0
    outer loop
      vertex 49.8802 17.5546 0
      vertex 49.6275 17.6224 11.5
      vertex 49.8802 17.5546 11.5
    endloop
  endfacet
  facet normal 0.258818 0.965926 0
    outer loop
      vertex 49.6275 17.6224 11.5
      vertex 49.8802 17.5546 0
      vertex 49.6275 17.6224 0
    endloop
  endfacet
  facet normal -0.0523346 0.99863 0
    outer loop
      vertex 50.6613 17.5137 0
      vertex 50.4 17.5 11.5
      vertex 50.6613 17.5137 11.5
    endloop
  endfacet
  facet normal -0.0523346 0.99863 0
    outer loop
      vertex 50.4 17.5 11.5
      vertex 50.6613 17.5137 0
      vertex 50.4 17.5 0
    endloop
  endfacet
  facet normal 0.777146 0.62932 0
    outer loop
      vertex 48.5421 18.3272 11.5
      vertex 48.3775 18.5305 0
      vertex 48.3775 18.5305 11.5
    endloop
  endfacet
  facet normal 0.777146 0.62932 0
    outer loop
      vertex 48.3775 18.5305 0
      vertex 48.5421 18.3272 11.5
      vertex 48.5421 18.3272 0
    endloop
  endfacet
  facet normal 0.891011 0.453982 0
    outer loop
      vertex 48.2349 18.75 11.5
      vertex 48.1161 18.9832 0
      vertex 48.1161 18.9832 11.5
    endloop
  endfacet
  facet normal 0.891011 0.453982 0
    outer loop
      vertex 48.1161 18.9832 0
      vertex 48.2349 18.75 11.5
      vertex 48.2349 18.75 0
    endloop
  endfacet
  facet normal 0.965927 0.258813 0
    outer loop
      vertex 48.0224 19.2275 11.5
      vertex 47.9546 19.4802 0
      vertex 47.9546 19.4802 11.5
    endloop
  endfacet
  facet normal 0.965927 0.258813 0
    outer loop
      vertex 47.9546 19.4802 0
      vertex 48.0224 19.2275 11.5
      vertex 48.0224 19.2275 0
    endloop
  endfacet
  facet normal -0.998629 -0.0523484 0
    outer loop
      vertex 52.9 -20 0
      vertex 52.8863 -19.7387 11.5
      vertex 52.8863 -19.7387 0
    endloop
  endfacet
  facet normal -0.998629 -0.0523484 0
    outer loop
      vertex 52.8863 -19.7387 11.5
      vertex 52.9 -20 0
      vertex 52.9 -20 11.5
    endloop
  endfacet
  facet normal 0.99863 -0.0523339 0
    outer loop
      vertex 47.9 -20 11.5
      vertex 47.9137 -19.7387 0
      vertex 47.9137 -19.7387 11.5
    endloop
  endfacet
  facet normal 0.99863 -0.0523339 0
    outer loop
      vertex 47.9137 -19.7387 0
      vertex 47.9 -20 11.5
      vertex 47.9 -20 0
    endloop
  endfacet
  facet normal 0.0523339 -0.99863 0
    outer loop
      vertex 50.1387 -17.5137 0
      vertex 50.4 -17.5 11.5
      vertex 50.1387 -17.5137 11.5
    endloop
  endfacet
  facet normal 0.0523339 -0.99863 0
    outer loop
      vertex 50.4 -17.5 11.5
      vertex 50.1387 -17.5137 0
      vertex 50.4 -17.5 0
    endloop
  endfacet
  facet normal 0.0523339 0.99863 -0
    outer loop
      vertex 50.4 -22.5 0
      vertex 50.1387 -22.4863 11.5
      vertex 50.4 -22.5 11.5
    endloop
  endfacet
  facet normal 0.0523339 0.99863 0
    outer loop
      vertex 50.1387 -22.4863 11.5
      vertex 50.4 -22.5 0
      vertex 50.1387 -22.4863 0
    endloop
  endfacet
  facet normal -0.629317 -0.777149 0
    outer loop
      vertex 51.8695 -17.9775 0
      vertex 52.0728 -18.1421 11.5
      vertex 51.8695 -17.9775 11.5
    endloop
  endfacet
  facet normal -0.629317 -0.777149 -0
    outer loop
      vertex 52.0728 -18.1421 11.5
      vertex 51.8695 -17.9775 0
      vertex 52.0728 -18.1421 0
    endloop
  endfacet
  facet normal 0.707107 -0.707107 0
    outer loop
      vertex 48.5421 -18.3272 11.5
      vertex 48.7272 -18.1421 0
      vertex 48.7272 -18.1421 11.5
    endloop
  endfacet
  facet normal 0.707107 -0.707107 0
    outer loop
      vertex 48.7272 -18.1421 0
      vertex 48.5421 -18.3272 11.5
      vertex 48.5421 -18.3272 0
    endloop
  endfacet
  facet normal 0.358374 -0.933578 0
    outer loop
      vertex 49.3832 -17.7161 0
      vertex 49.6275 -17.6224 11.5
      vertex 49.3832 -17.7161 11.5
    endloop
  endfacet
  facet normal 0.358374 -0.933578 0
    outer loop
      vertex 49.6275 -17.6224 11.5
      vertex 49.3832 -17.7161 0
      vertex 49.6275 -17.6224 0
    endloop
  endfacet
  facet normal 0.965927 0.258815 0
    outer loop
      vertex 48.0224 -20.7725 11.5
      vertex 47.9546 -20.5198 0
      vertex 47.9546 -20.5198 11.5
    endloop
  endfacet
  facet normal 0.965927 0.258815 0
    outer loop
      vertex 47.9546 -20.5198 0
      vertex 48.0224 -20.7725 11.5
      vertex 48.0224 -20.7725 0
    endloop
  endfacet
  facet normal -0.891005 -0.453994 0
    outer loop
      vertex 52.6839 -18.9832 0
      vertex 52.5651 -18.75 11.5
      vertex 52.5651 -18.75 0
    endloop
  endfacet
  facet normal -0.891005 -0.453994 0
    outer loop
      vertex 52.5651 -18.75 11.5
      vertex 52.6839 -18.9832 0
      vertex 52.6839 -18.9832 11.5
    endloop
  endfacet
  facet normal -0.258822 -0.965925 0
    outer loop
      vertex 50.9198 -17.5546 0
      vertex 51.1725 -17.6224 11.5
      vertex 50.9198 -17.5546 11.5
    endloop
  endfacet
  facet normal -0.258822 -0.965925 -0
    outer loop
      vertex 51.1725 -17.6224 11.5
      vertex 50.9198 -17.5546 0
      vertex 51.1725 -17.6224 0
    endloop
  endfacet
  facet normal -0.156432 -0.987689 0
    outer loop
      vertex 50.6613 -17.5137 0
      vertex 50.9198 -17.5546 11.5
      vertex 50.6613 -17.5137 11.5
    endloop
  endfacet
  facet normal -0.156432 -0.987689 -0
    outer loop
      vertex 50.9198 -17.5546 11.5
      vertex 50.6613 -17.5137 0
      vertex 50.9198 -17.5546 0
    endloop
  endfacet
  facet normal 0.891011 -0.453982 0
    outer loop
      vertex 48.1161 -18.9832 11.5
      vertex 48.2349 -18.75 0
      vertex 48.2349 -18.75 11.5
    endloop
  endfacet
  facet normal 0.891011 -0.453982 0
    outer loop
      vertex 48.2349 -18.75 0
      vertex 48.1161 -18.9832 11.5
      vertex 48.1161 -18.9832 0
    endloop
  endfacet
  facet normal 0.838671 -0.544638 0
    outer loop
      vertex 48.2349 -18.75 11.5
      vertex 48.3775 -18.5305 0
      vertex 48.3775 -18.5305 11.5
    endloop
  endfacet
  facet normal 0.838671 -0.544638 0
    outer loop
      vertex 48.3775 -18.5305 0
      vertex 48.2349 -18.75 11.5
      vertex 48.2349 -18.75 0
    endloop
  endfacet
  facet normal 0.965927 -0.258813 0
    outer loop
      vertex 47.9546 -19.4802 11.5
      vertex 48.0224 -19.2275 0
      vertex 48.0224 -19.2275 11.5
    endloop
  endfacet
  facet normal 0.965927 -0.258813 0
    outer loop
      vertex 48.0224 -19.2275 0
      vertex 47.9546 -19.4802 11.5
      vertex 47.9546 -19.4802 0
    endloop
  endfacet
  facet normal 0.156434 -0.987688 0
    outer loop
      vertex 49.8802 -17.5546 0
      vertex 50.1387 -17.5137 11.5
      vertex 49.8802 -17.5546 11.5
    endloop
  endfacet
  facet normal 0.156434 -0.987688 0
    outer loop
      vertex 50.1387 -17.5137 11.5
      vertex 49.8802 -17.5546 0
      vertex 50.1387 -17.5137 0
    endloop
  endfacet
  facet normal -0.891005 0.453994 0
    outer loop
      vertex 52.5651 -21.25 0
      vertex 52.6839 -21.0168 11.5
      vertex 52.6839 -21.0168 0
    endloop
  endfacet
  facet normal -0.891005 0.453994 0
    outer loop
      vertex 52.6839 -21.0168 11.5
      vertex 52.5651 -21.25 0
      vertex 52.5651 -21.25 11.5
    endloop
  endfacet
  facet normal -0.258828 0.965923 0
    outer loop
      vertex 51.1725 -22.3776 0
      vertex 50.9198 -22.4454 11.5
      vertex 51.1725 -22.3776 11.5
    endloop
  endfacet
  facet normal -0.258828 0.965923 0
    outer loop
      vertex 50.9198 -22.4454 11.5
      vertex 51.1725 -22.3776 0
      vertex 50.9198 -22.4454 0
    endloop
  endfacet
  facet normal -0.707107 0.707107 0
    outer loop
      vertex 52.0728 -21.8579 0
      vertex 52.2579 -21.6728 11.5
      vertex 52.2579 -21.6728 0
    endloop
  endfacet
  facet normal -0.707107 0.707107 0
    outer loop
      vertex 52.2579 -21.6728 11.5
      vertex 52.0728 -21.8579 0
      vertex 52.0728 -21.8579 11.5
    endloop
  endfacet
  facet normal -0.965927 0.258815 0
    outer loop
      vertex 52.7776 -20.7725 0
      vertex 52.8454 -20.5198 11.5
      vertex 52.8454 -20.5198 0
    endloop
  endfacet
  facet normal -0.965927 0.258815 0
    outer loop
      vertex 52.8454 -20.5198 11.5
      vertex 52.7776 -20.7725 0
      vertex 52.7776 -20.7725 11.5
    endloop
  endfacet
  facet normal 0.358367 0.933581 -0
    outer loop
      vertex 49.6275 -22.3776 0
      vertex 49.3832 -22.2839 11.5
      vertex 49.6275 -22.3776 11.5
    endloop
  endfacet
  facet normal 0.358367 0.933581 0
    outer loop
      vertex 49.3832 -22.2839 11.5
      vertex 49.6275 -22.3776 0
      vertex 49.3832 -22.2839 0
    endloop
  endfacet
  facet normal 0.891011 0.453982 0
    outer loop
      vertex 48.2349 -21.25 11.5
      vertex 48.1161 -21.0168 0
      vertex 48.1161 -21.0168 11.5
    endloop
  endfacet
  facet normal 0.891011 0.453982 0
    outer loop
      vertex 48.1161 -21.0168 0
      vertex 48.2349 -21.25 11.5
      vertex 48.2349 -21.25 0
    endloop
  endfacet
  facet normal 0.838671 0.544638 0
    outer loop
      vertex 48.3775 -21.4695 11.5
      vertex 48.2349 -21.25 0
      vertex 48.2349 -21.25 11.5
    endloop
  endfacet
  facet normal 0.838671 0.544638 0
    outer loop
      vertex 48.2349 -21.25 0
      vertex 48.3775 -21.4695 11.5
      vertex 48.3775 -21.4695 0
    endloop
  endfacet
  facet normal 0.99863 0.0523339 0
    outer loop
      vertex 47.9137 -20.2613 11.5
      vertex 47.9 -20 0
      vertex 47.9 -20 11.5
    endloop
  endfacet
  facet normal 0.99863 0.0523339 0
    outer loop
      vertex 47.9 -20 0
      vertex 47.9137 -20.2613 11.5
      vertex 47.9137 -20.2613 0
    endloop
  endfacet
  facet normal -0.965927 -0.258813 0
    outer loop
      vertex 52.8454 -19.4802 0
      vertex 52.7776 -19.2275 11.5
      vertex 52.7776 -19.2275 0
    endloop
  endfacet
  facet normal -0.965927 -0.258813 0
    outer loop
      vertex 52.7776 -19.2275 11.5
      vertex 52.8454 -19.4802 0
      vertex 52.8454 -19.4802 11.5
    endloop
  endfacet
  facet normal -0.987688 -0.156434 0
    outer loop
      vertex 52.8863 -19.7387 0
      vertex 52.8454 -19.4802 11.5
      vertex 52.8454 -19.4802 0
    endloop
  endfacet
  facet normal -0.987688 -0.156434 0
    outer loop
      vertex 52.8454 -19.4802 11.5
      vertex 52.8863 -19.7387 0
      vertex 52.8863 -19.7387 11.5
    endloop
  endfacet
  facet normal -0.933582 -0.358365 0
    outer loop
      vertex 52.7776 -19.2275 0
      vertex 52.6839 -18.9832 11.5
      vertex 52.6839 -18.9832 0
    endloop
  endfacet
  facet normal -0.933582 -0.358365 0
    outer loop
      vertex 52.6839 -18.9832 11.5
      vertex 52.7776 -19.2275 0
      vertex 52.7776 -19.2275 11.5
    endloop
  endfacet
  facet normal -0.777146 -0.62932 0
    outer loop
      vertex 52.4225 -18.5305 0
      vertex 52.2579 -18.3272 11.5
      vertex 52.2579 -18.3272 0
    endloop
  endfacet
  facet normal -0.777146 -0.62932 0
    outer loop
      vertex 52.2579 -18.3272 11.5
      vertex 52.4225 -18.5305 0
      vertex 52.4225 -18.5305 11.5
    endloop
  endfacet
  facet normal -0.838671 -0.544638 0
    outer loop
      vertex 52.5651 -18.75 0
      vertex 52.4225 -18.5305 11.5
      vertex 52.4225 -18.5305 0
    endloop
  endfacet
  facet normal -0.838671 -0.544638 0
    outer loop
      vertex 52.4225 -18.5305 11.5
      vertex 52.5651 -18.75 0
      vertex 52.5651 -18.75 11.5
    endloop
  endfacet
  facet normal -0.0523346 -0.99863 0
    outer loop
      vertex 50.4 -17.5 0
      vertex 50.6613 -17.5137 11.5
      vertex 50.4 -17.5 11.5
    endloop
  endfacet
  facet normal -0.0523346 -0.99863 -0
    outer loop
      vertex 50.6613 -17.5137 11.5
      vertex 50.4 -17.5 0
      vertex 50.6613 -17.5137 0
    endloop
  endfacet
  facet normal -0.453982 -0.891011 0
    outer loop
      vertex 51.4168 -17.7161 0
      vertex 51.65 -17.8349 11.5
      vertex 51.4168 -17.7161 11.5
    endloop
  endfacet
  facet normal -0.453982 -0.891011 -0
    outer loop
      vertex 51.65 -17.8349 11.5
      vertex 51.4168 -17.7161 0
      vertex 51.65 -17.8349 0
    endloop
  endfacet
  facet normal -0.358374 -0.933578 0
    outer loop
      vertex 51.1725 -17.6224 0
      vertex 51.4168 -17.7161 11.5
      vertex 51.1725 -17.6224 11.5
    endloop
  endfacet
  facet normal -0.358374 -0.933578 -0
    outer loop
      vertex 51.4168 -17.7161 11.5
      vertex 51.1725 -17.6224 0
      vertex 51.4168 -17.7161 0
    endloop
  endfacet
  facet normal -0.544645 -0.838667 0
    outer loop
      vertex 51.65 -17.8349 0
      vertex 51.8695 -17.9775 11.5
      vertex 51.65 -17.8349 11.5
    endloop
  endfacet
  facet normal -0.544645 -0.838667 -0
    outer loop
      vertex 51.8695 -17.9775 11.5
      vertex 51.65 -17.8349 0
      vertex 51.8695 -17.9775 0
    endloop
  endfacet
  facet normal 0.777146 -0.62932 0
    outer loop
      vertex 48.3775 -18.5305 11.5
      vertex 48.5421 -18.3272 0
      vertex 48.5421 -18.3272 11.5
    endloop
  endfacet
  facet normal 0.777146 -0.62932 0
    outer loop
      vertex 48.5421 -18.3272 0
      vertex 48.3775 -18.5305 11.5
      vertex 48.3775 -18.5305 0
    endloop
  endfacet
  facet normal 0.933577 -0.358378 0
    outer loop
      vertex 48.0224 -19.2275 11.5
      vertex 48.1161 -18.9832 0
      vertex 48.1161 -18.9832 11.5
    endloop
  endfacet
  facet normal 0.933577 -0.358378 0
    outer loop
      vertex 48.1161 -18.9832 0
      vertex 48.0224 -19.2275 11.5
      vertex 48.0224 -19.2275 0
    endloop
  endfacet
  facet normal 0.987688 -0.156434 0
    outer loop
      vertex 47.9137 -19.7387 11.5
      vertex 47.9546 -19.4802 0
      vertex 47.9546 -19.4802 11.5
    endloop
  endfacet
  facet normal 0.987688 -0.156434 0
    outer loop
      vertex 47.9546 -19.4802 0
      vertex 47.9137 -19.7387 11.5
      vertex 47.9137 -19.7387 0
    endloop
  endfacet
  facet normal 0.453988 -0.891008 0
    outer loop
      vertex 49.15 -17.8349 0
      vertex 49.3832 -17.7161 11.5
      vertex 49.15 -17.8349 11.5
    endloop
  endfacet
  facet normal 0.453988 -0.891008 0
    outer loop
      vertex 49.3832 -17.7161 11.5
      vertex 49.15 -17.8349 0
      vertex 49.3832 -17.7161 0
    endloop
  endfacet
  facet normal 0.544638 -0.838671 0
    outer loop
      vertex 48.9305 -17.9775 0
      vertex 49.15 -17.8349 11.5
      vertex 48.9305 -17.9775 11.5
    endloop
  endfacet
  facet normal 0.544638 -0.838671 0
    outer loop
      vertex 49.15 -17.8349 11.5
      vertex 48.9305 -17.9775 0
      vertex 49.15 -17.8349 0
    endloop
  endfacet
  facet normal 0.629317 -0.777149 0
    outer loop
      vertex 48.7272 -18.1421 0
      vertex 48.9305 -17.9775 11.5
      vertex 48.7272 -18.1421 11.5
    endloop
  endfacet
  facet normal 0.629317 -0.777149 0
    outer loop
      vertex 48.9305 -17.9775 11.5
      vertex 48.7272 -18.1421 0
      vertex 48.9305 -17.9775 0
    endloop
  endfacet
  facet normal -0.998629 0.0523484 0
    outer loop
      vertex 52.8863 -20.2613 0
      vertex 52.9 -20 11.5
      vertex 52.9 -20 0
    endloop
  endfacet
  facet normal -0.998629 0.0523484 0
    outer loop
      vertex 52.9 -20 11.5
      vertex 52.8863 -20.2613 0
      vertex 52.8863 -20.2613 11.5
    endloop
  endfacet
  facet normal -0.0523346 0.99863 0
    outer loop
      vertex 50.6613 -22.4863 0
      vertex 50.4 -22.5 11.5
      vertex 50.6613 -22.4863 11.5
    endloop
  endfacet
  facet normal -0.0523346 0.99863 0
    outer loop
      vertex 50.4 -22.5 11.5
      vertex 50.6613 -22.4863 0
      vertex 50.4 -22.5 0
    endloop
  endfacet
  facet normal -0.453988 0.891008 0
    outer loop
      vertex 51.65 -22.1651 0
      vertex 51.4168 -22.2839 11.5
      vertex 51.65 -22.1651 11.5
    endloop
  endfacet
  facet normal -0.453988 0.891008 0
    outer loop
      vertex 51.4168 -22.2839 11.5
      vertex 51.65 -22.1651 0
      vertex 51.4168 -22.2839 0
    endloop
  endfacet
  facet normal -0.629317 0.777149 0
    outer loop
      vertex 52.0728 -21.8579 0
      vertex 51.8695 -22.0225 11.5
      vertex 52.0728 -21.8579 11.5
    endloop
  endfacet
  facet normal -0.629317 0.777149 0
    outer loop
      vertex 51.8695 -22.0225 11.5
      vertex 52.0728 -21.8579 0
      vertex 51.8695 -22.0225 0
    endloop
  endfacet
  facet normal -0.777143 0.629324 0
    outer loop
      vertex 52.2579 -21.6728 0
      vertex 52.4225 -21.4695 11.5
      vertex 52.4225 -21.4695 0
    endloop
  endfacet
  facet normal -0.777143 0.629324 0
    outer loop
      vertex 52.4225 -21.4695 11.5
      vertex 52.2579 -21.6728 0
      vertex 52.2579 -21.6728 11.5
    endloop
  endfacet
  facet normal -0.838671 0.544638 0
    outer loop
      vertex 52.4225 -21.4695 0
      vertex 52.5651 -21.25 11.5
      vertex 52.5651 -21.25 0
    endloop
  endfacet
  facet normal -0.838671 0.544638 0
    outer loop
      vertex 52.5651 -21.25 11.5
      vertex 52.4225 -21.4695 0
      vertex 52.4225 -21.4695 11.5
    endloop
  endfacet
  facet normal 0.707107 0.707107 0
    outer loop
      vertex 48.7272 -21.8579 11.5
      vertex 48.5421 -21.6728 0
      vertex 48.5421 -21.6728 11.5
    endloop
  endfacet
  facet normal 0.707107 0.707107 0
    outer loop
      vertex 48.5421 -21.6728 0
      vertex 48.7272 -21.8579 11.5
      vertex 48.7272 -21.8579 0
    endloop
  endfacet
  facet normal 0.629317 0.777149 -0
    outer loop
      vertex 48.9305 -22.0225 0
      vertex 48.7272 -21.8579 11.5
      vertex 48.9305 -22.0225 11.5
    endloop
  endfacet
  facet normal 0.629317 0.777149 0
    outer loop
      vertex 48.7272 -21.8579 11.5
      vertex 48.9305 -22.0225 0
      vertex 48.7272 -21.8579 0
    endloop
  endfacet
  facet normal 0.544638 0.838671 -0
    outer loop
      vertex 49.15 -22.1651 0
      vertex 48.9305 -22.0225 11.5
      vertex 49.15 -22.1651 11.5
    endloop
  endfacet
  facet normal 0.544638 0.838671 0
    outer loop
      vertex 48.9305 -22.0225 11.5
      vertex 49.15 -22.1651 0
      vertex 48.9305 -22.0225 0
    endloop
  endfacet
  facet normal 0.156434 0.987688 -0
    outer loop
      vertex 50.1387 -22.4863 0
      vertex 49.8802 -22.4454 11.5
      vertex 50.1387 -22.4863 11.5
    endloop
  endfacet
  facet normal 0.156434 0.987688 0
    outer loop
      vertex 49.8802 -22.4454 11.5
      vertex 50.1387 -22.4863 0
      vertex 49.8802 -22.4454 0
    endloop
  endfacet
  facet normal 0.777143 0.629324 0
    outer loop
      vertex 48.5421 -21.6728 11.5
      vertex 48.3775 -21.4695 0
      vertex 48.3775 -21.4695 11.5
    endloop
  endfacet
  facet normal 0.777143 0.629324 0
    outer loop
      vertex 48.3775 -21.4695 0
      vertex 48.5421 -21.6728 11.5
      vertex 48.5421 -21.6728 0
    endloop
  endfacet
  facet normal 0.987688 0.156434 0
    outer loop
      vertex 47.9546 -20.5198 11.5
      vertex 47.9137 -20.2613 0
      vertex 47.9137 -20.2613 11.5
    endloop
  endfacet
  facet normal 0.987688 0.156434 0
    outer loop
      vertex 47.9137 -20.2613 0
      vertex 47.9546 -20.5198 11.5
      vertex 47.9546 -20.5198 0
    endloop
  endfacet
  facet normal -0.707107 -0.707107 0
    outer loop
      vertex 52.2579 -18.3272 0
      vertex 52.0728 -18.1421 11.5
      vertex 52.0728 -18.1421 0
    endloop
  endfacet
  facet normal -0.707107 -0.707107 0
    outer loop
      vertex 52.0728 -18.1421 11.5
      vertex 52.2579 -18.3272 0
      vertex 52.2579 -18.3272 11.5
    endloop
  endfacet
  facet normal 0.258818 -0.965926 0
    outer loop
      vertex 49.6275 -17.6224 0
      vertex 49.8802 -17.5546 11.5
      vertex 49.6275 -17.6224 11.5
    endloop
  endfacet
  facet normal 0.258818 -0.965926 0
    outer loop
      vertex 49.8802 -17.5546 11.5
      vertex 49.6275 -17.6224 0
      vertex 49.8802 -17.5546 0
    endloop
  endfacet
  facet normal -0.156432 0.987689 0
    outer loop
      vertex 50.9198 -22.4454 0
      vertex 50.6613 -22.4863 11.5
      vertex 50.9198 -22.4454 11.5
    endloop
  endfacet
  facet normal -0.156432 0.987689 0
    outer loop
      vertex 50.6613 -22.4863 11.5
      vertex 50.9198 -22.4454 0
      vertex 50.6613 -22.4863 0
    endloop
  endfacet
  facet normal -0.358367 0.933581 0
    outer loop
      vertex 51.4168 -22.2839 0
      vertex 51.1725 -22.3776 11.5
      vertex 51.4168 -22.2839 11.5
    endloop
  endfacet
  facet normal -0.358367 0.933581 0
    outer loop
      vertex 51.1725 -22.3776 11.5
      vertex 51.4168 -22.2839 0
      vertex 51.1725 -22.3776 0
    endloop
  endfacet
  facet normal -0.544645 0.838667 0
    outer loop
      vertex 51.8695 -22.0225 0
      vertex 51.65 -22.1651 11.5
      vertex 51.8695 -22.0225 11.5
    endloop
  endfacet
  facet normal -0.544645 0.838667 0
    outer loop
      vertex 51.65 -22.1651 11.5
      vertex 51.8695 -22.0225 0
      vertex 51.65 -22.1651 0
    endloop
  endfacet
  facet normal -0.933582 0.358363 0
    outer loop
      vertex 52.6839 -21.0168 0
      vertex 52.7776 -20.7725 11.5
      vertex 52.7776 -20.7725 0
    endloop
  endfacet
  facet normal -0.933582 0.358363 0
    outer loop
      vertex 52.7776 -20.7725 11.5
      vertex 52.6839 -21.0168 0
      vertex 52.6839 -21.0168 11.5
    endloop
  endfacet
  facet normal -0.987688 0.156434 0
    outer loop
      vertex 52.8454 -20.5198 0
      vertex 52.8863 -20.2613 11.5
      vertex 52.8863 -20.2613 0
    endloop
  endfacet
  facet normal -0.987688 0.156434 0
    outer loop
      vertex 52.8863 -20.2613 11.5
      vertex 52.8454 -20.5198 0
      vertex 52.8454 -20.5198 11.5
    endloop
  endfacet
  facet normal 0.453994 0.891005 -0
    outer loop
      vertex 49.3832 -22.2839 0
      vertex 49.15 -22.1651 11.5
      vertex 49.3832 -22.2839 11.5
    endloop
  endfacet
  facet normal 0.453994 0.891005 0
    outer loop
      vertex 49.15 -22.1651 11.5
      vertex 49.3832 -22.2839 0
      vertex 49.15 -22.1651 0
    endloop
  endfacet
  facet normal 0.258825 0.965924 -0
    outer loop
      vertex 49.8802 -22.4454 0
      vertex 49.6275 -22.3776 11.5
      vertex 49.8802 -22.4454 11.5
    endloop
  endfacet
  facet normal 0.258825 0.965924 0
    outer loop
      vertex 49.6275 -22.3776 11.5
      vertex 49.8802 -22.4454 0
      vertex 49.6275 -22.3776 0
    endloop
  endfacet
  facet normal 0.933578 0.358375 0
    outer loop
      vertex 48.1161 -21.0168 11.5
      vertex 48.0224 -20.7725 0
      vertex 48.0224 -20.7725 11.5
    endloop
  endfacet
  facet normal 0.933578 0.358375 0
    outer loop
      vertex 48.0224 -20.7725 0
      vertex 48.1161 -21.0168 11.5
      vertex 48.1161 -21.0168 0
    endloop
  endfacet
  facet normal 0.965927 0.258816 0
    outer loop
      vertex 65.4635 3.20184 15.5
      vertex 65.0463 4.75886 11.5
      vertex 65.0463 4.75886 15.5
    endloop
  endfacet
  facet normal 0.965927 0.258816 0
    outer loop
      vertex 65.0463 4.75886 11.5
      vertex 65.4635 3.20184 15.5
      vertex 65.4635 3.20184 11.5
    endloop
  endfacet
  facet normal 0.998629 0.0523379 0
    outer loop
      vertex 65.8 0 15.5
      vertex 65.7156 1.60974 11.5
      vertex 65.7156 1.60974 15.5
    endloop
  endfacet
  facet normal 0.998629 0.0523379 0
    outer loop
      vertex 65.7156 1.60974 11.5
      vertex 65.8 0 15.5
      vertex 65.8 0 11.5
    endloop
  endfacet
  facet normal -0.99863 0.0523355 0
    outer loop
      vertex 35 0 11.5
      vertex 35.0844 1.60974 15.5
      vertex 35.0844 1.60974 11.5
    endloop
  endfacet
  facet normal -0.99863 0.0523355 0
    outer loop
      vertex 35.0844 1.60974 15.5
      vertex 35 0 11.5
      vertex 35 0 15.5
    endloop
  endfacet
  facet normal 0.0523361 0.99863 -0
    outer loop
      vertex 52.0097 15.3156 11.5
      vertex 50.4 15.4 15.5
      vertex 52.0097 15.3156 15.5
    endloop
  endfacet
  facet normal 0.0523361 0.99863 0
    outer loop
      vertex 50.4 15.4 15.5
      vertex 52.0097 15.3156 11.5
      vertex 50.4 15.4 11.5
    endloop
  endfacet
  facet normal 0.707107 0.707106 0
    outer loop
      vertex 61.8444 10.3046 15.5
      vertex 60.7046 11.4444 11.5
      vertex 60.7046 11.4444 15.5
    endloop
  endfacet
  facet normal 0.707107 0.707106 0
    outer loop
      vertex 60.7046 11.4444 11.5
      vertex 61.8444 10.3046 15.5
      vertex 61.8444 10.3046 11.5
    endloop
  endfacet
  facet normal -0.629321 0.777145 0
    outer loop
      vertex 41.3481 12.4589 11.5
      vertex 40.0954 11.4444 15.5
      vertex 41.3481 12.4589 15.5
    endloop
  endfacet
  facet normal -0.629321 0.777145 0
    outer loop
      vertex 40.0954 11.4444 15.5
      vertex 41.3481 12.4589 11.5
      vertex 40.0954 11.4444 11.5
    endloop
  endfacet
  facet normal -0.358368 0.93358 0
    outer loop
      vertex 45.6411 14.6463 11.5
      vertex 44.1363 14.0686 15.5
      vertex 45.6411 14.6463 15.5
    endloop
  endfacet
  facet normal -0.358368 0.93358 0
    outer loop
      vertex 44.1363 14.0686 15.5
      vertex 45.6411 14.6463 11.5
      vertex 44.1363 14.0686 11.5
    endloop
  endfacet
  facet normal -0.83867 -0.544639 0
    outer loop
      vertex 37.9411 -9.05189 11.5
      vertex 37.0632 -7.7 15.5
      vertex 37.0632 -7.7 11.5
    endloop
  endfacet
  facet normal -0.83867 -0.544639 0
    outer loop
      vertex 37.0632 -7.7 15.5
      vertex 37.9411 -9.05189 11.5
      vertex 37.9411 -9.05189 15.5
    endloop
  endfacet
  facet normal 0.933579 0.358371 0
    outer loop
      vertex 65.0463 4.75886 15.5
      vertex 64.4686 6.26374 11.5
      vertex 64.4686 6.26374 15.5
    endloop
  endfacet
  facet normal 0.933579 0.358371 0
    outer loop
      vertex 64.4686 6.26374 11.5
      vertex 65.0463 4.75886 15.5
      vertex 65.0463 4.75886 11.5
    endloop
  endfacet
  facet normal 0.45399 0.891007 -0
    outer loop
      vertex 58.1 13.3368 11.5
      vertex 56.6637 14.0686 15.5
      vertex 58.1 13.3368 15.5
    endloop
  endfacet
  facet normal 0.45399 0.891007 0
    outer loop
      vertex 56.6637 14.0686 15.5
      vertex 58.1 13.3368 11.5
      vertex 56.6637 14.0686 11.5
    endloop
  endfacet
  facet normal 0.62932 0.777146 -0
    outer loop
      vertex 60.7046 11.4444 11.5
      vertex 59.4519 12.4589 15.5
      vertex 60.7046 11.4444 15.5
    endloop
  endfacet
  facet normal 0.62932 0.777146 0
    outer loop
      vertex 59.4519 12.4589 15.5
      vertex 60.7046 11.4444 11.5
      vertex 59.4519 12.4589 11.5
    endloop
  endfacet
  facet normal -0.83867 0.544639 0
    outer loop
      vertex 37.0632 7.7 11.5
      vertex 37.9411 9.05189 15.5
      vertex 37.9411 9.05189 11.5
    endloop
  endfacet
  facet normal -0.83867 0.544639 0
    outer loop
      vertex 37.9411 9.05189 15.5
      vertex 37.0632 7.7 11.5
      vertex 37.0632 7.7 15.5
    endloop
  endfacet
  facet normal -0.777146 0.62932 0
    outer loop
      vertex 37.9411 9.05189 11.5
      vertex 38.9556 10.3046 15.5
      vertex 38.9556 10.3046 11.5
    endloop
  endfacet
  facet normal -0.777146 0.62932 0
    outer loop
      vertex 38.9556 10.3046 15.5
      vertex 37.9411 9.05189 11.5
      vertex 37.9411 9.05189 15.5
    endloop
  endfacet
  facet normal -0.45399 0.891007 0
    outer loop
      vertex 44.1363 14.0686 11.5
      vertex 42.7 13.3368 15.5
      vertex 44.1363 14.0686 15.5
    endloop
  endfacet
  facet normal -0.45399 0.891007 0
    outer loop
      vertex 42.7 13.3368 15.5
      vertex 44.1363 14.0686 11.5
      vertex 42.7 13.3368 11.5
    endloop
  endfacet
  facet normal 0.891007 -0.45399 0
    outer loop
      vertex 63.7368 -7.7 15.5
      vertex 64.4686 -6.26374 11.5
      vertex 64.4686 -6.26374 15.5
    endloop
  endfacet
  facet normal 0.891007 -0.45399 0
    outer loop
      vertex 64.4686 -6.26374 11.5
      vertex 63.7368 -7.7 15.5
      vertex 63.7368 -7.7 11.5
    endloop
  endfacet
  facet normal 0.258819 -0.965926 0
    outer loop
      vertex 53.6018 -15.0635 11.5
      vertex 55.1589 -14.6463 15.5
      vertex 53.6018 -15.0635 15.5
    endloop
  endfacet
  facet normal 0.258819 -0.965926 0
    outer loop
      vertex 55.1589 -14.6463 15.5
      vertex 53.6018 -15.0635 11.5
      vertex 55.1589 -14.6463 11.5
    endloop
  endfacet
  facet normal 0.707107 -0.707106 0
    outer loop
      vertex 60.7046 -11.4444 15.5
      vertex 61.8444 -10.3046 11.5
      vertex 61.8444 -10.3046 15.5
    endloop
  endfacet
  facet normal 0.707107 -0.707106 0
    outer loop
      vertex 61.8444 -10.3046 11.5
      vertex 60.7046 -11.4444 15.5
      vertex 60.7046 -11.4444 11.5
    endloop
  endfacet
  facet normal 0.987688 -0.156436 0
    outer loop
      vertex 65.4635 -3.20184 15.5
      vertex 65.7156 -1.60974 11.5
      vertex 65.7156 -1.60974 15.5
    endloop
  endfacet
  facet normal 0.987688 -0.156436 0
    outer loop
      vertex 65.7156 -1.60974 11.5
      vertex 65.4635 -3.20184 15.5
      vertex 65.4635 -3.20184 11.5
    endloop
  endfacet
  facet normal 0.965927 -0.258816 0
    outer loop
      vertex 65.0463 -4.75886 15.5
      vertex 65.4635 -3.20184 11.5
      vertex 65.4635 -3.20184 15.5
    endloop
  endfacet
  facet normal 0.965927 -0.258816 0
    outer loop
      vertex 65.4635 -3.20184 11.5
      vertex 65.0463 -4.75886 15.5
      vertex 65.0463 -4.75886 11.5
    endloop
  endfacet
  facet normal -0.358368 -0.93358 0
    outer loop
      vertex 44.1363 -14.0686 11.5
      vertex 45.6411 -14.6463 15.5
      vertex 44.1363 -14.0686 15.5
    endloop
  endfacet
  facet normal -0.358368 -0.93358 -0
    outer loop
      vertex 45.6411 -14.6463 15.5
      vertex 44.1363 -14.0686 11.5
      vertex 45.6411 -14.6463 11.5
    endloop
  endfacet
  facet normal -0.544639 -0.838671 0
    outer loop
      vertex 41.3481 -12.4589 11.5
      vertex 42.7 -13.3368 15.5
      vertex 41.3481 -12.4589 15.5
    endloop
  endfacet
  facet normal -0.544639 -0.838671 -0
    outer loop
      vertex 42.7 -13.3368 15.5
      vertex 41.3481 -12.4589 11.5
      vertex 42.7 -13.3368 11.5
    endloop
  endfacet
  facet normal -0.891007 -0.45399 0
    outer loop
      vertex 37.0632 -7.7 11.5
      vertex 36.3314 -6.26374 15.5
      vertex 36.3314 -6.26374 11.5
    endloop
  endfacet
  facet normal -0.891007 -0.45399 0
    outer loop
      vertex 36.3314 -6.26374 15.5
      vertex 37.0632 -7.7 11.5
      vertex 37.0632 -7.7 15.5
    endloop
  endfacet
  facet normal 0.987688 0.156436 0
    outer loop
      vertex 65.7156 1.60974 15.5
      vertex 65.4635 3.20184 11.5
      vertex 65.4635 3.20184 15.5
    endloop
  endfacet
  facet normal 0.987688 0.156436 0
    outer loop
      vertex 65.4635 3.20184 11.5
      vertex 65.7156 1.60974 15.5
      vertex 65.7156 1.60974 11.5
    endloop
  endfacet
  facet normal 0.891007 0.45399 0
    outer loop
      vertex 64.4686 6.26374 15.5
      vertex 63.7368 7.7 11.5
      vertex 63.7368 7.7 15.5
    endloop
  endfacet
  facet normal 0.891007 0.45399 0
    outer loop
      vertex 63.7368 7.7 11.5
      vertex 64.4686 6.26374 15.5
      vertex 64.4686 6.26374 11.5
    endloop
  endfacet
  facet normal 0.83867 0.544639 0
    outer loop
      vertex 63.7368 7.7 15.5
      vertex 62.8589 9.05189 11.5
      vertex 62.8589 9.05189 15.5
    endloop
  endfacet
  facet normal 0.83867 0.544639 0
    outer loop
      vertex 62.8589 9.05189 11.5
      vertex 63.7368 7.7 15.5
      vertex 63.7368 7.7 11.5
    endloop
  endfacet
  facet normal 0.777146 0.62932 0
    outer loop
      vertex 62.8589 9.05189 15.5
      vertex 61.8444 10.3046 11.5
      vertex 61.8444 10.3046 15.5
    endloop
  endfacet
  facet normal 0.777146 0.62932 0
    outer loop
      vertex 61.8444 10.3046 11.5
      vertex 62.8589 9.05189 15.5
      vertex 62.8589 9.05189 11.5
    endloop
  endfacet
  facet normal 0.358369 0.93358 -0
    outer loop
      vertex 56.6637 14.0686 11.5
      vertex 55.1589 14.6463 15.5
      vertex 56.6637 14.0686 15.5
    endloop
  endfacet
  facet normal 0.358369 0.93358 0
    outer loop
      vertex 55.1589 14.6463 15.5
      vertex 56.6637 14.0686 11.5
      vertex 55.1589 14.6463 11.5
    endloop
  endfacet
  facet normal 0.258819 0.965926 -0
    outer loop
      vertex 55.1589 14.6463 11.5
      vertex 53.6018 15.0635 15.5
      vertex 55.1589 14.6463 15.5
    endloop
  endfacet
  facet normal 0.258819 0.965926 0
    outer loop
      vertex 53.6018 15.0635 15.5
      vertex 55.1589 14.6463 11.5
      vertex 53.6018 15.0635 11.5
    endloop
  endfacet
  facet normal 0.156434 0.987688 -0
    outer loop
      vertex 53.6018 15.0635 11.5
      vertex 52.0097 15.3156 15.5
      vertex 53.6018 15.0635 15.5
    endloop
  endfacet
  facet normal 0.156434 0.987688 0
    outer loop
      vertex 52.0097 15.3156 15.5
      vertex 53.6018 15.0635 11.5
      vertex 52.0097 15.3156 11.5
    endloop
  endfacet
  facet normal 0.544639 0.838671 -0
    outer loop
      vertex 59.4519 12.4589 11.5
      vertex 58.1 13.3368 15.5
      vertex 59.4519 12.4589 15.5
    endloop
  endfacet
  facet normal 0.544639 0.838671 0
    outer loop
      vertex 58.1 13.3368 15.5
      vertex 59.4519 12.4589 11.5
      vertex 58.1 13.3368 11.5
    endloop
  endfacet
  facet normal -0.891007 0.45399 0
    outer loop
      vertex 36.3314 6.26374 11.5
      vertex 37.0632 7.7 15.5
      vertex 37.0632 7.7 11.5
    endloop
  endfacet
  facet normal -0.891007 0.45399 0
    outer loop
      vertex 37.0632 7.7 15.5
      vertex 36.3314 6.26374 11.5
      vertex 36.3314 6.26374 15.5
    endloop
  endfacet
  facet normal -0.965926 0.258819 0
    outer loop
      vertex 35.3365 3.20184 11.5
      vertex 35.7537 4.75886 15.5
      vertex 35.7537 4.75886 11.5
    endloop
  endfacet
  facet normal -0.965926 0.258819 0
    outer loop
      vertex 35.7537 4.75886 15.5
      vertex 35.3365 3.20184 11.5
      vertex 35.3365 3.20184 15.5
    endloop
  endfacet
  facet normal -0.987688 0.156436 0
    outer loop
      vertex 35.0844 1.60974 11.5
      vertex 35.3365 3.20184 15.5
      vertex 35.3365 3.20184 11.5
    endloop
  endfacet
  facet normal -0.987688 0.156436 0
    outer loop
      vertex 35.3365 3.20184 15.5
      vertex 35.0844 1.60974 11.5
      vertex 35.0844 1.60974 15.5
    endloop
  endfacet
  facet normal -0.544639 0.838671 0
    outer loop
      vertex 42.7 13.3368 11.5
      vertex 41.3481 12.4589 15.5
      vertex 42.7 13.3368 15.5
    endloop
  endfacet
  facet normal -0.544639 0.838671 0
    outer loop
      vertex 41.3481 12.4589 15.5
      vertex 42.7 13.3368 11.5
      vertex 41.3481 12.4589 11.5
    endloop
  endfacet
  facet normal -0.0523361 0.99863 0
    outer loop
      vertex 50.4 15.4 11.5
      vertex 48.7903 15.3156 15.5
      vertex 50.4 15.4 15.5
    endloop
  endfacet
  facet normal -0.0523361 0.99863 0
    outer loop
      vertex 48.7903 15.3156 15.5
      vertex 50.4 15.4 11.5
      vertex 48.7903 15.3156 11.5
    endloop
  endfacet
  facet normal -0.258819 0.965926 0
    outer loop
      vertex 47.1982 15.0635 11.5
      vertex 45.6411 14.6463 15.5
      vertex 47.1982 15.0635 15.5
    endloop
  endfacet
  facet normal -0.258819 0.965926 0
    outer loop
      vertex 45.6411 14.6463 15.5
      vertex 47.1982 15.0635 11.5
      vertex 45.6411 14.6463 11.5
    endloop
  endfacet
  facet normal -0.156434 0.987688 0
    outer loop
      vertex 48.7903 15.3156 11.5
      vertex 47.1982 15.0635 15.5
      vertex 48.7903 15.3156 15.5
    endloop
  endfacet
  facet normal -0.156434 0.987688 0
    outer loop
      vertex 47.1982 15.0635 15.5
      vertex 48.7903 15.3156 11.5
      vertex 47.1982 15.0635 11.5
    endloop
  endfacet
  facet normal 0.998629 -0.0523379 0
    outer loop
      vertex 65.7156 -1.60974 15.5
      vertex 65.8 0 11.5
      vertex 65.8 0 15.5
    endloop
  endfacet
  facet normal 0.998629 -0.0523379 0
    outer loop
      vertex 65.8 0 11.5
      vertex 65.7156 -1.60974 15.5
      vertex 65.7156 -1.60974 11.5
    endloop
  endfacet
  facet normal 0.0523361 -0.99863 0
    outer loop
      vertex 50.4 -15.4 11.5
      vertex 52.0097 -15.3156 15.5
      vertex 50.4 -15.4 15.5
    endloop
  endfacet
  facet normal 0.0523361 -0.99863 0
    outer loop
      vertex 52.0097 -15.3156 15.5
      vertex 50.4 -15.4 11.5
      vertex 52.0097 -15.3156 11.5
    endloop
  endfacet
  facet normal 0.156434 -0.987688 0
    outer loop
      vertex 52.0097 -15.3156 11.5
      vertex 53.6018 -15.0635 15.5
      vertex 52.0097 -15.3156 15.5
    endloop
  endfacet
  facet normal 0.156434 -0.987688 0
    outer loop
      vertex 53.6018 -15.0635 15.5
      vertex 52.0097 -15.3156 11.5
      vertex 53.6018 -15.0635 11.5
    endloop
  endfacet
  facet normal 0.45399 -0.891007 0
    outer loop
      vertex 56.6637 -14.0686 11.5
      vertex 58.1 -13.3368 15.5
      vertex 56.6637 -14.0686 15.5
    endloop
  endfacet
  facet normal 0.45399 -0.891007 0
    outer loop
      vertex 58.1 -13.3368 15.5
      vertex 56.6637 -14.0686 11.5
      vertex 58.1 -13.3368 11.5
    endloop
  endfacet
  facet normal 0.62932 -0.777146 0
    outer loop
      vertex 59.4519 -12.4589 11.5
      vertex 60.7046 -11.4444 15.5
      vertex 59.4519 -12.4589 15.5
    endloop
  endfacet
  facet normal 0.62932 -0.777146 0
    outer loop
      vertex 60.7046 -11.4444 15.5
      vertex 59.4519 -12.4589 11.5
      vertex 60.7046 -11.4444 11.5
    endloop
  endfacet
  facet normal 0.777146 -0.62932 0
    outer loop
      vertex 61.8444 -10.3046 15.5
      vertex 62.8589 -9.05189 11.5
      vertex 62.8589 -9.05189 15.5
    endloop
  endfacet
  facet normal 0.777146 -0.62932 0
    outer loop
      vertex 62.8589 -9.05189 11.5
      vertex 61.8444 -10.3046 15.5
      vertex 61.8444 -10.3046 11.5
    endloop
  endfacet
  facet normal 0.83867 -0.544639 0
    outer loop
      vertex 62.8589 -9.05189 15.5
      vertex 63.7368 -7.7 11.5
      vertex 63.7368 -7.7 15.5
    endloop
  endfacet
  facet normal 0.83867 -0.544639 0
    outer loop
      vertex 63.7368 -7.7 11.5
      vertex 62.8589 -9.05189 15.5
      vertex 62.8589 -9.05189 11.5
    endloop
  endfacet
  facet normal -0.156434 -0.987688 0
    outer loop
      vertex 47.1982 -15.0635 11.5
      vertex 48.7903 -15.3156 15.5
      vertex 47.1982 -15.0635 15.5
    endloop
  endfacet
  facet normal -0.156434 -0.987688 -0
    outer loop
      vertex 48.7903 -15.3156 15.5
      vertex 47.1982 -15.0635 11.5
      vertex 48.7903 -15.3156 11.5
    endloop
  endfacet
  facet normal -0.707106 -0.707107 0
    outer loop
      vertex 38.9556 -10.3046 11.5
      vertex 40.0954 -11.4444 15.5
      vertex 38.9556 -10.3046 15.5
    endloop
  endfacet
  facet normal -0.707106 -0.707107 -0
    outer loop
      vertex 40.0954 -11.4444 15.5
      vertex 38.9556 -10.3046 11.5
      vertex 40.0954 -11.4444 11.5
    endloop
  endfacet
  facet normal -0.45399 -0.891007 0
    outer loop
      vertex 42.7 -13.3368 11.5
      vertex 44.1363 -14.0686 15.5
      vertex 42.7 -13.3368 15.5
    endloop
  endfacet
  facet normal -0.45399 -0.891007 -0
    outer loop
      vertex 44.1363 -14.0686 15.5
      vertex 42.7 -13.3368 11.5
      vertex 44.1363 -14.0686 11.5
    endloop
  endfacet
  facet normal -0.0523361 -0.99863 0
    outer loop
      vertex 48.7903 -15.3156 11.5
      vertex 50.4 -15.4 15.5
      vertex 48.7903 -15.3156 15.5
    endloop
  endfacet
  facet normal -0.0523361 -0.99863 -0
    outer loop
      vertex 50.4 -15.4 15.5
      vertex 48.7903 -15.3156 11.5
      vertex 50.4 -15.4 11.5
    endloop
  endfacet
  facet normal -0.629321 -0.777145 0
    outer loop
      vertex 40.0954 -11.4444 11.5
      vertex 41.3481 -12.4589 15.5
      vertex 40.0954 -11.4444 15.5
    endloop
  endfacet
  facet normal -0.629321 -0.777145 -0
    outer loop
      vertex 41.3481 -12.4589 15.5
      vertex 40.0954 -11.4444 11.5
      vertex 41.3481 -12.4589 11.5
    endloop
  endfacet
  facet normal -0.777146 -0.62932 0
    outer loop
      vertex 38.9556 -10.3046 11.5
      vertex 37.9411 -9.05189 15.5
      vertex 37.9411 -9.05189 11.5
    endloop
  endfacet
  facet normal -0.777146 -0.62932 0
    outer loop
      vertex 37.9411 -9.05189 15.5
      vertex 38.9556 -10.3046 11.5
      vertex 38.9556 -10.3046 15.5
    endloop
  endfacet
  facet normal -0.965926 -0.258819 0
    outer loop
      vertex 35.7537 -4.75886 11.5
      vertex 35.3365 -3.20184 15.5
      vertex 35.3365 -3.20184 11.5
    endloop
  endfacet
  facet normal -0.965926 -0.258819 0
    outer loop
      vertex 35.3365 -3.20184 15.5
      vertex 35.7537 -4.75886 11.5
      vertex 35.7537 -4.75886 15.5
    endloop
  endfacet
  facet normal -0.99863 -0.0523355 0
    outer loop
      vertex 35.0844 -1.60974 11.5
      vertex 35 0 15.5
      vertex 35 0 11.5
    endloop
  endfacet
  facet normal -0.99863 -0.0523355 0
    outer loop
      vertex 35 0 15.5
      vertex 35.0844 -1.60974 11.5
      vertex 35.0844 -1.60974 15.5
    endloop
  endfacet
  facet normal -0.707106 0.707107 0
    outer loop
      vertex 40.0954 11.4444 11.5
      vertex 38.9556 10.3046 15.5
      vertex 40.0954 11.4444 15.5
    endloop
  endfacet
  facet normal -0.707106 0.707107 0
    outer loop
      vertex 38.9556 10.3046 15.5
      vertex 40.0954 11.4444 11.5
      vertex 38.9556 10.3046 11.5
    endloop
  endfacet
  facet normal 0 0 1
    outer loop
      vertex 56.5 6.04557 15.5
      vertex 65.8 0 15.5
      vertex 65.7156 1.60974 15.5
    endloop
  endfacet
  facet normal 0 0 1
    outer loop
      vertex 56.5 6.04557 15.5
      vertex 65.7156 1.60974 15.5
      vertex 65.4635 3.20184 15.5
    endloop
  endfacet
  facet normal 0 0 1
    outer loop
      vertex 56.5 -6.04557 15.5
      vertex 65.8 0 15.5
      vertex 56.5 6.04557 15.5
    endloop
  endfacet
  facet normal 0 0 1
    outer loop
      vertex 56.5 6.04557 15.5
      vertex 65.4635 3.20184 15.5
      vertex 65.0463 4.75886 15.5
    endloop
  endfacet
  facet normal 0 0 1
    outer loop
      vertex 65.8 0 15.5
      vertex 56.5 -6.04557 15.5
      vertex 65.7156 -1.60974 15.5
    endloop
  endfacet
  facet normal -0 0 1
    outer loop
      vertex 56.5 6.04557 15.5
      vertex 65.0463 4.75886 15.5
      vertex 64.4686 6.26374 15.5
    endloop
  endfacet
  facet normal 0 0 1
    outer loop
      vertex 65.7156 -1.60974 15.5
      vertex 56.5 -6.04557 15.5
      vertex 65.4635 -3.20184 15.5
    endloop
  endfacet
  facet normal 0 0 1
    outer loop
      vertex 56.5 6.04557 15.5
      vertex 64.4686 6.26374 15.5
      vertex 63.7368 7.7 15.5
    endloop
  endfacet
  facet normal 0 0 1
    outer loop
      vertex 65.4635 -3.20184 15.5
      vertex 56.5 -6.04557 15.5
      vertex 65.0463 -4.75886 15.5
    endloop
  endfacet
  facet normal 0 0 1
    outer loop
      vertex 56.5 6.04557 15.5
      vertex 63.7368 7.7 15.5
      vertex 62.8589 9.05189 15.5
    endloop
  endfacet
  facet normal 0 0 1
    outer loop
      vertex 65.0463 -4.75886 15.5
      vertex 56.5 -6.04557 15.5
      vertex 64.4686 -6.26374 15.5
    endloop
  endfacet
  facet normal 0 0 1
    outer loop
      vertex 56.5 6.04557 15.5
      vertex 62.8589 9.05189 15.5
      vertex 61.8444 10.3046 15.5
    endloop
  endfacet
  facet normal 0 0 1
    outer loop
      vertex 64.4686 -6.26374 15.5
      vertex 56.5 -6.04557 15.5
      vertex 63.7368 -7.7 15.5
    endloop
  endfacet
  facet normal 0 0 1
    outer loop
      vertex 56.5 6.04557 15.5
      vertex 61.8444 10.3046 15.5
      vertex 60.7046 11.4444 15.5
    endloop
  endfacet
  facet normal 0 0 1
    outer loop
      vertex 63.7368 -7.7 15.5
      vertex 56.5 -6.04557 15.5
      vertex 62.8589 -9.05189 15.5
    endloop
  endfacet
  facet normal 0 0 1
    outer loop
      vertex 56.1545 6.39104 15.5
      vertex 60.7046 11.4444 15.5
      vertex 59.4519 12.4589 15.5
    endloop
  endfacet
  facet normal 0 0 1
    outer loop
      vertex 62.8589 -9.05189 15.5
      vertex 56.5 -6.04557 15.5
      vertex 61.8444 -10.3046 15.5
    endloop
  endfacet
  facet normal 0 0 1
    outer loop
      vertex 55.455 6.95755 15.5
      vertex 59.4519 12.4589 15.5
      vertex 58.1 13.3368 15.5
    endloop
  endfacet
  facet normal 0 0 1
    outer loop
      vertex 61.8444 -10.3046 15.5
      vertex 56.5 -6.04557 15.5
      vertex 60.7046 -11.4444 15.5
    endloop
  endfacet
  facet normal 0 0 1
    outer loop
      vertex 54.7 7.44782 15.5
      vertex 58.1 13.3368 15.5
      vertex 56.6637 14.0686 15.5
    endloop
  endfacet
  facet normal -0 0 1
    outer loop
      vertex 56.1545 -6.39104 15.5
      vertex 60.7046 -11.4444 15.5
      vertex 56.5 -6.04557 15.5
    endloop
  endfacet
  facet normal 0 0 1
    outer loop
      vertex 60.7046 -11.4444 15.5
      vertex 56.1545 -6.39104 15.5
      vertex 59.4519 -12.4589 15.5
    endloop
  endfacet
  facet normal 0 0 1
    outer loop
      vertex 60.7046 11.4444 15.5
      vertex 56.1545 6.39104 15.5
      vertex 56.5 6.04557 15.5
    endloop
  endfacet
  facet normal 0 0 1
    outer loop
      vertex 59.4519 12.4589 15.5
      vertex 55.455 6.95755 15.5
      vertex 56.1545 6.39104 15.5
    endloop
  endfacet
  facet normal 0 0 1
    outer loop
      vertex 53.8979 7.85649 15.5
      vertex 56.6637 14.0686 15.5
      vertex 55.1589 14.6463 15.5
    endloop
  endfacet
  facet normal 0 0 1
    outer loop
      vertex 58.1 13.3368 15.5
      vertex 54.7 7.44782 15.5
      vertex 55.455 6.95755 15.5
    endloop
  endfacet
  facet normal 0 0 1
    outer loop
      vertex 56.6637 14.0686 15.5
      vertex 53.8979 7.85649 15.5
      vertex 54.7 7.44782 15.5
    endloop
  endfacet
  facet normal 0 0 1
    outer loop
      vertex 53.0575 8.17909 15.5
      vertex 55.1589 14.6463 15.5
      vertex 53.6018 15.0635 15.5
    endloop
  endfacet
  facet normal 0 0 1
    outer loop
      vertex 55.1589 14.6463 15.5
      vertex 53.0575 8.17909 15.5
      vertex 53.8979 7.85649 15.5
    endloop
  endfacet
  facet normal 0 0 1
    outer loop
      vertex 53.6018 15.0635 15.5
      vertex 52.188 8.41207 15.5
      vertex 53.0575 8.17909 15.5
    endloop
  endfacet
  facet normal 0 0 1
    outer loop
      vertex 52.0097 15.3156 15.5
      vertex 52.188 8.41207 15.5
      vertex 53.6018 15.0635 15.5
    endloop
  endfacet
  facet normal 0 0 1
    outer loop
      vertex 52.0097 15.3156 15.5
      vertex 51.2989 8.55289 15.5
      vertex 52.188 8.41207 15.5
    endloop
  endfacet
  facet normal 0 0 1
    outer loop
      vertex 50.4 15.4 15.5
      vertex 51.2989 8.55289 15.5
      vertex 52.0097 15.3156 15.5
    endloop
  endfacet
  facet normal 0 0 1
    outer loop
      vertex 50.4 15.4 15.5
      vertex 50.4 8.6 15.5
      vertex 51.2989 8.55289 15.5
    endloop
  endfacet
  facet normal 0 0 1
    outer loop
      vertex 50.4 15.4 15.5
      vertex 49.5011 8.55289 15.5
      vertex 50.4 8.6 15.5
    endloop
  endfacet
  facet normal -0 0 1
    outer loop
      vertex 48.7903 15.3156 15.5
      vertex 49.5011 8.55289 15.5
      vertex 50.4 15.4 15.5
    endloop
  endfacet
  facet normal 0 0 1
    outer loop
      vertex 48.7903 15.3156 15.5
      vertex 48.612 8.41207 15.5
      vertex 49.5011 8.55289 15.5
    endloop
  endfacet
  facet normal -0 0 1
    outer loop
      vertex 47.1982 15.0635 15.5
      vertex 48.612 8.41207 15.5
      vertex 48.7903 15.3156 15.5
    endloop
  endfacet
  facet normal 0 0 1
    outer loop
      vertex 48.612 8.41207 15.5
      vertex 47.1982 15.0635 15.5
      vertex 47.7425 8.17909 15.5
    endloop
  endfacet
  facet normal -0 0 1
    outer loop
      vertex 45.6411 14.6463 15.5
      vertex 47.7425 8.17909 15.5
      vertex 47.1982 15.0635 15.5
    endloop
  endfacet
  facet normal 0 0 1
    outer loop
      vertex 47.7425 8.17909 15.5
      vertex 45.6411 14.6463 15.5
      vertex 46.9021 7.85649 15.5
    endloop
  endfacet
  facet normal -0 0 1
    outer loop
      vertex 44.1363 14.0686 15.5
      vertex 46.9021 7.85649 15.5
      vertex 45.6411 14.6463 15.5
    endloop
  endfacet
  facet normal 0 0 1
    outer loop
      vertex 46.9021 7.85649 15.5
      vertex 44.1363 14.0686 15.5
      vertex 46.1 7.44782 15.5
    endloop
  endfacet
  facet normal -0 0 1
    outer loop
      vertex 42.7 13.3368 15.5
      vertex 46.1 7.44782 15.5
      vertex 44.1363 14.0686 15.5
    endloop
  endfacet
  facet normal 0 0 1
    outer loop
      vertex 46.1 7.44782 15.5
      vertex 42.7 13.3368 15.5
      vertex 45.345 6.95755 15.5
    endloop
  endfacet
  facet normal 0 0 1
    outer loop
      vertex 45.345 6.95755 15.5
      vertex 41.3481 12.4589 15.5
      vertex 44.6455 6.39104 15.5
    endloop
  endfacet
  facet normal -0 0 1
    outer loop
      vertex 41.3481 12.4589 15.5
      vertex 45.345 6.95755 15.5
      vertex 42.7 13.3368 15.5
    endloop
  endfacet
  facet normal -0 0 1
    outer loop
      vertex 55.455 -6.95755 15.5
      vertex 59.4519 -12.4589 15.5
      vertex 56.1545 -6.39104 15.5
    endloop
  endfacet
  facet normal 0 0 1
    outer loop
      vertex 59.4519 -12.4589 15.5
      vertex 55.455 -6.95755 15.5
      vertex 58.1 -13.3368 15.5
    endloop
  endfacet
  facet normal -0 0 1
    outer loop
      vertex 54.7 -7.44782 15.5
      vertex 58.1 -13.3368 15.5
      vertex 55.455 -6.95755 15.5
    endloop
  endfacet
  facet normal 0 0 1
    outer loop
      vertex 58.1 -13.3368 15.5
      vertex 54.7 -7.44782 15.5
      vertex 56.6637 -14.0686 15.5
    endloop
  endfacet
  facet normal -0 0 1
    outer loop
      vertex 53.8979 -7.85649 15.5
      vertex 56.6637 -14.0686 15.5
      vertex 54.7 -7.44782 15.5
    endloop
  endfacet
  facet normal 0 0 1
    outer loop
      vertex 56.6637 -14.0686 15.5
      vertex 53.8979 -7.85649 15.5
      vertex 55.1589 -14.6463 15.5
    endloop
  endfacet
  facet normal -0 0 1
    outer loop
      vertex 53.0575 -8.17909 15.5
      vertex 55.1589 -14.6463 15.5
      vertex 53.8979 -7.85649 15.5
    endloop
  endfacet
  facet normal 0 0 1
    outer loop
      vertex 55.1589 -14.6463 15.5
      vertex 53.0575 -8.17909 15.5
      vertex 53.6018 -15.0635 15.5
    endloop
  endfacet
  facet normal -0 0 1
    outer loop
      vertex 52.188 -8.41207 15.5
      vertex 53.6018 -15.0635 15.5
      vertex 53.0575 -8.17909 15.5
    endloop
  endfacet
  facet normal 0 0 1
    outer loop
      vertex 52.188 -8.41207 15.5
      vertex 52.0097 -15.3156 15.5
      vertex 53.6018 -15.0635 15.5
    endloop
  endfacet
  facet normal -0 0 1
    outer loop
      vertex 51.2989 -8.55289 15.5
      vertex 52.0097 -15.3156 15.5
      vertex 52.188 -8.41207 15.5
    endloop
  endfacet
  facet normal -0 0 1
    outer loop
      vertex 50.4 -8.6 15.5
      vertex 52.0097 -15.3156 15.5
      vertex 51.2989 -8.55289 15.5
    endloop
  endfacet
  facet normal 0 0 1
    outer loop
      vertex 50.4 -8.6 15.5
      vertex 50.4 -15.4 15.5
      vertex 52.0097 -15.3156 15.5
    endloop
  endfacet
  facet normal 0 0 1
    outer loop
      vertex 49.5011 -8.55289 15.5
      vertex 50.4 -15.4 15.5
      vertex 50.4 -8.6 15.5
    endloop
  endfacet
  facet normal 0 0 1
    outer loop
      vertex 49.5011 -8.55289 15.5
      vertex 48.7903 -15.3156 15.5
      vertex 50.4 -15.4 15.5
    endloop
  endfacet
  facet normal 0 0 1
    outer loop
      vertex 48.612 -8.41207 15.5
      vertex 48.7903 -15.3156 15.5
      vertex 49.5011 -8.55289 15.5
    endloop
  endfacet
  facet normal 0 0 1
    outer loop
      vertex 47.1982 -15.0635 15.5
      vertex 48.612 -8.41207 15.5
      vertex 47.7425 -8.17909 15.5
    endloop
  endfacet
  facet normal 0 0 1
    outer loop
      vertex 48.612 -8.41207 15.5
      vertex 47.1982 -15.0635 15.5
      vertex 48.7903 -15.3156 15.5
    endloop
  endfacet
  facet normal 0 0 1
    outer loop
      vertex 45.6411 -14.6463 15.5
      vertex 47.7425 -8.17909 15.5
      vertex 46.9021 -7.85649 15.5
    endloop
  endfacet
  facet normal 0 0 1
    outer loop
      vertex 44.1363 -14.0686 15.5
      vertex 46.9021 -7.85649 15.5
      vertex 46.1 -7.44782 15.5
    endloop
  endfacet
  facet normal 0 0 1
    outer loop
      vertex 47.7425 -8.17909 15.5
      vertex 45.6411 -14.6463 15.5
      vertex 47.1982 -15.0635 15.5
    endloop
  endfacet
  facet normal 0 0 1
    outer loop
      vertex 42.7 -13.3368 15.5
      vertex 46.1 -7.44782 15.5
      vertex 45.345 -6.95755 15.5
    endloop
  endfacet
  facet normal 0 0 1
    outer loop
      vertex 41.3481 -12.4589 15.5
      vertex 45.345 -6.95755 15.5
      vertex 44.6455 -6.39104 15.5
    endloop
  endfacet
  facet normal 0 0 1
    outer loop
      vertex 40.0954 -11.4444 15.5
      vertex 44.6455 -6.39104 15.5
      vertex 44.3 -6.04557 15.5
    endloop
  endfacet
  facet normal 0 0 1
    outer loop
      vertex 46.9021 -7.85649 15.5
      vertex 44.1363 -14.0686 15.5
      vertex 45.6411 -14.6463 15.5
    endloop
  endfacet
  facet normal -0 0 1
    outer loop
      vertex 40.0954 11.4444 15.5
      vertex 44.6455 6.39104 15.5
      vertex 41.3481 12.4589 15.5
    endloop
  endfacet
  facet normal 0 0 1
    outer loop
      vertex 44.6455 6.39104 15.5
      vertex 40.0954 11.4444 15.5
      vertex 44.3 6.04557 15.5
    endloop
  endfacet
  facet normal 0 0 1
    outer loop
      vertex 46.1 -7.44782 15.5
      vertex 42.7 -13.3368 15.5
      vertex 44.1363 -14.0686 15.5
    endloop
  endfacet
  facet normal -0 0 1
    outer loop
      vertex 38.9556 10.3046 15.5
      vertex 44.3 6.04557 15.5
      vertex 40.0954 11.4444 15.5
    endloop
  endfacet
  facet normal 0 0 1
    outer loop
      vertex 45.345 -6.95755 15.5
      vertex 41.3481 -12.4589 15.5
      vertex 42.7 -13.3368 15.5
    endloop
  endfacet
  facet normal -0 0 1
    outer loop
      vertex 37.9411 9.05189 15.5
      vertex 44.3 6.04557 15.5
      vertex 38.9556 10.3046 15.5
    endloop
  endfacet
  facet normal 0 0 1
    outer loop
      vertex 44.6455 -6.39104 15.5
      vertex 40.0954 -11.4444 15.5
      vertex 41.3481 -12.4589 15.5
    endloop
  endfacet
  facet normal -0 0 1
    outer loop
      vertex 37.0632 7.7 15.5
      vertex 44.3 6.04557 15.5
      vertex 37.9411 9.05189 15.5
    endloop
  endfacet
  facet normal 0 0 1
    outer loop
      vertex 44.3 -6.04557 15.5
      vertex 38.9556 -10.3046 15.5
      vertex 40.0954 -11.4444 15.5
    endloop
  endfacet
  facet normal -0 0 1
    outer loop
      vertex 36.3314 6.26374 15.5
      vertex 44.3 6.04557 15.5
      vertex 37.0632 7.7 15.5
    endloop
  endfacet
  facet normal 0 0 1
    outer loop
      vertex 44.3 -6.04557 15.5
      vertex 37.9411 -9.05189 15.5
      vertex 38.9556 -10.3046 15.5
    endloop
  endfacet
  facet normal 0 0 1
    outer loop
      vertex 35.7537 4.75886 15.5
      vertex 44.3 6.04557 15.5
      vertex 36.3314 6.26374 15.5
    endloop
  endfacet
  facet normal 0 0 1
    outer loop
      vertex 44.3 -6.04557 15.5
      vertex 37.0632 -7.7 15.5
      vertex 37.9411 -9.05189 15.5
    endloop
  endfacet
  facet normal 0 0 1
    outer loop
      vertex 35.3365 3.20184 15.5
      vertex 44.3 6.04557 15.5
      vertex 35.7537 4.75886 15.5
    endloop
  endfacet
  facet normal 0 0 1
    outer loop
      vertex 44.3 -6.04557 15.5
      vertex 36.3314 -6.26374 15.5
      vertex 37.0632 -7.7 15.5
    endloop
  endfacet
  facet normal 0 0 1
    outer loop
      vertex 35.0844 1.60974 15.5
      vertex 44.3 6.04557 15.5
      vertex 35.3365 3.20184 15.5
    endloop
  endfacet
  facet normal 0 0 1
    outer loop
      vertex 44.3 -6.04557 15.5
      vertex 35.7537 -4.75886 15.5
      vertex 36.3314 -6.26374 15.5
    endloop
  endfacet
  facet normal 0 0 1
    outer loop
      vertex 35 0 15.5
      vertex 44.3 6.04557 15.5
      vertex 35.0844 1.60974 15.5
    endloop
  endfacet
  facet normal 0 0 1
    outer loop
      vertex 44.3 -6.04557 15.5
      vertex 35.3365 -3.20184 15.5
      vertex 35.7537 -4.75886 15.5
    endloop
  endfacet
  facet normal 0 0 1
    outer loop
      vertex 44.3 6.04557 15.5
      vertex 35 0 15.5
      vertex 44.3 -6.04557 15.5
    endloop
  endfacet
  facet normal 0 0 1
    outer loop
      vertex 44.3 -6.04557 15.5
      vertex 35.0844 -1.60974 15.5
      vertex 35.3365 -3.20184 15.5
    endloop
  endfacet
  facet normal 0 0 1
    outer loop
      vertex 44.3 -6.04557 15.5
      vertex 35 0 15.5
      vertex 35.0844 -1.60974 15.5
    endloop
  endfacet
  facet normal -0.93358 0.358369 0
    outer loop
      vertex 35.7537 4.75886 11.5
      vertex 36.3314 6.26374 15.5
      vertex 36.3314 6.26374 11.5
    endloop
  endfacet
  facet normal -0.93358 0.358369 0
    outer loop
      vertex 36.3314 6.26374 15.5
      vertex 35.7537 4.75886 11.5
      vertex 35.7537 4.75886 15.5
    endloop
  endfacet
  facet normal 0.358369 -0.93358 0
    outer loop
      vertex 55.1589 -14.6463 11.5
      vertex 56.6637 -14.0686 15.5
      vertex 55.1589 -14.6463 15.5
    endloop
  endfacet
  facet normal 0.358369 -0.93358 0
    outer loop
      vertex 56.6637 -14.0686 15.5
      vertex 55.1589 -14.6463 11.5
      vertex 56.6637 -14.0686 11.5
    endloop
  endfacet
  facet normal 0.544639 -0.838671 0
    outer loop
      vertex 58.1 -13.3368 11.5
      vertex 59.4519 -12.4589 15.5
      vertex 58.1 -13.3368 15.5
    endloop
  endfacet
  facet normal 0.544639 -0.838671 0
    outer loop
      vertex 59.4519 -12.4589 15.5
      vertex 58.1 -13.3368 11.5
      vertex 59.4519 -12.4589 11.5
    endloop
  endfacet
  facet normal 0.933579 -0.358371 0
    outer loop
      vertex 64.4686 -6.26374 15.5
      vertex 65.0463 -4.75886 11.5
      vertex 65.0463 -4.75886 15.5
    endloop
  endfacet
  facet normal 0.933579 -0.358371 0
    outer loop
      vertex 65.0463 -4.75886 11.5
      vertex 64.4686 -6.26374 15.5
      vertex 64.4686 -6.26374 11.5
    endloop
  endfacet
  facet normal -0.258819 -0.965926 0
    outer loop
      vertex 45.6411 -14.6463 11.5
      vertex 47.1982 -15.0635 15.5
      vertex 45.6411 -14.6463 15.5
    endloop
  endfacet
  facet normal -0.258819 -0.965926 -0
    outer loop
      vertex 47.1982 -15.0635 15.5
      vertex 45.6411 -14.6463 11.5
      vertex 47.1982 -15.0635 11.5
    endloop
  endfacet
  facet normal -0.987688 -0.156436 0
    outer loop
      vertex 35.3365 -3.20184 11.5
      vertex 35.0844 -1.60974 15.5
      vertex 35.0844 -1.60974 11.5
    endloop
  endfacet
  facet normal -0.987688 -0.156436 0
    outer loop
      vertex 35.0844 -1.60974 15.5
      vertex 35.3365 -3.20184 11.5
      vertex 35.3365 -3.20184 15.5
    endloop
  endfacet
  facet normal -0.93358 -0.358369 0
    outer loop
      vertex 36.3314 -6.26374 11.5
      vertex 35.7537 -4.75886 15.5
      vertex 35.7537 -4.75886 11.5
    endloop
  endfacet
  facet normal -0.93358 -0.358369 0
    outer loop
      vertex 35.7537 -4.75886 15.5
      vertex 36.3314 -6.26374 11.5
      vertex 36.3314 -6.26374 15.5
    endloop
  endfacet
endsolid OpenSCAD_Model
