solid OpenSCAD_Model
  facet normal 0.0523358 -0.99863 0
    outer loop
      vertex -0.898944 8.55289 0
      vertex 0 8.6 18.1
      vertex -0.898944 8.55289 18.1
    endloop
  endfacet
  facet normal 0.0523358 -0.99863 0
    outer loop
      vertex 0 8.6 18.1
      vertex -0.898944 8.55289 0
      vertex 0 8.6 0
    endloop
  endfacet
  facet normal -0.0523358 0.99863 0
    outer loop
      vertex 0.898944 -8.55289 0
      vertex 0 -8.6 18.1
      vertex 0.898944 -8.55289 18.1
    endloop
  endfacet
  facet normal -0.0523358 0.99863 0
    outer loop
      vertex 0 -8.6 18.1
      vertex 0.898944 -8.55289 0
      vertex 0 -8.6 0
    endloop
  endfacet
  facet normal -0.629321 -0.777146 0
    outer loop
      vertex 5.05495 6.95755 0
      vertex 5.75452 6.39104 18.1
      vertex 5.05495 6.95755 18.1
    endloop
  endfacet
  facet normal -0.629321 -0.777146 -0
    outer loop
      vertex 5.75452 6.39104 18.1
      vertex 5.05495 6.95755 0
      vertex 5.75452 6.39104 0
    endloop
  endfacet
  facet normal 0.707107 -0.707107 0
    outer loop
      vertex -6.1 6.04557 18.1
      vertex -5.75452 6.39104 0
      vertex -5.75452 6.39104 18.1
    endloop
  endfacet
  facet normal 0.707107 -0.707107 0
    outer loop
      vertex -5.75452 6.39104 0
      vertex -6.1 6.04557 18.1
      vertex -6.1 6.04557 0
    endloop
  endfacet
  facet normal 0.45399 -0.891007 0
    outer loop
      vertex -4.3 7.44782 0
      vertex -3.49793 7.85649 18.1
      vertex -4.3 7.44782 18.1
    endloop
  endfacet
  facet normal 0.45399 -0.891007 0
    outer loop
      vertex -3.49793 7.85649 18.1
      vertex -4.3 7.44782 0
      vertex -3.49793 7.85649 0
    endloop
  endfacet
  facet normal -0.258819 -0.965926 0
    outer loop
      vertex 1.78804 8.41207 0
      vertex 2.65755 8.17909 18.1
      vertex 1.78804 8.41207 18.1
    endloop
  endfacet
  facet normal -0.258819 -0.965926 -0
    outer loop
      vertex 2.65755 8.17909 18.1
      vertex 1.78804 8.41207 0
      vertex 2.65755 8.17909 0
    endloop
  endfacet
  facet normal -0.156434 -0.987688 0
    outer loop
      vertex 0.898944 8.55289 0
      vertex 1.78804 8.41207 18.1
      vertex 0.898944 8.55289 18.1
    endloop
  endfacet
  facet normal -0.156434 -0.987688 -0
    outer loop
      vertex 1.78804 8.41207 18.1
      vertex 0.898944 8.55289 0
      vertex 1.78804 8.41207 0
    endloop
  endfacet
  facet normal -0.45399 -0.891007 0
    outer loop
      vertex 3.49793 7.85649 0
      vertex 4.3 7.44782 18.1
      vertex 3.49793 7.85649 18.1
    endloop
  endfacet
  facet normal -0.45399 -0.891007 -0
    outer loop
      vertex 4.3 7.44782 18.1
      vertex 3.49793 7.85649 0
      vertex 4.3 7.44782 0
    endloop
  endfacet
  facet normal 0.544639 -0.838671 0
    outer loop
      vertex -5.05495 6.95755 0
      vertex -4.3 7.44782 18.1
      vertex -5.05495 6.95755 18.1
    endloop
  endfacet
  facet normal 0.544639 -0.838671 0
    outer loop
      vertex -4.3 7.44782 18.1
      vertex -5.05495 6.95755 0
      vertex -4.3 7.44782 0
    endloop
  endfacet
  facet normal 0.258819 -0.965926 0
    outer loop
      vertex -2.65755 8.17909 0
      vertex -1.78804 8.41207 18.1
      vertex -2.65755 8.17909 18.1
    endloop
  endfacet
  facet normal 0.258819 -0.965926 0
    outer loop
      vertex -1.78804 8.41207 18.1
      vertex -2.65755 8.17909 0
      vertex -1.78804 8.41207 0
    endloop
  endfacet
  facet normal -0.156434 0.987688 0
    outer loop
      vertex 1.78804 -8.41207 0
      vertex 0.898944 -8.55289 18.1
      vertex 1.78804 -8.41207 18.1
    endloop
  endfacet
  facet normal -0.156434 0.987688 0
    outer loop
      vertex 0.898944 -8.55289 18.1
      vertex 1.78804 -8.41207 0
      vertex 0.898944 -8.55289 0
    endloop
  endfacet
  facet normal -0.707107 -0.707107 0
    outer loop
      vertex 6.1 6.04557 0
      vertex 5.75452 6.39104 18.1
      vertex 5.75452 6.39104 0
    endloop
  endfacet
  facet normal -0.707107 -0.707107 0
    outer loop
      vertex 5.75452 6.39104 18.1
      vertex 6.1 6.04557 0
      vertex 6.1 6.04557 18.1
    endloop
  endfacet
  facet normal -0.0523358 -0.99863 0
    outer loop
      vertex 0 8.6 0
      vertex 0.898944 8.55289 18.1
      vertex 0 8.6 18.1
    endloop
  endfacet
  facet normal -0.0523358 -0.99863 -0
    outer loop
      vertex 0.898944 8.55289 18.1
      vertex 0 8.6 0
      vertex 0.898944 8.55289 0
    endloop
  endfacet
  facet normal -0.358369 -0.93358 0
    outer loop
      vertex 2.65755 8.17909 0
      vertex 3.49793 7.85649 18.1
      vertex 2.65755 8.17909 18.1
    endloop
  endfacet
  facet normal -0.358369 -0.93358 -0
    outer loop
      vertex 3.49793 7.85649 18.1
      vertex 2.65755 8.17909 0
      vertex 3.49793 7.85649 0
    endloop
  endfacet
  facet normal -0.544639 -0.838671 0
    outer loop
      vertex 4.3 7.44782 0
      vertex 5.05495 6.95755 18.1
      vertex 4.3 7.44782 18.1
    endloop
  endfacet
  facet normal -0.544639 -0.838671 -0
    outer loop
      vertex 5.05495 6.95755 18.1
      vertex 4.3 7.44782 0
      vertex 5.05495 6.95755 0
    endloop
  endfacet
  facet normal 0.156434 -0.987688 0
    outer loop
      vertex -1.78804 8.41207 0
      vertex -0.898944 8.55289 18.1
      vertex -1.78804 8.41207 18.1
    endloop
  endfacet
  facet normal 0.156434 -0.987688 0
    outer loop
      vertex -0.898944 8.55289 18.1
      vertex -1.78804 8.41207 0
      vertex -0.898944 8.55289 0
    endloop
  endfacet
  facet normal 0.358369 0.93358 -0
    outer loop
      vertex -2.65755 -8.17909 0
      vertex -3.49793 -7.85649 18.1
      vertex -2.65755 -8.17909 18.1
    endloop
  endfacet
  facet normal 0.358369 0.93358 0
    outer loop
      vertex -3.49793 -7.85649 18.1
      vertex -2.65755 -8.17909 0
      vertex -3.49793 -7.85649 0
    endloop
  endfacet
  facet normal 0 0 -1
    outer loop
      vertex 7.78723 -23.9666 0
      vertex 2.4863 -20.2613 0
      vertex 2.5 -20 0
    endloop
  endfacet
  facet normal 0 0 -1
    outer loop
      vertex 5.23937 -24.6493 0
      vertex 2.44537 -20.5198 0
      vertex 2.4863 -20.2613 0
    endloop
  endfacet
  facet normal 0 0 -1
    outer loop
      vertex 5.23937 -24.6493 0
      vertex 2.37764 -20.7725 0
      vertex 2.44537 -20.5198 0
    endloop
  endfacet
  facet normal 0 0 -1
    outer loop
      vertex 5.23937 -24.6493 0
      vertex 2.28386 -21.0168 0
      vertex 2.37764 -20.7725 0
    endloop
  endfacet
  facet normal 0 0 -1
    outer loop
      vertex 5.23937 -24.6493 0
      vertex 2.16506 -21.25 0
      vertex 2.28386 -21.0168 0
    endloop
  endfacet
  facet normal 0 0 -1
    outer loop
      vertex 5.23937 -24.6493 0
      vertex 2.02254 -21.4695 0
      vertex 2.16506 -21.25 0
    endloop
  endfacet
  facet normal 0 0 -1
    outer loop
      vertex 5.23937 -24.6493 0
      vertex 1.85786 -21.6728 0
      vertex 2.02254 -21.4695 0
    endloop
  endfacet
  facet normal 0 0 -1
    outer loop
      vertex 2.63412 -25.062 0
      vertex 1.67283 -21.8579 0
      vertex 1.85786 -21.6728 0
    endloop
  endfacet
  facet normal 0 0 -1
    outer loop
      vertex 2.63412 -25.062 0
      vertex 1.46946 -22.0225 0
      vertex 1.67283 -21.8579 0
    endloop
  endfacet
  facet normal 0 0 -1
    outer loop
      vertex 2.63412 -25.062 0
      vertex 1.25 -22.1651 0
      vertex 1.46946 -22.0225 0
    endloop
  endfacet
  facet normal 0 0 -1
    outer loop
      vertex 2.63412 -25.062 0
      vertex 1.01684 -22.2839 0
      vertex 1.25 -22.1651 0
    endloop
  endfacet
  facet normal 0 0 -1
    outer loop
      vertex 2.63412 -25.062 0
      vertex 0.772542 -22.3776 0
      vertex 1.01684 -22.2839 0
    endloop
  endfacet
  facet normal 0 0 -1
    outer loop
      vertex 0 -25.2 0
      vertex 0.772542 -22.3776 0
      vertex 2.63412 -25.062 0
    endloop
  endfacet
  facet normal 0 0 -1
    outer loop
      vertex 0.772542 -22.3776 0
      vertex 0 -25.2 0
      vertex 0.519779 -22.4454 0
    endloop
  endfacet
  facet normal 0 0 -1
    outer loop
      vertex 0.519779 -22.4454 0
      vertex 0 -25.2 0
      vertex 0.261321 -22.4863 0
    endloop
  endfacet
  facet normal 0 0 -1
    outer loop
      vertex 0 -25.2 0
      vertex 0 -22.5 0
      vertex 0.261321 -22.4863 0
    endloop
  endfacet
  facet normal 0 0 -1
    outer loop
      vertex 0 -25.2 0
      vertex -0.261321 -22.4863 0
      vertex 0 -22.5 0
    endloop
  endfacet
  facet normal 0 0 -1
    outer loop
      vertex 0 -25.2 0
      vertex -0.519779 -22.4454 0
      vertex -0.261321 -22.4863 0
    endloop
  endfacet
  facet normal 0 0 -1
    outer loop
      vertex 0 -25.2 0
      vertex -0.772542 -22.3776 0
      vertex -0.519779 -22.4454 0
    endloop
  endfacet
  facet normal 0 0 -1
    outer loop
      vertex -2.63412 -25.062 0
      vertex -0.772542 -22.3776 0
      vertex 0 -25.2 0
    endloop
  endfacet
  facet normal -0 0 -1
    outer loop
      vertex -0.772542 -22.3776 0
      vertex -2.63412 -25.062 0
      vertex -1.01684 -22.2839 0
    endloop
  endfacet
  facet normal -0 0 -1
    outer loop
      vertex -1.01684 -22.2839 0
      vertex -2.63412 -25.062 0
      vertex -1.25 -22.1651 0
    endloop
  endfacet
  facet normal -0 0 -1
    outer loop
      vertex -1.25 -22.1651 0
      vertex -2.63412 -25.062 0
      vertex -1.46946 -22.0225 0
    endloop
  endfacet
  facet normal -0 0 -1
    outer loop
      vertex -1.46946 -22.0225 0
      vertex -2.63412 -25.062 0
      vertex -1.67283 -21.8579 0
    endloop
  endfacet
  facet normal -0 0 -1
    outer loop
      vertex -1.67283 -21.8579 0
      vertex -2.63412 -25.062 0
      vertex -1.85786 -21.6728 0
    endloop
  endfacet
  facet normal 0 0 -1
    outer loop
      vertex -5.23937 -24.6493 0
      vertex -1.85786 -21.6728 0
      vertex -2.63412 -25.062 0
    endloop
  endfacet
  facet normal 0 0 -1
    outer loop
      vertex -7.78723 -23.9666 0
      vertex -2.44537 -20.5198 0
      vertex -5.23937 -24.6493 0
    endloop
  endfacet
  facet normal -0 0 -1
    outer loop
      vertex -2.37764 -20.7725 0
      vertex -5.23937 -24.6493 0
      vertex -2.44537 -20.5198 0
    endloop
  endfacet
  facet normal -0 0 -1
    outer loop
      vertex -2.28386 -21.0168 0
      vertex -5.23937 -24.6493 0
      vertex -2.37764 -20.7725 0
    endloop
  endfacet
  facet normal -0 0 -1
    outer loop
      vertex -2.16506 -21.25 0
      vertex -5.23937 -24.6493 0
      vertex -2.28386 -21.0168 0
    endloop
  endfacet
  facet normal -0 0 -1
    outer loop
      vertex -2.02254 -21.4695 0
      vertex -5.23937 -24.6493 0
      vertex -2.16506 -21.25 0
    endloop
  endfacet
  facet normal -0 0 -1
    outer loop
      vertex -1.85786 -21.6728 0
      vertex -5.23937 -24.6493 0
      vertex -2.02254 -21.4695 0
    endloop
  endfacet
  facet normal 0 0 -1
    outer loop
      vertex 6.1 -6.04557 0
      vertex 22.2 -11.8617 0
      vertex 21.8238 -12.6 0
    endloop
  endfacet
  facet normal 0 0 -1
    outer loop
      vertex 22.2 -11.8617 0
      vertex 6.1 -6.04557 0
      vertex 22.2 11.8617 0
    endloop
  endfacet
  facet normal 0 0 -1
    outer loop
      vertex 6.1 -6.04557 0
      vertex 21.8238 -12.6 0
      vertex 20.3872 -14.8122 0
    endloop
  endfacet
  facet normal 0 0 -1
    outer loop
      vertex 6.1 6.04557 0
      vertex 22.2 11.8617 0
      vertex 6.1 -6.04557 0
    endloop
  endfacet
  facet normal 0 0 -1
    outer loop
      vertex 6.1 -6.04557 0
      vertex 20.3872 -14.8122 0
      vertex 18.7272 -16.8621 0
    endloop
  endfacet
  facet normal -0 0 -1
    outer loop
      vertex 22.2 11.8617 0
      vertex 6.1 6.04557 0
      vertex 21.8238 12.6 0
    endloop
  endfacet
  facet normal 0 0 -1
    outer loop
      vertex 6.1 -6.04557 0
      vertex 18.7272 -16.8621 0
      vertex 16.8621 -18.7272 0
    endloop
  endfacet
  facet normal -0 0 -1
    outer loop
      vertex 21.8238 12.6 0
      vertex 6.1 6.04557 0
      vertex 20.3872 14.8122 0
    endloop
  endfacet
  facet normal 0 0 -1
    outer loop
      vertex 5.75452 -6.39104 0
      vertex 16.8621 -18.7272 0
      vertex 14.8122 -20.3872 0
    endloop
  endfacet
  facet normal -0 0 -1
    outer loop
      vertex 20.3872 14.8122 0
      vertex 6.1 6.04557 0
      vertex 18.7272 16.8621 0
    endloop
  endfacet
  facet normal 0 0 -1
    outer loop
      vertex 5.05495 -6.95755 0
      vertex 14.8122 -20.3872 0
      vertex 12.6 -21.8238 0
    endloop
  endfacet
  facet normal -0 0 -1
    outer loop
      vertex 18.7272 16.8621 0
      vertex 6.1 6.04557 0
      vertex 16.8621 18.7272 0
    endloop
  endfacet
  facet normal 0 0 -1
    outer loop
      vertex 2.28386 -18.9832 0
      vertex 12.6 -21.8238 0
      vertex 10.2498 -23.0213 0
    endloop
  endfacet
  facet normal 0 0 -1
    outer loop
      vertex 5.75452 6.39104 0
      vertex 16.8621 18.7272 0
      vertex 6.1 6.04557 0
    endloop
  endfacet
  facet normal 0 0 -1
    outer loop
      vertex 2.4863 -19.7387 0
      vertex 10.2498 -23.0213 0
      vertex 7.78723 -23.9666 0
    endloop
  endfacet
  facet normal -0 0 -1
    outer loop
      vertex 16.8621 18.7272 0
      vertex 5.75452 6.39104 0
      vertex 14.8122 20.3872 0
    endloop
  endfacet
  facet normal 0 0 -1
    outer loop
      vertex 5.05495 6.95755 0
      vertex 14.8122 20.3872 0
      vertex 5.75452 6.39104 0
    endloop
  endfacet
  facet normal 0 0 -1
    outer loop
      vertex 16.8621 -18.7272 0
      vertex 5.75452 -6.39104 0
      vertex 6.1 -6.04557 0
    endloop
  endfacet
  facet normal 0 0 -1
    outer loop
      vertex 2.4863 -20.2613 0
      vertex 7.78723 -23.9666 0
      vertex 5.23937 -24.6493 0
    endloop
  endfacet
  facet normal 0 0 -1
    outer loop
      vertex 10.2498 -23.0213 0
      vertex 2.37764 -19.2275 0
      vertex 2.28386 -18.9832 0
    endloop
  endfacet
  facet normal 0 0 -1
    outer loop
      vertex 12.6 -21.8238 0
      vertex 2.28386 -18.9832 0
      vertex 2.16506 -18.75 0
    endloop
  endfacet
  facet normal 0 0 -1
    outer loop
      vertex 14.8122 -20.3872 0
      vertex 5.05495 -6.95755 0
      vertex 5.75452 -6.39104 0
    endloop
  endfacet
  facet normal 0 0 -1
    outer loop
      vertex 12.6 -21.8238 0
      vertex 2.16506 -18.75 0
      vertex 5.05495 -6.95755 0
    endloop
  endfacet
  facet normal 0 0 -1
    outer loop
      vertex 1.85786 -21.6728 0
      vertex 5.23937 -24.6493 0
      vertex 2.63412 -25.062 0
    endloop
  endfacet
  facet normal 0 0 -1
    outer loop
      vertex 7.78723 -23.9666 0
      vertex 2.5 -20 0
      vertex 2.4863 -19.7387 0
    endloop
  endfacet
  facet normal 0 0 -1
    outer loop
      vertex 10.2498 -23.0213 0
      vertex 2.4863 -19.7387 0
      vertex 2.44537 -19.4802 0
    endloop
  endfacet
  facet normal 0 0 -1
    outer loop
      vertex 10.2498 -23.0213 0
      vertex 2.44537 -19.4802 0
      vertex 2.37764 -19.2275 0
    endloop
  endfacet
  facet normal 0 0 -1
    outer loop
      vertex 5.05495 -6.95755 0
      vertex 2.16506 -18.75 0
      vertex 4.3 -7.44782 0
    endloop
  endfacet
  facet normal 0 0 -1
    outer loop
      vertex 2.02254 -18.5305 0
      vertex 4.3 -7.44782 0
      vertex 2.16506 -18.75 0
    endloop
  endfacet
  facet normal 0 0 -1
    outer loop
      vertex 1.85786 -18.3272 0
      vertex 4.3 -7.44782 0
      vertex 2.02254 -18.5305 0
    endloop
  endfacet
  facet normal 0 0 -1
    outer loop
      vertex 4.3 -7.44782 0
      vertex 1.85786 -18.3272 0
      vertex 3.49793 -7.85649 0
    endloop
  endfacet
  facet normal 0 0 -1
    outer loop
      vertex 1.67283 -18.1421 0
      vertex 3.49793 -7.85649 0
      vertex 1.85786 -18.3272 0
    endloop
  endfacet
  facet normal 0 0 -1
    outer loop
      vertex 1.46946 -17.9775 0
      vertex 3.49793 -7.85649 0
      vertex 1.67283 -18.1421 0
    endloop
  endfacet
  facet normal 0 0 -1
    outer loop
      vertex 3.49793 -7.85649 0
      vertex 1.46946 -17.9775 0
      vertex 2.65755 -8.17909 0
    endloop
  endfacet
  facet normal 0 0 -1
    outer loop
      vertex 1.25 -17.8349 0
      vertex 2.65755 -8.17909 0
      vertex 1.46946 -17.9775 0
    endloop
  endfacet
  facet normal 0 0 -1
    outer loop
      vertex 2.65755 -8.17909 0
      vertex 1.25 -17.8349 0
      vertex 1.78804 -8.41207 0
    endloop
  endfacet
  facet normal 0 0 -1
    outer loop
      vertex 1.01684 -17.7161 0
      vertex 1.78804 -8.41207 0
      vertex 1.25 -17.8349 0
    endloop
  endfacet
  facet normal 0 0 -1
    outer loop
      vertex 0.772542 -17.6224 0
      vertex 1.78804 -8.41207 0
      vertex 1.01684 -17.7161 0
    endloop
  endfacet
  facet normal 0 0 -1
    outer loop
      vertex 1.78804 -8.41207 0
      vertex 0.772542 -17.6224 0
      vertex 0.898944 -8.55289 0
    endloop
  endfacet
  facet normal 0 0 -1
    outer loop
      vertex 0.519779 -17.5546 0
      vertex 0.898944 -8.55289 0
      vertex 0.772542 -17.6224 0
    endloop
  endfacet
  facet normal 0 0 -1
    outer loop
      vertex 0.261321 -17.5137 0
      vertex 0.898944 -8.55289 0
      vertex 0.519779 -17.5546 0
    endloop
  endfacet
  facet normal 0 0 -1
    outer loop
      vertex 0 -8.6 0
      vertex 0.261321 -17.5137 0
      vertex 0 -17.5 0
    endloop
  endfacet
  facet normal 0 0 -1
    outer loop
      vertex 0.261321 -17.5137 0
      vertex 0 -8.6 0
      vertex 0.898944 -8.55289 0
    endloop
  endfacet
  facet normal 0 0 -1
    outer loop
      vertex -0.261321 -17.5137 0
      vertex 0 -8.6 0
      vertex 0 -17.5 0
    endloop
  endfacet
  facet normal 0 0 -1
    outer loop
      vertex -0.898944 -8.55289 0
      vertex -0.261321 -17.5137 0
      vertex -0.519779 -17.5546 0
    endloop
  endfacet
  facet normal 0 0 -1
    outer loop
      vertex -0.898944 -8.55289 0
      vertex -0.519779 -17.5546 0
      vertex -0.772542 -17.6224 0
    endloop
  endfacet
  facet normal 0 0 -1
    outer loop
      vertex -0.261321 -17.5137 0
      vertex -0.898944 -8.55289 0
      vertex 0 -8.6 0
    endloop
  endfacet
  facet normal 0 0 -1
    outer loop
      vertex -1.78804 -8.41207 0
      vertex -0.772542 -17.6224 0
      vertex -1.01684 -17.7161 0
    endloop
  endfacet
  facet normal 0 0 -1
    outer loop
      vertex -1.78804 -8.41207 0
      vertex -1.01684 -17.7161 0
      vertex -1.25 -17.8349 0
    endloop
  endfacet
  facet normal 0 0 -1
    outer loop
      vertex -2.65755 -8.17909 0
      vertex -1.25 -17.8349 0
      vertex -1.46946 -17.9775 0
    endloop
  endfacet
  facet normal 0 0 -1
    outer loop
      vertex -3.49793 -7.85649 0
      vertex -1.46946 -17.9775 0
      vertex -1.67283 -18.1421 0
    endloop
  endfacet
  facet normal 0 0 -1
    outer loop
      vertex -0.772542 -17.6224 0
      vertex -1.78804 -8.41207 0
      vertex -0.898944 -8.55289 0
    endloop
  endfacet
  facet normal 0 0 -1
    outer loop
      vertex -3.49793 -7.85649 0
      vertex -1.67283 -18.1421 0
      vertex -1.85786 -18.3272 0
    endloop
  endfacet
  facet normal 0 0 -1
    outer loop
      vertex -4.3 -7.44782 0
      vertex -1.85786 -18.3272 0
      vertex -2.02254 -18.5305 0
    endloop
  endfacet
  facet normal 0 0 -1
    outer loop
      vertex -4.3 -7.44782 0
      vertex -2.02254 -18.5305 0
      vertex -2.16506 -18.75 0
    endloop
  endfacet
  facet normal 0 0 -1
    outer loop
      vertex -12.6 -21.8238 0
      vertex -2.16506 -18.75 0
      vertex -2.28386 -18.9832 0
    endloop
  endfacet
  facet normal 0 0 -1
    outer loop
      vertex -10.2498 -23.0213 0
      vertex -2.28386 -18.9832 0
      vertex -2.37764 -19.2275 0
    endloop
  endfacet
  facet normal 0 0 -1
    outer loop
      vertex -10.2498 -23.0213 0
      vertex -2.37764 -19.2275 0
      vertex -2.44537 -19.4802 0
    endloop
  endfacet
  facet normal 0 0 -1
    outer loop
      vertex -10.2498 -23.0213 0
      vertex -2.44537 -19.4802 0
      vertex -2.4863 -19.7387 0
    endloop
  endfacet
  facet normal 0 0 -1
    outer loop
      vertex -1.25 -17.8349 0
      vertex -2.65755 -8.17909 0
      vertex -1.78804 -8.41207 0
    endloop
  endfacet
  facet normal 0 0 -1
    outer loop
      vertex -7.78723 -23.9666 0
      vertex -2.4863 -19.7387 0
      vertex -2.5 -20 0
    endloop
  endfacet
  facet normal -0 0 -1
    outer loop
      vertex -2.44537 -20.5198 0
      vertex -7.78723 -23.9666 0
      vertex -2.4863 -20.2613 0
    endloop
  endfacet
  facet normal -0 0 -1
    outer loop
      vertex -2.4863 -20.2613 0
      vertex -7.78723 -23.9666 0
      vertex -2.5 -20 0
    endloop
  endfacet
  facet normal 0 0 -1
    outer loop
      vertex -2.4863 -19.7387 0
      vertex -7.78723 -23.9666 0
      vertex -10.2498 -23.0213 0
    endloop
  endfacet
  facet normal 0 0 -1
    outer loop
      vertex -1.46946 -17.9775 0
      vertex -3.49793 -7.85649 0
      vertex -2.65755 -8.17909 0
    endloop
  endfacet
  facet normal 0 0 -1
    outer loop
      vertex -2.28386 -18.9832 0
      vertex -10.2498 -23.0213 0
      vertex -12.6 -21.8238 0
    endloop
  endfacet
  facet normal 0 0 -1
    outer loop
      vertex -1.85786 -18.3272 0
      vertex -4.3 -7.44782 0
      vertex -3.49793 -7.85649 0
    endloop
  endfacet
  facet normal -0 0 -1
    outer loop
      vertex -2.16506 -18.75 0
      vertex -12.6 -21.8238 0
      vertex -4.3 -7.44782 0
    endloop
  endfacet
  facet normal 0 0 -1
    outer loop
      vertex -14.8122 -20.3872 0
      vertex -5.05495 -6.95755 0
      vertex -12.6 -21.8238 0
    endloop
  endfacet
  facet normal -0 0 -1
    outer loop
      vertex -4.3 -7.44782 0
      vertex -12.6 -21.8238 0
      vertex -5.05495 -6.95755 0
    endloop
  endfacet
  facet normal -0 0 -1
    outer loop
      vertex 14.8122 20.3872 0
      vertex 5.05495 6.95755 0
      vertex 12.6 21.8238 0
    endloop
  endfacet
  facet normal 0 0 -1
    outer loop
      vertex 2.16506 18.75 0
      vertex 12.6 21.8238 0
      vertex 5.05495 6.95755 0
    endloop
  endfacet
  facet normal 0 -0 -1
    outer loop
      vertex 2.28386 18.9832 0
      vertex 12.6 21.8238 0
      vertex 2.16506 18.75 0
    endloop
  endfacet
  facet normal 0 -0 -1
    outer loop
      vertex 2.37764 19.2275 0
      vertex 10.2498 23.0213 0
      vertex 2.28386 18.9832 0
    endloop
  endfacet
  facet normal 0 0 -1
    outer loop
      vertex 2.16506 18.75 0
      vertex 5.05495 6.95755 0
      vertex 4.3 7.44782 0
    endloop
  endfacet
  facet normal 0 0 -1
    outer loop
      vertex 1.85786 18.3272 0
      vertex 4.3 7.44782 0
      vertex 3.49793 7.85649 0
    endloop
  endfacet
  facet normal 0 0 -1
    outer loop
      vertex 1.46946 17.9775 0
      vertex 3.49793 7.85649 0
      vertex 2.65755 8.17909 0
    endloop
  endfacet
  facet normal 0 -0 -1
    outer loop
      vertex 2.4863 19.7387 0
      vertex 10.2498 23.0213 0
      vertex 2.44537 19.4802 0
    endloop
  endfacet
  facet normal 0 0 -1
    outer loop
      vertex 2.44537 20.5198 0
      vertex 7.78723 23.9666 0
      vertex 2.4863 20.2613 0
    endloop
  endfacet
  facet normal 0 0 -1
    outer loop
      vertex 2.4863 20.2613 0
      vertex 7.78723 23.9666 0
      vertex 2.5 20 0
    endloop
  endfacet
  facet normal 0 -0 -1
    outer loop
      vertex 2.5 20 0
      vertex 7.78723 23.9666 0
      vertex 2.4863 19.7387 0
    endloop
  endfacet
  facet normal -0 0 -1
    outer loop
      vertex 10.2498 23.0213 0
      vertex 2.4863 19.7387 0
      vertex 7.78723 23.9666 0
    endloop
  endfacet
  facet normal 0 -0 -1
    outer loop
      vertex 2.44537 19.4802 0
      vertex 10.2498 23.0213 0
      vertex 2.37764 19.2275 0
    endloop
  endfacet
  facet normal -0 0 -1
    outer loop
      vertex 12.6 21.8238 0
      vertex 2.28386 18.9832 0
      vertex 10.2498 23.0213 0
    endloop
  endfacet
  facet normal 0 0 -1
    outer loop
      vertex 4.3 7.44782 0
      vertex 2.02254 18.5305 0
      vertex 2.16506 18.75 0
    endloop
  endfacet
  facet normal 0 0 -1
    outer loop
      vertex 4.3 7.44782 0
      vertex 1.85786 18.3272 0
      vertex 2.02254 18.5305 0
    endloop
  endfacet
  facet normal 0 0 -1
    outer loop
      vertex 1.25 17.8349 0
      vertex 2.65755 8.17909 0
      vertex 1.78804 8.41207 0
    endloop
  endfacet
  facet normal 0 0 -1
    outer loop
      vertex 3.49793 7.85649 0
      vertex 1.67283 18.1421 0
      vertex 1.85786 18.3272 0
    endloop
  endfacet
  facet normal 0 0 -1
    outer loop
      vertex 3.49793 7.85649 0
      vertex 1.46946 17.9775 0
      vertex 1.67283 18.1421 0
    endloop
  endfacet
  facet normal 0 0 -1
    outer loop
      vertex 2.65755 8.17909 0
      vertex 1.25 17.8349 0
      vertex 1.46946 17.9775 0
    endloop
  endfacet
  facet normal 0 0 -1
    outer loop
      vertex 1.78804 8.41207 0
      vertex 1.01684 17.7161 0
      vertex 1.25 17.8349 0
    endloop
  endfacet
  facet normal 0 0 -1
    outer loop
      vertex 0.772542 17.6224 0
      vertex 1.78804 8.41207 0
      vertex 0.898944 8.55289 0
    endloop
  endfacet
  facet normal 0 0 -1
    outer loop
      vertex 1.78804 8.41207 0
      vertex 0.772542 17.6224 0
      vertex 1.01684 17.7161 0
    endloop
  endfacet
  facet normal 0 0 -1
    outer loop
      vertex 0.898944 8.55289 0
      vertex 0.519779 17.5546 0
      vertex 0.772542 17.6224 0
    endloop
  endfacet
  facet normal 0 0 -1
    outer loop
      vertex 0.898944 8.55289 0
      vertex 0.261321 17.5137 0
      vertex 0.519779 17.5546 0
    endloop
  endfacet
  facet normal 0 0 -1
    outer loop
      vertex 0 8.6 0
      vertex 0.261321 17.5137 0
      vertex 0.898944 8.55289 0
    endloop
  endfacet
  facet normal 0 0 -1
    outer loop
      vertex 0 8.6 0
      vertex 0 17.5 0
      vertex 0.261321 17.5137 0
    endloop
  endfacet
  facet normal 0 0 -1
    outer loop
      vertex 0 8.6 0
      vertex -0.261321 17.5137 0
      vertex 0 17.5 0
    endloop
  endfacet
  facet normal 0 0 -1
    outer loop
      vertex -0.898944 8.55289 0
      vertex -0.261321 17.5137 0
      vertex 0 8.6 0
    endloop
  endfacet
  facet normal -0 0 -1
    outer loop
      vertex -0.261321 17.5137 0
      vertex -0.898944 8.55289 0
      vertex -0.519779 17.5546 0
    endloop
  endfacet
  facet normal -0 0 -1
    outer loop
      vertex -0.519779 17.5546 0
      vertex -0.898944 8.55289 0
      vertex -0.772542 17.6224 0
    endloop
  endfacet
  facet normal 0 0 -1
    outer loop
      vertex -1.78804 8.41207 0
      vertex -0.772542 17.6224 0
      vertex -0.898944 8.55289 0
    endloop
  endfacet
  facet normal -0 0 -1
    outer loop
      vertex -0.772542 17.6224 0
      vertex -1.78804 8.41207 0
      vertex -1.01684 17.7161 0
    endloop
  endfacet
  facet normal -0 0 -1
    outer loop
      vertex -1.01684 17.7161 0
      vertex -1.78804 8.41207 0
      vertex -1.25 17.8349 0
    endloop
  endfacet
  facet normal 0 0 -1
    outer loop
      vertex -2.65755 8.17909 0
      vertex -1.25 17.8349 0
      vertex -1.78804 8.41207 0
    endloop
  endfacet
  facet normal -0 0 -1
    outer loop
      vertex -1.25 17.8349 0
      vertex -2.65755 8.17909 0
      vertex -1.46946 17.9775 0
    endloop
  endfacet
  facet normal 0 0 -1
    outer loop
      vertex -3.49793 7.85649 0
      vertex -1.46946 17.9775 0
      vertex -2.65755 8.17909 0
    endloop
  endfacet
  facet normal -0 0 -1
    outer loop
      vertex -1.46946 17.9775 0
      vertex -3.49793 7.85649 0
      vertex -1.67283 18.1421 0
    endloop
  endfacet
  facet normal -0 0 -1
    outer loop
      vertex -1.67283 18.1421 0
      vertex -3.49793 7.85649 0
      vertex -1.85786 18.3272 0
    endloop
  endfacet
  facet normal 0 0 -1
    outer loop
      vertex -4.3 7.44782 0
      vertex -1.85786 18.3272 0
      vertex -3.49793 7.85649 0
    endloop
  endfacet
  facet normal -0 0 -1
    outer loop
      vertex -1.85786 18.3272 0
      vertex -4.3 7.44782 0
      vertex -2.02254 18.5305 0
    endloop
  endfacet
  facet normal -0 0 -1
    outer loop
      vertex -2.02254 18.5305 0
      vertex -4.3 7.44782 0
      vertex -2.16506 18.75 0
    endloop
  endfacet
  facet normal 0 0 -1
    outer loop
      vertex -12.6 21.8238 0
      vertex -2.16506 18.75 0
      vertex -4.3 7.44782 0
    endloop
  endfacet
  facet normal 0 0 -1
    outer loop
      vertex -2.16506 18.75 0
      vertex -12.6 21.8238 0
      vertex -2.28386 18.9832 0
    endloop
  endfacet
  facet normal 0 -0 -1
    outer loop
      vertex -10.2498 23.0213 0
      vertex -2.28386 18.9832 0
      vertex -12.6 21.8238 0
    endloop
  endfacet
  facet normal 0 0 -1
    outer loop
      vertex -2.28386 18.9832 0
      vertex -10.2498 23.0213 0
      vertex -2.37764 19.2275 0
    endloop
  endfacet
  facet normal 0 0 -1
    outer loop
      vertex -2.37764 19.2275 0
      vertex -10.2498 23.0213 0
      vertex -2.44537 19.4802 0
    endloop
  endfacet
  facet normal 0 0 -1
    outer loop
      vertex -2.44537 19.4802 0
      vertex -10.2498 23.0213 0
      vertex -2.4863 19.7387 0
    endloop
  endfacet
  facet normal 0 0 -1
    outer loop
      vertex -12.6 21.8238 0
      vertex -4.3 7.44782 0
      vertex -5.05495 6.95755 0
    endloop
  endfacet
  facet normal 0 0 -1
    outer loop
      vertex -2.5 20 0
      vertex -5.23937 24.6493 0
      vertex -2.63412 25.062 0
    endloop
  endfacet
  facet normal 0 0 -1
    outer loop
      vertex -14.8122 20.3872 0
      vertex -5.05495 6.95755 0
      vertex -5.75452 6.39104 0
    endloop
  endfacet
  facet normal 0 0 -1
    outer loop
      vertex -16.8621 18.7272 0
      vertex -5.75452 6.39104 0
      vertex -6.1 6.04557 0
    endloop
  endfacet
  facet normal -0 0 -1
    outer loop
      vertex -5.05495 -6.95755 0
      vertex -14.8122 -20.3872 0
      vertex -5.75452 -6.39104 0
    endloop
  endfacet
  facet normal 0 0 -1
    outer loop
      vertex -2.5 20 0
      vertex -7.78723 23.9666 0
      vertex -5.23937 24.6493 0
    endloop
  endfacet
  facet normal 0 0 -1
    outer loop
      vertex -16.8621 -18.7272 0
      vertex -5.75452 -6.39104 0
      vertex -14.8122 -20.3872 0
    endloop
  endfacet
  facet normal 0 0 -1
    outer loop
      vertex -2.4863 19.7387 0
      vertex -7.78723 23.9666 0
      vertex -2.5 20 0
    endloop
  endfacet
  facet normal -0 0 -1
    outer loop
      vertex -5.75452 -6.39104 0
      vertex -16.8621 -18.7272 0
      vertex -6.1 -6.04557 0
    endloop
  endfacet
  facet normal 0 -0 -1
    outer loop
      vertex -7.78723 23.9666 0
      vertex -2.4863 19.7387 0
      vertex -10.2498 23.0213 0
    endloop
  endfacet
  facet normal 0 0 -1
    outer loop
      vertex -18.7272 -16.8621 0
      vertex -6.1 -6.04557 0
      vertex -16.8621 -18.7272 0
    endloop
  endfacet
  facet normal 0 0 -1
    outer loop
      vertex -5.05495 6.95755 0
      vertex -14.8122 20.3872 0
      vertex -12.6 21.8238 0
    endloop
  endfacet
  facet normal 0 0 -1
    outer loop
      vertex -20.3872 -14.8122 0
      vertex -6.1 -6.04557 0
      vertex -18.7272 -16.8621 0
    endloop
  endfacet
  facet normal 0 0 -1
    outer loop
      vertex -5.75452 6.39104 0
      vertex -16.8621 18.7272 0
      vertex -14.8122 20.3872 0
    endloop
  endfacet
  facet normal 0 0 -1
    outer loop
      vertex -21.8238 -12.6 0
      vertex -6.1 -6.04557 0
      vertex -20.3872 -14.8122 0
    endloop
  endfacet
  facet normal 0 0 -1
    outer loop
      vertex -6.1 6.04557 0
      vertex -18.7272 16.8621 0
      vertex -16.8621 18.7272 0
    endloop
  endfacet
  facet normal 0 0 -1
    outer loop
      vertex -22.2 -11.8617 0
      vertex -6.1 -6.04557 0
      vertex -21.8238 -12.6 0
    endloop
  endfacet
  facet normal 0 0 -1
    outer loop
      vertex -6.1 6.04557 0
      vertex -20.3872 14.8122 0
      vertex -18.7272 16.8621 0
    endloop
  endfacet
  facet normal -0 0 -1
    outer loop
      vertex -6.1 -6.04557 0
      vertex -22.2 -11.8617 0
      vertex -6.1 6.04557 0
    endloop
  endfacet
  facet normal 0 0 -1
    outer loop
      vertex -22.2 11.8617 0
      vertex -6.1 6.04557 0
      vertex -22.2 -11.8617 0
    endloop
  endfacet
  facet normal 0 -0 -1
    outer loop
      vertex -21.8238 12.6 0
      vertex -6.1 6.04557 0
      vertex -22.2 11.8617 0
    endloop
  endfacet
  facet normal 0 0 -1
    outer loop
      vertex -6.1 6.04557 0
      vertex -21.8238 12.6 0
      vertex -20.3872 14.8122 0
    endloop
  endfacet
  facet normal -0 0 -1
    outer loop
      vertex 7.78723 23.9666 0
      vertex 2.44537 20.5198 0
      vertex 5.23937 24.6493 0
    endloop
  endfacet
  facet normal 0 0 -1
    outer loop
      vertex 2.37764 20.7725 0
      vertex 5.23937 24.6493 0
      vertex 2.44537 20.5198 0
    endloop
  endfacet
  facet normal 0 0 -1
    outer loop
      vertex 2.28386 21.0168 0
      vertex 5.23937 24.6493 0
      vertex 2.37764 20.7725 0
    endloop
  endfacet
  facet normal 0 0 -1
    outer loop
      vertex 2.16506 21.25 0
      vertex 5.23937 24.6493 0
      vertex 2.28386 21.0168 0
    endloop
  endfacet
  facet normal 0 0 -1
    outer loop
      vertex 2.02254 21.4695 0
      vertex 5.23937 24.6493 0
      vertex 2.16506 21.25 0
    endloop
  endfacet
  facet normal 0 0 -1
    outer loop
      vertex 1.85786 21.6728 0
      vertex 5.23937 24.6493 0
      vertex 2.02254 21.4695 0
    endloop
  endfacet
  facet normal -0 0 -1
    outer loop
      vertex 5.23937 24.6493 0
      vertex 1.85786 21.6728 0
      vertex 2.63412 25.062 0
    endloop
  endfacet
  facet normal 0 0 -1
    outer loop
      vertex 1.67283 21.8579 0
      vertex 2.63412 25.062 0
      vertex 1.85786 21.6728 0
    endloop
  endfacet
  facet normal 0 0 -1
    outer loop
      vertex 1.46946 22.0225 0
      vertex 2.63412 25.062 0
      vertex 1.67283 21.8579 0
    endloop
  endfacet
  facet normal 0 0 -1
    outer loop
      vertex 1.25 22.1651 0
      vertex 2.63412 25.062 0
      vertex 1.46946 22.0225 0
    endloop
  endfacet
  facet normal 0 0 -1
    outer loop
      vertex 1.01684 22.2839 0
      vertex 2.63412 25.062 0
      vertex 1.25 22.1651 0
    endloop
  endfacet
  facet normal 0 0 -1
    outer loop
      vertex 0.772542 22.3776 0
      vertex 2.63412 25.062 0
      vertex 1.01684 22.2839 0
    endloop
  endfacet
  facet normal 0 0 -1
    outer loop
      vertex 0 25.2 0
      vertex 0.772542 22.3776 0
      vertex 0.519779 22.4454 0
    endloop
  endfacet
  facet normal 0 0 -1
    outer loop
      vertex 0 25.2 0
      vertex 0.519779 22.4454 0
      vertex 0.261321 22.4863 0
    endloop
  endfacet
  facet normal 0 0 -1
    outer loop
      vertex 0 25.2 0
      vertex 0.261321 22.4863 0
      vertex 0 22.5 0
    endloop
  endfacet
  facet normal 0 0 -1
    outer loop
      vertex 0.772542 22.3776 0
      vertex 0 25.2 0
      vertex 2.63412 25.062 0
    endloop
  endfacet
  facet normal 0 0 -1
    outer loop
      vertex -0.261321 22.4863 0
      vertex 0 25.2 0
      vertex 0 22.5 0
    endloop
  endfacet
  facet normal 0 0 -1
    outer loop
      vertex -0.519779 22.4454 0
      vertex 0 25.2 0
      vertex -0.261321 22.4863 0
    endloop
  endfacet
  facet normal 0 0 -1
    outer loop
      vertex -0.772542 22.3776 0
      vertex 0 25.2 0
      vertex -0.519779 22.4454 0
    endloop
  endfacet
  facet normal 0 0 -1
    outer loop
      vertex -2.63412 25.062 0
      vertex -0.772542 22.3776 0
      vertex -1.01684 22.2839 0
    endloop
  endfacet
  facet normal 0 0 -1
    outer loop
      vertex -2.63412 25.062 0
      vertex -1.01684 22.2839 0
      vertex -1.25 22.1651 0
    endloop
  endfacet
  facet normal 0 0 -1
    outer loop
      vertex -2.63412 25.062 0
      vertex -1.25 22.1651 0
      vertex -1.46946 22.0225 0
    endloop
  endfacet
  facet normal 0 0 -1
    outer loop
      vertex -2.63412 25.062 0
      vertex -1.46946 22.0225 0
      vertex -1.67283 21.8579 0
    endloop
  endfacet
  facet normal 0 0 -1
    outer loop
      vertex -2.63412 25.062 0
      vertex -1.67283 21.8579 0
      vertex -1.85786 21.6728 0
    endloop
  endfacet
  facet normal 0 0 -1
    outer loop
      vertex -2.63412 25.062 0
      vertex -1.85786 21.6728 0
      vertex -2.02254 21.4695 0
    endloop
  endfacet
  facet normal 0 0 -1
    outer loop
      vertex -2.63412 25.062 0
      vertex -2.02254 21.4695 0
      vertex -2.16506 21.25 0
    endloop
  endfacet
  facet normal 0 0 -1
    outer loop
      vertex -0.772542 22.3776 0
      vertex -2.63412 25.062 0
      vertex 0 25.2 0
    endloop
  endfacet
  facet normal 0 0 -1
    outer loop
      vertex -2.28386 21.0168 0
      vertex -2.63412 25.062 0
      vertex -2.16506 21.25 0
    endloop
  endfacet
  facet normal 0 0 -1
    outer loop
      vertex -2.37764 20.7725 0
      vertex -2.63412 25.062 0
      vertex -2.28386 21.0168 0
    endloop
  endfacet
  facet normal 0 0 -1
    outer loop
      vertex -2.44537 20.5198 0
      vertex -2.63412 25.062 0
      vertex -2.37764 20.7725 0
    endloop
  endfacet
  facet normal 0 0 -1
    outer loop
      vertex -2.4863 20.2613 0
      vertex -2.63412 25.062 0
      vertex -2.44537 20.5198 0
    endloop
  endfacet
  facet normal 0 0 -1
    outer loop
      vertex -2.63412 25.062 0
      vertex -2.4863 20.2613 0
      vertex -2.5 20 0
    endloop
  endfacet
  facet normal -0.358369 0.93358 0
    outer loop
      vertex 3.49793 -7.85649 0
      vertex 2.65755 -8.17909 18.1
      vertex 3.49793 -7.85649 18.1
    endloop
  endfacet
  facet normal -0.358369 0.93358 0
    outer loop
      vertex 2.65755 -8.17909 18.1
      vertex 3.49793 -7.85649 0
      vertex 2.65755 -8.17909 0
    endloop
  endfacet
  facet normal 0.629321 -0.777146 0
    outer loop
      vertex -5.75452 6.39104 0
      vertex -5.05495 6.95755 18.1
      vertex -5.75452 6.39104 18.1
    endloop
  endfacet
  facet normal 0.629321 -0.777146 0
    outer loop
      vertex -5.05495 6.95755 18.1
      vertex -5.75452 6.39104 0
      vertex -5.05495 6.95755 0
    endloop
  endfacet
  facet normal 0.358369 -0.93358 0
    outer loop
      vertex -3.49793 7.85649 0
      vertex -2.65755 8.17909 18.1
      vertex -3.49793 7.85649 18.1
    endloop
  endfacet
  facet normal 0.358369 -0.93358 0
    outer loop
      vertex -2.65755 8.17909 18.1
      vertex -3.49793 7.85649 0
      vertex -2.65755 8.17909 0
    endloop
  endfacet
  facet normal -0.544639 0.838671 0
    outer loop
      vertex 5.05495 -6.95755 0
      vertex 4.3 -7.44782 18.1
      vertex 5.05495 -6.95755 18.1
    endloop
  endfacet
  facet normal -0.544639 0.838671 0
    outer loop
      vertex 4.3 -7.44782 18.1
      vertex 5.05495 -6.95755 0
      vertex 4.3 -7.44782 0
    endloop
  endfacet
  facet normal 0.258819 0.965926 -0
    outer loop
      vertex -1.78804 -8.41207 0
      vertex -2.65755 -8.17909 18.1
      vertex -1.78804 -8.41207 18.1
    endloop
  endfacet
  facet normal 0.258819 0.965926 0
    outer loop
      vertex -2.65755 -8.17909 18.1
      vertex -1.78804 -8.41207 0
      vertex -2.65755 -8.17909 0
    endloop
  endfacet
  facet normal -0.45399 0.891007 0
    outer loop
      vertex 4.3 -7.44782 0
      vertex 3.49793 -7.85649 18.1
      vertex 4.3 -7.44782 18.1
    endloop
  endfacet
  facet normal -0.45399 0.891007 0
    outer loop
      vertex 3.49793 -7.85649 18.1
      vertex 4.3 -7.44782 0
      vertex 3.49793 -7.85649 0
    endloop
  endfacet
  facet normal -0.258819 0.965926 0
    outer loop
      vertex 2.65755 -8.17909 0
      vertex 1.78804 -8.41207 18.1
      vertex 2.65755 -8.17909 18.1
    endloop
  endfacet
  facet normal -0.258819 0.965926 0
    outer loop
      vertex 1.78804 -8.41207 18.1
      vertex 2.65755 -8.17909 0
      vertex 1.78804 -8.41207 0
    endloop
  endfacet
  facet normal 0.0523358 0.99863 -0
    outer loop
      vertex 0 -8.6 0
      vertex -0.898944 -8.55289 18.1
      vertex 0 -8.6 18.1
    endloop
  endfacet
  facet normal 0.0523358 0.99863 0
    outer loop
      vertex -0.898944 -8.55289 18.1
      vertex 0 -8.6 0
      vertex -0.898944 -8.55289 0
    endloop
  endfacet
  facet normal 0.707107 0.707107 0
    outer loop
      vertex -5.75452 -6.39104 18.1
      vertex -6.1 -6.04557 0
      vertex -6.1 -6.04557 18.1
    endloop
  endfacet
  facet normal 0.707107 0.707107 0
    outer loop
      vertex -6.1 -6.04557 0
      vertex -5.75452 -6.39104 18.1
      vertex -5.75452 -6.39104 0
    endloop
  endfacet
  facet normal -0.707107 0.707107 0
    outer loop
      vertex 5.75452 -6.39104 0
      vertex 6.1 -6.04557 18.1
      vertex 6.1 -6.04557 0
    endloop
  endfacet
  facet normal -0.707107 0.707107 0
    outer loop
      vertex 6.1 -6.04557 18.1
      vertex 5.75452 -6.39104 0
      vertex 5.75452 -6.39104 18.1
    endloop
  endfacet
  facet normal -0.629321 0.777146 0
    outer loop
      vertex 5.75452 -6.39104 0
      vertex 5.05495 -6.95755 18.1
      vertex 5.75452 -6.39104 18.1
    endloop
  endfacet
  facet normal -0.629321 0.777146 0
    outer loop
      vertex 5.05495 -6.95755 18.1
      vertex 5.75452 -6.39104 0
      vertex 5.05495 -6.95755 0
    endloop
  endfacet
  facet normal 0.156434 0.987688 -0
    outer loop
      vertex -0.898944 -8.55289 0
      vertex -1.78804 -8.41207 18.1
      vertex -0.898944 -8.55289 18.1
    endloop
  endfacet
  facet normal 0.156434 0.987688 0
    outer loop
      vertex -1.78804 -8.41207 18.1
      vertex -0.898944 -8.55289 0
      vertex -1.78804 -8.41207 0
    endloop
  endfacet
  facet normal 0.629321 0.777146 -0
    outer loop
      vertex -5.05495 -6.95755 0
      vertex -5.75452 -6.39104 18.1
      vertex -5.05495 -6.95755 18.1
    endloop
  endfacet
  facet normal 0.629321 0.777146 0
    outer loop
      vertex -5.75452 -6.39104 18.1
      vertex -5.05495 -6.95755 0
      vertex -5.75452 -6.39104 0
    endloop
  endfacet
  facet normal 0.45399 0.891007 -0
    outer loop
      vertex -3.49793 -7.85649 0
      vertex -4.3 -7.44782 18.1
      vertex -3.49793 -7.85649 18.1
    endloop
  endfacet
  facet normal 0.45399 0.891007 0
    outer loop
      vertex -4.3 -7.44782 18.1
      vertex -3.49793 -7.85649 0
      vertex -4.3 -7.44782 0
    endloop
  endfacet
  facet normal 0.544639 0.838671 -0
    outer loop
      vertex -4.3 -7.44782 0
      vertex -5.05495 -6.95755 18.1
      vertex -4.3 -7.44782 18.1
    endloop
  endfacet
  facet normal 0.544639 0.838671 0
    outer loop
      vertex -5.05495 -6.95755 18.1
      vertex -4.3 -7.44782 0
      vertex -5.05495 -6.95755 0
    endloop
  endfacet
  facet normal -1 0 0
    outer loop
      vertex 6.1 3.98372 8.05
      vertex 6.1 0.129903 10.275
      vertex 6.1 3.98372 12.5
    endloop
  endfacet
  facet normal -1 0 0
    outer loop
      vertex 6.1 3.98372 8.05
      vertex 6.1 6.04557 0
      vertex 6.1 3.98372 3.45
    endloop
  endfacet
  facet normal -1 0 0
    outer loop
      vertex 6.1 6.04557 0
      vertex 6.1 0 1.15
      vertex 6.1 3.98372 3.45
    endloop
  endfacet
  facet normal -1 0 0
    outer loop
      vertex 6.1 -6.04557 0
      vertex 6.1 -3.98372 8.05
      vertex 6.1 -3.98372 3.45
    endloop
  endfacet
  facet normal -1 0 0
    outer loop
      vertex 6.1 -6.04557 18.1
      vertex 6.1 -3.98372 8.05
      vertex 6.1 -6.04557 0
    endloop
  endfacet
  facet normal -1 0 0
    outer loop
      vertex 6.1 -3.98372 8.05
      vertex 6.1 -6.04557 18.1
      vertex 6.1 -3.98372 12.5
    endloop
  endfacet
  facet normal -1 -0 0
    outer loop
      vertex 6.1 0 1.15
      vertex 6.1 -6.04557 0
      vertex 6.1 -3.98372 3.45
    endloop
  endfacet
  facet normal -1 0 0
    outer loop
      vertex 6.1 -6.04557 0
      vertex 6.1 0 1.15
      vertex 6.1 6.04557 0
    endloop
  endfacet
  facet normal -1 0 0
    outer loop
      vertex 6.1 6.04557 0
      vertex 6.1 3.98372 8.05
      vertex 6.1 6.04557 18.1
    endloop
  endfacet
  facet normal -1 0 0
    outer loop
      vertex 6.1 3.98372 12.5
      vertex 6.1 6.04557 18.1
      vertex 6.1 3.98372 8.05
    endloop
  endfacet
  facet normal -1 0 0
    outer loop
      vertex 6.1 3.98372 17.1
      vertex 6.1 6.04557 18.1
      vertex 6.1 3.98372 12.5
    endloop
  endfacet
  facet normal -1 -0 0
    outer loop
      vertex 6.1 6.04557 18.1
      vertex 6.1 3.98372 17.1
      vertex 6.1 2.25167 18.1
    endloop
  endfacet
  facet normal -1 -0 0
    outer loop
      vertex 6.1 -0.129903 10.275
      vertex 6.1 -3.98372 8.05
      vertex 6.1 -3.98372 12.5
    endloop
  endfacet
  facet normal -1 0 0
    outer loop
      vertex 6.1 -3.98372 17.1
      vertex 6.1 -6.04557 18.1
      vertex 6.1 -2.25167 18.1
    endloop
  endfacet
  facet normal -1 0 0
    outer loop
      vertex 6.1 -3.98372 12.5
      vertex 6.1 -6.04557 18.1
      vertex 6.1 -3.98372 17.1
    endloop
  endfacet
  facet normal 1 -0 0
    outer loop
      vertex -6.1 -6.04557 18.1
      vertex -6.1 6.04557 0
      vertex -6.1 6.04557 18.1
    endloop
  endfacet
  facet normal 1 0 0
    outer loop
      vertex -6.1 6.04557 0
      vertex -6.1 -6.04557 18.1
      vertex -6.1 -6.04557 0
    endloop
  endfacet
  facet normal -0.0523367 0.998629 0
    outer loop
      vertex 0 25.2 0
      vertex -2.63412 25.062 11.5
      vertex 0 25.2 11.5
    endloop
  endfacet
  facet normal -0.0523367 0.998629 0
    outer loop
      vertex -2.63412 25.062 11.5
      vertex 0 25.2 0
      vertex -2.63412 25.062 0
    endloop
  endfacet
  facet normal 0.0523367 -0.998629 0
    outer loop
      vertex 0 -25.2 0
      vertex 2.63412 -25.062 11.5
      vertex 0 -25.2 11.5
    endloop
  endfacet
  facet normal 0.0523367 -0.998629 0
    outer loop
      vertex 2.63412 -25.062 11.5
      vertex 0 -25.2 0
      vertex 2.63412 -25.062 0
    endloop
  endfacet
  facet normal 0.62932 0.777146 -0
    outer loop
      vertex 16.8621 18.7272 0
      vertex 14.8122 20.3872 11.5
      vertex 16.8621 18.7272 11.5
    endloop
  endfacet
  facet normal 0.62932 0.777146 0
    outer loop
      vertex 14.8122 20.3872 11.5
      vertex 16.8621 18.7272 0
      vertex 14.8122 20.3872 0
    endloop
  endfacet
  facet normal -0.707107 0.707107 0
    outer loop
      vertex -18.7272 16.8621 0
      vertex -16.8621 18.7272 11.5
      vertex -16.8621 18.7272 0
    endloop
  endfacet
  facet normal -0.707107 0.707107 0
    outer loop
      vertex -16.8621 18.7272 11.5
      vertex -18.7272 16.8621 0
      vertex -18.7272 16.8621 11.5
    endloop
  endfacet
  facet normal -0.45399 0.891007 0
    outer loop
      vertex -10.2498 23.0213 0
      vertex -12.6 21.8238 11.5
      vertex -10.2498 23.0213 11.5
    endloop
  endfacet
  facet normal -0.45399 0.891007 0
    outer loop
      vertex -12.6 21.8238 11.5
      vertex -10.2498 23.0213 0
      vertex -12.6 21.8238 0
    endloop
  endfacet
  facet normal 0.891007 0.45399 0
    outer loop
      vertex 22.2 11.8617 11.5
      vertex 21.8238 12.6 0
      vertex 21.8238 12.6 11.5
    endloop
  endfacet
  facet normal 0.891007 0.45399 0
    outer loop
      vertex 21.8238 12.6 0
      vertex 22.2 11.8617 11.5
      vertex 22.2 11.8617 0
    endloop
  endfacet
  facet normal 0.258819 0.965926 -0
    outer loop
      vertex 7.78723 23.9666 0
      vertex 5.23937 24.6493 11.5
      vertex 7.78723 23.9666 11.5
    endloop
  endfacet
  facet normal 0.258819 0.965926 0
    outer loop
      vertex 5.23937 24.6493 11.5
      vertex 7.78723 23.9666 0
      vertex 5.23937 24.6493 0
    endloop
  endfacet
  facet normal 0.156434 0.987688 -0
    outer loop
      vertex 5.23937 24.6493 0
      vertex 2.63412 25.062 11.5
      vertex 5.23937 24.6493 11.5
    endloop
  endfacet
  facet normal 0.156434 0.987688 0
    outer loop
      vertex 2.63412 25.062 11.5
      vertex 5.23937 24.6493 0
      vertex 2.63412 25.062 0
    endloop
  endfacet
  facet normal 0.45399 0.891007 -0
    outer loop
      vertex 12.6 21.8238 0
      vertex 10.2498 23.0213 11.5
      vertex 12.6 21.8238 11.5
    endloop
  endfacet
  facet normal 0.45399 0.891007 0
    outer loop
      vertex 10.2498 23.0213 11.5
      vertex 12.6 21.8238 0
      vertex 10.2498 23.0213 0
    endloop
  endfacet
  facet normal -0.891007 0.45399 0
    outer loop
      vertex -22.2 11.8617 0
      vertex -21.8238 12.6 11.5
      vertex -21.8238 12.6 0
    endloop
  endfacet
  facet normal -0.891007 0.45399 0
    outer loop
      vertex -21.8238 12.6 11.5
      vertex -22.2 11.8617 0
      vertex -22.2 11.8617 11.5
    endloop
  endfacet
  facet normal -0.83867 0.544639 0
    outer loop
      vertex -21.8238 12.6 0
      vertex -20.3872 14.8122 11.5
      vertex -20.3872 14.8122 0
    endloop
  endfacet
  facet normal -0.83867 0.544639 0
    outer loop
      vertex -20.3872 14.8122 11.5
      vertex -21.8238 12.6 0
      vertex -21.8238 12.6 11.5
    endloop
  endfacet
  facet normal -0.544639 0.83867 0
    outer loop
      vertex -12.6 21.8238 0
      vertex -14.8122 20.3872 11.5
      vertex -12.6 21.8238 11.5
    endloop
  endfacet
  facet normal -0.544639 0.83867 0
    outer loop
      vertex -14.8122 20.3872 11.5
      vertex -12.6 21.8238 0
      vertex -14.8122 20.3872 0
    endloop
  endfacet
  facet normal -0.258819 0.965926 0
    outer loop
      vertex -5.23937 24.6493 0
      vertex -7.78723 23.9666 11.5
      vertex -5.23937 24.6493 11.5
    endloop
  endfacet
  facet normal -0.258819 0.965926 0
    outer loop
      vertex -7.78723 23.9666 11.5
      vertex -5.23937 24.6493 0
      vertex -7.78723 23.9666 0
    endloop
  endfacet
  facet normal 0.777146 0.62932 0
    outer loop
      vertex 20.3872 14.8122 11.5
      vertex 18.7272 16.8621 0
      vertex 18.7272 16.8621 11.5
    endloop
  endfacet
  facet normal 0.777146 0.62932 0
    outer loop
      vertex 18.7272 16.8621 0
      vertex 20.3872 14.8122 11.5
      vertex 20.3872 14.8122 0
    endloop
  endfacet
  facet normal 0.707107 0.707107 0
    outer loop
      vertex 18.7272 16.8621 11.5
      vertex 16.8621 18.7272 0
      vertex 16.8621 18.7272 11.5
    endloop
  endfacet
  facet normal 0.707107 0.707107 0
    outer loop
      vertex 16.8621 18.7272 0
      vertex 18.7272 16.8621 11.5
      vertex 18.7272 16.8621 0
    endloop
  endfacet
  facet normal 0.83867 0.544639 0
    outer loop
      vertex 21.8238 12.6 11.5
      vertex 20.3872 14.8122 0
      vertex 20.3872 14.8122 11.5
    endloop
  endfacet
  facet normal 0.83867 0.544639 0
    outer loop
      vertex 20.3872 14.8122 0
      vertex 21.8238 12.6 11.5
      vertex 21.8238 12.6 0
    endloop
  endfacet
  facet normal 0.0523367 0.998629 -0
    outer loop
      vertex 2.63412 25.062 0
      vertex 0 25.2 11.5
      vertex 2.63412 25.062 11.5
    endloop
  endfacet
  facet normal 0.0523367 0.998629 0
    outer loop
      vertex 0 25.2 11.5
      vertex 2.63412 25.062 0
      vertex 0 25.2 0
    endloop
  endfacet
  facet normal 0.544639 0.83867 -0
    outer loop
      vertex 14.8122 20.3872 0
      vertex 12.6 21.8238 11.5
      vertex 14.8122 20.3872 11.5
    endloop
  endfacet
  facet normal 0.544639 0.83867 0
    outer loop
      vertex 12.6 21.8238 11.5
      vertex 14.8122 20.3872 0
      vertex 12.6 21.8238 0
    endloop
  endfacet
  facet normal -0.777146 0.62932 0
    outer loop
      vertex -20.3872 14.8122 0
      vertex -18.7272 16.8621 11.5
      vertex -18.7272 16.8621 0
    endloop
  endfacet
  facet normal -0.777146 0.62932 0
    outer loop
      vertex -18.7272 16.8621 11.5
      vertex -20.3872 14.8122 0
      vertex -20.3872 14.8122 11.5
    endloop
  endfacet
  facet normal 0 0 1
    outer loop
      vertex 13.3368 7.7 11.5
      vertex 22.2 11.8617 11.5
      vertex 21.8238 12.6 11.5
    endloop
  endfacet
  facet normal 0 0 1
    outer loop
      vertex 13.3368 7.7 11.5
      vertex 21.8238 12.6 11.5
      vertex 20.3872 14.8122 11.5
    endloop
  endfacet
  facet normal 0 0 1
    outer loop
      vertex 13.3368 7.7 11.5
      vertex 20.3872 14.8122 11.5
      vertex 18.7272 16.8621 11.5
    endloop
  endfacet
  facet normal 0 0 1
    outer loop
      vertex 22.2 11.8617 11.5
      vertex 14.0686 6.26374 11.5
      vertex 17.8 3.19647 11.5
    endloop
  endfacet
  facet normal 0 0 1
    outer loop
      vertex 22.2 11.8617 11.5
      vertex 13.3368 7.7 11.5
      vertex 14.0686 6.26374 11.5
    endloop
  endfacet
  facet normal 0 0 1
    outer loop
      vertex 13.3368 7.7 11.5
      vertex 18.7272 16.8621 11.5
      vertex 16.8621 18.7272 11.5
    endloop
  endfacet
  facet normal -0 0 1
    outer loop
      vertex 17.8 -3.19647 11.5
      vertex 22.2 -11.8617 11.5
      vertex 22.2 -3.19647 11.5
    endloop
  endfacet
  facet normal -0 0 1
    outer loop
      vertex 14.0686 -6.26374 11.5
      vertex 22.2 -11.8617 11.5
      vertex 17.8 -3.19647 11.5
    endloop
  endfacet
  facet normal -0 0 1
    outer loop
      vertex 13.3368 -7.7 11.5
      vertex 22.2 -11.8617 11.5
      vertex 14.0686 -6.26374 11.5
    endloop
  endfacet
  facet normal 0 0 1
    outer loop
      vertex 22.2 -11.8617 11.5
      vertex 13.3368 -7.7 11.5
      vertex 21.8238 -12.6 11.5
    endloop
  endfacet
  facet normal 0 0 1
    outer loop
      vertex 21.8238 -12.6 11.5
      vertex 13.3368 -7.7 11.5
      vertex 20.3872 -14.8122 11.5
    endloop
  endfacet
  facet normal 0 -0 1
    outer loop
      vertex 15.3156 1.60974 11.5
      vertex 17.8 3.19647 11.5
      vertex 15.0635 3.20184 11.5
    endloop
  endfacet
  facet normal -0 0 1
    outer loop
      vertex 15.3156 -1.60974 11.5
      vertex 17.8 -3.19647 11.5
      vertex 15.4 0 11.5
    endloop
  endfacet
  facet normal 0 0 1
    outer loop
      vertex 17.8 3.19647 11.5
      vertex 15.4 0 11.5
      vertex 17.8 -3.19647 11.5
    endloop
  endfacet
  facet normal 0 -0 1
    outer loop
      vertex 15.4 0 11.5
      vertex 17.8 3.19647 11.5
      vertex 15.3156 1.60974 11.5
    endloop
  endfacet
  facet normal 0 0 1
    outer loop
      vertex 10.3046 11.4444 11.5
      vertex 16.8621 18.7272 11.5
      vertex 14.8122 20.3872 11.5
    endloop
  endfacet
  facet normal 0 0 1
    outer loop
      vertex 17.8 3.19647 11.5
      vertex 14.6463 4.75886 11.5
      vertex 15.0635 3.20184 11.5
    endloop
  endfacet
  facet normal 0 0 1
    outer loop
      vertex 17.8 3.19647 11.5
      vertex 14.0686 6.26374 11.5
      vertex 14.6463 4.75886 11.5
    endloop
  endfacet
  facet normal 0 0 1
    outer loop
      vertex 22.2 11.8617 11.5
      vertex 17.8 3.19647 11.5
      vertex 22.2 3.19647 11.5
    endloop
  endfacet
  facet normal 0 0 1
    outer loop
      vertex 9.05189 12.4589 11.5
      vertex 14.8122 20.3872 11.5
      vertex 12.6 21.8238 11.5
    endloop
  endfacet
  facet normal 0 0 1
    outer loop
      vertex 16.8621 18.7272 11.5
      vertex 12.4589 9.05189 11.5
      vertex 13.3368 7.7 11.5
    endloop
  endfacet
  facet normal 0 0 1
    outer loop
      vertex 16.8621 18.7272 11.5
      vertex 11.4444 10.3046 11.5
      vertex 12.4589 9.05189 11.5
    endloop
  endfacet
  facet normal 0 0 1
    outer loop
      vertex 16.8621 18.7272 11.5
      vertex 10.3046 11.4444 11.5
      vertex 11.4444 10.3046 11.5
    endloop
  endfacet
  facet normal 0 0 1
    outer loop
      vertex 7.7 13.3368 11.5
      vertex 12.6 21.8238 11.5
      vertex 10.2498 23.0213 11.5
    endloop
  endfacet
  facet normal 0 0 1
    outer loop
      vertex 14.8122 20.3872 11.5
      vertex 9.05189 12.4589 11.5
      vertex 10.3046 11.4444 11.5
    endloop
  endfacet
  facet normal 0 0 1
    outer loop
      vertex 2.4863 19.7387 11.5
      vertex 10.2498 23.0213 11.5
      vertex 7.78723 23.9666 11.5
    endloop
  endfacet
  facet normal 0 0 1
    outer loop
      vertex 12.6 21.8238 11.5
      vertex 7.7 13.3368 11.5
      vertex 9.05189 12.4589 11.5
    endloop
  endfacet
  facet normal 0 0 1
    outer loop
      vertex 10.2498 23.0213 11.5
      vertex 6.26374 14.0686 11.5
      vertex 7.7 13.3368 11.5
    endloop
  endfacet
  facet normal 0 0 1
    outer loop
      vertex 2.44537 20.5198 11.5
      vertex 7.78723 23.9666 11.5
      vertex 5.23937 24.6493 11.5
    endloop
  endfacet
  facet normal 0 0 1
    outer loop
      vertex 2.4863 19.7387 11.5
      vertex 7.78723 23.9666 11.5
      vertex 2.5 20 11.5
    endloop
  endfacet
  facet normal -0 0 1
    outer loop
      vertex 2.44537 19.4802 11.5
      vertex 6.26374 14.0686 11.5
      vertex 2.4863 19.7387 11.5
    endloop
  endfacet
  facet normal 0 0 1
    outer loop
      vertex 1.85786 21.6728 11.5
      vertex 5.23937 24.6493 11.5
      vertex 2.63412 25.062 11.5
    endloop
  endfacet
  facet normal 0 0 1
    outer loop
      vertex 10.2498 23.0213 11.5
      vertex 2.4863 19.7387 11.5
      vertex 6.26374 14.0686 11.5
    endloop
  endfacet
  facet normal 0 0 1
    outer loop
      vertex 6.26374 14.0686 11.5
      vertex 2.44537 19.4802 11.5
      vertex 4.75886 14.6463 11.5
    endloop
  endfacet
  facet normal -0 0 1
    outer loop
      vertex 2.37764 19.2275 11.5
      vertex 4.75886 14.6463 11.5
      vertex 2.44537 19.4802 11.5
    endloop
  endfacet
  facet normal -0 0 1
    outer loop
      vertex 2.28386 18.9832 11.5
      vertex 4.75886 14.6463 11.5
      vertex 2.37764 19.2275 11.5
    endloop
  endfacet
  facet normal -0 0 1
    outer loop
      vertex 2.16506 18.75 11.5
      vertex 4.75886 14.6463 11.5
      vertex 2.28386 18.9832 11.5
    endloop
  endfacet
  facet normal 0 0 1
    outer loop
      vertex 4.75886 14.6463 11.5
      vertex 2.16506 18.75 11.5
      vertex 3.20184 15.0635 11.5
    endloop
  endfacet
  facet normal -0 0 1
    outer loop
      vertex 2.02254 18.5305 11.5
      vertex 3.20184 15.0635 11.5
      vertex 2.16506 18.75 11.5
    endloop
  endfacet
  facet normal -0 0 1
    outer loop
      vertex 1.85786 18.3272 11.5
      vertex 3.20184 15.0635 11.5
      vertex 2.02254 18.5305 11.5
    endloop
  endfacet
  facet normal -0 0 1
    outer loop
      vertex 1.67283 18.1421 11.5
      vertex 3.20184 15.0635 11.5
      vertex 1.85786 18.3272 11.5
    endloop
  endfacet
  facet normal 0 0 1
    outer loop
      vertex 1.67283 18.1421 11.5
      vertex 1.60974 15.3156 11.5
      vertex 3.20184 15.0635 11.5
    endloop
  endfacet
  facet normal -0 0 1
    outer loop
      vertex 1.46946 17.9775 11.5
      vertex 1.60974 15.3156 11.5
      vertex 1.67283 18.1421 11.5
    endloop
  endfacet
  facet normal -0 0 1
    outer loop
      vertex 1.25 17.8349 11.5
      vertex 1.60974 15.3156 11.5
      vertex 1.46946 17.9775 11.5
    endloop
  endfacet
  facet normal -0 0 1
    outer loop
      vertex 1.01684 17.7161 11.5
      vertex 1.60974 15.3156 11.5
      vertex 1.25 17.8349 11.5
    endloop
  endfacet
  facet normal -0 0 1
    outer loop
      vertex 0.772542 17.6224 11.5
      vertex 1.60974 15.3156 11.5
      vertex 1.01684 17.7161 11.5
    endloop
  endfacet
  facet normal -0 0 1
    outer loop
      vertex 0.519779 17.5546 11.5
      vertex 1.60974 15.3156 11.5
      vertex 0.772542 17.6224 11.5
    endloop
  endfacet
  facet normal 0 0 1
    outer loop
      vertex 0 15.4 11.5
      vertex 0.519779 17.5546 11.5
      vertex 0.261321 17.5137 11.5
    endloop
  endfacet
  facet normal 0 0 1
    outer loop
      vertex 0 15.4 11.5
      vertex 0.261321 17.5137 11.5
      vertex 0 17.5 11.5
    endloop
  endfacet
  facet normal 0 0 1
    outer loop
      vertex 0.519779 17.5546 11.5
      vertex 0 15.4 11.5
      vertex 1.60974 15.3156 11.5
    endloop
  endfacet
  facet normal 0 0 1
    outer loop
      vertex -0.261321 17.5137 11.5
      vertex 0 15.4 11.5
      vertex 0 17.5 11.5
    endloop
  endfacet
  facet normal 0 0 1
    outer loop
      vertex -0.519779 17.5546 11.5
      vertex 0 15.4 11.5
      vertex -0.261321 17.5137 11.5
    endloop
  endfacet
  facet normal 0 0 1
    outer loop
      vertex -1.60974 15.3156 11.5
      vertex -0.519779 17.5546 11.5
      vertex -0.772542 17.6224 11.5
    endloop
  endfacet
  facet normal 0 0 1
    outer loop
      vertex -1.60974 15.3156 11.5
      vertex -0.772542 17.6224 11.5
      vertex -1.01684 17.7161 11.5
    endloop
  endfacet
  facet normal 0 0 1
    outer loop
      vertex -1.60974 15.3156 11.5
      vertex -1.01684 17.7161 11.5
      vertex -1.25 17.8349 11.5
    endloop
  endfacet
  facet normal 0 0 1
    outer loop
      vertex -1.60974 15.3156 11.5
      vertex -1.25 17.8349 11.5
      vertex -1.46946 17.9775 11.5
    endloop
  endfacet
  facet normal 0 0 1
    outer loop
      vertex -0.519779 17.5546 11.5
      vertex -1.60974 15.3156 11.5
      vertex 0 15.4 11.5
    endloop
  endfacet
  facet normal 0 0 1
    outer loop
      vertex -1.67283 18.1421 11.5
      vertex -1.60974 15.3156 11.5
      vertex -1.46946 17.9775 11.5
    endloop
  endfacet
  facet normal 0 0 1
    outer loop
      vertex -3.20184 15.0635 11.5
      vertex -1.67283 18.1421 11.5
      vertex -1.85786 18.3272 11.5
    endloop
  endfacet
  facet normal 0 0 1
    outer loop
      vertex -3.20184 15.0635 11.5
      vertex -1.85786 18.3272 11.5
      vertex -2.02254 18.5305 11.5
    endloop
  endfacet
  facet normal 0 0 1
    outer loop
      vertex -3.20184 15.0635 11.5
      vertex -2.02254 18.5305 11.5
      vertex -2.16506 18.75 11.5
    endloop
  endfacet
  facet normal 0 0 1
    outer loop
      vertex -4.75886 14.6463 11.5
      vertex -2.16506 18.75 11.5
      vertex -2.28386 18.9832 11.5
    endloop
  endfacet
  facet normal 0 0 1
    outer loop
      vertex -4.75886 14.6463 11.5
      vertex -2.28386 18.9832 11.5
      vertex -2.37764 19.2275 11.5
    endloop
  endfacet
  facet normal 0 0 1
    outer loop
      vertex -4.75886 14.6463 11.5
      vertex -2.37764 19.2275 11.5
      vertex -2.44537 19.4802 11.5
    endloop
  endfacet
  facet normal 0 0 1
    outer loop
      vertex -1.67283 18.1421 11.5
      vertex -3.20184 15.0635 11.5
      vertex -1.60974 15.3156 11.5
    endloop
  endfacet
  facet normal 0 0 1
    outer loop
      vertex -6.26374 14.0686 11.5
      vertex -2.44537 19.4802 11.5
      vertex -2.4863 19.7387 11.5
    endloop
  endfacet
  facet normal 0 0 1
    outer loop
      vertex -7.78723 23.9666 11.5
      vertex -2.4863 19.7387 11.5
      vertex -2.5 20 11.5
    endloop
  endfacet
  facet normal 0 0 1
    outer loop
      vertex -2.44537 20.5198 11.5
      vertex -7.78723 23.9666 11.5
      vertex -2.4863 20.2613 11.5
    endloop
  endfacet
  facet normal 0 0 1
    outer loop
      vertex -2.4863 20.2613 11.5
      vertex -7.78723 23.9666 11.5
      vertex -2.5 20 11.5
    endloop
  endfacet
  facet normal 0 0 1
    outer loop
      vertex -2.16506 18.75 11.5
      vertex -4.75886 14.6463 11.5
      vertex -3.20184 15.0635 11.5
    endloop
  endfacet
  facet normal 0 0 1
    outer loop
      vertex -2.4863 19.7387 11.5
      vertex -7.78723 23.9666 11.5
      vertex -10.2498 23.0213 11.5
    endloop
  endfacet
  facet normal 0 0 1
    outer loop
      vertex -2.44537 19.4802 11.5
      vertex -6.26374 14.0686 11.5
      vertex -4.75886 14.6463 11.5
    endloop
  endfacet
  facet normal 0 0 1
    outer loop
      vertex -2.4863 19.7387 11.5
      vertex -10.2498 23.0213 11.5
      vertex -6.26374 14.0686 11.5
    endloop
  endfacet
  facet normal 0 0 1
    outer loop
      vertex -6.26374 14.0686 11.5
      vertex -10.2498 23.0213 11.5
      vertex -7.7 13.3368 11.5
    endloop
  endfacet
  facet normal -0 0 1
    outer loop
      vertex -12.6 21.8238 11.5
      vertex -7.7 13.3368 11.5
      vertex -10.2498 23.0213 11.5
    endloop
  endfacet
  facet normal 0 0 1
    outer loop
      vertex -7.7 13.3368 11.5
      vertex -12.6 21.8238 11.5
      vertex -9.05189 12.4589 11.5
    endloop
  endfacet
  facet normal -0 0 1
    outer loop
      vertex -14.8122 20.3872 11.5
      vertex -9.05189 12.4589 11.5
      vertex -12.6 21.8238 11.5
    endloop
  endfacet
  facet normal 0 0 1
    outer loop
      vertex -9.05189 12.4589 11.5
      vertex -14.8122 20.3872 11.5
      vertex -10.3046 11.4444 11.5
    endloop
  endfacet
  facet normal -0 0 1
    outer loop
      vertex -16.8621 18.7272 11.5
      vertex -10.3046 11.4444 11.5
      vertex -14.8122 20.3872 11.5
    endloop
  endfacet
  facet normal 0 0 1
    outer loop
      vertex -10.3046 11.4444 11.5
      vertex -16.8621 18.7272 11.5
      vertex -11.4444 10.3046 11.5
    endloop
  endfacet
  facet normal -0 0 1
    outer loop
      vertex -18.7272 16.8621 11.5
      vertex -11.4444 10.3046 11.5
      vertex -16.8621 18.7272 11.5
    endloop
  endfacet
  facet normal 0 0 1
    outer loop
      vertex -11.4444 10.3046 11.5
      vertex -18.7272 16.8621 11.5
      vertex -12.4589 9.05189 11.5
    endloop
  endfacet
  facet normal -0 0 1
    outer loop
      vertex -20.3872 14.8122 11.5
      vertex -12.4589 9.05189 11.5
      vertex -18.7272 16.8621 11.5
    endloop
  endfacet
  facet normal 0 0 1
    outer loop
      vertex -12.4589 9.05189 11.5
      vertex -20.3872 14.8122 11.5
      vertex -13.3368 7.7 11.5
    endloop
  endfacet
  facet normal -0 0 1
    outer loop
      vertex -21.8238 12.6 11.5
      vertex -13.3368 7.7 11.5
      vertex -20.3872 14.8122 11.5
    endloop
  endfacet
  facet normal -0 0 1
    outer loop
      vertex -22.2 11.8617 11.5
      vertex -13.3368 7.7 11.5
      vertex -21.8238 12.6 11.5
    endloop
  endfacet
  facet normal 0 0 1
    outer loop
      vertex -13.3368 7.7 11.5
      vertex -22.2 11.8617 11.5
      vertex -14.0686 6.26374 11.5
    endloop
  endfacet
  facet normal 0 0 1
    outer loop
      vertex 7.78723 23.9666 11.5
      vertex 2.4863 20.2613 11.5
      vertex 2.5 20 11.5
    endloop
  endfacet
  facet normal 0 0 1
    outer loop
      vertex 7.78723 23.9666 11.5
      vertex 2.44537 20.5198 11.5
      vertex 2.4863 20.2613 11.5
    endloop
  endfacet
  facet normal 0 0 1
    outer loop
      vertex 5.23937 24.6493 11.5
      vertex 2.37764 20.7725 11.5
      vertex 2.44537 20.5198 11.5
    endloop
  endfacet
  facet normal 0 0 1
    outer loop
      vertex 5.23937 24.6493 11.5
      vertex 2.28386 21.0168 11.5
      vertex 2.37764 20.7725 11.5
    endloop
  endfacet
  facet normal 0 0 1
    outer loop
      vertex 5.23937 24.6493 11.5
      vertex 2.16506 21.25 11.5
      vertex 2.28386 21.0168 11.5
    endloop
  endfacet
  facet normal 0 0 1
    outer loop
      vertex 5.23937 24.6493 11.5
      vertex 2.02254 21.4695 11.5
      vertex 2.16506 21.25 11.5
    endloop
  endfacet
  facet normal 0 0 1
    outer loop
      vertex 5.23937 24.6493 11.5
      vertex 1.85786 21.6728 11.5
      vertex 2.02254 21.4695 11.5
    endloop
  endfacet
  facet normal 0 0 1
    outer loop
      vertex 2.63412 25.062 11.5
      vertex 1.67283 21.8579 11.5
      vertex 1.85786 21.6728 11.5
    endloop
  endfacet
  facet normal 0 0 1
    outer loop
      vertex 2.63412 25.062 11.5
      vertex 1.46946 22.0225 11.5
      vertex 1.67283 21.8579 11.5
    endloop
  endfacet
  facet normal 0 0 1
    outer loop
      vertex 2.63412 25.062 11.5
      vertex 1.25 22.1651 11.5
      vertex 1.46946 22.0225 11.5
    endloop
  endfacet
  facet normal 0 0 1
    outer loop
      vertex 2.63412 25.062 11.5
      vertex 1.01684 22.2839 11.5
      vertex 1.25 22.1651 11.5
    endloop
  endfacet
  facet normal 0 0 1
    outer loop
      vertex 2.63412 25.062 11.5
      vertex 0.772542 22.3776 11.5
      vertex 1.01684 22.2839 11.5
    endloop
  endfacet
  facet normal 0 0 1
    outer loop
      vertex 0 25.2 11.5
      vertex 0.772542 22.3776 11.5
      vertex 2.63412 25.062 11.5
    endloop
  endfacet
  facet normal 0 0 1
    outer loop
      vertex 0.772542 22.3776 11.5
      vertex 0 25.2 11.5
      vertex 0.519779 22.4454 11.5
    endloop
  endfacet
  facet normal 0 0 1
    outer loop
      vertex 0.519779 22.4454 11.5
      vertex 0 25.2 11.5
      vertex 0.261321 22.4863 11.5
    endloop
  endfacet
  facet normal 0 0 1
    outer loop
      vertex 0 25.2 11.5
      vertex 0 22.5 11.5
      vertex 0.261321 22.4863 11.5
    endloop
  endfacet
  facet normal 0 0 1
    outer loop
      vertex 0 25.2 11.5
      vertex -0.261321 22.4863 11.5
      vertex 0 22.5 11.5
    endloop
  endfacet
  facet normal 0 0 1
    outer loop
      vertex 0 25.2 11.5
      vertex -0.519779 22.4454 11.5
      vertex -0.261321 22.4863 11.5
    endloop
  endfacet
  facet normal 0 0 1
    outer loop
      vertex 0 25.2 11.5
      vertex -0.772542 22.3776 11.5
      vertex -0.519779 22.4454 11.5
    endloop
  endfacet
  facet normal -0 0 1
    outer loop
      vertex -2.63412 25.062 11.5
      vertex -0.772542 22.3776 11.5
      vertex 0 25.2 11.5
    endloop
  endfacet
  facet normal 0 0 1
    outer loop
      vertex -0.772542 22.3776 11.5
      vertex -2.63412 25.062 11.5
      vertex -1.01684 22.2839 11.5
    endloop
  endfacet
  facet normal 0 0 1
    outer loop
      vertex -1.01684 22.2839 11.5
      vertex -2.63412 25.062 11.5
      vertex -1.25 22.1651 11.5
    endloop
  endfacet
  facet normal 0 0 1
    outer loop
      vertex -1.25 22.1651 11.5
      vertex -2.63412 25.062 11.5
      vertex -1.46946 22.0225 11.5
    endloop
  endfacet
  facet normal 0 0 1
    outer loop
      vertex -1.46946 22.0225 11.5
      vertex -2.63412 25.062 11.5
      vertex -1.67283 21.8579 11.5
    endloop
  endfacet
  facet normal 0 0 1
    outer loop
      vertex -1.67283 21.8579 11.5
      vertex -2.63412 25.062 11.5
      vertex -1.85786 21.6728 11.5
    endloop
  endfacet
  facet normal -0 0 1
    outer loop
      vertex -5.23937 24.6493 11.5
      vertex -1.85786 21.6728 11.5
      vertex -2.63412 25.062 11.5
    endloop
  endfacet
  facet normal -0 0 1
    outer loop
      vertex -7.78723 23.9666 11.5
      vertex -2.44537 20.5198 11.5
      vertex -5.23937 24.6493 11.5
    endloop
  endfacet
  facet normal 0 0 1
    outer loop
      vertex -2.37764 20.7725 11.5
      vertex -5.23937 24.6493 11.5
      vertex -2.44537 20.5198 11.5
    endloop
  endfacet
  facet normal 0 0 1
    outer loop
      vertex -2.28386 21.0168 11.5
      vertex -5.23937 24.6493 11.5
      vertex -2.37764 20.7725 11.5
    endloop
  endfacet
  facet normal 0 0 1
    outer loop
      vertex -2.16506 21.25 11.5
      vertex -5.23937 24.6493 11.5
      vertex -2.28386 21.0168 11.5
    endloop
  endfacet
  facet normal 0 0 1
    outer loop
      vertex -2.02254 21.4695 11.5
      vertex -5.23937 24.6493 11.5
      vertex -2.16506 21.25 11.5
    endloop
  endfacet
  facet normal 0 0 1
    outer loop
      vertex -1.85786 21.6728 11.5
      vertex -5.23937 24.6493 11.5
      vertex -2.02254 21.4695 11.5
    endloop
  endfacet
  facet normal 0 0 1
    outer loop
      vertex 15.0635 -3.20184 11.5
      vertex 17.8 -3.19647 11.5
      vertex 15.3156 -1.60974 11.5
    endloop
  endfacet
  facet normal 0 0 1
    outer loop
      vertex 14.6463 -4.75886 11.5
      vertex 17.8 -3.19647 11.5
      vertex 15.0635 -3.20184 11.5
    endloop
  endfacet
  facet normal 0 0 1
    outer loop
      vertex 14.0686 -6.26374 11.5
      vertex 17.8 -3.19647 11.5
      vertex 14.6463 -4.75886 11.5
    endloop
  endfacet
  facet normal -0 0 1
    outer loop
      vertex 12.4589 -9.05189 11.5
      vertex 20.3872 -14.8122 11.5
      vertex 13.3368 -7.7 11.5
    endloop
  endfacet
  facet normal 0 0 1
    outer loop
      vertex 20.3872 -14.8122 11.5
      vertex 12.4589 -9.05189 11.5
      vertex 18.7272 -16.8621 11.5
    endloop
  endfacet
  facet normal -0 0 1
    outer loop
      vertex 11.4444 -10.3046 11.5
      vertex 18.7272 -16.8621 11.5
      vertex 12.4589 -9.05189 11.5
    endloop
  endfacet
  facet normal 0 0 1
    outer loop
      vertex 18.7272 -16.8621 11.5
      vertex 11.4444 -10.3046 11.5
      vertex 16.8621 -18.7272 11.5
    endloop
  endfacet
  facet normal -0 0 1
    outer loop
      vertex 10.3046 -11.4444 11.5
      vertex 16.8621 -18.7272 11.5
      vertex 11.4444 -10.3046 11.5
    endloop
  endfacet
  facet normal 0 0 1
    outer loop
      vertex 16.8621 -18.7272 11.5
      vertex 10.3046 -11.4444 11.5
      vertex 14.8122 -20.3872 11.5
    endloop
  endfacet
  facet normal -0 0 1
    outer loop
      vertex 9.05189 -12.4589 11.5
      vertex 14.8122 -20.3872 11.5
      vertex 10.3046 -11.4444 11.5
    endloop
  endfacet
  facet normal 0 0 1
    outer loop
      vertex 14.8122 -20.3872 11.5
      vertex 9.05189 -12.4589 11.5
      vertex 12.6 -21.8238 11.5
    endloop
  endfacet
  facet normal -0 0 1
    outer loop
      vertex 7.7 -13.3368 11.5
      vertex 12.6 -21.8238 11.5
      vertex 9.05189 -12.4589 11.5
    endloop
  endfacet
  facet normal 0 0 1
    outer loop
      vertex 12.6 -21.8238 11.5
      vertex 7.7 -13.3368 11.5
      vertex 10.2498 -23.0213 11.5
    endloop
  endfacet
  facet normal -0 0 1
    outer loop
      vertex 6.26374 -14.0686 11.5
      vertex 10.2498 -23.0213 11.5
      vertex 7.7 -13.3368 11.5
    endloop
  endfacet
  facet normal -0 0 1
    outer loop
      vertex 2.4863 -19.7387 11.5
      vertex 10.2498 -23.0213 11.5
      vertex 6.26374 -14.0686 11.5
    endloop
  endfacet
  facet normal 0 0 1
    outer loop
      vertex 10.2498 -23.0213 11.5
      vertex 2.4863 -19.7387 11.5
      vertex 7.78723 -23.9666 11.5
    endloop
  endfacet
  facet normal 0 0 1
    outer loop
      vertex 2.44537 -19.4802 11.5
      vertex 6.26374 -14.0686 11.5
      vertex 4.75886 -14.6463 11.5
    endloop
  endfacet
  facet normal 0 0 1
    outer loop
      vertex 2.16506 -18.75 11.5
      vertex 4.75886 -14.6463 11.5
      vertex 3.20184 -15.0635 11.5
    endloop
  endfacet
  facet normal 0 0 1
    outer loop
      vertex 7.78723 -23.9666 11.5
      vertex 2.4863 -19.7387 11.5
      vertex 2.5 -20 11.5
    endloop
  endfacet
  facet normal -0 0 1
    outer loop
      vertex 2.44537 -20.5198 11.5
      vertex 7.78723 -23.9666 11.5
      vertex 2.4863 -20.2613 11.5
    endloop
  endfacet
  facet normal -0 0 1
    outer loop
      vertex 2.4863 -20.2613 11.5
      vertex 7.78723 -23.9666 11.5
      vertex 2.5 -20 11.5
    endloop
  endfacet
  facet normal 0 0 1
    outer loop
      vertex 6.26374 -14.0686 11.5
      vertex 2.44537 -19.4802 11.5
      vertex 2.4863 -19.7387 11.5
    endloop
  endfacet
  facet normal 0 0 1
    outer loop
      vertex 4.75886 -14.6463 11.5
      vertex 2.37764 -19.2275 11.5
      vertex 2.44537 -19.4802 11.5
    endloop
  endfacet
  facet normal 0 0 1
    outer loop
      vertex 4.75886 -14.6463 11.5
      vertex 2.28386 -18.9832 11.5
      vertex 2.37764 -19.2275 11.5
    endloop
  endfacet
  facet normal 0 0 1
    outer loop
      vertex 4.75886 -14.6463 11.5
      vertex 2.16506 -18.75 11.5
      vertex 2.28386 -18.9832 11.5
    endloop
  endfacet
  facet normal 0 0 1
    outer loop
      vertex 3.20184 -15.0635 11.5
      vertex 2.02254 -18.5305 11.5
      vertex 2.16506 -18.75 11.5
    endloop
  endfacet
  facet normal 0 0 1
    outer loop
      vertex 3.20184 -15.0635 11.5
      vertex 1.85786 -18.3272 11.5
      vertex 2.02254 -18.5305 11.5
    endloop
  endfacet
  facet normal 0 0 1
    outer loop
      vertex 3.20184 -15.0635 11.5
      vertex 1.67283 -18.1421 11.5
      vertex 1.85786 -18.3272 11.5
    endloop
  endfacet
  facet normal -0 0 1
    outer loop
      vertex 1.60974 -15.3156 11.5
      vertex 1.67283 -18.1421 11.5
      vertex 3.20184 -15.0635 11.5
    endloop
  endfacet
  facet normal 0 0 1
    outer loop
      vertex 1.60974 -15.3156 11.5
      vertex 1.46946 -17.9775 11.5
      vertex 1.67283 -18.1421 11.5
    endloop
  endfacet
  facet normal 0 0 1
    outer loop
      vertex 1.60974 -15.3156 11.5
      vertex 1.25 -17.8349 11.5
      vertex 1.46946 -17.9775 11.5
    endloop
  endfacet
  facet normal 0 0 1
    outer loop
      vertex 1.60974 -15.3156 11.5
      vertex 1.01684 -17.7161 11.5
      vertex 1.25 -17.8349 11.5
    endloop
  endfacet
  facet normal 0 0 1
    outer loop
      vertex 1.60974 -15.3156 11.5
      vertex 0.772542 -17.6224 11.5
      vertex 1.01684 -17.7161 11.5
    endloop
  endfacet
  facet normal 0 0 1
    outer loop
      vertex 1.60974 -15.3156 11.5
      vertex 0.519779 -17.5546 11.5
      vertex 0.772542 -17.6224 11.5
    endloop
  endfacet
  facet normal -0 0 1
    outer loop
      vertex 0 -15.4 11.5
      vertex 0.519779 -17.5546 11.5
      vertex 1.60974 -15.3156 11.5
    endloop
  endfacet
  facet normal 0 0 1
    outer loop
      vertex 0.519779 -17.5546 11.5
      vertex 0 -15.4 11.5
      vertex 0.261321 -17.5137 11.5
    endloop
  endfacet
  facet normal 0 0 1
    outer loop
      vertex 0 -15.4 11.5
      vertex 0 -17.5 11.5
      vertex 0.261321 -17.5137 11.5
    endloop
  endfacet
  facet normal 0 0 1
    outer loop
      vertex 0 -15.4 11.5
      vertex -0.261321 -17.5137 11.5
      vertex 0 -17.5 11.5
    endloop
  endfacet
  facet normal 0 0 1
    outer loop
      vertex 0 -15.4 11.5
      vertex -0.519779 -17.5546 11.5
      vertex -0.261321 -17.5137 11.5
    endloop
  endfacet
  facet normal 0 0 1
    outer loop
      vertex -1.60974 -15.3156 11.5
      vertex -0.519779 -17.5546 11.5
      vertex 0 -15.4 11.5
    endloop
  endfacet
  facet normal 0 0 1
    outer loop
      vertex -0.519779 -17.5546 11.5
      vertex -1.60974 -15.3156 11.5
      vertex -0.772542 -17.6224 11.5
    endloop
  endfacet
  facet normal 0 0 1
    outer loop
      vertex -0.772542 -17.6224 11.5
      vertex -1.60974 -15.3156 11.5
      vertex -1.01684 -17.7161 11.5
    endloop
  endfacet
  facet normal 0 0 1
    outer loop
      vertex -1.01684 -17.7161 11.5
      vertex -1.60974 -15.3156 11.5
      vertex -1.25 -17.8349 11.5
    endloop
  endfacet
  facet normal 0 0 1
    outer loop
      vertex -1.25 -17.8349 11.5
      vertex -1.60974 -15.3156 11.5
      vertex -1.46946 -17.9775 11.5
    endloop
  endfacet
  facet normal 0 0 1
    outer loop
      vertex -1.60974 -15.3156 11.5
      vertex -1.67283 -18.1421 11.5
      vertex -1.46946 -17.9775 11.5
    endloop
  endfacet
  facet normal 0 0 1
    outer loop
      vertex -3.20184 -15.0635 11.5
      vertex -1.67283 -18.1421 11.5
      vertex -1.60974 -15.3156 11.5
    endloop
  endfacet
  facet normal 0 0 1
    outer loop
      vertex -1.67283 -18.1421 11.5
      vertex -3.20184 -15.0635 11.5
      vertex -1.85786 -18.3272 11.5
    endloop
  endfacet
  facet normal 0 0 1
    outer loop
      vertex -1.85786 -18.3272 11.5
      vertex -3.20184 -15.0635 11.5
      vertex -2.02254 -18.5305 11.5
    endloop
  endfacet
  facet normal 0 0 1
    outer loop
      vertex -2.02254 -18.5305 11.5
      vertex -3.20184 -15.0635 11.5
      vertex -2.16506 -18.75 11.5
    endloop
  endfacet
  facet normal 0 0 1
    outer loop
      vertex -4.75886 -14.6463 11.5
      vertex -2.16506 -18.75 11.5
      vertex -3.20184 -15.0635 11.5
    endloop
  endfacet
  facet normal 0 0 1
    outer loop
      vertex -2.16506 -18.75 11.5
      vertex -4.75886 -14.6463 11.5
      vertex -2.28386 -18.9832 11.5
    endloop
  endfacet
  facet normal 0 0 1
    outer loop
      vertex -2.28386 -18.9832 11.5
      vertex -4.75886 -14.6463 11.5
      vertex -2.37764 -19.2275 11.5
    endloop
  endfacet
  facet normal 0 0 1
    outer loop
      vertex -2.37764 -19.2275 11.5
      vertex -4.75886 -14.6463 11.5
      vertex -2.44537 -19.4802 11.5
    endloop
  endfacet
  facet normal 0 0 1
    outer loop
      vertex -6.26374 -14.0686 11.5
      vertex -2.44537 -19.4802 11.5
      vertex -4.75886 -14.6463 11.5
    endloop
  endfacet
  facet normal 0 0 1
    outer loop
      vertex -2.44537 -19.4802 11.5
      vertex -6.26374 -14.0686 11.5
      vertex -2.4863 -19.7387 11.5
    endloop
  endfacet
  facet normal 0 0 1
    outer loop
      vertex -10.2498 -23.0213 11.5
      vertex -2.4863 -19.7387 11.5
      vertex -6.26374 -14.0686 11.5
    endloop
  endfacet
  facet normal 0 0 1
    outer loop
      vertex -2.5 -20 11.5
      vertex -5.23937 -24.6493 11.5
      vertex -2.63412 -25.062 11.5
    endloop
  endfacet
  facet normal 0 -0 1
    outer loop
      vertex -7.78723 -23.9666 11.5
      vertex -2.4863 -19.7387 11.5
      vertex -10.2498 -23.0213 11.5
    endloop
  endfacet
  facet normal 0 0 1
    outer loop
      vertex -10.2498 -23.0213 11.5
      vertex -6.26374 -14.0686 11.5
      vertex -7.7 -13.3368 11.5
    endloop
  endfacet
  facet normal 0 0 1
    outer loop
      vertex -2.5 -20 11.5
      vertex -7.78723 -23.9666 11.5
      vertex -5.23937 -24.6493 11.5
    endloop
  endfacet
  facet normal 0 0 1
    outer loop
      vertex -12.6 -21.8238 11.5
      vertex -7.7 -13.3368 11.5
      vertex -9.05189 -12.4589 11.5
    endloop
  endfacet
  facet normal 0 0 1
    outer loop
      vertex -2.4863 -19.7387 11.5
      vertex -7.78723 -23.9666 11.5
      vertex -2.5 -20 11.5
    endloop
  endfacet
  facet normal 0 0 1
    outer loop
      vertex -14.8122 -20.3872 11.5
      vertex -9.05189 -12.4589 11.5
      vertex -10.3046 -11.4444 11.5
    endloop
  endfacet
  facet normal 0 0 1
    outer loop
      vertex -16.8621 -18.7272 11.5
      vertex -10.3046 -11.4444 11.5
      vertex -11.4444 -10.3046 11.5
    endloop
  endfacet
  facet normal 0 0 1
    outer loop
      vertex -18.7272 -16.8621 11.5
      vertex -11.4444 -10.3046 11.5
      vertex -12.4589 -9.05189 11.5
    endloop
  endfacet
  facet normal 0 0 1
    outer loop
      vertex -7.7 -13.3368 11.5
      vertex -12.6 -21.8238 11.5
      vertex -10.2498 -23.0213 11.5
    endloop
  endfacet
  facet normal 0 0 1
    outer loop
      vertex -20.3872 -14.8122 11.5
      vertex -12.4589 -9.05189 11.5
      vertex -13.3368 -7.7 11.5
    endloop
  endfacet
  facet normal 0 0 1
    outer loop
      vertex -22.2 -11.8617 11.5
      vertex -13.3368 -7.7 11.5
      vertex -14.0686 -6.26374 11.5
    endloop
  endfacet
  facet normal 0 0 1
    outer loop
      vertex -22.2 -11.8617 11.5
      vertex -14.0686 -6.26374 11.5
      vertex -14.6463 -4.75886 11.5
    endloop
  endfacet
  facet normal 0 0 1
    outer loop
      vertex -9.05189 -12.4589 11.5
      vertex -14.8122 -20.3872 11.5
      vertex -12.6 -21.8238 11.5
    endloop
  endfacet
  facet normal 0 0 1
    outer loop
      vertex -22.2 -11.8617 11.5
      vertex -14.6463 -4.75886 11.5
      vertex -15.0635 -3.20184 11.5
    endloop
  endfacet
  facet normal 0 0 1
    outer loop
      vertex -22.2 -11.8617 11.5
      vertex -15.0635 -3.20184 11.5
      vertex -15.3156 -1.60974 11.5
    endloop
  endfacet
  facet normal 0 0 1
    outer loop
      vertex -22.2 -11.8617 11.5
      vertex -15.3156 -1.60974 11.5
      vertex -15.4 0 11.5
    endloop
  endfacet
  facet normal 0 0 1
    outer loop
      vertex -14.0686 6.26374 11.5
      vertex -22.2 11.8617 11.5
      vertex -14.6463 4.75886 11.5
    endloop
  endfacet
  facet normal 0 0 1
    outer loop
      vertex -10.3046 -11.4444 11.5
      vertex -16.8621 -18.7272 11.5
      vertex -14.8122 -20.3872 11.5
    endloop
  endfacet
  facet normal 0 0 1
    outer loop
      vertex -14.6463 4.75886 11.5
      vertex -22.2 11.8617 11.5
      vertex -15.0635 3.20184 11.5
    endloop
  endfacet
  facet normal 0 0 1
    outer loop
      vertex -11.4444 -10.3046 11.5
      vertex -18.7272 -16.8621 11.5
      vertex -16.8621 -18.7272 11.5
    endloop
  endfacet
  facet normal 0 0 1
    outer loop
      vertex -15.0635 3.20184 11.5
      vertex -22.2 11.8617 11.5
      vertex -15.3156 1.60974 11.5
    endloop
  endfacet
  facet normal 0 0 1
    outer loop
      vertex -12.4589 -9.05189 11.5
      vertex -20.3872 -14.8122 11.5
      vertex -18.7272 -16.8621 11.5
    endloop
  endfacet
  facet normal 0 0 1
    outer loop
      vertex -15.3156 1.60974 11.5
      vertex -22.2 11.8617 11.5
      vertex -15.4 0 11.5
    endloop
  endfacet
  facet normal 0 0 1
    outer loop
      vertex -22.2 -11.8617 11.5
      vertex -15.4 0 11.5
      vertex -22.2 11.8617 11.5
    endloop
  endfacet
  facet normal 0 0 1
    outer loop
      vertex -13.3368 -7.7 11.5
      vertex -22.2 -11.8617 11.5
      vertex -21.8238 -12.6 11.5
    endloop
  endfacet
  facet normal 0 0 1
    outer loop
      vertex -13.3368 -7.7 11.5
      vertex -21.8238 -12.6 11.5
      vertex -20.3872 -14.8122 11.5
    endloop
  endfacet
  facet normal 0 0 1
    outer loop
      vertex 7.78723 -23.9666 11.5
      vertex 2.44537 -20.5198 11.5
      vertex 5.23937 -24.6493 11.5
    endloop
  endfacet
  facet normal -0 0 1
    outer loop
      vertex 2.37764 -20.7725 11.5
      vertex 5.23937 -24.6493 11.5
      vertex 2.44537 -20.5198 11.5
    endloop
  endfacet
  facet normal -0 0 1
    outer loop
      vertex 2.28386 -21.0168 11.5
      vertex 5.23937 -24.6493 11.5
      vertex 2.37764 -20.7725 11.5
    endloop
  endfacet
  facet normal -0 0 1
    outer loop
      vertex 2.16506 -21.25 11.5
      vertex 5.23937 -24.6493 11.5
      vertex 2.28386 -21.0168 11.5
    endloop
  endfacet
  facet normal -0 0 1
    outer loop
      vertex 2.02254 -21.4695 11.5
      vertex 5.23937 -24.6493 11.5
      vertex 2.16506 -21.25 11.5
    endloop
  endfacet
  facet normal -0 0 1
    outer loop
      vertex 1.85786 -21.6728 11.5
      vertex 5.23937 -24.6493 11.5
      vertex 2.02254 -21.4695 11.5
    endloop
  endfacet
  facet normal 0 0 1
    outer loop
      vertex 5.23937 -24.6493 11.5
      vertex 1.85786 -21.6728 11.5
      vertex 2.63412 -25.062 11.5
    endloop
  endfacet
  facet normal -0 0 1
    outer loop
      vertex 1.67283 -21.8579 11.5
      vertex 2.63412 -25.062 11.5
      vertex 1.85786 -21.6728 11.5
    endloop
  endfacet
  facet normal -0 0 1
    outer loop
      vertex 1.46946 -22.0225 11.5
      vertex 2.63412 -25.062 11.5
      vertex 1.67283 -21.8579 11.5
    endloop
  endfacet
  facet normal -0 0 1
    outer loop
      vertex 1.25 -22.1651 11.5
      vertex 2.63412 -25.062 11.5
      vertex 1.46946 -22.0225 11.5
    endloop
  endfacet
  facet normal -0 0 1
    outer loop
      vertex 1.01684 -22.2839 11.5
      vertex 2.63412 -25.062 11.5
      vertex 1.25 -22.1651 11.5
    endloop
  endfacet
  facet normal -0 0 1
    outer loop
      vertex 0.772542 -22.3776 11.5
      vertex 2.63412 -25.062 11.5
      vertex 1.01684 -22.2839 11.5
    endloop
  endfacet
  facet normal 0 0 1
    outer loop
      vertex 0 -25.2 11.5
      vertex 0.772542 -22.3776 11.5
      vertex 0.519779 -22.4454 11.5
    endloop
  endfacet
  facet normal 0 0 1
    outer loop
      vertex 0 -25.2 11.5
      vertex 0.519779 -22.4454 11.5
      vertex 0.261321 -22.4863 11.5
    endloop
  endfacet
  facet normal 0 0 1
    outer loop
      vertex 0 -25.2 11.5
      vertex 0.261321 -22.4863 11.5
      vertex 0 -22.5 11.5
    endloop
  endfacet
  facet normal 0 0 1
    outer loop
      vertex 0.772542 -22.3776 11.5
      vertex 0 -25.2 11.5
      vertex 2.63412 -25.062 11.5
    endloop
  endfacet
  facet normal 0 0 1
    outer loop
      vertex -0.261321 -22.4863 11.5
      vertex 0 -25.2 11.5
      vertex 0 -22.5 11.5
    endloop
  endfacet
  facet normal 0 0 1
    outer loop
      vertex -0.519779 -22.4454 11.5
      vertex 0 -25.2 11.5
      vertex -0.261321 -22.4863 11.5
    endloop
  endfacet
  facet normal 0 0 1
    outer loop
      vertex -0.772542 -22.3776 11.5
      vertex 0 -25.2 11.5
      vertex -0.519779 -22.4454 11.5
    endloop
  endfacet
  facet normal 0 0 1
    outer loop
      vertex -2.63412 -25.062 11.5
      vertex -0.772542 -22.3776 11.5
      vertex -1.01684 -22.2839 11.5
    endloop
  endfacet
  facet normal 0 0 1
    outer loop
      vertex -2.63412 -25.062 11.5
      vertex -1.01684 -22.2839 11.5
      vertex -1.25 -22.1651 11.5
    endloop
  endfacet
  facet normal 0 0 1
    outer loop
      vertex -2.63412 -25.062 11.5
      vertex -1.25 -22.1651 11.5
      vertex -1.46946 -22.0225 11.5
    endloop
  endfacet
  facet normal 0 0 1
    outer loop
      vertex -2.63412 -25.062 11.5
      vertex -1.46946 -22.0225 11.5
      vertex -1.67283 -21.8579 11.5
    endloop
  endfacet
  facet normal 0 0 1
    outer loop
      vertex -2.63412 -25.062 11.5
      vertex -1.67283 -21.8579 11.5
      vertex -1.85786 -21.6728 11.5
    endloop
  endfacet
  facet normal 0 0 1
    outer loop
      vertex -2.63412 -25.062 11.5
      vertex -1.85786 -21.6728 11.5
      vertex -2.02254 -21.4695 11.5
    endloop
  endfacet
  facet normal 0 0 1
    outer loop
      vertex -2.63412 -25.062 11.5
      vertex -2.02254 -21.4695 11.5
      vertex -2.16506 -21.25 11.5
    endloop
  endfacet
  facet normal 0 0 1
    outer loop
      vertex -0.772542 -22.3776 11.5
      vertex -2.63412 -25.062 11.5
      vertex 0 -25.2 11.5
    endloop
  endfacet
  facet normal 0 0 1
    outer loop
      vertex -2.28386 -21.0168 11.5
      vertex -2.63412 -25.062 11.5
      vertex -2.16506 -21.25 11.5
    endloop
  endfacet
  facet normal 0 0 1
    outer loop
      vertex -2.37764 -20.7725 11.5
      vertex -2.63412 -25.062 11.5
      vertex -2.28386 -21.0168 11.5
    endloop
  endfacet
  facet normal 0 0 1
    outer loop
      vertex -2.44537 -20.5198 11.5
      vertex -2.63412 -25.062 11.5
      vertex -2.37764 -20.7725 11.5
    endloop
  endfacet
  facet normal 0 0 1
    outer loop
      vertex -2.4863 -20.2613 11.5
      vertex -2.63412 -25.062 11.5
      vertex -2.44537 -20.5198 11.5
    endloop
  endfacet
  facet normal 0 0 1
    outer loop
      vertex -2.63412 -25.062 11.5
      vertex -2.4863 -20.2613 11.5
      vertex -2.5 -20 11.5
    endloop
  endfacet
  facet normal -0.156434 0.987688 0
    outer loop
      vertex -2.63412 25.062 0
      vertex -5.23937 24.6493 11.5
      vertex -2.63412 25.062 11.5
    endloop
  endfacet
  facet normal -0.156434 0.987688 0
    outer loop
      vertex -5.23937 24.6493 11.5
      vertex -2.63412 25.062 0
      vertex -5.23937 24.6493 0
    endloop
  endfacet
  facet normal 0.777146 -0.62932 0
    outer loop
      vertex 18.7272 -16.8621 11.5
      vertex 20.3872 -14.8122 0
      vertex 20.3872 -14.8122 11.5
    endloop
  endfacet
  facet normal 0.777146 -0.62932 0
    outer loop
      vertex 20.3872 -14.8122 0
      vertex 18.7272 -16.8621 11.5
      vertex 18.7272 -16.8621 0
    endloop
  endfacet
  facet normal -0.358368 -0.93358 0
    outer loop
      vertex -10.2498 -23.0213 0
      vertex -7.78723 -23.9666 11.5
      vertex -10.2498 -23.0213 11.5
    endloop
  endfacet
  facet normal -0.358368 -0.93358 -0
    outer loop
      vertex -7.78723 -23.9666 11.5
      vertex -10.2498 -23.0213 0
      vertex -7.78723 -23.9666 0
    endloop
  endfacet
  facet normal 0.45399 -0.891007 0
    outer loop
      vertex 10.2498 -23.0213 0
      vertex 12.6 -21.8238 11.5
      vertex 10.2498 -23.0213 11.5
    endloop
  endfacet
  facet normal 0.45399 -0.891007 0
    outer loop
      vertex 12.6 -21.8238 11.5
      vertex 10.2498 -23.0213 0
      vertex 12.6 -21.8238 0
    endloop
  endfacet
  facet normal 0.358368 0.93358 -0
    outer loop
      vertex 10.2498 23.0213 0
      vertex 7.78723 23.9666 11.5
      vertex 10.2498 23.0213 11.5
    endloop
  endfacet
  facet normal 0.358368 0.93358 0
    outer loop
      vertex 7.78723 23.9666 11.5
      vertex 10.2498 23.0213 0
      vertex 7.78723 23.9666 0
    endloop
  endfacet
  facet normal -0.62932 0.777146 0
    outer loop
      vertex -14.8122 20.3872 0
      vertex -16.8621 18.7272 11.5
      vertex -14.8122 20.3872 11.5
    endloop
  endfacet
  facet normal -0.62932 0.777146 0
    outer loop
      vertex -16.8621 18.7272 11.5
      vertex -14.8122 20.3872 0
      vertex -16.8621 18.7272 0
    endloop
  endfacet
  facet normal -0.358368 0.93358 0
    outer loop
      vertex -7.78723 23.9666 0
      vertex -10.2498 23.0213 11.5
      vertex -7.78723 23.9666 11.5
    endloop
  endfacet
  facet normal -0.358368 0.93358 0
    outer loop
      vertex -10.2498 23.0213 11.5
      vertex -7.78723 23.9666 0
      vertex -10.2498 23.0213 0
    endloop
  endfacet
  facet normal 0.83867 -0.544639 0
    outer loop
      vertex 20.3872 -14.8122 11.5
      vertex 21.8238 -12.6 0
      vertex 21.8238 -12.6 11.5
    endloop
  endfacet
  facet normal 0.83867 -0.544639 0
    outer loop
      vertex 21.8238 -12.6 0
      vertex 20.3872 -14.8122 11.5
      vertex 20.3872 -14.8122 0
    endloop
  endfacet
  facet normal 0.544639 -0.83867 0
    outer loop
      vertex 12.6 -21.8238 0
      vertex 14.8122 -20.3872 11.5
      vertex 12.6 -21.8238 11.5
    endloop
  endfacet
  facet normal 0.544639 -0.83867 0
    outer loop
      vertex 14.8122 -20.3872 11.5
      vertex 12.6 -21.8238 0
      vertex 14.8122 -20.3872 0
    endloop
  endfacet
  facet normal -0.258819 -0.965926 0
    outer loop
      vertex -7.78723 -23.9666 0
      vertex -5.23937 -24.6493 11.5
      vertex -7.78723 -23.9666 11.5
    endloop
  endfacet
  facet normal -0.258819 -0.965926 -0
    outer loop
      vertex -5.23937 -24.6493 11.5
      vertex -7.78723 -23.9666 0
      vertex -5.23937 -24.6493 0
    endloop
  endfacet
  facet normal -0.777146 -0.62932 0
    outer loop
      vertex -18.7272 -16.8621 0
      vertex -20.3872 -14.8122 11.5
      vertex -20.3872 -14.8122 0
    endloop
  endfacet
  facet normal -0.777146 -0.62932 0
    outer loop
      vertex -20.3872 -14.8122 11.5
      vertex -18.7272 -16.8621 0
      vertex -18.7272 -16.8621 11.5
    endloop
  endfacet
  facet normal 0.358368 -0.93358 0
    outer loop
      vertex 7.78723 -23.9666 0
      vertex 10.2498 -23.0213 11.5
      vertex 7.78723 -23.9666 11.5
    endloop
  endfacet
  facet normal 0.358368 -0.93358 0
    outer loop
      vertex 10.2498 -23.0213 11.5
      vertex 7.78723 -23.9666 0
      vertex 10.2498 -23.0213 0
    endloop
  endfacet
  facet normal 0.891007 -0.45399 0
    outer loop
      vertex 21.8238 -12.6 11.5
      vertex 22.2 -11.8617 0
      vertex 22.2 -11.8617 11.5
    endloop
  endfacet
  facet normal 0.891007 -0.45399 0
    outer loop
      vertex 22.2 -11.8617 0
      vertex 21.8238 -12.6 11.5
      vertex 21.8238 -12.6 0
    endloop
  endfacet
  facet normal -0.0523367 -0.998629 0
    outer loop
      vertex -2.63412 -25.062 0
      vertex 0 -25.2 11.5
      vertex -2.63412 -25.062 11.5
    endloop
  endfacet
  facet normal -0.0523367 -0.998629 -0
    outer loop
      vertex 0 -25.2 11.5
      vertex -2.63412 -25.062 0
      vertex 0 -25.2 0
    endloop
  endfacet
  facet normal -0.707107 -0.707107 0
    outer loop
      vertex -16.8621 -18.7272 0
      vertex -18.7272 -16.8621 11.5
      vertex -18.7272 -16.8621 0
    endloop
  endfacet
  facet normal -0.707107 -0.707107 0
    outer loop
      vertex -18.7272 -16.8621 11.5
      vertex -16.8621 -18.7272 0
      vertex -16.8621 -18.7272 11.5
    endloop
  endfacet
  facet normal 0.258819 -0.965926 0
    outer loop
      vertex 5.23937 -24.6493 0
      vertex 7.78723 -23.9666 11.5
      vertex 5.23937 -24.6493 11.5
    endloop
  endfacet
  facet normal 0.258819 -0.965926 0
    outer loop
      vertex 7.78723 -23.9666 11.5
      vertex 5.23937 -24.6493 0
      vertex 7.78723 -23.9666 0
    endloop
  endfacet
  facet normal 0.156434 -0.987688 0
    outer loop
      vertex 2.63412 -25.062 0
      vertex 5.23937 -24.6493 11.5
      vertex 2.63412 -25.062 11.5
    endloop
  endfacet
  facet normal 0.156434 -0.987688 0
    outer loop
      vertex 5.23937 -24.6493 11.5
      vertex 2.63412 -25.062 0
      vertex 5.23937 -24.6493 0
    endloop
  endfacet
  facet normal 0.707107 -0.707107 0
    outer loop
      vertex 16.8621 -18.7272 11.5
      vertex 18.7272 -16.8621 0
      vertex 18.7272 -16.8621 11.5
    endloop
  endfacet
  facet normal 0.707107 -0.707107 0
    outer loop
      vertex 18.7272 -16.8621 0
      vertex 16.8621 -18.7272 11.5
      vertex 16.8621 -18.7272 0
    endloop
  endfacet
  facet normal 0.62932 -0.777146 0
    outer loop
      vertex 14.8122 -20.3872 0
      vertex 16.8621 -18.7272 11.5
      vertex 14.8122 -20.3872 11.5
    endloop
  endfacet
  facet normal 0.62932 -0.777146 0
    outer loop
      vertex 16.8621 -18.7272 11.5
      vertex 14.8122 -20.3872 0
      vertex 16.8621 -18.7272 0
    endloop
  endfacet
  facet normal -0.62932 -0.777146 0
    outer loop
      vertex -16.8621 -18.7272 0
      vertex -14.8122 -20.3872 11.5
      vertex -16.8621 -18.7272 11.5
    endloop
  endfacet
  facet normal -0.62932 -0.777146 -0
    outer loop
      vertex -14.8122 -20.3872 11.5
      vertex -16.8621 -18.7272 0
      vertex -14.8122 -20.3872 0
    endloop
  endfacet
  facet normal -0.156434 -0.987688 0
    outer loop
      vertex -5.23937 -24.6493 0
      vertex -2.63412 -25.062 11.5
      vertex -5.23937 -24.6493 11.5
    endloop
  endfacet
  facet normal -0.156434 -0.987688 -0
    outer loop
      vertex -2.63412 -25.062 11.5
      vertex -5.23937 -24.6493 0
      vertex -2.63412 -25.062 0
    endloop
  endfacet
  facet normal -0.83867 -0.544639 0
    outer loop
      vertex -20.3872 -14.8122 0
      vertex -21.8238 -12.6 11.5
      vertex -21.8238 -12.6 0
    endloop
  endfacet
  facet normal -0.83867 -0.544639 0
    outer loop
      vertex -21.8238 -12.6 11.5
      vertex -20.3872 -14.8122 0
      vertex -20.3872 -14.8122 11.5
    endloop
  endfacet
  facet normal -0.891007 -0.45399 0
    outer loop
      vertex -21.8238 -12.6 0
      vertex -22.2 -11.8617 11.5
      vertex -22.2 -11.8617 0
    endloop
  endfacet
  facet normal -0.891007 -0.45399 0
    outer loop
      vertex -22.2 -11.8617 11.5
      vertex -21.8238 -12.6 0
      vertex -21.8238 -12.6 11.5
    endloop
  endfacet
  facet normal -0.45399 -0.891007 0
    outer loop
      vertex -12.6 -21.8238 0
      vertex -10.2498 -23.0213 11.5
      vertex -12.6 -21.8238 11.5
    endloop
  endfacet
  facet normal -0.45399 -0.891007 -0
    outer loop
      vertex -10.2498 -23.0213 11.5
      vertex -12.6 -21.8238 0
      vertex -10.2498 -23.0213 0
    endloop
  endfacet
  facet normal -0.544639 -0.83867 0
    outer loop
      vertex -14.8122 -20.3872 0
      vertex -12.6 -21.8238 11.5
      vertex -14.8122 -20.3872 11.5
    endloop
  endfacet
  facet normal -0.544639 -0.83867 -0
    outer loop
      vertex -12.6 -21.8238 11.5
      vertex -14.8122 -20.3872 0
      vertex -12.6 -21.8238 0
    endloop
  endfacet
  facet normal 1 0 0
    outer loop
      vertex 22.2 -0.956393 10.3005
      vertex 22.2 -0.956393 10.2495
      vertex 22.2 -0.795257 10.275
    endloop
  endfacet
  facet normal 1 0 0
    outer loop
      vertex 22.2 -1.42148 10.4251
      vertex 22.2 -0.956393 10.2495
      vertex 22.2 -0.956393 10.3005
    endloop
  endfacet
  facet normal 1 0 0
    outer loop
      vertex 22.2 -1.42148 10.4251
      vertex 22.2 -1.42148 10.1249
      vertex 22.2 -0.956393 10.2495
    endloop
  endfacet
  facet normal 1 0 0
    outer loop
      vertex 22.2 -1.87099 10.5977
      vertex 22.2 -1.42148 10.1249
      vertex 22.2 -1.42148 10.4251
    endloop
  endfacet
  facet normal 1 0 0
    outer loop
      vertex 22.2 -1.87099 10.5977
      vertex 22.2 -1.87099 9.95231
      vertex 22.2 -1.42148 10.1249
    endloop
  endfacet
  facet normal 1 0 0
    outer loop
      vertex 22.2 -2.3 10.8163
      vertex 22.2 -1.87099 9.95231
      vertex 22.2 -1.87099 10.5977
    endloop
  endfacet
  facet normal 1 0 0
    outer loop
      vertex 22.2 -2.3 10.8163
      vertex 22.2 -2.3 9.73372
      vertex 22.2 -1.87099 9.95231
    endloop
  endfacet
  facet normal 1 0 0
    outer loop
      vertex 22.2 -2.70381 11.0785
      vertex 22.2 -2.3 9.73372
      vertex 22.2 -2.3 10.8163
    endloop
  endfacet
  facet normal 1 0 0
    outer loop
      vertex 22.2 -2.70381 11.0785
      vertex 22.2 -2.70381 9.47148
      vertex 22.2 -2.3 9.73372
    endloop
  endfacet
  facet normal 1 0 0
    outer loop
      vertex 22.2 -3.078 11.3815
      vertex 22.2 -2.70381 9.47148
      vertex 22.2 -2.70381 11.0785
    endloop
  endfacet
  facet normal 1 0 0
    outer loop
      vertex 22.2 -3.078 11.3815
      vertex 22.2 -3.078 9.16847
      vertex 22.2 -2.70381 9.47148
    endloop
  endfacet
  facet normal 1 0 0
    outer loop
      vertex 22.2 -3.19647 11.5
      vertex 22.2 -3.078 9.16847
      vertex 22.2 -3.078 11.3815
    endloop
  endfacet
  facet normal 1 0 0
    outer loop
      vertex 22.2 -3.19647 11.5
      vertex 22.2 -3.41847 8.828
      vertex 22.2 -3.078 9.16847
    endloop
  endfacet
  facet normal 1 0 0
    outer loop
      vertex 22.2 -3.19647 11.5
      vertex 22.2 -3.72148 8.45381
      vertex 22.2 -3.41847 8.828
    endloop
  endfacet
  facet normal 1 0 0
    outer loop
      vertex 22.2 -3.19647 11.5
      vertex 22.2 -3.98372 8.05
      vertex 22.2 -3.72148 8.45381
    endloop
  endfacet
  facet normal 1 -0 0
    outer loop
      vertex 22.2 -11.8617 11.5
      vertex 22.2 -3.98372 8.05
      vertex 22.2 -3.19647 11.5
    endloop
  endfacet
  facet normal 1 0 0
    outer loop
      vertex 22.2 -3.98372 8.05
      vertex 22.2 -11.8617 11.5
      vertex 22.2 -4.20231 7.62099
    endloop
  endfacet
  facet normal 1 0 0
    outer loop
      vertex 22.2 -4.5748 6.23083
      vertex 22.2 -11.8617 11.5
      vertex 22.2 -4.6 5.75
    endloop
  endfacet
  facet normal 1 0 0
    outer loop
      vertex 22.2 -4.49948 6.70639
      vertex 22.2 -11.8617 11.5
      vertex 22.2 -4.5748 6.23083
    endloop
  endfacet
  facet normal 1 0 0
    outer loop
      vertex 22.2 -4.37486 7.17148
      vertex 22.2 -11.8617 11.5
      vertex 22.2 -4.49948 6.70639
    endloop
  endfacet
  facet normal 1 0 0
    outer loop
      vertex 22.2 -4.20231 7.62099
      vertex 22.2 -11.8617 11.5
      vertex 22.2 -4.37486 7.17148
    endloop
  endfacet
  facet normal 1 0 0
    outer loop
      vertex 22.2 11.8617 11.5
      vertex 22.2 4.6 5.75
      vertex 22.2 11.8617 0
    endloop
  endfacet
  facet normal 1 0 0
    outer loop
      vertex 22.2 11.8617 11.5
      vertex 22.2 4.5748 6.23083
      vertex 22.2 4.6 5.75
    endloop
  endfacet
  facet normal 1 0 0
    outer loop
      vertex 22.2 11.8617 11.5
      vertex 22.2 4.49948 6.70639
      vertex 22.2 4.5748 6.23083
    endloop
  endfacet
  facet normal 1 0 0
    outer loop
      vertex 22.2 11.8617 11.5
      vertex 22.2 4.37486 7.17148
      vertex 22.2 4.49948 6.70639
    endloop
  endfacet
  facet normal 1 0 0
    outer loop
      vertex 22.2 11.8617 11.5
      vertex 22.2 4.20231 7.62099
      vertex 22.2 4.37486 7.17148
    endloop
  endfacet
  facet normal 1 0 0
    outer loop
      vertex 22.2 11.8617 11.5
      vertex 22.2 3.98372 8.05
      vertex 22.2 4.20231 7.62099
    endloop
  endfacet
  facet normal 1 0 0
    outer loop
      vertex 22.2 11.8617 11.5
      vertex 22.2 3.72148 8.45381
      vertex 22.2 3.98372 8.05
    endloop
  endfacet
  facet normal 1 -0 0
    outer loop
      vertex 22.2 3.19647 11.5
      vertex 22.2 3.72148 8.45381
      vertex 22.2 11.8617 11.5
    endloop
  endfacet
  facet normal 1 0 0
    outer loop
      vertex 22.2 3.72148 8.45381
      vertex 22.2 3.19647 11.5
      vertex 22.2 3.41847 8.828
    endloop
  endfacet
  facet normal 1 0 0
    outer loop
      vertex 22.2 3.078 9.16847
      vertex 22.2 3.19647 11.5
      vertex 22.2 3.078 11.3815
    endloop
  endfacet
  facet normal 1 0 0
    outer loop
      vertex 22.2 3.19647 11.5
      vertex 22.2 3.078 9.16847
      vertex 22.2 3.41847 8.828
    endloop
  endfacet
  facet normal 1 -0 0
    outer loop
      vertex 22.2 2.70381 11.0785
      vertex 22.2 3.078 9.16847
      vertex 22.2 3.078 11.3815
    endloop
  endfacet
  facet normal 1 0 0
    outer loop
      vertex 22.2 2.70381 11.0785
      vertex 22.2 2.70381 9.47148
      vertex 22.2 3.078 9.16847
    endloop
  endfacet
  facet normal 1 -0 0
    outer loop
      vertex 22.2 2.3 10.8163
      vertex 22.2 2.70381 9.47148
      vertex 22.2 2.70381 11.0785
    endloop
  endfacet
  facet normal 1 0 0
    outer loop
      vertex 22.2 2.3 10.8163
      vertex 22.2 2.3 9.73372
      vertex 22.2 2.70381 9.47148
    endloop
  endfacet
  facet normal 1 -0 0
    outer loop
      vertex 22.2 1.87099 10.5977
      vertex 22.2 2.3 9.73372
      vertex 22.2 2.3 10.8163
    endloop
  endfacet
  facet normal 1 0 0
    outer loop
      vertex 22.2 1.87099 10.5977
      vertex 22.2 1.87099 9.95231
      vertex 22.2 2.3 9.73372
    endloop
  endfacet
  facet normal 1 -0 0
    outer loop
      vertex 22.2 1.42148 10.4251
      vertex 22.2 1.87099 9.95231
      vertex 22.2 1.87099 10.5977
    endloop
  endfacet
  facet normal 1 0 0
    outer loop
      vertex 22.2 1.42148 10.4251
      vertex 22.2 1.42148 10.1249
      vertex 22.2 1.87099 9.95231
    endloop
  endfacet
  facet normal 1 -0 0
    outer loop
      vertex 22.2 0.956393 10.3005
      vertex 22.2 1.42148 10.1249
      vertex 22.2 1.42148 10.4251
    endloop
  endfacet
  facet normal 1 0 0
    outer loop
      vertex 22.2 0.956393 10.3005
      vertex 22.2 0.956393 10.2495
      vertex 22.2 1.42148 10.1249
    endloop
  endfacet
  facet normal 1 0 -0
    outer loop
      vertex 22.2 0.956393 10.2495
      vertex 22.2 0.956393 10.3005
      vertex 22.2 0.795257 10.275
    endloop
  endfacet
  facet normal 1 -0 0
    outer loop
      vertex 22.2 4.5748 5.26917
      vertex 22.2 11.8617 0
      vertex 22.2 4.6 5.75
    endloop
  endfacet
  facet normal 1 -0 0
    outer loop
      vertex 22.2 4.49948 4.79361
      vertex 22.2 11.8617 0
      vertex 22.2 4.5748 5.26917
    endloop
  endfacet
  facet normal 1 -0 0
    outer loop
      vertex 22.2 4.37486 4.32852
      vertex 22.2 11.8617 0
      vertex 22.2 4.49948 4.79361
    endloop
  endfacet
  facet normal 1 -0 0
    outer loop
      vertex 22.2 4.20231 3.87901
      vertex 22.2 11.8617 0
      vertex 22.2 4.37486 4.32852
    endloop
  endfacet
  facet normal 1 -0 0
    outer loop
      vertex 22.2 3.98372 3.45
      vertex 22.2 11.8617 0
      vertex 22.2 4.20231 3.87901
    endloop
  endfacet
  facet normal 1 -0 0
    outer loop
      vertex 22.2 3.72148 3.04619
      vertex 22.2 11.8617 0
      vertex 22.2 3.98372 3.45
    endloop
  endfacet
  facet normal 1 -0 0
    outer loop
      vertex 22.2 3.41847 2.672
      vertex 22.2 11.8617 0
      vertex 22.2 3.72148 3.04619
    endloop
  endfacet
  facet normal 1 -0 0
    outer loop
      vertex 22.2 3.078 2.33153
      vertex 22.2 11.8617 0
      vertex 22.2 3.41847 2.672
    endloop
  endfacet
  facet normal 1 -0 0
    outer loop
      vertex 22.2 2.70381 2.02852
      vertex 22.2 11.8617 0
      vertex 22.2 3.078 2.33153
    endloop
  endfacet
  facet normal 1 -0 0
    outer loop
      vertex 22.2 2.3 1.76628
      vertex 22.2 11.8617 0
      vertex 22.2 2.70381 2.02852
    endloop
  endfacet
  facet normal 1 -0 0
    outer loop
      vertex 22.2 1.87099 1.54769
      vertex 22.2 11.8617 0
      vertex 22.2 2.3 1.76628
    endloop
  endfacet
  facet normal 1 -0 0
    outer loop
      vertex 22.2 1.42148 1.37514
      vertex 22.2 11.8617 0
      vertex 22.2 1.87099 1.54769
    endloop
  endfacet
  facet normal 1 -0 0
    outer loop
      vertex 22.2 0.956393 1.25052
      vertex 22.2 11.8617 0
      vertex 22.2 1.42148 1.37514
    endloop
  endfacet
  facet normal 1 -0 0
    outer loop
      vertex 22.2 0.48083 1.1752
      vertex 22.2 11.8617 0
      vertex 22.2 0.956393 1.25052
    endloop
  endfacet
  facet normal 1 -0 0
    outer loop
      vertex 22.2 0 1.15
      vertex 22.2 11.8617 0
      vertex 22.2 0.48083 1.1752
    endloop
  endfacet
  facet normal 1 0 0
    outer loop
      vertex 22.2 -11.8617 0
      vertex 22.2 0 1.15
      vertex 22.2 -0.48083 1.1752
    endloop
  endfacet
  facet normal 1 0 0
    outer loop
      vertex 22.2 -11.8617 0
      vertex 22.2 -4.6 5.75
      vertex 22.2 -11.8617 11.5
    endloop
  endfacet
  facet normal 1 0 0
    outer loop
      vertex 22.2 -4.6 5.75
      vertex 22.2 -11.8617 0
      vertex 22.2 -4.5748 5.26917
    endloop
  endfacet
  facet normal 1 0 0
    outer loop
      vertex 22.2 -4.5748 5.26917
      vertex 22.2 -11.8617 0
      vertex 22.2 -4.49948 4.79361
    endloop
  endfacet
  facet normal 1 0 0
    outer loop
      vertex 22.2 -4.49948 4.79361
      vertex 22.2 -11.8617 0
      vertex 22.2 -4.37486 4.32852
    endloop
  endfacet
  facet normal 1 0 0
    outer loop
      vertex 22.2 -4.37486 4.32852
      vertex 22.2 -11.8617 0
      vertex 22.2 -4.20231 3.87901
    endloop
  endfacet
  facet normal 1 0 0
    outer loop
      vertex 22.2 -4.20231 3.87901
      vertex 22.2 -11.8617 0
      vertex 22.2 -3.98372 3.45
    endloop
  endfacet
  facet normal 1 0 0
    outer loop
      vertex 22.2 -3.98372 3.45
      vertex 22.2 -11.8617 0
      vertex 22.2 -3.72148 3.04619
    endloop
  endfacet
  facet normal 1 0 0
    outer loop
      vertex 22.2 0 1.15
      vertex 22.2 -11.8617 0
      vertex 22.2 11.8617 0
    endloop
  endfacet
  facet normal 1 0 0
    outer loop
      vertex 22.2 -0.956393 1.25052
      vertex 22.2 -11.8617 0
      vertex 22.2 -0.48083 1.1752
    endloop
  endfacet
  facet normal 1 0 0
    outer loop
      vertex 22.2 -1.42148 1.37514
      vertex 22.2 -11.8617 0
      vertex 22.2 -0.956393 1.25052
    endloop
  endfacet
  facet normal 1 0 0
    outer loop
      vertex 22.2 -1.87099 1.54769
      vertex 22.2 -11.8617 0
      vertex 22.2 -1.42148 1.37514
    endloop
  endfacet
  facet normal 1 0 0
    outer loop
      vertex 22.2 -2.3 1.76628
      vertex 22.2 -11.8617 0
      vertex 22.2 -1.87099 1.54769
    endloop
  endfacet
  facet normal 1 0 0
    outer loop
      vertex 22.2 -2.70381 2.02852
      vertex 22.2 -11.8617 0
      vertex 22.2 -2.3 1.76628
    endloop
  endfacet
  facet normal 1 0 0
    outer loop
      vertex 22.2 -3.078 2.33153
      vertex 22.2 -11.8617 0
      vertex 22.2 -2.70381 2.02852
    endloop
  endfacet
  facet normal 1 0 0
    outer loop
      vertex 22.2 -3.41847 2.672
      vertex 22.2 -11.8617 0
      vertex 22.2 -3.078 2.33153
    endloop
  endfacet
  facet normal 1 0 0
    outer loop
      vertex 22.2 -3.72148 3.04619
      vertex 22.2 -11.8617 0
      vertex 22.2 -3.41847 2.672
    endloop
  endfacet
  facet normal -1 0 0
    outer loop
      vertex -22.2 -11.8617 0
      vertex -22.2 11.8617 11.5
      vertex -22.2 11.8617 0
    endloop
  endfacet
  facet normal -1 -0 0
    outer loop
      vertex -22.2 11.8617 11.5
      vertex -22.2 -11.8617 0
      vertex -22.2 -11.8617 11.5
    endloop
  endfacet
  facet normal 0.998629 0.0523386 0
    outer loop
      vertex 15.323 1.46946 12.7775
      vertex 15.3156 1.60974 11.5
      vertex 15.3156 1.60974 12.8911
    endloop
  endfacet
  facet normal 0.99863 0.052335 -4.00909e-007
    outer loop
      vertex 15.3345 1.25 12.6349
      vertex 15.3156 1.60974 11.5
      vertex 15.323 1.46946 12.7775
    endloop
  endfacet
  facet normal 0.99863 0.0523365 7.6751e-008
    outer loop
      vertex 15.3467 1.01684 12.5161
      vertex 15.3156 1.60974 11.5
      vertex 15.3345 1.25 12.6349
    endloop
  endfacet
  facet normal 0.99863 0.0523357 -3.53884e-007
    outer loop
      vertex 15.3595 0.772542 12.4224
      vertex 15.3156 1.60974 11.5
      vertex 15.3467 1.01684 12.5161
    endloop
  endfacet
  facet normal 0.99863 0.0523354 -7.02611e-007
    outer loop
      vertex 15.3728 0.519779 12.3546
      vertex 15.3156 1.60974 11.5
      vertex 15.3595 0.772542 12.4224
    endloop
  endfacet
  facet normal 0.99863 0.0523351 8.31073e-007
    outer loop
      vertex 15.4 0 11.5
      vertex 15.3728 0.519779 12.3546
      vertex 15.3863 0.261321 12.3137
    endloop
  endfacet
  facet normal 0.998629 0.0523415 -1.22271e-006
    outer loop
      vertex 15.4 0 11.5
      vertex 15.3863 0.261321 12.3137
      vertex 15.3916 0.159609 12.3084
    endloop
  endfacet
  facet normal 0.99863 0.0523353 -0
    outer loop
      vertex 15.4 0 11.5
      vertex 15.3916 0.159609 12.3084
      vertex 15.4 0 12.3
    endloop
  endfacet
  facet normal 0.99863 0.0523361 2.42779e-007
    outer loop
      vertex 15.3728 0.519779 12.3546
      vertex 15.4 0 11.5
      vertex 15.3156 1.60974 11.5
    endloop
  endfacet
  facet normal 0.998629 0.0523386 0
    outer loop
      vertex 15.3156 1.60974 18.1
      vertex 15.323 1.46946 16.8225
      vertex 15.3156 1.60974 16.709
    endloop
  endfacet
  facet normal 0.99863 0.052335 4.00909e-007
    outer loop
      vertex 15.3156 1.60974 18.1
      vertex 15.3345 1.25 16.9651
      vertex 15.323 1.46946 16.8225
    endloop
  endfacet
  facet normal 0.99863 0.0523365 -7.67512e-008
    outer loop
      vertex 15.3156 1.60974 18.1
      vertex 15.3467 1.01684 17.0839
      vertex 15.3345 1.25 16.9651
    endloop
  endfacet
  facet normal 0.99863 0.0523357 3.53884e-007
    outer loop
      vertex 15.3156 1.60974 18.1
      vertex 15.3595 0.772542 17.1776
      vertex 15.3467 1.01684 17.0839
    endloop
  endfacet
  facet normal 0.99863 0.0523354 7.02613e-007
    outer loop
      vertex 15.3156 1.60974 18.1
      vertex 15.3728 0.519779 17.2454
      vertex 15.3595 0.772542 17.1776
    endloop
  endfacet
  facet normal 0.99863 0.0523361 -2.4278e-007
    outer loop
      vertex 15.4 0 18.1
      vertex 15.3728 0.519779 17.2454
      vertex 15.3156 1.60974 18.1
    endloop
  endfacet
  facet normal 0.99863 0.0523351 -8.31075e-007
    outer loop
      vertex 15.3728 0.519779 17.2454
      vertex 15.4 0 18.1
      vertex 15.3863 0.261321 17.2863
    endloop
  endfacet
  facet normal 0.998629 0.0523377 0
    outer loop
      vertex 15.3863 0.261321 17.2863
      vertex 15.4 0 18.1
      vertex 15.4 0 17.3
    endloop
  endfacet
  facet normal -0.99863 0.0523361 0
    outer loop
      vertex -15.4 0 11.5
      vertex -15.3156 1.60974 18.1
      vertex -15.3156 1.60974 11.5
    endloop
  endfacet
  facet normal -0.99863 0.0523361 0
    outer loop
      vertex -15.3156 1.60974 18.1
      vertex -15.4 0 11.5
      vertex -15.4 0 18.1
    endloop
  endfacet
  facet normal 0.0523361 0.99863 -0
    outer loop
      vertex 1.60974 15.3156 11.5
      vertex 0 15.4 18.1
      vertex 1.60974 15.3156 18.1
    endloop
  endfacet
  facet normal 0.0523361 0.99863 0
    outer loop
      vertex 0 15.4 18.1
      vertex 1.60974 15.3156 11.5
      vertex 0 15.4 11.5
    endloop
  endfacet
  facet normal -0.0523361 -0.99863 0
    outer loop
      vertex -1.60974 -15.3156 11.5
      vertex 0 -15.4 18.1
      vertex -1.60974 -15.3156 18.1
    endloop
  endfacet
  facet normal -0.0523361 -0.99863 -0
    outer loop
      vertex 0 -15.4 18.1
      vertex -1.60974 -15.3156 11.5
      vertex 0 -15.4 11.5
    endloop
  endfacet
  facet normal 0.707107 0.707107 0
    outer loop
      vertex 11.4444 10.3046 18.1
      vertex 10.3046 11.4444 11.5
      vertex 10.3046 11.4444 18.1
    endloop
  endfacet
  facet normal 0.707107 0.707107 0
    outer loop
      vertex 10.3046 11.4444 11.5
      vertex 11.4444 10.3046 18.1
      vertex 11.4444 10.3046 11.5
    endloop
  endfacet
  facet normal -0.62932 0.777146 0
    outer loop
      vertex -9.05189 12.4589 11.5
      vertex -10.3046 11.4444 18.1
      vertex -9.05189 12.4589 18.1
    endloop
  endfacet
  facet normal -0.62932 0.777146 0
    outer loop
      vertex -10.3046 11.4444 18.1
      vertex -9.05189 12.4589 11.5
      vertex -10.3046 11.4444 11.5
    endloop
  endfacet
  facet normal -0.358368 0.93358 0
    outer loop
      vertex -4.75886 14.6463 11.5
      vertex -6.26374 14.0686 18.1
      vertex -4.75886 14.6463 18.1
    endloop
  endfacet
  facet normal -0.358368 0.93358 0
    outer loop
      vertex -6.26374 14.0686 18.1
      vertex -4.75886 14.6463 11.5
      vertex -6.26374 14.0686 11.5
    endloop
  endfacet
  facet normal -0.965926 -0.258819 0
    outer loop
      vertex -14.6463 -4.75886 11.5
      vertex -15.0635 -3.20184 18.1
      vertex -15.0635 -3.20184 11.5
    endloop
  endfacet
  facet normal -0.965926 -0.258819 0
    outer loop
      vertex -15.0635 -3.20184 18.1
      vertex -14.6463 -4.75886 11.5
      vertex -14.6463 -4.75886 18.1
    endloop
  endfacet
  facet normal 0.891007 0.45399 0
    outer loop
      vertex 14.0686 6.26374 18.1
      vertex 13.3368 7.7 11.5
      vertex 13.3368 7.7 18.1
    endloop
  endfacet
  facet normal 0.891007 0.45399 0
    outer loop
      vertex 13.3368 7.7 11.5
      vertex 14.0686 6.26374 18.1
      vertex 14.0686 6.26374 11.5
    endloop
  endfacet
  facet normal 0.45399 0.891007 -0
    outer loop
      vertex 7.7 13.3368 11.5
      vertex 6.26374 14.0686 18.1
      vertex 7.7 13.3368 18.1
    endloop
  endfacet
  facet normal 0.45399 0.891007 0
    outer loop
      vertex 6.26374 14.0686 18.1
      vertex 7.7 13.3368 11.5
      vertex 6.26374 14.0686 11.5
    endloop
  endfacet
  facet normal 0.544639 0.83867 -0
    outer loop
      vertex 9.05189 12.4589 11.5
      vertex 7.7 13.3368 18.1
      vertex 9.05189 12.4589 18.1
    endloop
  endfacet
  facet normal 0.544639 0.83867 0
    outer loop
      vertex 7.7 13.3368 18.1
      vertex 9.05189 12.4589 11.5
      vertex 7.7 13.3368 11.5
    endloop
  endfacet
  facet normal -0.83867 0.544639 0
    outer loop
      vertex -13.3368 7.7 11.5
      vertex -12.4589 9.05189 18.1
      vertex -12.4589 9.05189 11.5
    endloop
  endfacet
  facet normal -0.83867 0.544639 0
    outer loop
      vertex -12.4589 9.05189 18.1
      vertex -13.3368 7.7 11.5
      vertex -13.3368 7.7 18.1
    endloop
  endfacet
  facet normal -0.777146 0.62932 0
    outer loop
      vertex -12.4589 9.05189 11.5
      vertex -11.4444 10.3046 18.1
      vertex -11.4444 10.3046 11.5
    endloop
  endfacet
  facet normal -0.777146 0.62932 0
    outer loop
      vertex -11.4444 10.3046 18.1
      vertex -12.4589 9.05189 11.5
      vertex -12.4589 9.05189 18.1
    endloop
  endfacet
  facet normal -0.45399 0.891007 0
    outer loop
      vertex -6.26374 14.0686 11.5
      vertex -7.7 13.3368 18.1
      vertex -6.26374 14.0686 18.1
    endloop
  endfacet
  facet normal -0.45399 0.891007 0
    outer loop
      vertex -7.7 13.3368 18.1
      vertex -6.26374 14.0686 11.5
      vertex -7.7 13.3368 11.5
    endloop
  endfacet
  facet normal -0.156434 0.987688 0
    outer loop
      vertex -1.60974 15.3156 11.5
      vertex -3.20184 15.0635 18.1
      vertex -1.60974 15.3156 18.1
    endloop
  endfacet
  facet normal -0.156434 0.987688 0
    outer loop
      vertex -3.20184 15.0635 18.1
      vertex -1.60974 15.3156 11.5
      vertex -3.20184 15.0635 11.5
    endloop
  endfacet
  facet normal 0.891007 -0.45399 0
    outer loop
      vertex 13.3368 -7.7 18.1
      vertex 14.0686 -6.26374 11.5
      vertex 14.0686 -6.26374 18.1
    endloop
  endfacet
  facet normal 0.891007 -0.45399 0
    outer loop
      vertex 14.0686 -6.26374 11.5
      vertex 13.3368 -7.7 18.1
      vertex 13.3368 -7.7 11.5
    endloop
  endfacet
  facet normal 0.258819 -0.965926 0
    outer loop
      vertex 3.20184 -15.0635 11.5
      vertex 4.75886 -14.6463 18.1
      vertex 3.20184 -15.0635 18.1
    endloop
  endfacet
  facet normal 0.258819 -0.965926 0
    outer loop
      vertex 4.75886 -14.6463 18.1
      vertex 3.20184 -15.0635 11.5
      vertex 4.75886 -14.6463 11.5
    endloop
  endfacet
  facet normal 0.707107 -0.707107 0
    outer loop
      vertex 10.3046 -11.4444 18.1
      vertex 11.4444 -10.3046 11.5
      vertex 11.4444 -10.3046 18.1
    endloop
  endfacet
  facet normal 0.707107 -0.707107 0
    outer loop
      vertex 11.4444 -10.3046 11.5
      vertex 10.3046 -11.4444 18.1
      vertex 10.3046 -11.4444 11.5
    endloop
  endfacet
  facet normal 0.965926 -0.258819 0
    outer loop
      vertex 14.6463 -4.75886 18.1
      vertex 15.0635 -3.20184 11.5
      vertex 15.0635 -3.20184 18.1
    endloop
  endfacet
  facet normal 0.965926 -0.258819 0
    outer loop
      vertex 15.0635 -3.20184 11.5
      vertex 14.6463 -4.75886 18.1
      vertex 14.6463 -4.75886 11.5
    endloop
  endfacet
  facet normal -0.358368 -0.93358 0
    outer loop
      vertex -6.26374 -14.0686 11.5
      vertex -4.75886 -14.6463 18.1
      vertex -6.26374 -14.0686 18.1
    endloop
  endfacet
  facet normal -0.358368 -0.93358 -0
    outer loop
      vertex -4.75886 -14.6463 18.1
      vertex -6.26374 -14.0686 11.5
      vertex -4.75886 -14.6463 11.5
    endloop
  endfacet
  facet normal -0.891007 -0.45399 0
    outer loop
      vertex -13.3368 -7.7 11.5
      vertex -14.0686 -6.26374 18.1
      vertex -14.0686 -6.26374 11.5
    endloop
  endfacet
  facet normal -0.891007 -0.45399 0
    outer loop
      vertex -14.0686 -6.26374 18.1
      vertex -13.3368 -7.7 11.5
      vertex -13.3368 -7.7 18.1
    endloop
  endfacet
  facet normal -0.83867 -0.544639 0
    outer loop
      vertex -12.4589 -9.05189 11.5
      vertex -13.3368 -7.7 18.1
      vertex -13.3368 -7.7 11.5
    endloop
  endfacet
  facet normal -0.83867 -0.544639 0
    outer loop
      vertex -13.3368 -7.7 18.1
      vertex -12.4589 -9.05189 11.5
      vertex -12.4589 -9.05189 18.1
    endloop
  endfacet
  facet normal 0.965926 0.258819 0
    outer loop
      vertex 15.0635 3.20184 18.1
      vertex 14.6463 4.75886 11.5
      vertex 14.6463 4.75886 18.1
    endloop
  endfacet
  facet normal 0.965926 0.258819 0
    outer loop
      vertex 14.6463 4.75886 11.5
      vertex 15.0635 3.20184 18.1
      vertex 15.0635 3.20184 11.5
    endloop
  endfacet
  facet normal 0.987688 0.156434 0
    outer loop
      vertex 15.0635 3.20184 18.1
      vertex 15.1746 2.5 14.8
      vertex 15.0635 3.20184 11.5
    endloop
  endfacet
  facet normal 0.987687 0.15644 -1.28551e-006
    outer loop
      vertex 15.0635 3.20184 18.1
      vertex 15.1768 2.4863 15.0613
      vertex 15.1746 2.5 14.8
    endloop
  endfacet
  facet normal 0.987689 0.15643 1.10855e-006
    outer loop
      vertex 15.0635 3.20184 18.1
      vertex 15.1833 2.44537 15.3198
      vertex 15.1768 2.4863 15.0613
    endloop
  endfacet
  facet normal 0.987689 0.156433 2.35703e-007
    outer loop
      vertex 15.0635 3.20184 18.1
      vertex 15.194 2.37764 15.5725
      vertex 15.1833 2.44537 15.3198
    endloop
  endfacet
  facet normal 0.987688 0.156437 -1.1081e-006
    outer loop
      vertex 15.0635 3.20184 18.1
      vertex 15.2089 2.28386 15.8168
      vertex 15.194 2.37764 15.5725
    endloop
  endfacet
  facet normal 0.987689 0.156431 1.60673e-006
    outer loop
      vertex 15.0635 3.20184 18.1
      vertex 15.2202 2.21211 15.9577
      vertex 15.2089 2.28386 15.8168
    endloop
  endfacet
  facet normal 0.987688 0.156439 -2.11374e-006
    outer loop
      vertex 15.0635 3.20184 18.1
      vertex 15.2277 2.16506 16.05
      vertex 15.2202 2.21211 15.9577
    endloop
  endfacet
  facet normal 0.987689 0.156432 1.46556e-006
    outer loop
      vertex 15.0635 3.20184 18.1
      vertex 15.2366 2.10871 16.1368
      vertex 15.2277 2.16506 16.05
    endloop
  endfacet
  facet normal 0.987689 0.156433 9.34181e-007
    outer loop
      vertex 15.0635 3.20184 18.1
      vertex 15.2503 2.02254 16.2695
      vertex 15.2366 2.10871 16.1368
    endloop
  endfacet
  facet normal 0.987688 0.156435 -5.03932e-007
    outer loop
      vertex 15.0635 3.20184 18.1
      vertex 15.2763 1.85786 16.4728
      vertex 15.2503 2.02254 16.2695
    endloop
  endfacet
  facet normal 0.987689 0.156433 7.76014e-007
    outer loop
      vertex 15.0635 3.20184 18.1
      vertex 15.3056 1.67283 16.6579
      vertex 15.2763 1.85786 16.4728
    endloop
  endfacet
  facet normal 0.987688 0.156434 -2.65703e-007
    outer loop
      vertex 15.3156 1.60974 18.1
      vertex 15.3056 1.67283 16.6579
      vertex 15.0635 3.20184 18.1
    endloop
  endfacet
  facet normal 0.987687 0.15644 0
    outer loop
      vertex 15.3056 1.67283 16.6579
      vertex 15.3156 1.60974 18.1
      vertex 15.3156 1.60974 16.709
    endloop
  endfacet
  facet normal 0.987687 0.15644 1.28551e-006
    outer loop
      vertex 15.1768 2.4863 14.5387
      vertex 15.0635 3.20184 11.5
      vertex 15.1746 2.5 14.8
    endloop
  endfacet
  facet normal 0.987689 0.15643 -1.10855e-006
    outer loop
      vertex 15.1833 2.44537 14.2802
      vertex 15.0635 3.20184 11.5
      vertex 15.1768 2.4863 14.5387
    endloop
  endfacet
  facet normal 0.987689 0.156433 -2.35703e-007
    outer loop
      vertex 15.194 2.37764 14.0275
      vertex 15.0635 3.20184 11.5
      vertex 15.1833 2.44537 14.2802
    endloop
  endfacet
  facet normal 0.987688 0.156437 1.1081e-006
    outer loop
      vertex 15.2089 2.28386 13.7832
      vertex 15.0635 3.20184 11.5
      vertex 15.194 2.37764 14.0275
    endloop
  endfacet
  facet normal 0.987689 0.156428 -2.87419e-006
    outer loop
      vertex 15.2163 2.2368 13.6908
      vertex 15.0635 3.20184 11.5
      vertex 15.2089 2.28386 13.7832
    endloop
  endfacet
  facet normal 0.987688 0.156438 1.71174e-006
    outer loop
      vertex 15.2277 2.16506 13.55
      vertex 15.0635 3.20184 11.5
      vertex 15.2163 2.2368 13.6908
    endloop
  endfacet
  facet normal 0.987689 0.15643 -2.31205e-006
    outer loop
      vertex 15.2413 2.07886 13.4173
      vertex 15.0635 3.20184 11.5
      vertex 15.2277 2.16506 13.55
    endloop
  endfacet
  facet normal 0.987688 0.156435 8.43248e-007
    outer loop
      vertex 15.2503 2.02254 13.3305
      vertex 15.0635 3.20184 11.5
      vertex 15.2413 2.07886 13.4173
    endloop
  endfacet
  facet normal 0.987688 0.156435 5.03932e-007
    outer loop
      vertex 15.2763 1.85786 13.1272
      vertex 15.0635 3.20184 11.5
      vertex 15.2503 2.02254 13.3305
    endloop
  endfacet
  facet normal 0.987689 0.156433 -7.76014e-007
    outer loop
      vertex 15.3056 1.67283 12.9421
      vertex 15.0635 3.20184 11.5
      vertex 15.2763 1.85786 13.1272
    endloop
  endfacet
  facet normal 0.987687 0.15644 -0
    outer loop
      vertex 15.3156 1.60974 11.5
      vertex 15.3056 1.67283 12.9421
      vertex 15.3156 1.60974 12.8911
    endloop
  endfacet
  facet normal 0.987688 0.156434 2.65703e-007
    outer loop
      vertex 15.3056 1.67283 12.9421
      vertex 15.3156 1.60974 11.5
      vertex 15.0635 3.20184 11.5
    endloop
  endfacet
  facet normal 0.93358 0.358368 0
    outer loop
      vertex 14.6463 4.75886 18.1
      vertex 14.0686 6.26374 11.5
      vertex 14.0686 6.26374 18.1
    endloop
  endfacet
  facet normal 0.93358 0.358368 0
    outer loop
      vertex 14.0686 6.26374 11.5
      vertex 14.6463 4.75886 18.1
      vertex 14.6463 4.75886 11.5
    endloop
  endfacet
  facet normal 0.777146 0.62932 0
    outer loop
      vertex 12.4589 9.05189 18.1
      vertex 11.4444 10.3046 11.5
      vertex 11.4444 10.3046 18.1
    endloop
  endfacet
  facet normal 0.777146 0.62932 0
    outer loop
      vertex 11.4444 10.3046 11.5
      vertex 12.4589 9.05189 18.1
      vertex 12.4589 9.05189 11.5
    endloop
  endfacet
  facet normal 0.83867 0.544639 0
    outer loop
      vertex 13.3368 7.7 18.1
      vertex 12.4589 9.05189 11.5
      vertex 12.4589 9.05189 18.1
    endloop
  endfacet
  facet normal 0.83867 0.544639 0
    outer loop
      vertex 12.4589 9.05189 11.5
      vertex 13.3368 7.7 18.1
      vertex 13.3368 7.7 11.5
    endloop
  endfacet
  facet normal 0.258819 0.965926 -0
    outer loop
      vertex 4.75886 14.6463 11.5
      vertex 3.20184 15.0635 18.1
      vertex 4.75886 14.6463 18.1
    endloop
  endfacet
  facet normal 0.258819 0.965926 0
    outer loop
      vertex 3.20184 15.0635 18.1
      vertex 4.75886 14.6463 11.5
      vertex 3.20184 15.0635 11.5
    endloop
  endfacet
  facet normal 0.156434 0.987688 -0
    outer loop
      vertex 3.20184 15.0635 11.5
      vertex 1.60974 15.3156 18.1
      vertex 3.20184 15.0635 18.1
    endloop
  endfacet
  facet normal 0.156434 0.987688 0
    outer loop
      vertex 1.60974 15.3156 18.1
      vertex 3.20184 15.0635 11.5
      vertex 1.60974 15.3156 11.5
    endloop
  endfacet
  facet normal 0.62932 0.777146 -0
    outer loop
      vertex 10.3046 11.4444 11.5
      vertex 9.05189 12.4589 18.1
      vertex 10.3046 11.4444 18.1
    endloop
  endfacet
  facet normal 0.62932 0.777146 0
    outer loop
      vertex 9.05189 12.4589 18.1
      vertex 10.3046 11.4444 11.5
      vertex 9.05189 12.4589 11.5
    endloop
  endfacet
  facet normal -0.965926 0.258819 0
    outer loop
      vertex -15.0635 3.20184 11.5
      vertex -14.6463 4.75886 18.1
      vertex -14.6463 4.75886 11.5
    endloop
  endfacet
  facet normal -0.965926 0.258819 0
    outer loop
      vertex -14.6463 4.75886 18.1
      vertex -15.0635 3.20184 11.5
      vertex -15.0635 3.20184 18.1
    endloop
  endfacet
  facet normal -0.891007 0.45399 0
    outer loop
      vertex -14.0686 6.26374 11.5
      vertex -13.3368 7.7 18.1
      vertex -13.3368 7.7 11.5
    endloop
  endfacet
  facet normal -0.891007 0.45399 0
    outer loop
      vertex -13.3368 7.7 18.1
      vertex -14.0686 6.26374 11.5
      vertex -14.0686 6.26374 18.1
    endloop
  endfacet
  facet normal -0.987688 0.156434 0
    outer loop
      vertex -15.3156 1.60974 11.5
      vertex -15.0635 3.20184 18.1
      vertex -15.0635 3.20184 11.5
    endloop
  endfacet
  facet normal -0.987688 0.156434 0
    outer loop
      vertex -15.0635 3.20184 18.1
      vertex -15.3156 1.60974 11.5
      vertex -15.3156 1.60974 18.1
    endloop
  endfacet
  facet normal 0 0 1
    outer loop
      vertex 10.3046 11.4444 18.1
      vertex 5.75452 6.39104 18.1
      vertex 6.1 6.04557 18.1
    endloop
  endfacet
  facet normal 0 0 1
    outer loop
      vertex 7.7 13.3368 18.1
      vertex 5.05495 6.95755 18.1
      vertex 5.75452 6.39104 18.1
    endloop
  endfacet
  facet normal 0 0 1
    outer loop
      vertex 3.49793 7.85649 18.1
      vertex 6.26374 14.0686 18.1
      vertex 4.75886 14.6463 18.1
    endloop
  endfacet
  facet normal 0 0 1
    outer loop
      vertex 7.7 13.3368 18.1
      vertex 4.3 7.44782 18.1
      vertex 5.05495 6.95755 18.1
    endloop
  endfacet
  facet normal 0 0 1
    outer loop
      vertex 6.26374 14.0686 18.1
      vertex 3.49793 7.85649 18.1
      vertex 4.3 7.44782 18.1
    endloop
  endfacet
  facet normal 0 0 1
    outer loop
      vertex 2.65755 8.17909 18.1
      vertex 4.75886 14.6463 18.1
      vertex 3.20184 15.0635 18.1
    endloop
  endfacet
  facet normal 0 0 1
    outer loop
      vertex 4.75886 14.6463 18.1
      vertex 2.65755 8.17909 18.1
      vertex 3.49793 7.85649 18.1
    endloop
  endfacet
  facet normal 0 0 1
    outer loop
      vertex 3.20184 15.0635 18.1
      vertex 1.78804 8.41207 18.1
      vertex 2.65755 8.17909 18.1
    endloop
  endfacet
  facet normal 0 0 1
    outer loop
      vertex 1.60974 15.3156 18.1
      vertex 1.78804 8.41207 18.1
      vertex 3.20184 15.0635 18.1
    endloop
  endfacet
  facet normal 0 0 1
    outer loop
      vertex 1.60974 15.3156 18.1
      vertex 0.898944 8.55289 18.1
      vertex 1.78804 8.41207 18.1
    endloop
  endfacet
  facet normal 0 0 1
    outer loop
      vertex 0 15.4 18.1
      vertex 0.898944 8.55289 18.1
      vertex 1.60974 15.3156 18.1
    endloop
  endfacet
  facet normal 0 0 1
    outer loop
      vertex 0 15.4 18.1
      vertex 0 8.6 18.1
      vertex 0.898944 8.55289 18.1
    endloop
  endfacet
  facet normal 0 0 1
    outer loop
      vertex 0 15.4 18.1
      vertex -0.898944 8.55289 18.1
      vertex 0 8.6 18.1
    endloop
  endfacet
  facet normal -0 0 1
    outer loop
      vertex -1.60974 15.3156 18.1
      vertex -0.898944 8.55289 18.1
      vertex 0 15.4 18.1
    endloop
  endfacet
  facet normal 0 0 1
    outer loop
      vertex -1.60974 15.3156 18.1
      vertex -1.78804 8.41207 18.1
      vertex -0.898944 8.55289 18.1
    endloop
  endfacet
  facet normal -0 0 1
    outer loop
      vertex -3.20184 15.0635 18.1
      vertex -1.78804 8.41207 18.1
      vertex -1.60974 15.3156 18.1
    endloop
  endfacet
  facet normal 0 0 1
    outer loop
      vertex -1.78804 8.41207 18.1
      vertex -3.20184 15.0635 18.1
      vertex -2.65755 8.17909 18.1
    endloop
  endfacet
  facet normal -0 0 1
    outer loop
      vertex -4.75886 14.6463 18.1
      vertex -2.65755 8.17909 18.1
      vertex -3.20184 15.0635 18.1
    endloop
  endfacet
  facet normal 0 0 1
    outer loop
      vertex -2.65755 8.17909 18.1
      vertex -4.75886 14.6463 18.1
      vertex -3.49793 7.85649 18.1
    endloop
  endfacet
  facet normal -0 0 1
    outer loop
      vertex -6.26374 14.0686 18.1
      vertex -3.49793 7.85649 18.1
      vertex -4.75886 14.6463 18.1
    endloop
  endfacet
  facet normal 0 0 1
    outer loop
      vertex -3.49793 7.85649 18.1
      vertex -6.26374 14.0686 18.1
      vertex -4.3 7.44782 18.1
    endloop
  endfacet
  facet normal -0 0 1
    outer loop
      vertex -7.7 13.3368 18.1
      vertex -4.3 7.44782 18.1
      vertex -6.26374 14.0686 18.1
    endloop
  endfacet
  facet normal 0 0 1
    outer loop
      vertex -4.3 7.44782 18.1
      vertex -7.7 13.3368 18.1
      vertex -5.05495 6.95755 18.1
    endloop
  endfacet
  facet normal 0 0 1
    outer loop
      vertex -5.05495 6.95755 18.1
      vertex -9.05189 12.4589 18.1
      vertex -5.75452 6.39104 18.1
    endloop
  endfacet
  facet normal -0 0 1
    outer loop
      vertex -9.05189 12.4589 18.1
      vertex -5.05495 6.95755 18.1
      vertex -7.7 13.3368 18.1
    endloop
  endfacet
  facet normal 0 0 1
    outer loop
      vertex 10.5 2.25167 18.1
      vertex 15.4 0 18.1
      vertex 15.3156 1.60974 18.1
    endloop
  endfacet
  facet normal -0 0 1
    outer loop
      vertex 10.5 2.25167 18.1
      vertex 15.3156 1.60974 18.1
      vertex 15.0635 3.20184 18.1
    endloop
  endfacet
  facet normal 0 0 1
    outer loop
      vertex 10.5 -2.25167 18.1
      vertex 15.4 0 18.1
      vertex 10.5 2.25167 18.1
    endloop
  endfacet
  facet normal 0 0 1
    outer loop
      vertex 10.5 2.25167 18.1
      vertex 15.0635 3.20184 18.1
      vertex 14.6463 4.75886 18.1
    endloop
  endfacet
  facet normal 0 0 1
    outer loop
      vertex 15.4 0 18.1
      vertex 10.5 -2.25167 18.1
      vertex 15.3156 -1.60974 18.1
    endloop
  endfacet
  facet normal 0 0 1
    outer loop
      vertex 10.5 2.25167 18.1
      vertex 14.6463 4.75886 18.1
      vertex 14.0686 6.26374 18.1
    endloop
  endfacet
  facet normal 0 0 1
    outer loop
      vertex 15.3156 -1.60974 18.1
      vertex 10.5 -2.25167 18.1
      vertex 15.0635 -3.20184 18.1
    endloop
  endfacet
  facet normal 0 0 1
    outer loop
      vertex 10.5 2.25167 18.1
      vertex 14.0686 6.26374 18.1
      vertex 13.3368 7.7 18.1
    endloop
  endfacet
  facet normal 0 0 1
    outer loop
      vertex 15.0635 -3.20184 18.1
      vertex 10.5 -2.25167 18.1
      vertex 14.6463 -4.75886 18.1
    endloop
  endfacet
  facet normal 0 0 1
    outer loop
      vertex 6.1 6.04557 18.1
      vertex 13.3368 7.7 18.1
      vertex 12.4589 9.05189 18.1
    endloop
  endfacet
  facet normal 0 0 1
    outer loop
      vertex 14.6463 -4.75886 18.1
      vertex 10.5 -2.25167 18.1
      vertex 14.0686 -6.26374 18.1
    endloop
  endfacet
  facet normal 0 0 1
    outer loop
      vertex 6.1 6.04557 18.1
      vertex 12.4589 9.05189 18.1
      vertex 11.4444 10.3046 18.1
    endloop
  endfacet
  facet normal 0 0 1
    outer loop
      vertex 14.0686 -6.26374 18.1
      vertex 10.5 -2.25167 18.1
      vertex 13.3368 -7.7 18.1
    endloop
  endfacet
  facet normal -0 0 1
    outer loop
      vertex 6.1 -6.04557 18.1
      vertex 13.3368 -7.7 18.1
      vertex 10.5 -2.25167 18.1
    endloop
  endfacet
  facet normal 0 0 1
    outer loop
      vertex 6.1 6.04557 18.1
      vertex 11.4444 10.3046 18.1
      vertex 10.3046 11.4444 18.1
    endloop
  endfacet
  facet normal 0 0 1
    outer loop
      vertex 5.75452 6.39104 18.1
      vertex 10.3046 11.4444 18.1
      vertex 9.05189 12.4589 18.1
    endloop
  endfacet
  facet normal 0 0 1
    outer loop
      vertex 5.75452 6.39104 18.1
      vertex 9.05189 12.4589 18.1
      vertex 7.7 13.3368 18.1
    endloop
  endfacet
  facet normal 0 0 1
    outer loop
      vertex 4.3 7.44782 18.1
      vertex 7.7 13.3368 18.1
      vertex 6.26374 14.0686 18.1
    endloop
  endfacet
  facet normal 0 0 1
    outer loop
      vertex 13.3368 7.7 18.1
      vertex 6.1 6.04557 18.1
      vertex 10.5 2.25167 18.1
    endloop
  endfacet
  facet normal 0 0 1
    outer loop
      vertex 10.5 2.25167 18.1
      vertex 6.1 6.04557 18.1
      vertex 6.1 2.25167 18.1
    endloop
  endfacet
  facet normal 0 0 1
    outer loop
      vertex 13.3368 -7.7 18.1
      vertex 6.1 -6.04557 18.1
      vertex 12.4589 -9.05189 18.1
    endloop
  endfacet
  facet normal 0 0 1
    outer loop
      vertex 12.4589 -9.05189 18.1
      vertex 6.1 -6.04557 18.1
      vertex 11.4444 -10.3046 18.1
    endloop
  endfacet
  facet normal 0 0 1
    outer loop
      vertex 11.4444 -10.3046 18.1
      vertex 6.1 -6.04557 18.1
      vertex 10.3046 -11.4444 18.1
    endloop
  endfacet
  facet normal -0 0 1
    outer loop
      vertex 5.75452 -6.39104 18.1
      vertex 10.3046 -11.4444 18.1
      vertex 6.1 -6.04557 18.1
    endloop
  endfacet
  facet normal 0 0 1
    outer loop
      vertex 10.3046 -11.4444 18.1
      vertex 5.75452 -6.39104 18.1
      vertex 9.05189 -12.4589 18.1
    endloop
  endfacet
  facet normal 0 0 1
    outer loop
      vertex 6.1 -6.04557 18.1
      vertex 10.5 -2.25167 18.1
      vertex 6.1 -2.25167 18.1
    endloop
  endfacet
  facet normal -0 0 1
    outer loop
      vertex 5.05495 -6.95755 18.1
      vertex 9.05189 -12.4589 18.1
      vertex 5.75452 -6.39104 18.1
    endloop
  endfacet
  facet normal 0 0 1
    outer loop
      vertex 9.05189 -12.4589 18.1
      vertex 5.05495 -6.95755 18.1
      vertex 7.7 -13.3368 18.1
    endloop
  endfacet
  facet normal -0 0 1
    outer loop
      vertex 4.3 -7.44782 18.1
      vertex 7.7 -13.3368 18.1
      vertex 5.05495 -6.95755 18.1
    endloop
  endfacet
  facet normal 0 0 1
    outer loop
      vertex 7.7 -13.3368 18.1
      vertex 4.3 -7.44782 18.1
      vertex 6.26374 -14.0686 18.1
    endloop
  endfacet
  facet normal -0 0 1
    outer loop
      vertex 3.49793 -7.85649 18.1
      vertex 6.26374 -14.0686 18.1
      vertex 4.3 -7.44782 18.1
    endloop
  endfacet
  facet normal 0 0 1
    outer loop
      vertex 6.26374 -14.0686 18.1
      vertex 3.49793 -7.85649 18.1
      vertex 4.75886 -14.6463 18.1
    endloop
  endfacet
  facet normal -0 0 1
    outer loop
      vertex 2.65755 -8.17909 18.1
      vertex 4.75886 -14.6463 18.1
      vertex 3.49793 -7.85649 18.1
    endloop
  endfacet
  facet normal 0 0 1
    outer loop
      vertex 4.75886 -14.6463 18.1
      vertex 2.65755 -8.17909 18.1
      vertex 3.20184 -15.0635 18.1
    endloop
  endfacet
  facet normal -0 0 1
    outer loop
      vertex 1.78804 -8.41207 18.1
      vertex 3.20184 -15.0635 18.1
      vertex 2.65755 -8.17909 18.1
    endloop
  endfacet
  facet normal 0 0 1
    outer loop
      vertex 1.78804 -8.41207 18.1
      vertex 1.60974 -15.3156 18.1
      vertex 3.20184 -15.0635 18.1
    endloop
  endfacet
  facet normal -0 0 1
    outer loop
      vertex 0.898944 -8.55289 18.1
      vertex 1.60974 -15.3156 18.1
      vertex 1.78804 -8.41207 18.1
    endloop
  endfacet
  facet normal -0 0 1
    outer loop
      vertex 0 -8.6 18.1
      vertex 1.60974 -15.3156 18.1
      vertex 0.898944 -8.55289 18.1
    endloop
  endfacet
  facet normal 0 0 1
    outer loop
      vertex 0 -8.6 18.1
      vertex 0 -15.4 18.1
      vertex 1.60974 -15.3156 18.1
    endloop
  endfacet
  facet normal 0 0 1
    outer loop
      vertex -0.898944 -8.55289 18.1
      vertex 0 -15.4 18.1
      vertex 0 -8.6 18.1
    endloop
  endfacet
  facet normal 0 0 1
    outer loop
      vertex -0.898944 -8.55289 18.1
      vertex -1.60974 -15.3156 18.1
      vertex 0 -15.4 18.1
    endloop
  endfacet
  facet normal 0 0 1
    outer loop
      vertex -1.78804 -8.41207 18.1
      vertex -1.60974 -15.3156 18.1
      vertex -0.898944 -8.55289 18.1
    endloop
  endfacet
  facet normal 0 0 1
    outer loop
      vertex -3.20184 -15.0635 18.1
      vertex -1.78804 -8.41207 18.1
      vertex -2.65755 -8.17909 18.1
    endloop
  endfacet
  facet normal 0 0 1
    outer loop
      vertex -1.78804 -8.41207 18.1
      vertex -3.20184 -15.0635 18.1
      vertex -1.60974 -15.3156 18.1
    endloop
  endfacet
  facet normal 0 0 1
    outer loop
      vertex -4.75886 -14.6463 18.1
      vertex -2.65755 -8.17909 18.1
      vertex -3.49793 -7.85649 18.1
    endloop
  endfacet
  facet normal 0 0 1
    outer loop
      vertex -6.26374 -14.0686 18.1
      vertex -3.49793 -7.85649 18.1
      vertex -4.3 -7.44782 18.1
    endloop
  endfacet
  facet normal 0 0 1
    outer loop
      vertex -2.65755 -8.17909 18.1
      vertex -4.75886 -14.6463 18.1
      vertex -3.20184 -15.0635 18.1
    endloop
  endfacet
  facet normal 0 0 1
    outer loop
      vertex -7.7 -13.3368 18.1
      vertex -4.3 -7.44782 18.1
      vertex -5.05495 -6.95755 18.1
    endloop
  endfacet
  facet normal 0 0 1
    outer loop
      vertex -9.05189 -12.4589 18.1
      vertex -5.05495 -6.95755 18.1
      vertex -5.75452 -6.39104 18.1
    endloop
  endfacet
  facet normal 0 0 1
    outer loop
      vertex -10.3046 -11.4444 18.1
      vertex -5.75452 -6.39104 18.1
      vertex -6.1 -6.04557 18.1
    endloop
  endfacet
  facet normal 0 0 1
    outer loop
      vertex -3.49793 -7.85649 18.1
      vertex -6.26374 -14.0686 18.1
      vertex -4.75886 -14.6463 18.1
    endloop
  endfacet
  facet normal -0 0 1
    outer loop
      vertex -10.3046 11.4444 18.1
      vertex -5.75452 6.39104 18.1
      vertex -9.05189 12.4589 18.1
    endloop
  endfacet
  facet normal 0 0 1
    outer loop
      vertex -5.75452 6.39104 18.1
      vertex -10.3046 11.4444 18.1
      vertex -6.1 6.04557 18.1
    endloop
  endfacet
  facet normal 0 0 1
    outer loop
      vertex -4.3 -7.44782 18.1
      vertex -7.7 -13.3368 18.1
      vertex -6.26374 -14.0686 18.1
    endloop
  endfacet
  facet normal -0 0 1
    outer loop
      vertex -11.4444 10.3046 18.1
      vertex -6.1 6.04557 18.1
      vertex -10.3046 11.4444 18.1
    endloop
  endfacet
  facet normal 0 0 1
    outer loop
      vertex -5.05495 -6.95755 18.1
      vertex -9.05189 -12.4589 18.1
      vertex -7.7 -13.3368 18.1
    endloop
  endfacet
  facet normal -0 0 1
    outer loop
      vertex -12.4589 9.05189 18.1
      vertex -6.1 6.04557 18.1
      vertex -11.4444 10.3046 18.1
    endloop
  endfacet
  facet normal 0 0 1
    outer loop
      vertex -5.75452 -6.39104 18.1
      vertex -10.3046 -11.4444 18.1
      vertex -9.05189 -12.4589 18.1
    endloop
  endfacet
  facet normal -0 0 1
    outer loop
      vertex -13.3368 7.7 18.1
      vertex -6.1 6.04557 18.1
      vertex -12.4589 9.05189 18.1
    endloop
  endfacet
  facet normal 0 0 1
    outer loop
      vertex -6.1 -6.04557 18.1
      vertex -11.4444 -10.3046 18.1
      vertex -10.3046 -11.4444 18.1
    endloop
  endfacet
  facet normal -0 0 1
    outer loop
      vertex -14.0686 6.26374 18.1
      vertex -6.1 6.04557 18.1
      vertex -13.3368 7.7 18.1
    endloop
  endfacet
  facet normal 0 0 1
    outer loop
      vertex -6.1 -6.04557 18.1
      vertex -12.4589 -9.05189 18.1
      vertex -11.4444 -10.3046 18.1
    endloop
  endfacet
  facet normal 0 0 1
    outer loop
      vertex -14.6463 4.75886 18.1
      vertex -6.1 6.04557 18.1
      vertex -14.0686 6.26374 18.1
    endloop
  endfacet
  facet normal 0 0 1
    outer loop
      vertex -6.1 -6.04557 18.1
      vertex -13.3368 -7.7 18.1
      vertex -12.4589 -9.05189 18.1
    endloop
  endfacet
  facet normal 0 0 1
    outer loop
      vertex -15.0635 3.20184 18.1
      vertex -6.1 6.04557 18.1
      vertex -14.6463 4.75886 18.1
    endloop
  endfacet
  facet normal 0 0 1
    outer loop
      vertex -6.1 -6.04557 18.1
      vertex -14.0686 -6.26374 18.1
      vertex -13.3368 -7.7 18.1
    endloop
  endfacet
  facet normal 0 0 1
    outer loop
      vertex -15.3156 1.60974 18.1
      vertex -6.1 6.04557 18.1
      vertex -15.0635 3.20184 18.1
    endloop
  endfacet
  facet normal 0 0 1
    outer loop
      vertex -6.1 -6.04557 18.1
      vertex -14.6463 -4.75886 18.1
      vertex -14.0686 -6.26374 18.1
    endloop
  endfacet
  facet normal 0 0 1
    outer loop
      vertex -15.4 0 18.1
      vertex -6.1 6.04557 18.1
      vertex -15.3156 1.60974 18.1
    endloop
  endfacet
  facet normal 0 0 1
    outer loop
      vertex -6.1 -6.04557 18.1
      vertex -15.0635 -3.20184 18.1
      vertex -14.6463 -4.75886 18.1
    endloop
  endfacet
  facet normal 0 0 1
    outer loop
      vertex -6.1 6.04557 18.1
      vertex -15.4 0 18.1
      vertex -6.1 -6.04557 18.1
    endloop
  endfacet
  facet normal 0 0 1
    outer loop
      vertex -6.1 -6.04557 18.1
      vertex -15.3156 -1.60974 18.1
      vertex -15.0635 -3.20184 18.1
    endloop
  endfacet
  facet normal 0 0 1
    outer loop
      vertex -6.1 -6.04557 18.1
      vertex -15.4 0 18.1
      vertex -15.3156 -1.60974 18.1
    endloop
  endfacet
  facet normal -0.544639 0.83867 0
    outer loop
      vertex -7.7 13.3368 11.5
      vertex -9.05189 12.4589 18.1
      vertex -7.7 13.3368 18.1
    endloop
  endfacet
  facet normal -0.544639 0.83867 0
    outer loop
      vertex -9.05189 12.4589 18.1
      vertex -7.7 13.3368 11.5
      vertex -9.05189 12.4589 11.5
    endloop
  endfacet
  facet normal -0.258819 0.965926 0
    outer loop
      vertex -3.20184 15.0635 11.5
      vertex -4.75886 14.6463 18.1
      vertex -3.20184 15.0635 18.1
    endloop
  endfacet
  facet normal -0.258819 0.965926 0
    outer loop
      vertex -4.75886 14.6463 18.1
      vertex -3.20184 15.0635 11.5
      vertex -4.75886 14.6463 11.5
    endloop
  endfacet
  facet normal -0.0523361 0.99863 0
    outer loop
      vertex 0 15.4 11.5
      vertex -1.60974 15.3156 18.1
      vertex 0 15.4 18.1
    endloop
  endfacet
  facet normal -0.0523361 0.99863 0
    outer loop
      vertex -1.60974 15.3156 18.1
      vertex 0 15.4 11.5
      vertex -1.60974 15.3156 11.5
    endloop
  endfacet
  facet normal 0.0523361 -0.99863 0
    outer loop
      vertex 0 -15.4 11.5
      vertex 1.60974 -15.3156 18.1
      vertex 0 -15.4 18.1
    endloop
  endfacet
  facet normal 0.0523361 -0.99863 0
    outer loop
      vertex 1.60974 -15.3156 18.1
      vertex 0 -15.4 11.5
      vertex 1.60974 -15.3156 11.5
    endloop
  endfacet
  facet normal 0.45399 -0.891007 0
    outer loop
      vertex 6.26374 -14.0686 11.5
      vertex 7.7 -13.3368 18.1
      vertex 6.26374 -14.0686 18.1
    endloop
  endfacet
  facet normal 0.45399 -0.891007 0
    outer loop
      vertex 7.7 -13.3368 18.1
      vertex 6.26374 -14.0686 11.5
      vertex 7.7 -13.3368 11.5
    endloop
  endfacet
  facet normal 0.62932 -0.777146 0
    outer loop
      vertex 9.05189 -12.4589 11.5
      vertex 10.3046 -11.4444 18.1
      vertex 9.05189 -12.4589 18.1
    endloop
  endfacet
  facet normal 0.62932 -0.777146 0
    outer loop
      vertex 10.3046 -11.4444 18.1
      vertex 9.05189 -12.4589 11.5
      vertex 10.3046 -11.4444 11.5
    endloop
  endfacet
  facet normal 0.544639 -0.83867 0
    outer loop
      vertex 7.7 -13.3368 11.5
      vertex 9.05189 -12.4589 18.1
      vertex 7.7 -13.3368 18.1
    endloop
  endfacet
  facet normal 0.544639 -0.83867 0
    outer loop
      vertex 9.05189 -12.4589 18.1
      vertex 7.7 -13.3368 11.5
      vertex 9.05189 -12.4589 11.5
    endloop
  endfacet
  facet normal 0.777146 -0.62932 0
    outer loop
      vertex 11.4444 -10.3046 18.1
      vertex 12.4589 -9.05189 11.5
      vertex 12.4589 -9.05189 18.1
    endloop
  endfacet
  facet normal 0.777146 -0.62932 0
    outer loop
      vertex 12.4589 -9.05189 11.5
      vertex 11.4444 -10.3046 18.1
      vertex 11.4444 -10.3046 11.5
    endloop
  endfacet
  facet normal 0.83867 -0.544639 0
    outer loop
      vertex 12.4589 -9.05189 18.1
      vertex 13.3368 -7.7 11.5
      vertex 13.3368 -7.7 18.1
    endloop
  endfacet
  facet normal 0.83867 -0.544639 0
    outer loop
      vertex 13.3368 -7.7 11.5
      vertex 12.4589 -9.05189 18.1
      vertex 12.4589 -9.05189 11.5
    endloop
  endfacet
  facet normal -0.707107 -0.707107 0
    outer loop
      vertex -10.3046 -11.4444 11.5
      vertex -11.4444 -10.3046 18.1
      vertex -11.4444 -10.3046 11.5
    endloop
  endfacet
  facet normal -0.707107 -0.707107 0
    outer loop
      vertex -11.4444 -10.3046 18.1
      vertex -10.3046 -11.4444 11.5
      vertex -10.3046 -11.4444 18.1
    endloop
  endfacet
  facet normal -0.62932 -0.777146 0
    outer loop
      vertex -10.3046 -11.4444 11.5
      vertex -9.05189 -12.4589 18.1
      vertex -10.3046 -11.4444 18.1
    endloop
  endfacet
  facet normal -0.62932 -0.777146 -0
    outer loop
      vertex -9.05189 -12.4589 18.1
      vertex -10.3046 -11.4444 11.5
      vertex -9.05189 -12.4589 11.5
    endloop
  endfacet
  facet normal -0.544639 -0.83867 0
    outer loop
      vertex -9.05189 -12.4589 11.5
      vertex -7.7 -13.3368 18.1
      vertex -9.05189 -12.4589 18.1
    endloop
  endfacet
  facet normal -0.544639 -0.83867 -0
    outer loop
      vertex -7.7 -13.3368 18.1
      vertex -9.05189 -12.4589 11.5
      vertex -7.7 -13.3368 11.5
    endloop
  endfacet
  facet normal -0.156434 -0.987688 0
    outer loop
      vertex -3.20184 -15.0635 11.5
      vertex -1.60974 -15.3156 18.1
      vertex -3.20184 -15.0635 18.1
    endloop
  endfacet
  facet normal -0.156434 -0.987688 -0
    outer loop
      vertex -1.60974 -15.3156 18.1
      vertex -3.20184 -15.0635 11.5
      vertex -1.60974 -15.3156 11.5
    endloop
  endfacet
  facet normal -0.777146 -0.62932 0
    outer loop
      vertex -11.4444 -10.3046 11.5
      vertex -12.4589 -9.05189 18.1
      vertex -12.4589 -9.05189 11.5
    endloop
  endfacet
  facet normal -0.777146 -0.62932 0
    outer loop
      vertex -12.4589 -9.05189 18.1
      vertex -11.4444 -10.3046 11.5
      vertex -11.4444 -10.3046 18.1
    endloop
  endfacet
  facet normal -0.93358 -0.358368 0
    outer loop
      vertex -14.0686 -6.26374 11.5
      vertex -14.6463 -4.75886 18.1
      vertex -14.6463 -4.75886 11.5
    endloop
  endfacet
  facet normal -0.93358 -0.358368 0
    outer loop
      vertex -14.6463 -4.75886 18.1
      vertex -14.0686 -6.26374 11.5
      vertex -14.0686 -6.26374 18.1
    endloop
  endfacet
  facet normal -0.99863 -0.0523361 0
    outer loop
      vertex -15.3156 -1.60974 11.5
      vertex -15.4 0 18.1
      vertex -15.4 0 11.5
    endloop
  endfacet
  facet normal -0.99863 -0.0523361 0
    outer loop
      vertex -15.4 0 18.1
      vertex -15.3156 -1.60974 11.5
      vertex -15.3156 -1.60974 18.1
    endloop
  endfacet
  facet normal 0.358368 0.93358 -0
    outer loop
      vertex 6.26374 14.0686 11.5
      vertex 4.75886 14.6463 18.1
      vertex 6.26374 14.0686 18.1
    endloop
  endfacet
  facet normal 0.358368 0.93358 0
    outer loop
      vertex 4.75886 14.6463 18.1
      vertex 6.26374 14.0686 11.5
      vertex 4.75886 14.6463 11.5
    endloop
  endfacet
  facet normal -0.707107 0.707107 0
    outer loop
      vertex -11.4444 10.3046 11.5
      vertex -10.3046 11.4444 18.1
      vertex -10.3046 11.4444 11.5
    endloop
  endfacet
  facet normal -0.707107 0.707107 0
    outer loop
      vertex -10.3046 11.4444 18.1
      vertex -11.4444 10.3046 11.5
      vertex -11.4444 10.3046 18.1
    endloop
  endfacet
  facet normal -0.93358 0.358368 0
    outer loop
      vertex -14.6463 4.75886 11.5
      vertex -14.0686 6.26374 18.1
      vertex -14.0686 6.26374 11.5
    endloop
  endfacet
  facet normal -0.93358 0.358368 0
    outer loop
      vertex -14.0686 6.26374 18.1
      vertex -14.6463 4.75886 11.5
      vertex -14.6463 4.75886 18.1
    endloop
  endfacet
  facet normal 0.156434 -0.987688 0
    outer loop
      vertex 1.60974 -15.3156 11.5
      vertex 3.20184 -15.0635 18.1
      vertex 1.60974 -15.3156 18.1
    endloop
  endfacet
  facet normal 0.156434 -0.987688 0
    outer loop
      vertex 3.20184 -15.0635 18.1
      vertex 1.60974 -15.3156 11.5
      vertex 3.20184 -15.0635 11.5
    endloop
  endfacet
  facet normal 0.358368 -0.93358 0
    outer loop
      vertex 4.75886 -14.6463 11.5
      vertex 6.26374 -14.0686 18.1
      vertex 4.75886 -14.6463 18.1
    endloop
  endfacet
  facet normal 0.358368 -0.93358 0
    outer loop
      vertex 6.26374 -14.0686 18.1
      vertex 4.75886 -14.6463 11.5
      vertex 6.26374 -14.0686 11.5
    endloop
  endfacet
  facet normal 0.93358 -0.358368 0
    outer loop
      vertex 14.0686 -6.26374 18.1
      vertex 14.6463 -4.75886 11.5
      vertex 14.6463 -4.75886 18.1
    endloop
  endfacet
  facet normal 0.93358 -0.358368 0
    outer loop
      vertex 14.6463 -4.75886 11.5
      vertex 14.0686 -6.26374 18.1
      vertex 14.0686 -6.26374 11.5
    endloop
  endfacet
  facet normal 0.987687 -0.15644 0
    outer loop
      vertex 15.3156 -1.60974 18.1
      vertex 15.3056 -1.67283 16.6579
      vertex 15.3156 -1.60974 16.709
    endloop
  endfacet
  facet normal 0.987688 -0.156434 -2.65703e-007
    outer loop
      vertex 15.0635 -3.20184 18.1
      vertex 15.3056 -1.67283 16.6579
      vertex 15.3156 -1.60974 18.1
    endloop
  endfacet
  facet normal 0.987689 -0.156433 7.76014e-007
    outer loop
      vertex 15.3056 -1.67283 16.6579
      vertex 15.0635 -3.20184 18.1
      vertex 15.2763 -1.85786 16.4728
    endloop
  endfacet
  facet normal 0.987688 -0.156435 -5.03932e-007
    outer loop
      vertex 15.2763 -1.85786 16.4728
      vertex 15.0635 -3.20184 18.1
      vertex 15.2503 -2.02254 16.2695
    endloop
  endfacet
  facet normal 0.987689 -0.156432 1.16084e-006
    outer loop
      vertex 15.2503 -2.02254 16.2695
      vertex 15.0635 -3.20184 18.1
      vertex 15.2277 -2.16506 16.05
    endloop
  endfacet
  facet normal 0.987688 -0.156434 2.40157e-007
    outer loop
      vertex 15.2277 -2.16506 16.05
      vertex 15.0635 -3.20184 18.1
      vertex 15.2089 -2.28386 15.8168
    endloop
  endfacet
  facet normal 0.987687 -0.15644 -1.28551e-006
    outer loop
      vertex 15.1768 -2.4863 15.0613
      vertex 15.0635 -3.20184 18.1
      vertex 15.1746 -2.5 14.8
    endloop
  endfacet
  facet normal 0.987689 -0.15643 1.10855e-006
    outer loop
      vertex 15.1833 -2.44537 15.3198
      vertex 15.0635 -3.20184 18.1
      vertex 15.1768 -2.4863 15.0613
    endloop
  endfacet
  facet normal 0.987689 -0.156433 2.35703e-007
    outer loop
      vertex 15.194 -2.37764 15.5725
      vertex 15.0635 -3.20184 18.1
      vertex 15.1833 -2.44537 15.3198
    endloop
  endfacet
  facet normal 0.987688 -0.156437 -1.1081e-006
    outer loop
      vertex 15.2089 -2.28386 15.8168
      vertex 15.0635 -3.20184 18.1
      vertex 15.194 -2.37764 15.5725
    endloop
  endfacet
  facet normal 0.987687 -0.15644 0
    outer loop
      vertex 15.3056 -1.67283 12.9421
      vertex 15.3156 -1.60974 11.5
      vertex 15.3156 -1.60974 12.8911
    endloop
  endfacet
  facet normal 0.987689 -0.156433 -7.76014e-007
    outer loop
      vertex 15.0635 -3.20184 11.5
      vertex 15.3056 -1.67283 12.9421
      vertex 15.2763 -1.85786 13.1272
    endloop
  endfacet
  facet normal 0.987688 -0.156435 5.03932e-007
    outer loop
      vertex 15.0635 -3.20184 11.5
      vertex 15.2763 -1.85786 13.1272
      vertex 15.2503 -2.02254 13.3305
    endloop
  endfacet
  facet normal 0.987688 -0.156435 8.43248e-007
    outer loop
      vertex 15.0635 -3.20184 11.5
      vertex 15.2503 -2.02254 13.3305
      vertex 15.2413 -2.07886 13.4173
    endloop
  endfacet
  facet normal 0.987689 -0.15643 -2.31205e-006
    outer loop
      vertex 15.0635 -3.20184 11.5
      vertex 15.2413 -2.07886 13.4173
      vertex 15.2277 -2.16506 13.55
    endloop
  endfacet
  facet normal 0.987688 -0.156438 1.71174e-006
    outer loop
      vertex 15.0635 -3.20184 11.5
      vertex 15.2277 -2.16506 13.55
      vertex 15.2163 -2.2368 13.6908
    endloop
  endfacet
  facet normal 0.987689 -0.156428 -2.87419e-006
    outer loop
      vertex 15.0635 -3.20184 11.5
      vertex 15.2163 -2.2368 13.6908
      vertex 15.2089 -2.28386 13.7832
    endloop
  endfacet
  facet normal 0.987688 -0.156437 1.1081e-006
    outer loop
      vertex 15.0635 -3.20184 11.5
      vertex 15.2089 -2.28386 13.7832
      vertex 15.194 -2.37764 14.0275
    endloop
  endfacet
  facet normal 0.987688 -0.156434 0
    outer loop
      vertex 15.0635 -3.20184 11.5
      vertex 15.1746 -2.5 14.8
      vertex 15.0635 -3.20184 18.1
    endloop
  endfacet
  facet normal 0.987687 -0.15644 1.28551e-006
    outer loop
      vertex 15.1746 -2.5 14.8
      vertex 15.0635 -3.20184 11.5
      vertex 15.1768 -2.4863 14.5387
    endloop
  endfacet
  facet normal 0.987688 -0.156434 2.65703e-007
    outer loop
      vertex 15.3056 -1.67283 12.9421
      vertex 15.0635 -3.20184 11.5
      vertex 15.3156 -1.60974 11.5
    endloop
  endfacet
  facet normal 0.987689 -0.156433 -2.35703e-007
    outer loop
      vertex 15.1833 -2.44537 14.2802
      vertex 15.0635 -3.20184 11.5
      vertex 15.194 -2.37764 14.0275
    endloop
  endfacet
  facet normal 0.987689 -0.15643 -1.10855e-006
    outer loop
      vertex 15.1768 -2.4863 14.5387
      vertex 15.0635 -3.20184 11.5
      vertex 15.1833 -2.44537 14.2802
    endloop
  endfacet
  facet normal -0.45399 -0.891007 0
    outer loop
      vertex -7.7 -13.3368 11.5
      vertex -6.26374 -14.0686 18.1
      vertex -7.7 -13.3368 18.1
    endloop
  endfacet
  facet normal -0.45399 -0.891007 -0
    outer loop
      vertex -6.26374 -14.0686 18.1
      vertex -7.7 -13.3368 11.5
      vertex -6.26374 -14.0686 11.5
    endloop
  endfacet
  facet normal -0.258819 -0.965926 0
    outer loop
      vertex -4.75886 -14.6463 11.5
      vertex -3.20184 -15.0635 18.1
      vertex -4.75886 -14.6463 18.1
    endloop
  endfacet
  facet normal -0.258819 -0.965926 -0
    outer loop
      vertex -3.20184 -15.0635 18.1
      vertex -4.75886 -14.6463 11.5
      vertex -3.20184 -15.0635 11.5
    endloop
  endfacet
  facet normal -0.987688 -0.156434 0
    outer loop
      vertex -15.0635 -3.20184 11.5
      vertex -15.3156 -1.60974 18.1
      vertex -15.3156 -1.60974 11.5
    endloop
  endfacet
  facet normal -0.987688 -0.156434 0
    outer loop
      vertex -15.3156 -1.60974 18.1
      vertex -15.0635 -3.20184 11.5
      vertex -15.0635 -3.20184 18.1
    endloop
  endfacet
  facet normal 0.998629 -0.0523377 0
    outer loop
      vertex 15.4 0 18.1
      vertex 15.3863 -0.261321 17.2863
      vertex 15.4 0 17.3
    endloop
  endfacet
  facet normal 0.99863 -0.0523351 -8.31075e-007
    outer loop
      vertex 15.4 0 18.1
      vertex 15.3728 -0.519779 17.2454
      vertex 15.3863 -0.261321 17.2863
    endloop
  endfacet
  facet normal 0.99863 -0.0523361 -2.4278e-007
    outer loop
      vertex 15.3156 -1.60974 18.1
      vertex 15.3728 -0.519779 17.2454
      vertex 15.4 0 18.1
    endloop
  endfacet
  facet normal 0.99863 -0.0523354 7.02613e-007
    outer loop
      vertex 15.3728 -0.519779 17.2454
      vertex 15.3156 -1.60974 18.1
      vertex 15.3595 -0.772542 17.1776
    endloop
  endfacet
  facet normal 0.99863 -0.0523357 3.53884e-007
    outer loop
      vertex 15.3595 -0.772542 17.1776
      vertex 15.3156 -1.60974 18.1
      vertex 15.3467 -1.01684 17.0839
    endloop
  endfacet
  facet normal 0.99863 -0.0523365 -7.67512e-008
    outer loop
      vertex 15.3467 -1.01684 17.0839
      vertex 15.3156 -1.60974 18.1
      vertex 15.3345 -1.25 16.9651
    endloop
  endfacet
  facet normal 0.99863 -0.052335 4.00909e-007
    outer loop
      vertex 15.3345 -1.25 16.9651
      vertex 15.3156 -1.60974 18.1
      vertex 15.323 -1.46946 16.8225
    endloop
  endfacet
  facet normal 0.998629 -0.0523386 0
    outer loop
      vertex 15.323 -1.46946 16.8225
      vertex 15.3156 -1.60974 18.1
      vertex 15.3156 -1.60974 16.709
    endloop
  endfacet
  facet normal 0.99863 -0.0523353 0
    outer loop
      vertex 15.3916 -0.159609 12.3084
      vertex 15.4 0 11.5
      vertex 15.4 0 12.3
    endloop
  endfacet
  facet normal 0.998629 -0.0523415 -1.22271e-006
    outer loop
      vertex 15.3863 -0.261321 12.3137
      vertex 15.4 0 11.5
      vertex 15.3916 -0.159609 12.3084
    endloop
  endfacet
  facet normal 0.99863 -0.0523351 8.31073e-007
    outer loop
      vertex 15.3728 -0.519779 12.3546
      vertex 15.4 0 11.5
      vertex 15.3863 -0.261321 12.3137
    endloop
  endfacet
  facet normal 0.99863 -0.0523354 -7.02611e-007
    outer loop
      vertex 15.3156 -1.60974 11.5
      vertex 15.3728 -0.519779 12.3546
      vertex 15.3595 -0.772542 12.4224
    endloop
  endfacet
  facet normal 0.99863 -0.0523357 -3.53884e-007
    outer loop
      vertex 15.3156 -1.60974 11.5
      vertex 15.3595 -0.772542 12.4224
      vertex 15.3467 -1.01684 12.5161
    endloop
  endfacet
  facet normal 0.99863 -0.0523365 7.6751e-008
    outer loop
      vertex 15.3156 -1.60974 11.5
      vertex 15.3467 -1.01684 12.5161
      vertex 15.3345 -1.25 12.6349
    endloop
  endfacet
  facet normal 0.99863 -0.052335 -4.00909e-007
    outer loop
      vertex 15.3156 -1.60974 11.5
      vertex 15.3345 -1.25 12.6349
      vertex 15.323 -1.46946 12.7775
    endloop
  endfacet
  facet normal 0.998629 -0.0523386 0
    outer loop
      vertex 15.3156 -1.60974 11.5
      vertex 15.323 -1.46946 12.7775
      vertex 15.3156 -1.60974 12.8911
    endloop
  endfacet
  facet normal 0.99863 -0.0523361 2.42779e-007
    outer loop
      vertex 15.3728 -0.519779 12.3546
      vertex 15.3156 -1.60974 11.5
      vertex 15.4 0 11.5
    endloop
  endfacet
  facet normal 0 -0.0523362 0.99863
    outer loop
      vertex 10.5 0.261321 3.2637
      vertex 17.8 0.184584 3.25967
      vertex 17.8 0.261321 3.2637
    endloop
  endfacet
  facet normal -1.56052e-008 -0.0523377 0.998629
    outer loop
      vertex 17.8 0.184584 3.25967
      vertex 10.5 0.261321 3.2637
      vertex 10.5 0.108884 3.25571
    endloop
  endfacet
  facet normal -4.93207e-008 -0.0523345 0.99863
    outer loop
      vertex 10.5 0.108884 3.25571
      vertex 17.8 0 3.25
      vertex 17.8 0.184584 3.25967
    endloop
  endfacet
  facet normal -3.26153e-008 -0.0523333 0.99863
    outer loop
      vertex 17.8 0 3.25
      vertex 10.5 0.108884 3.25571
      vertex 10.5 0 3.25
    endloop
  endfacet
  facet normal 0 -0.0523377 -0.998629
    outer loop
      vertex 10.5 0 8.25
      vertex 17.8 0.261321 8.2363
      vertex 17.8 0 8.25
    endloop
  endfacet
  facet normal -0 -0.0523377 -0.998629
    outer loop
      vertex 17.8 0.261321 8.2363
      vertex 10.5 0 8.25
      vertex 10.5 0.261321 8.2363
    endloop
  endfacet
  facet normal 0 0.998629 -0.0523377
    outer loop
      vertex 17.8 -2.5 5.75
      vertex 10.5 -2.4863 6.01132
      vertex 17.8 -2.4863 6.01132
    endloop
  endfacet
  facet normal 0 0.998629 -0.0523377
    outer loop
      vertex 10.5 -2.4863 6.01132
      vertex 17.8 -2.5 5.75
      vertex 10.5 -2.5 5.75
    endloop
  endfacet
  facet normal 0 0.62932 -0.777146
    outer loop
      vertex 10.5 -1.67283 7.60786
      vertex 17.8 -1.46946 7.77254
      vertex 17.8 -1.67283 7.60786
    endloop
  endfacet
  facet normal 0 0.62932 -0.777146
    outer loop
      vertex 17.8 -1.46946 7.77254
      vertex 10.5 -1.67283 7.60786
      vertex 10.5 -1.46946 7.77254
    endloop
  endfacet
  facet normal 0 -0.777146 -0.62932
    outer loop
      vertex 10.5 2.02254 7.21946
      vertex 17.8 1.85786 7.42283
      vertex 10.5 1.85786 7.42283
    endloop
  endfacet
  facet normal 0 -0.777146 -0.62932
    outer loop
      vertex 17.8 1.85786 7.42283
      vertex 10.5 2.02254 7.21946
      vertex 17.8 2.02254 7.21946
    endloop
  endfacet
  facet normal 0 0.358368 -0.93358
    outer loop
      vertex 10.5 -1.01684 8.03386
      vertex 17.8 -0.772542 8.12764
      vertex 17.8 -1.01684 8.03386
    endloop
  endfacet
  facet normal 0 0.358368 -0.93358
    outer loop
      vertex 17.8 -0.772542 8.12764
      vertex 10.5 -1.01684 8.03386
      vertex 10.5 -0.772542 8.12764
    endloop
  endfacet
  facet normal 0 -0.156434 0.987688
    outer loop
      vertex 10.5 0.519779 3.30463
      vertex 17.8 0.261321 3.2637
      vertex 17.8 0.519779 3.30463
    endloop
  endfacet
  facet normal 0 -0.156434 0.987688
    outer loop
      vertex 17.8 0.261321 3.2637
      vertex 10.5 0.519779 3.30463
      vertex 10.5 0.261321 3.2637
    endloop
  endfacet
  facet normal 0 -0.707107 0.707107
    outer loop
      vertex 10.5 1.67283 3.89214
      vertex 17.8 1.85786 4.07717
      vertex 10.5 1.85786 4.07717
    endloop
  endfacet
  facet normal 0 -0.707107 0.707107
    outer loop
      vertex 17.8 1.85786 4.07717
      vertex 10.5 1.67283 3.89214
      vertex 17.8 1.67283 3.89214
    endloop
  endfacet
  facet normal 0 -0.891006 0.453992
    outer loop
      vertex 10.5 2.28386 4.73316
      vertex 17.8 2.24898 4.66469
      vertex 17.8 2.28386 4.73316
    endloop
  endfacet
  facet normal -1.51431e-008 -0.891006 0.453991
    outer loop
      vertex 17.8 2.24898 4.66469
      vertex 10.5 2.28386 4.73316
      vertex 10.5 2.21456 4.59715
    endloop
  endfacet
  facet normal 0 -0.838671 0.544638
    outer loop
      vertex 10.5 2.10568 4.40856
      vertex 17.8 2.16506 4.5
      vertex 10.5 2.16506 4.5
    endloop
  endfacet
  facet normal -3.25306e-008 -0.83867 0.54464
    outer loop
      vertex 17.8 2.16506 4.5
      vertex 10.5 2.10568 4.40856
      vertex 17.8 2.06439 4.34498
    endloop
  endfacet
  facet normal 0 -0.544638 -0.838671
    outer loop
      vertex 10.5 1.25 7.91506
      vertex 17.8 1.46946 7.77254
      vertex 17.8 1.25 7.91506
    endloop
  endfacet
  facet normal -0 -0.544638 -0.838671
    outer loop
      vertex 17.8 1.46946 7.77254
      vertex 10.5 1.25 7.91506
      vertex 10.5 1.46946 7.77254
    endloop
  endfacet
  facet normal 0 -0.62932 -0.777146
    outer loop
      vertex 10.5 1.46946 7.77254
      vertex 17.8 1.67283 7.60786
      vertex 17.8 1.46946 7.77254
    endloop
  endfacet
  facet normal -0 -0.62932 -0.777146
    outer loop
      vertex 17.8 1.67283 7.60786
      vertex 10.5 1.46946 7.77254
      vertex 10.5 1.67283 7.60786
    endloop
  endfacet
  facet normal 0 -0.965925 -0.258821
    outer loop
      vertex 10.5 2.44537 6.26978
      vertex 17.8 2.37764 6.52254
      vertex 10.5 2.37764 6.52254
    endloop
  endfacet
  facet normal 0 -0.965925 -0.258821
    outer loop
      vertex 17.8 2.37764 6.52254
      vertex 10.5 2.44537 6.26978
      vertex 17.8 2.44537 6.26978
    endloop
  endfacet
  facet normal 0 0.83867 -0.54464
    outer loop
      vertex 17.8 -2.16506 7
      vertex 10.5 -2.02254 7.21946
      vertex 17.8 -2.02254 7.21946
    endloop
  endfacet
  facet normal 0 0.83867 -0.54464
    outer loop
      vertex 10.5 -2.02254 7.21946
      vertex 17.8 -2.16506 7
      vertex 10.5 -2.16506 7
    endloop
  endfacet
  facet normal 0 0.777146 -0.62932
    outer loop
      vertex 17.8 -2.02254 7.21946
      vertex 10.5 -1.85786 7.42283
      vertex 17.8 -1.85786 7.42283
    endloop
  endfacet
  facet normal 0 0.777146 -0.62932
    outer loop
      vertex 10.5 -1.85786 7.42283
      vertex 17.8 -2.02254 7.21946
      vertex 10.5 -2.02254 7.21946
    endloop
  endfacet
  facet normal 0 0.544638 -0.838671
    outer loop
      vertex 10.5 -1.46946 7.77254
      vertex 17.8 -1.25 7.91506
      vertex 17.8 -1.46946 7.77254
    endloop
  endfacet
  facet normal 0 0.544638 -0.838671
    outer loop
      vertex 17.8 -1.25 7.91506
      vertex 10.5 -1.46946 7.77254
      vertex 10.5 -1.25 7.91506
    endloop
  endfacet
  facet normal 0 0.156434 -0.987688
    outer loop
      vertex 10.5 -0.519779 8.19537
      vertex 17.8 -0.261321 8.2363
      vertex 17.8 -0.519779 8.19537
    endloop
  endfacet
  facet normal 0 0.156434 -0.987688
    outer loop
      vertex 17.8 -0.261321 8.2363
      vertex 10.5 -0.519779 8.19537
      vertex 10.5 -0.261321 8.2363
    endloop
  endfacet
  facet normal 0 -0.358368 0.93358
    outer loop
      vertex 10.5 1.01684 3.46614
      vertex 17.8 0.772542 3.37236
      vertex 17.8 1.01684 3.46614
    endloop
  endfacet
  facet normal 0 -0.358368 0.93358
    outer loop
      vertex 17.8 0.772542 3.37236
      vertex 10.5 1.01684 3.46614
      vertex 10.5 0.772542 3.37236
    endloop
  endfacet
  facet normal 0 -0.258821 0.965925
    outer loop
      vertex 10.5 0.772542 3.37236
      vertex 17.8 0.519779 3.30463
      vertex 17.8 0.772542 3.37236
    endloop
  endfacet
  facet normal 0 -0.258821 0.965925
    outer loop
      vertex 17.8 0.519779 3.30463
      vertex 10.5 0.772542 3.37236
      vertex 10.5 0.519779 3.30463
    endloop
  endfacet
  facet normal 0 -0.62932 0.777146
    outer loop
      vertex 10.5 1.67283 3.89214
      vertex 17.8 1.46946 3.72746
      vertex 17.8 1.67283 3.89214
    endloop
  endfacet
  facet normal 0 -0.62932 0.777146
    outer loop
      vertex 17.8 1.46946 3.72746
      vertex 10.5 1.67283 3.89214
      vertex 10.5 1.46946 3.72746
    endloop
  endfacet
  facet normal 0 -0.453991 0.891006
    outer loop
      vertex 10.5 1.25 3.58494
      vertex 17.8 1.01684 3.46614
      vertex 17.8 1.25 3.58494
    endloop
  endfacet
  facet normal 0 -0.453991 0.891006
    outer loop
      vertex 17.8 1.01684 3.46614
      vertex 10.5 1.25 3.58494
      vertex 10.5 1.01684 3.46614
    endloop
  endfacet
  facet normal 0 -0.965925 0.258821
    outer loop
      vertex 10.5 2.37764 4.97746
      vertex 17.8 2.44537 5.23022
      vertex 10.5 2.44537 5.23022
    endloop
  endfacet
  facet normal 0 -0.965925 0.258821
    outer loop
      vertex 17.8 2.44537 5.23022
      vertex 10.5 2.37764 4.97746
      vertex 17.8 2.37764 4.97746
    endloop
  endfacet
  facet normal 0 -0.93358 0.358368
    outer loop
      vertex 10.5 2.28386 4.73316
      vertex 17.8 2.37764 4.97746
      vertex 10.5 2.37764 4.97746
    endloop
  endfacet
  facet normal 0 -0.93358 0.358368
    outer loop
      vertex 17.8 2.37764 4.97746
      vertex 10.5 2.28386 4.73316
      vertex 17.8 2.28386 4.73316
    endloop
  endfacet
  facet normal 0 -0.987688 0.156434
    outer loop
      vertex 10.5 2.44537 5.23022
      vertex 17.8 2.4863 5.48868
      vertex 10.5 2.4863 5.48868
    endloop
  endfacet
  facet normal 0 -0.987688 0.156434
    outer loop
      vertex 17.8 2.4863 5.48868
      vertex 10.5 2.44537 5.23022
      vertex 17.8 2.44537 5.23022
    endloop
  endfacet
  facet normal 0 -0.258821 -0.965925
    outer loop
      vertex 10.5 0.519779 8.19537
      vertex 17.8 0.772542 8.12764
      vertex 17.8 0.519779 8.19537
    endloop
  endfacet
  facet normal -0 -0.258821 -0.965925
    outer loop
      vertex 17.8 0.772542 8.12764
      vertex 10.5 0.519779 8.19537
      vertex 10.5 0.772542 8.12764
    endloop
  endfacet
  facet normal 0 -0.707107 -0.707107
    outer loop
      vertex 10.5 1.85786 7.42283
      vertex 17.8 1.67283 7.60786
      vertex 10.5 1.67283 7.60786
    endloop
  endfacet
  facet normal 0 -0.707107 -0.707107
    outer loop
      vertex 17.8 1.67283 7.60786
      vertex 10.5 1.85786 7.42283
      vertex 17.8 1.85786 7.42283
    endloop
  endfacet
  facet normal 0 -0.453991 -0.891006
    outer loop
      vertex 10.5 1.01684 8.03386
      vertex 17.8 1.25 7.91506
      vertex 17.8 1.01684 8.03386
    endloop
  endfacet
  facet normal -0 -0.453991 -0.891006
    outer loop
      vertex 17.8 1.25 7.91506
      vertex 10.5 1.01684 8.03386
      vertex 10.5 1.25 7.91506
    endloop
  endfacet
  facet normal 0 -0.358368 -0.93358
    outer loop
      vertex 10.5 0.772542 8.12764
      vertex 17.8 1.01684 8.03386
      vertex 17.8 0.772542 8.12764
    endloop
  endfacet
  facet normal -0 -0.358368 -0.93358
    outer loop
      vertex 17.8 1.01684 8.03386
      vertex 10.5 0.772542 8.12764
      vertex 10.5 1.01684 8.03386
    endloop
  endfacet
  facet normal 0 -0.156434 -0.987688
    outer loop
      vertex 10.5 0.261321 8.2363
      vertex 17.8 0.519779 8.19537
      vertex 17.8 0.261321 8.2363
    endloop
  endfacet
  facet normal -0 -0.156434 -0.987688
    outer loop
      vertex 17.8 0.519779 8.19537
      vertex 10.5 0.261321 8.2363
      vertex 10.5 0.519779 8.19537
    endloop
  endfacet
  facet normal 4.42652e-008 -0.838671 -0.544639
    outer loop
      vertex 10.5 2.16506 7
      vertex 17.8 2.12321 7.06445
      vertex 10.5 2.08193 7.12802
    endloop
  endfacet
  facet normal 0 -0.838673 -0.544635
    outer loop
      vertex 17.8 2.12321 7.06445
      vertex 10.5 2.16506 7
      vertex 17.8 2.16506 7
    endloop
  endfacet
  facet normal 0 -0.987688 -0.156434
    outer loop
      vertex 10.5 2.4863 6.01132
      vertex 17.8 2.44537 6.26978
      vertex 10.5 2.44537 6.26978
    endloop
  endfacet
  facet normal 0 -0.987688 -0.156434
    outer loop
      vertex 17.8 2.44537 6.26978
      vertex 10.5 2.4863 6.01132
      vertex 17.8 2.4863 6.01132
    endloop
  endfacet
  facet normal 0 -0.998629 -0.0523377
    outer loop
      vertex 10.5 2.5 5.75
      vertex 17.8 2.4863 6.01132
      vertex 10.5 2.4863 6.01132
    endloop
  endfacet
  facet normal 0 -0.998629 -0.0523377
    outer loop
      vertex 17.8 2.4863 6.01132
      vertex 10.5 2.5 5.75
      vertex 17.8 2.5 5.75
    endloop
  endfacet
  facet normal 0 0.965925 0.258821
    outer loop
      vertex 17.8 -2.37764 4.97746
      vertex 10.5 -2.44537 5.23022
      vertex 17.8 -2.44537 5.23022
    endloop
  endfacet
  facet normal 0 0.965925 0.258821
    outer loop
      vertex 10.5 -2.44537 5.23022
      vertex 17.8 -2.37764 4.97746
      vertex 10.5 -2.37764 4.97746
    endloop
  endfacet
  facet normal 0 0.891006 0.453992
    outer loop
      vertex 17.8 -2.24898 4.66469
      vertex 10.5 -2.28386 4.73316
      vertex 17.8 -2.28386 4.73316
    endloop
  endfacet
  facet normal -1.51431e-008 0.891006 0.453991
    outer loop
      vertex 10.5 -2.28386 4.73316
      vertex 17.8 -2.24898 4.66469
      vertex 10.5 -2.21456 4.59715
    endloop
  endfacet
  facet normal -0 0.156434 0.987688
    outer loop
      vertex 10.5 -0.261321 3.2637
      vertex 17.8 -0.519779 3.30463
      vertex 17.8 -0.261321 3.2637
    endloop
  endfacet
  facet normal 0 0.156434 0.987688
    outer loop
      vertex 17.8 -0.519779 3.30463
      vertex 10.5 -0.261321 3.2637
      vertex 10.5 -0.519779 3.30463
    endloop
  endfacet
  facet normal 0 0.965925 -0.258821
    outer loop
      vertex 17.8 -2.44537 6.26978
      vertex 10.5 -2.37764 6.52254
      vertex 17.8 -2.37764 6.52254
    endloop
  endfacet
  facet normal 0 0.965925 -0.258821
    outer loop
      vertex 10.5 -2.37764 6.52254
      vertex 17.8 -2.44537 6.26978
      vertex 10.5 -2.44537 6.26978
    endloop
  endfacet
  facet normal 0 0.707107 -0.707107
    outer loop
      vertex 17.8 -1.85786 7.42283
      vertex 10.5 -1.67283 7.60786
      vertex 17.8 -1.67283 7.60786
    endloop
  endfacet
  facet normal 0 0.707107 -0.707107
    outer loop
      vertex 10.5 -1.67283 7.60786
      vertex 17.8 -1.85786 7.42283
      vertex 10.5 -1.85786 7.42283
    endloop
  endfacet
  facet normal 0 0.891007 -0.45399
    outer loop
      vertex 17.8 -2.28386 6.76684
      vertex 10.5 -2.16506 7
      vertex 17.8 -2.16506 7
    endloop
  endfacet
  facet normal 0 0.891007 -0.45399
    outer loop
      vertex 10.5 -2.16506 7
      vertex 17.8 -2.28386 6.76684
      vertex 10.5 -2.28386 6.76684
    endloop
  endfacet
  facet normal 0 0.93358 -0.358368
    outer loop
      vertex 17.8 -2.37764 6.52254
      vertex 10.5 -2.28386 6.76684
      vertex 17.8 -2.28386 6.76684
    endloop
  endfacet
  facet normal 0 0.93358 -0.358368
    outer loop
      vertex 10.5 -2.28386 6.76684
      vertex 17.8 -2.37764 6.52254
      vertex 10.5 -2.37764 6.52254
    endloop
  endfacet
  facet normal 0 0.987688 -0.156434
    outer loop
      vertex 17.8 -2.4863 6.01132
      vertex 10.5 -2.44537 6.26978
      vertex 17.8 -2.44537 6.26978
    endloop
  endfacet
  facet normal 0 0.987688 -0.156434
    outer loop
      vertex 10.5 -2.44537 6.26978
      vertex 17.8 -2.4863 6.01132
      vertex 10.5 -2.4863 6.01132
    endloop
  endfacet
  facet normal 0 0.453991 -0.891006
    outer loop
      vertex 10.5 -1.25 7.91506
      vertex 17.8 -1.01684 8.03386
      vertex 17.8 -1.25 7.91506
    endloop
  endfacet
  facet normal 0 0.453991 -0.891006
    outer loop
      vertex 17.8 -1.01684 8.03386
      vertex 10.5 -1.25 7.91506
      vertex 10.5 -1.01684 8.03386
    endloop
  endfacet
  facet normal 0 0.0523377 -0.998629
    outer loop
      vertex 10.5 -0.261321 8.2363
      vertex 17.8 0 8.25
      vertex 17.8 -0.261321 8.2363
    endloop
  endfacet
  facet normal 0 0.0523377 -0.998629
    outer loop
      vertex 17.8 0 8.25
      vertex 10.5 -0.261321 8.2363
      vertex 10.5 0 8.25
    endloop
  endfacet
  facet normal 0 -0.544638 0.838671
    outer loop
      vertex 10.5 1.46946 3.72746
      vertex 17.8 1.25 3.58494
      vertex 17.8 1.46946 3.72746
    endloop
  endfacet
  facet normal 0 -0.544638 0.838671
    outer loop
      vertex 17.8 1.25 3.58494
      vertex 10.5 1.46946 3.72746
      vertex 10.5 1.25 3.58494
    endloop
  endfacet
  facet normal 0 -0.998629 0.0523377
    outer loop
      vertex 10.5 2.4863 5.48868
      vertex 17.8 2.5 5.75
      vertex 10.5 2.5 5.75
    endloop
  endfacet
  facet normal 0 -0.998629 0.0523377
    outer loop
      vertex 17.8 2.5 5.75
      vertex 10.5 2.4863 5.48868
      vertex 17.8 2.4863 5.48868
    endloop
  endfacet
  facet normal -2.65983e-008 -0.83867 0.54464
    outer loop
      vertex 10.5 2.02254 4.28054
      vertex 17.8 2.06439 4.34498
      vertex 10.5 2.10568 4.40856
    endloop
  endfacet
  facet normal 0 -0.838671 0.544638
    outer loop
      vertex 17.8 2.06439 4.34498
      vertex 10.5 2.02254 4.28054
      vertex 17.8 2.02254 4.28054
    endloop
  endfacet
  facet normal 0 -0.777146 0.62932
    outer loop
      vertex 10.5 1.85786 4.07717
      vertex 17.8 2.02254 4.28054
      vertex 10.5 2.02254 4.28054
    endloop
  endfacet
  facet normal 0 -0.777146 0.62932
    outer loop
      vertex 17.8 2.02254 4.28054
      vertex 10.5 1.85786 4.07717
      vertex 17.8 1.85786 4.07717
    endloop
  endfacet
  facet normal -6.52747e-009 -0.891007 0.45399
    outer loop
      vertex 10.5 2.16506 4.5
      vertex 17.8 2.24898 4.66469
      vertex 10.5 2.21456 4.59715
    endloop
  endfacet
  facet normal 0 -0.891007 0.45399
    outer loop
      vertex 17.8 2.24898 4.66469
      vertex 10.5 2.16506 4.5
      vertex 17.8 2.16506 4.5
    endloop
  endfacet
  facet normal 0 -0.83867 -0.54464
    outer loop
      vertex 10.5 2.08193 7.12802
      vertex 17.8 2.02254 7.21946
      vertex 10.5 2.02254 7.21946
    endloop
  endfacet
  facet normal 1.79405e-008 -0.838669 -0.544641
    outer loop
      vertex 17.8 2.02254 7.21946
      vertex 10.5 2.08193 7.12802
      vertex 17.8 2.12321 7.06445
    endloop
  endfacet
  facet normal 0 -0.891005 -0.453994
    outer loop
      vertex 10.5 2.16506 7
      vertex 17.8 2.19995 6.93153
      vertex 17.8 2.16506 7
    endloop
  endfacet
  facet normal 2.98697e-008 -0.891006 -0.453992
    outer loop
      vertex 17.8 2.19995 6.93153
      vertex 10.5 2.16506 7
      vertex 10.5 2.23436 6.86399
    endloop
  endfacet
  facet normal 0 -0.93358 -0.358368
    outer loop
      vertex 10.5 2.37764 6.52254
      vertex 17.8 2.28386 6.76684
      vertex 10.5 2.28386 6.76684
    endloop
  endfacet
  facet normal 0 -0.93358 -0.358368
    outer loop
      vertex 17.8 2.28386 6.76684
      vertex 10.5 2.37764 6.52254
      vertex 17.8 2.37764 6.52254
    endloop
  endfacet
  facet normal -1.40896e-008 -0.891008 -0.453988
    outer loop
      vertex 10.5 2.28386 6.76684
      vertex 17.8 2.19995 6.93153
      vertex 10.5 2.23436 6.86399
    endloop
  endfacet
  facet normal 0 -0.891008 -0.453989
    outer loop
      vertex 17.8 2.19995 6.93153
      vertex 10.5 2.28386 6.76684
      vertex 17.8 2.28386 6.76684
    endloop
  endfacet
  facet normal 0 0.838671 0.544638
    outer loop
      vertex 17.8 -2.16506 4.5
      vertex 10.5 -2.10568 4.40856
      vertex 10.5 -2.16506 4.5
    endloop
  endfacet
  facet normal -3.25306e-008 0.83867 0.54464
    outer loop
      vertex 10.5 -2.10568 4.40856
      vertex 17.8 -2.16506 4.5
      vertex 17.8 -2.06439 4.34498
    endloop
  endfacet
  facet normal -0 0.453991 0.891006
    outer loop
      vertex 10.5 -1.01684 3.46614
      vertex 17.8 -1.25 3.58494
      vertex 17.8 -1.01684 3.46614
    endloop
  endfacet
  facet normal 0 0.453991 0.891006
    outer loop
      vertex 17.8 -1.25 3.58494
      vertex 10.5 -1.01684 3.46614
      vertex 10.5 -1.25 3.58494
    endloop
  endfacet
  facet normal -0 0.544638 0.838671
    outer loop
      vertex 10.5 -1.25 3.58494
      vertex 17.8 -1.46946 3.72746
      vertex 17.8 -1.25 3.58494
    endloop
  endfacet
  facet normal 0 0.544638 0.838671
    outer loop
      vertex 17.8 -1.46946 3.72746
      vertex 10.5 -1.25 3.58494
      vertex 10.5 -1.46946 3.72746
    endloop
  endfacet
  facet normal -0 0.358368 0.93358
    outer loop
      vertex 10.5 -0.772542 3.37236
      vertex 17.8 -1.01684 3.46614
      vertex 17.8 -0.772542 3.37236
    endloop
  endfacet
  facet normal 0 0.358368 0.93358
    outer loop
      vertex 17.8 -1.01684 3.46614
      vertex 10.5 -0.772542 3.37236
      vertex 10.5 -1.01684 3.46614
    endloop
  endfacet
  facet normal -1.56052e-008 0.0523377 0.998629
    outer loop
      vertex 10.5 -0.261321 3.2637
      vertex 17.8 -0.184584 3.25967
      vertex 10.5 -0.108884 3.25571
    endloop
  endfacet
  facet normal 0 0.0523362 0.99863
    outer loop
      vertex 17.8 -0.184584 3.25967
      vertex 10.5 -0.261321 3.2637
      vertex 17.8 -0.261321 3.2637
    endloop
  endfacet
  facet normal -3.26153e-008 0.0523333 0.99863
    outer loop
      vertex 10.5 -0.108884 3.25571
      vertex 17.8 0 3.25
      vertex 10.5 0 3.25
    endloop
  endfacet
  facet normal -4.93207e-008 0.0523345 0.99863
    outer loop
      vertex 17.8 0 3.25
      vertex 10.5 -0.108884 3.25571
      vertex 17.8 -0.184584 3.25967
    endloop
  endfacet
  facet normal 0 0.258821 -0.965925
    outer loop
      vertex 10.5 -0.772542 8.12764
      vertex 17.8 -0.519779 8.19537
      vertex 17.8 -0.772542 8.12764
    endloop
  endfacet
  facet normal 0 0.258821 -0.965925
    outer loop
      vertex 17.8 -0.519779 8.19537
      vertex 10.5 -0.772542 8.12764
      vertex 10.5 -0.519779 8.19537
    endloop
  endfacet
  facet normal 0 0.777146 0.62932
    outer loop
      vertex 17.8 -1.85786 4.07717
      vertex 10.5 -2.02254 4.28054
      vertex 17.8 -2.02254 4.28054
    endloop
  endfacet
  facet normal 0 0.777146 0.62932
    outer loop
      vertex 10.5 -2.02254 4.28054
      vertex 17.8 -1.85786 4.07717
      vertex 10.5 -1.85786 4.07717
    endloop
  endfacet
  facet normal -5.28371e-008 0.838671 0.544638
    outer loop
      vertex 17.8 -2.02254 4.28054
      vertex 10.5 -2.10568 4.40856
      vertex 17.8 -2.06439 4.34498
    endloop
  endfacet
  facet normal 0 0.83867 0.54464
    outer loop
      vertex 10.5 -2.10568 4.40856
      vertex 17.8 -2.02254 4.28054
      vertex 10.5 -2.02254 4.28054
    endloop
  endfacet
  facet normal -3.85047e-009 0.891007 0.45399
    outer loop
      vertex 17.8 -2.16506 4.5
      vertex 10.5 -2.21456 4.59715
      vertex 17.8 -2.24898 4.66469
    endloop
  endfacet
  facet normal 0 0.891007 0.45399
    outer loop
      vertex 10.5 -2.21456 4.59715
      vertex 17.8 -2.16506 4.5
      vertex 10.5 -2.16506 4.5
    endloop
  endfacet
  facet normal 0 0.93358 0.358368
    outer loop
      vertex 17.8 -2.28386 4.73316
      vertex 10.5 -2.37764 4.97746
      vertex 17.8 -2.37764 4.97746
    endloop
  endfacet
  facet normal 0 0.93358 0.358368
    outer loop
      vertex 10.5 -2.37764 4.97746
      vertex 17.8 -2.28386 4.73316
      vertex 10.5 -2.28386 4.73316
    endloop
  endfacet
  facet normal -0 0.62932 0.777146
    outer loop
      vertex 10.5 -1.46946 3.72746
      vertex 17.8 -1.67283 3.89214
      vertex 17.8 -1.46946 3.72746
    endloop
  endfacet
  facet normal 0 0.62932 0.777146
    outer loop
      vertex 17.8 -1.67283 3.89214
      vertex 10.5 -1.46946 3.72746
      vertex 10.5 -1.67283 3.89214
    endloop
  endfacet
  facet normal 0 0.707107 0.707107
    outer loop
      vertex 17.8 -1.67283 3.89214
      vertex 10.5 -1.85786 4.07717
      vertex 17.8 -1.85786 4.07717
    endloop
  endfacet
  facet normal 0 0.707107 0.707107
    outer loop
      vertex 10.5 -1.85786 4.07717
      vertex 17.8 -1.67283 3.89214
      vertex 10.5 -1.67283 3.89214
    endloop
  endfacet
  facet normal -0 0.258821 0.965925
    outer loop
      vertex 10.5 -0.519779 3.30463
      vertex 17.8 -0.772542 3.37236
      vertex 17.8 -0.519779 3.30463
    endloop
  endfacet
  facet normal 0 0.258821 0.965925
    outer loop
      vertex 17.8 -0.772542 3.37236
      vertex 10.5 -0.519779 3.30463
      vertex 10.5 -0.772542 3.37236
    endloop
  endfacet
  facet normal 0 0.987688 0.156434
    outer loop
      vertex 17.8 -2.44537 5.23022
      vertex 10.5 -2.4863 5.48868
      vertex 17.8 -2.4863 5.48868
    endloop
  endfacet
  facet normal 0 0.987688 0.156434
    outer loop
      vertex 10.5 -2.4863 5.48868
      vertex 17.8 -2.44537 5.23022
      vertex 10.5 -2.44537 5.23022
    endloop
  endfacet
  facet normal 0 0.998629 0.0523377
    outer loop
      vertex 17.8 -2.4863 5.48868
      vertex 10.5 -2.5 5.75
      vertex 17.8 -2.5 5.75
    endloop
  endfacet
  facet normal 0 0.998629 0.0523377
    outer loop
      vertex 10.5 -2.5 5.75
      vertex 17.8 -2.4863 5.48868
      vertex 10.5 -2.4863 5.48868
    endloop
  endfacet
  facet normal 0 -0.156433 -0.987689
    outer loop
      vertex 17.8 0.795257 10.275
      vertex 22.2 0.956393 10.2495
      vertex 22.2 0.795257 10.275
    endloop
  endfacet
  facet normal -0 -0.156433 -0.987689
    outer loop
      vertex 22.2 0.956393 10.2495
      vertex 17.8 0.795257 10.275
      vertex 17.8 0.956393 10.2495
    endloop
  endfacet
  facet normal 0 -0.0523353 0.99863
    outer loop
      vertex 17.8 0.48083 1.1752
      vertex 22.2 0 1.15
      vertex 22.2 0.48083 1.1752
    endloop
  endfacet
  facet normal 0 -0.0523353 0.99863
    outer loop
      vertex 22.2 0 1.15
      vertex 17.8 0.48083 1.1752
      vertex 17.8 0 1.15
    endloop
  endfacet
  facet normal 0 -0.99863 0.0523353
    outer loop
      vertex 17.8 4.5748 5.26917
      vertex 22.2 4.6 5.75
      vertex 17.8 4.6 5.75
    endloop
  endfacet
  facet normal 0 -0.99863 0.0523353
    outer loop
      vertex 22.2 4.6 5.75
      vertex 17.8 4.5748 5.26917
      vertex 22.2 4.5748 5.26917
    endloop
  endfacet
  facet normal 0 -0.707107 0.707107
    outer loop
      vertex 17.8 3.078 2.33153
      vertex 22.2 3.41847 2.672
      vertex 17.8 3.41847 2.672
    endloop
  endfacet
  facet normal 0 -0.707107 0.707107
    outer loop
      vertex 22.2 3.41847 2.672
      vertex 17.8 3.078 2.33153
      vertex 22.2 3.078 2.33153
    endloop
  endfacet
  facet normal 0 -0.93358 0.358368
    outer loop
      vertex 17.8 4.20231 3.87901
      vertex 22.2 4.37486 4.32852
      vertex 17.8 4.37486 4.32852
    endloop
  endfacet
  facet normal 0 -0.93358 0.358368
    outer loop
      vertex 22.2 4.37486 4.32852
      vertex 17.8 4.20231 3.87901
      vertex 22.2 4.20231 3.87901
    endloop
  endfacet
  facet normal 0 -0.544639 0.838671
    outer loop
      vertex 17.8 2.70381 2.02852
      vertex 22.2 2.3 1.76628
      vertex 22.2 2.70381 2.02852
    endloop
  endfacet
  facet normal 0 -0.544639 0.838671
    outer loop
      vertex 22.2 2.3 1.76628
      vertex 17.8 2.70381 2.02852
      vertex 17.8 2.3 1.76628
    endloop
  endfacet
  facet normal 0 -0.965926 0.258818
    outer loop
      vertex 17.8 4.37486 4.32852
      vertex 22.2 4.49948 4.79361
      vertex 17.8 4.49948 4.79361
    endloop
  endfacet
  facet normal 0 -0.965926 0.258818
    outer loop
      vertex 22.2 4.49948 4.79361
      vertex 17.8 4.37486 4.32852
      vertex 22.2 4.37486 4.32852
    endloop
  endfacet
  facet normal 0 0.987688 -0.156435
    outer loop
      vertex 22.2 -4.5748 6.23083
      vertex 17.8 -4.49948 6.70639
      vertex 22.2 -4.49948 6.70639
    endloop
  endfacet
  facet normal 0 0.987688 -0.156435
    outer loop
      vertex 17.8 -4.49948 6.70639
      vertex 22.2 -4.5748 6.23083
      vertex 17.8 -4.5748 6.23083
    endloop
  endfacet
  facet normal 0 -0.358368 -0.93358
    outer loop
      vertex 17.8 1.42148 10.1249
      vertex 22.2 1.87099 9.95231
      vertex 22.2 1.42148 10.1249
    endloop
  endfacet
  facet normal -0 -0.358368 -0.93358
    outer loop
      vertex 22.2 1.87099 9.95231
      vertex 17.8 1.42148 10.1249
      vertex 17.8 1.87099 9.95231
    endloop
  endfacet
  facet normal 0 -0.453991 -0.891006
    outer loop
      vertex 17.8 1.87099 9.95231
      vertex 22.2 2.3 9.73372
      vertex 22.2 1.87099 9.95231
    endloop
  endfacet
  facet normal -0 -0.453991 -0.891006
    outer loop
      vertex 22.2 2.3 9.73372
      vertex 17.8 1.87099 9.95231
      vertex 17.8 2.3 9.73372
    endloop
  endfacet
  facet normal 0 -0.987688 -0.156435
    outer loop
      vertex 17.8 4.5748 6.23083
      vertex 22.2 4.49948 6.70639
      vertex 17.8 4.49948 6.70639
    endloop
  endfacet
  facet normal 0 -0.987688 -0.156435
    outer loop
      vertex 22.2 4.49948 6.70639
      vertex 17.8 4.5748 6.23083
      vertex 22.2 4.5748 6.23083
    endloop
  endfacet
  facet normal 0 -0.93358 -0.358368
    outer loop
      vertex 17.8 4.37486 7.17148
      vertex 22.2 4.20231 7.62099
      vertex 17.8 4.20231 7.62099
    endloop
  endfacet
  facet normal 0 -0.93358 -0.358368
    outer loop
      vertex 22.2 4.20231 7.62099
      vertex 17.8 4.37486 7.17148
      vertex 22.2 4.37486 7.17148
    endloop
  endfacet
  facet normal 0 -0.777146 -0.62932
    outer loop
      vertex 17.8 3.72148 8.45381
      vertex 22.2 3.41847 8.828
      vertex 17.8 3.41847 8.828
    endloop
  endfacet
  facet normal 0 -0.777146 -0.62932
    outer loop
      vertex 22.2 3.41847 8.828
      vertex 17.8 3.72148 8.45381
      vertex 22.2 3.72148 8.45381
    endloop
  endfacet
  facet normal 0 -0.358368 0.93358
    outer loop
      vertex 17.8 1.87099 1.54769
      vertex 22.2 1.42148 1.37514
      vertex 22.2 1.87099 1.54769
    endloop
  endfacet
  facet normal 0 -0.358368 0.93358
    outer loop
      vertex 22.2 1.42148 1.37514
      vertex 17.8 1.87099 1.54769
      vertex 17.8 1.42148 1.37514
    endloop
  endfacet
  facet normal 0 -0.453991 0.891006
    outer loop
      vertex 17.8 2.3 1.76628
      vertex 22.2 1.87099 1.54769
      vertex 22.2 2.3 1.76628
    endloop
  endfacet
  facet normal 0 -0.453991 0.891006
    outer loop
      vertex 22.2 1.87099 1.54769
      vertex 17.8 2.3 1.76628
      vertex 17.8 1.87099 1.54769
    endloop
  endfacet
  facet normal 0 -0.156435 0.987688
    outer loop
      vertex 17.8 0.956393 1.25052
      vertex 22.2 0.48083 1.1752
      vertex 22.2 0.956393 1.25052
    endloop
  endfacet
  facet normal 0 -0.156435 0.987688
    outer loop
      vertex 22.2 0.48083 1.1752
      vertex 17.8 0.956393 1.25052
      vertex 17.8 0.48083 1.1752
    endloop
  endfacet
  facet normal 0 -0.838671 0.544639
    outer loop
      vertex 17.8 3.72148 3.04619
      vertex 22.2 3.98372 3.45
      vertex 17.8 3.98372 3.45
    endloop
  endfacet
  facet normal 0 -0.838671 0.544639
    outer loop
      vertex 22.2 3.98372 3.45
      vertex 17.8 3.72148 3.04619
      vertex 22.2 3.72148 3.04619
    endloop
  endfacet
  facet normal 0 -0.987688 0.156435
    outer loop
      vertex 17.8 4.49948 4.79361
      vertex 22.2 4.5748 5.26917
      vertex 17.8 4.5748 5.26917
    endloop
  endfacet
  facet normal 0 -0.987688 0.156435
    outer loop
      vertex 22.2 4.5748 5.26917
      vertex 17.8 4.49948 4.79361
      vertex 22.2 4.49948 4.79361
    endloop
  endfacet
  facet normal 0 0.544639 -0.838671
    outer loop
      vertex 17.8 -2.70381 9.47148
      vertex 22.2 -2.3 9.73372
      vertex 22.2 -2.70381 9.47148
    endloop
  endfacet
  facet normal 0 0.544639 -0.838671
    outer loop
      vertex 22.2 -2.3 9.73372
      vertex 17.8 -2.70381 9.47148
      vertex 17.8 -2.3 9.73372
    endloop
  endfacet
  facet normal 0 0.99863 -0.0523353
    outer loop
      vertex 22.2 -4.6 5.75
      vertex 17.8 -4.5748 6.23083
      vertex 22.2 -4.5748 6.23083
    endloop
  endfacet
  facet normal 0 0.99863 -0.0523353
    outer loop
      vertex 17.8 -4.5748 6.23083
      vertex 22.2 -4.6 5.75
      vertex 17.8 -4.6 5.75
    endloop
  endfacet
  facet normal 0 0.93358 -0.358368
    outer loop
      vertex 22.2 -4.37486 7.17148
      vertex 17.8 -4.20231 7.62099
      vertex 22.2 -4.20231 7.62099
    endloop
  endfacet
  facet normal 0 0.93358 -0.358368
    outer loop
      vertex 17.8 -4.20231 7.62099
      vertex 22.2 -4.37486 7.17148
      vertex 17.8 -4.37486 7.17148
    endloop
  endfacet
  facet normal 0 -0.258818 -0.965926
    outer loop
      vertex 17.8 0.956393 10.2495
      vertex 22.2 1.42148 10.1249
      vertex 22.2 0.956393 10.2495
    endloop
  endfacet
  facet normal -0 -0.258818 -0.965926
    outer loop
      vertex 22.2 1.42148 10.1249
      vertex 17.8 0.956393 10.2495
      vertex 17.8 1.42148 10.1249
    endloop
  endfacet
  facet normal 0 -0.62932 -0.777146
    outer loop
      vertex 17.8 2.70381 9.47148
      vertex 22.2 3.078 9.16847
      vertex 22.2 2.70381 9.47148
    endloop
  endfacet
  facet normal -0 -0.62932 -0.777146
    outer loop
      vertex 22.2 3.078 9.16847
      vertex 17.8 2.70381 9.47148
      vertex 17.8 3.078 9.16847
    endloop
  endfacet
  facet normal 0 -0.707107 -0.707107
    outer loop
      vertex 17.8 3.41847 8.828
      vertex 22.2 3.078 9.16847
      vertex 17.8 3.078 9.16847
    endloop
  endfacet
  facet normal 0 -0.707107 -0.707107
    outer loop
      vertex 22.2 3.078 9.16847
      vertex 17.8 3.41847 8.828
      vertex 22.2 3.41847 8.828
    endloop
  endfacet
  facet normal 0 -0.544639 -0.838671
    outer loop
      vertex 17.8 2.3 9.73372
      vertex 22.2 2.70381 9.47148
      vertex 22.2 2.3 9.73372
    endloop
  endfacet
  facet normal -0 -0.544639 -0.838671
    outer loop
      vertex 22.2 2.70381 9.47148
      vertex 17.8 2.3 9.73372
      vertex 17.8 2.70381 9.47148
    endloop
  endfacet
  facet normal 0 -0.965926 -0.258818
    outer loop
      vertex 17.8 4.49948 6.70639
      vertex 22.2 4.37486 7.17148
      vertex 17.8 4.37486 7.17148
    endloop
  endfacet
  facet normal 0 -0.965926 -0.258818
    outer loop
      vertex 22.2 4.37486 7.17148
      vertex 17.8 4.49948 6.70639
      vertex 22.2 4.49948 6.70639
    endloop
  endfacet
  facet normal 0 -0.99863 -0.0523353
    outer loop
      vertex 17.8 4.6 5.75
      vertex 22.2 4.5748 6.23083
      vertex 17.8 4.5748 6.23083
    endloop
  endfacet
  facet normal 0 -0.99863 -0.0523353
    outer loop
      vertex 22.2 4.5748 6.23083
      vertex 17.8 4.6 5.75
      vertex 22.2 4.6 5.75
    endloop
  endfacet
  facet normal 0 -0.891006 -0.453991
    outer loop
      vertex 17.8 4.20231 7.62099
      vertex 22.2 3.98372 8.05
      vertex 17.8 3.98372 8.05
    endloop
  endfacet
  facet normal 0 -0.891006 -0.453991
    outer loop
      vertex 22.2 3.98372 8.05
      vertex 17.8 4.20231 7.62099
      vertex 22.2 4.20231 7.62099
    endloop
  endfacet
  facet normal 0 -0.838671 -0.544639
    outer loop
      vertex 17.8 3.98372 8.05
      vertex 22.2 3.72148 8.45381
      vertex 17.8 3.72148 8.45381
    endloop
  endfacet
  facet normal 0 -0.838671 -0.544639
    outer loop
      vertex 22.2 3.72148 8.45381
      vertex 17.8 3.98372 8.05
      vertex 22.2 3.98372 8.05
    endloop
  endfacet
  facet normal 0 -0.62932 0.777146
    outer loop
      vertex 17.8 3.078 2.33153
      vertex 22.2 2.70381 2.02852
      vertex 22.2 3.078 2.33153
    endloop
  endfacet
  facet normal 0 -0.62932 0.777146
    outer loop
      vertex 22.2 2.70381 2.02852
      vertex 17.8 3.078 2.33153
      vertex 17.8 2.70381 2.02852
    endloop
  endfacet
  facet normal 0 -0.258818 0.965926
    outer loop
      vertex 17.8 1.42148 1.37514
      vertex 22.2 0.956393 1.25052
      vertex 22.2 1.42148 1.37514
    endloop
  endfacet
  facet normal 0 -0.258818 0.965926
    outer loop
      vertex 22.2 0.956393 1.25052
      vertex 17.8 1.42148 1.37514
      vertex 17.8 0.956393 1.25052
    endloop
  endfacet
  facet normal 0 -0.777146 0.62932
    outer loop
      vertex 17.8 3.41847 2.672
      vertex 22.2 3.72148 3.04619
      vertex 17.8 3.72148 3.04619
    endloop
  endfacet
  facet normal 0 -0.777146 0.62932
    outer loop
      vertex 22.2 3.72148 3.04619
      vertex 17.8 3.41847 2.672
      vertex 22.2 3.41847 2.672
    endloop
  endfacet
  facet normal 0 -0.891006 0.453991
    outer loop
      vertex 17.8 3.98372 3.45
      vertex 22.2 4.20231 3.87901
      vertex 17.8 4.20231 3.87901
    endloop
  endfacet
  facet normal 0 -0.891006 0.453991
    outer loop
      vertex 22.2 4.20231 3.87901
      vertex 17.8 3.98372 3.45
      vertex 22.2 3.98372 3.45
    endloop
  endfacet
  facet normal 0 0.62932 -0.777146
    outer loop
      vertex 17.8 -3.078 9.16847
      vertex 22.2 -2.70381 9.47148
      vertex 22.2 -3.078 9.16847
    endloop
  endfacet
  facet normal 0 0.62932 -0.777146
    outer loop
      vertex 22.2 -2.70381 9.47148
      vertex 17.8 -3.078 9.16847
      vertex 17.8 -2.70381 9.47148
    endloop
  endfacet
  facet normal 0 0.777146 -0.62932
    outer loop
      vertex 22.2 -3.72148 8.45381
      vertex 17.8 -3.41847 8.828
      vertex 22.2 -3.41847 8.828
    endloop
  endfacet
  facet normal 0 0.777146 -0.62932
    outer loop
      vertex 17.8 -3.41847 8.828
      vertex 22.2 -3.72148 8.45381
      vertex 17.8 -3.72148 8.45381
    endloop
  endfacet
  facet normal 1 0 0
    outer loop
      vertex 17.8 3.19647 11.5
      vertex 17.8 2.70381 11.0785
      vertex 17.8 3.078 11.3815
    endloop
  endfacet
  facet normal 1 0 0
    outer loop
      vertex 17.8 3.19647 11.5
      vertex 17.8 2.3 10.8163
      vertex 17.8 2.70381 11.0785
    endloop
  endfacet
  facet normal 1 0 0
    outer loop
      vertex 17.8 3.19647 11.5
      vertex 17.8 1.87099 10.5977
      vertex 17.8 2.3 10.8163
    endloop
  endfacet
  facet normal 1 0 0
    outer loop
      vertex 17.8 3.19647 11.5
      vertex 17.8 1.42148 10.4251
      vertex 17.8 1.87099 10.5977
    endloop
  endfacet
  facet normal 1 0 0
    outer loop
      vertex 17.8 0.795257 10.275
      vertex 17.8 1.42148 10.4251
      vertex 17.8 3.19647 11.5
    endloop
  endfacet
  facet normal 1 0 0
    outer loop
      vertex 17.8 1.42148 10.4251
      vertex 17.8 0.795257 10.275
      vertex 17.8 0.956393 10.3005
    endloop
  endfacet
  facet normal 1 0 0
    outer loop
      vertex 17.8 0.956393 10.2495
      vertex 17.8 0.519779 8.19537
      vertex 17.8 0.772542 8.12764
    endloop
  endfacet
  facet normal 1 0 0
    outer loop
      vertex 17.8 0.795257 10.275
      vertex 17.8 0.261321 8.2363
      vertex 17.8 0.519779 8.19537
    endloop
  endfacet
  facet normal 1 0 0
    outer loop
      vertex 17.8 0.795257 10.275
      vertex 17.8 0 8.25
      vertex 17.8 0.261321 8.2363
    endloop
  endfacet
  facet normal 1 -0 0
    outer loop
      vertex 17.8 -0.795257 10.275
      vertex 17.8 0 8.25
      vertex 17.8 0.795257 10.275
    endloop
  endfacet
  facet normal 1 0 0
    outer loop
      vertex 17.8 0 8.25
      vertex 17.8 -0.795257 10.275
      vertex 17.8 -0.261321 8.2363
    endloop
  endfacet
  facet normal 1 0 0
    outer loop
      vertex 17.8 -0.261321 8.2363
      vertex 17.8 -0.795257 10.275
      vertex 17.8 -0.519779 8.19537
    endloop
  endfacet
  facet normal 1 -0 0
    outer loop
      vertex 17.8 -0.956393 10.2495
      vertex 17.8 -0.519779 8.19537
      vertex 17.8 -0.795257 10.275
    endloop
  endfacet
  facet normal 1 0 0
    outer loop
      vertex 17.8 3.19647 11.5
      vertex 17.8 -0.795257 10.275
      vertex 17.8 0.795257 10.275
    endloop
  endfacet
  facet normal 1 -0 0
    outer loop
      vertex 17.8 -1.42148 10.4251
      vertex 17.8 -0.795257 10.275
      vertex 17.8 3.19647 11.5
    endloop
  endfacet
  facet normal 1 0 0
    outer loop
      vertex 17.8 -0.795257 10.275
      vertex 17.8 -1.42148 10.4251
      vertex 17.8 -0.956393 10.3005
    endloop
  endfacet
  facet normal 1 0 0
    outer loop
      vertex 17.8 3.19647 11.5
      vertex 17.8 -1.87099 10.5977
      vertex 17.8 -1.42148 10.4251
    endloop
  endfacet
  facet normal 1 0 0
    outer loop
      vertex 17.8 3.19647 11.5
      vertex 17.8 -2.3 10.8163
      vertex 17.8 -1.87099 10.5977
    endloop
  endfacet
  facet normal 1 0 0
    outer loop
      vertex 17.8 3.19647 11.5
      vertex 17.8 -2.70381 11.0785
      vertex 17.8 -2.3 10.8163
    endloop
  endfacet
  facet normal 1 -0 0
    outer loop
      vertex 17.8 -3.19647 11.5
      vertex 17.8 -2.70381 11.0785
      vertex 17.8 3.19647 11.5
    endloop
  endfacet
  facet normal 1 0 0
    outer loop
      vertex 17.8 -2.70381 11.0785
      vertex 17.8 -3.19647 11.5
      vertex 17.8 -3.078 11.3815
    endloop
  endfacet
  facet normal 1 0 0
    outer loop
      vertex 17.8 2.5 5.75
      vertex 17.8 4.6 5.75
      vertex 17.8 4.5748 6.23083
    endloop
  endfacet
  facet normal 1 0 0
    outer loop
      vertex 17.8 2.4863 6.01132
      vertex 17.8 4.5748 6.23083
      vertex 17.8 4.49948 6.70639
    endloop
  endfacet
  facet normal 1 0 0
    outer loop
      vertex 17.8 4.6 5.75
      vertex 17.8 2.5 5.75
      vertex 17.8 4.5748 5.26917
    endloop
  endfacet
  facet normal 1 0 0
    outer loop
      vertex 17.8 2.44537 6.26978
      vertex 17.8 4.49948 6.70639
      vertex 17.8 4.37486 7.17148
    endloop
  endfacet
  facet normal 1 -0 0
    outer loop
      vertex 17.8 2.4863 5.48868
      vertex 17.8 4.5748 5.26917
      vertex 17.8 2.5 5.75
    endloop
  endfacet
  facet normal 1 0 0
    outer loop
      vertex 17.8 2.37764 6.52254
      vertex 17.8 4.37486 7.17148
      vertex 17.8 4.20231 7.62099
    endloop
  endfacet
  facet normal 1 0 0
    outer loop
      vertex 17.8 4.5748 5.26917
      vertex 17.8 2.4863 5.48868
      vertex 17.8 4.49948 4.79361
    endloop
  endfacet
  facet normal 1 0 0
    outer loop
      vertex 17.8 2.19995 6.93153
      vertex 17.8 4.20231 7.62099
      vertex 17.8 3.98372 8.05
    endloop
  endfacet
  facet normal 1 -0 0
    outer loop
      vertex 17.8 2.44537 5.23022
      vertex 17.8 4.49948 4.79361
      vertex 17.8 2.4863 5.48868
    endloop
  endfacet
  facet normal 1 0 0
    outer loop
      vertex 17.8 2.12321 7.06445
      vertex 17.8 3.98372 8.05
      vertex 17.8 3.72148 8.45381
    endloop
  endfacet
  facet normal 1 0 0
    outer loop
      vertex 17.8 4.49948 4.79361
      vertex 17.8 2.44537 5.23022
      vertex 17.8 4.37486 4.32852
    endloop
  endfacet
  facet normal 1 0 0
    outer loop
      vertex 17.8 2.02254 7.21946
      vertex 17.8 3.72148 8.45381
      vertex 17.8 3.41847 8.828
    endloop
  endfacet
  facet normal 1 -0 0
    outer loop
      vertex 17.8 2.37764 4.97746
      vertex 17.8 4.37486 4.32852
      vertex 17.8 2.44537 5.23022
    endloop
  endfacet
  facet normal 1 0 0
    outer loop
      vertex 17.8 1.85786 7.42283
      vertex 17.8 3.41847 8.828
      vertex 17.8 3.078 9.16847
    endloop
  endfacet
  facet normal 1 0 0
    outer loop
      vertex 17.8 4.37486 4.32852
      vertex 17.8 2.37764 4.97746
      vertex 17.8 4.20231 3.87901
    endloop
  endfacet
  facet normal 1 0 0
    outer loop
      vertex 17.8 1.67283 7.60786
      vertex 17.8 3.078 9.16847
      vertex 17.8 2.70381 9.47148
    endloop
  endfacet
  facet normal 1 -0 0
    outer loop
      vertex 17.8 2.28386 4.73316
      vertex 17.8 4.20231 3.87901
      vertex 17.8 2.37764 4.97746
    endloop
  endfacet
  facet normal 1 -0 0
    outer loop
      vertex 17.8 2.24898 4.66469
      vertex 17.8 4.20231 3.87901
      vertex 17.8 2.28386 4.73316
    endloop
  endfacet
  facet normal 1 0 0
    outer loop
      vertex 17.8 4.5748 6.23083
      vertex 17.8 2.4863 6.01132
      vertex 17.8 2.5 5.75
    endloop
  endfacet
  facet normal 1 0 0
    outer loop
      vertex 17.8 4.49948 6.70639
      vertex 17.8 2.44537 6.26978
      vertex 17.8 2.4863 6.01132
    endloop
  endfacet
  facet normal 1 0 0
    outer loop
      vertex 17.8 4.37486 7.17148
      vertex 17.8 2.37764 6.52254
      vertex 17.8 2.44537 6.26978
    endloop
  endfacet
  facet normal 1 0 0
    outer loop
      vertex 17.8 1.46946 7.77254
      vertex 17.8 2.70381 9.47148
      vertex 17.8 2.3 9.73372
    endloop
  endfacet
  facet normal 1 0 0
    outer loop
      vertex 17.8 4.20231 7.62099
      vertex 17.8 2.28386 6.76684
      vertex 17.8 2.37764 6.52254
    endloop
  endfacet
  facet normal 1 0 0
    outer loop
      vertex 17.8 4.20231 7.62099
      vertex 17.8 2.19995 6.93153
      vertex 17.8 2.28386 6.76684
    endloop
  endfacet
  facet normal 1 0 0
    outer loop
      vertex 17.8 3.98372 8.05
      vertex 17.8 2.16506 7
      vertex 17.8 2.19995 6.93153
    endloop
  endfacet
  facet normal 1 0 0
    outer loop
      vertex 17.8 3.98372 8.05
      vertex 17.8 2.12321 7.06445
      vertex 17.8 2.16506 7
    endloop
  endfacet
  facet normal 1 0 0
    outer loop
      vertex 17.8 3.72148 8.45381
      vertex 17.8 2.02254 7.21946
      vertex 17.8 2.12321 7.06445
    endloop
  endfacet
  facet normal 1 0 0
    outer loop
      vertex 17.8 1.25 7.91506
      vertex 17.8 2.3 9.73372
      vertex 17.8 1.87099 9.95231
    endloop
  endfacet
  facet normal 1 0 0
    outer loop
      vertex 17.8 3.41847 8.828
      vertex 17.8 1.85786 7.42283
      vertex 17.8 2.02254 7.21946
    endloop
  endfacet
  facet normal 1 0 0
    outer loop
      vertex 17.8 3.078 9.16847
      vertex 17.8 1.67283 7.60786
      vertex 17.8 1.85786 7.42283
    endloop
  endfacet
  facet normal 1 0 0
    outer loop
      vertex 17.8 2.70381 9.47148
      vertex 17.8 1.46946 7.77254
      vertex 17.8 1.67283 7.60786
    endloop
  endfacet
  facet normal 1 0 0
    outer loop
      vertex 17.8 1.01684 8.03386
      vertex 17.8 1.87099 9.95231
      vertex 17.8 1.42148 10.1249
    endloop
  endfacet
  facet normal 1 0 0
    outer loop
      vertex 17.8 2.3 9.73372
      vertex 17.8 1.25 7.91506
      vertex 17.8 1.46946 7.77254
    endloop
  endfacet
  facet normal 1 0 0
    outer loop
      vertex 17.8 1.87099 9.95231
      vertex 17.8 1.01684 8.03386
      vertex 17.8 1.25 7.91506
    endloop
  endfacet
  facet normal 1 0 0
    outer loop
      vertex 17.8 0.772542 8.12764
      vertex 17.8 1.42148 10.1249
      vertex 17.8 0.956393 10.2495
    endloop
  endfacet
  facet normal 1 0 0
    outer loop
      vertex 17.8 0.519779 8.19537
      vertex 17.8 0.956393 10.2495
      vertex 17.8 0.795257 10.275
    endloop
  endfacet
  facet normal 1 0 0
    outer loop
      vertex 17.8 1.42148 10.1249
      vertex 17.8 0.772542 8.12764
      vertex 17.8 1.01684 8.03386
    endloop
  endfacet
  facet normal 1 0 0
    outer loop
      vertex 17.8 4.20231 3.87901
      vertex 17.8 2.24898 4.66469
      vertex 17.8 3.98372 3.45
    endloop
  endfacet
  facet normal 1 -0 0
    outer loop
      vertex 17.8 2.16506 4.5
      vertex 17.8 3.98372 3.45
      vertex 17.8 2.24898 4.66469
    endloop
  endfacet
  facet normal 1 -0 0
    outer loop
      vertex 17.8 2.06439 4.34498
      vertex 17.8 3.98372 3.45
      vertex 17.8 2.16506 4.5
    endloop
  endfacet
  facet normal 1 0 0
    outer loop
      vertex 17.8 3.98372 3.45
      vertex 17.8 2.06439 4.34498
      vertex 17.8 3.72148 3.04619
    endloop
  endfacet
  facet normal 1 -0 0
    outer loop
      vertex 17.8 2.02254 4.28054
      vertex 17.8 3.72148 3.04619
      vertex 17.8 2.06439 4.34498
    endloop
  endfacet
  facet normal 1 0 0
    outer loop
      vertex 17.8 3.72148 3.04619
      vertex 17.8 2.02254 4.28054
      vertex 17.8 3.41847 2.672
    endloop
  endfacet
  facet normal 1 -0 0
    outer loop
      vertex 17.8 1.85786 4.07717
      vertex 17.8 3.41847 2.672
      vertex 17.8 2.02254 4.28054
    endloop
  endfacet
  facet normal 1 0 0
    outer loop
      vertex 17.8 3.41847 2.672
      vertex 17.8 1.85786 4.07717
      vertex 17.8 3.078 2.33153
    endloop
  endfacet
  facet normal 1 -0 0
    outer loop
      vertex 17.8 1.67283 3.89214
      vertex 17.8 3.078 2.33153
      vertex 17.8 1.85786 4.07717
    endloop
  endfacet
  facet normal 1 0 0
    outer loop
      vertex 17.8 3.078 2.33153
      vertex 17.8 1.67283 3.89214
      vertex 17.8 2.70381 2.02852
    endloop
  endfacet
  facet normal 1 -0 0
    outer loop
      vertex 17.8 1.46946 3.72746
      vertex 17.8 2.70381 2.02852
      vertex 17.8 1.67283 3.89214
    endloop
  endfacet
  facet normal 1 0 0
    outer loop
      vertex 17.8 2.70381 2.02852
      vertex 17.8 1.46946 3.72746
      vertex 17.8 2.3 1.76628
    endloop
  endfacet
  facet normal 1 -0 0
    outer loop
      vertex 17.8 1.25 3.58494
      vertex 17.8 2.3 1.76628
      vertex 17.8 1.46946 3.72746
    endloop
  endfacet
  facet normal 1 0 0
    outer loop
      vertex 17.8 2.3 1.76628
      vertex 17.8 1.25 3.58494
      vertex 17.8 1.87099 1.54769
    endloop
  endfacet
  facet normal 1 -0 0
    outer loop
      vertex 17.8 1.01684 3.46614
      vertex 17.8 1.87099 1.54769
      vertex 17.8 1.25 3.58494
    endloop
  endfacet
  facet normal 1 0 0
    outer loop
      vertex 17.8 1.87099 1.54769
      vertex 17.8 1.01684 3.46614
      vertex 17.8 1.42148 1.37514
    endloop
  endfacet
  facet normal 1 -0 0
    outer loop
      vertex 17.8 0.772542 3.37236
      vertex 17.8 1.42148 1.37514
      vertex 17.8 1.01684 3.46614
    endloop
  endfacet
  facet normal 1 0 0
    outer loop
      vertex 17.8 1.42148 1.37514
      vertex 17.8 0.772542 3.37236
      vertex 17.8 0.956393 1.25052
    endloop
  endfacet
  facet normal 1 -0 0
    outer loop
      vertex 17.8 0.519779 3.30463
      vertex 17.8 0.956393 1.25052
      vertex 17.8 0.772542 3.37236
    endloop
  endfacet
  facet normal 1 0 0
    outer loop
      vertex 17.8 0.519779 3.30463
      vertex 17.8 0.48083 1.1752
      vertex 17.8 0.956393 1.25052
    endloop
  endfacet
  facet normal 1 -0 0
    outer loop
      vertex 17.8 0.261321 3.2637
      vertex 17.8 0.48083 1.1752
      vertex 17.8 0.519779 3.30463
    endloop
  endfacet
  facet normal 1 -0 0
    outer loop
      vertex 17.8 0.184584 3.25967
      vertex 17.8 0.48083 1.1752
      vertex 17.8 0.261321 3.2637
    endloop
  endfacet
  facet normal 1 0 0
    outer loop
      vertex 17.8 0 1.15
      vertex 17.8 0.184584 3.25967
      vertex 17.8 0 3.25
    endloop
  endfacet
  facet normal 1 0 0
    outer loop
      vertex 17.8 0.184584 3.25967
      vertex 17.8 0 1.15
      vertex 17.8 0.48083 1.1752
    endloop
  endfacet
  facet normal 1 0 0
    outer loop
      vertex 17.8 -0.184584 3.25967
      vertex 17.8 0 1.15
      vertex 17.8 0 3.25
    endloop
  endfacet
  facet normal 1 0 0
    outer loop
      vertex 17.8 -0.48083 1.1752
      vertex 17.8 -0.184584 3.25967
      vertex 17.8 -0.261321 3.2637
    endloop
  endfacet
  facet normal 1 0 0
    outer loop
      vertex 17.8 -0.184584 3.25967
      vertex 17.8 -0.48083 1.1752
      vertex 17.8 0 1.15
    endloop
  endfacet
  facet normal 1 0 0
    outer loop
      vertex 17.8 -0.519779 3.30463
      vertex 17.8 -0.48083 1.1752
      vertex 17.8 -0.261321 3.2637
    endloop
  endfacet
  facet normal 1 0 0
    outer loop
      vertex 17.8 -0.956393 1.25052
      vertex 17.8 -0.519779 3.30463
      vertex 17.8 -0.772542 3.37236
    endloop
  endfacet
  facet normal 1 0 0
    outer loop
      vertex 17.8 -0.519779 3.30463
      vertex 17.8 -0.956393 1.25052
      vertex 17.8 -0.48083 1.1752
    endloop
  endfacet
  facet normal 1 0 0
    outer loop
      vertex 17.8 -1.42148 1.37514
      vertex 17.8 -0.772542 3.37236
      vertex 17.8 -1.01684 3.46614
    endloop
  endfacet
  facet normal 1 0 0
    outer loop
      vertex 17.8 -1.87099 1.54769
      vertex 17.8 -1.01684 3.46614
      vertex 17.8 -1.25 3.58494
    endloop
  endfacet
  facet normal 1 0 0
    outer loop
      vertex 17.8 -0.772542 3.37236
      vertex 17.8 -1.42148 1.37514
      vertex 17.8 -0.956393 1.25052
    endloop
  endfacet
  facet normal 1 0 0
    outer loop
      vertex 17.8 -2.3 1.76628
      vertex 17.8 -1.25 3.58494
      vertex 17.8 -1.46946 3.72746
    endloop
  endfacet
  facet normal 1 0 0
    outer loop
      vertex 17.8 -2.70381 2.02852
      vertex 17.8 -1.46946 3.72746
      vertex 17.8 -1.67283 3.89214
    endloop
  endfacet
  facet normal 1 0 0
    outer loop
      vertex 17.8 -3.078 2.33153
      vertex 17.8 -1.67283 3.89214
      vertex 17.8 -1.85786 4.07717
    endloop
  endfacet
  facet normal 1 0 0
    outer loop
      vertex 17.8 -1.01684 3.46614
      vertex 17.8 -1.87099 1.54769
      vertex 17.8 -1.42148 1.37514
    endloop
  endfacet
  facet normal 1 0 0
    outer loop
      vertex 17.8 -3.41847 2.672
      vertex 17.8 -1.85786 4.07717
      vertex 17.8 -2.02254 4.28054
    endloop
  endfacet
  facet normal 1 0 0
    outer loop
      vertex 17.8 -3.72148 3.04619
      vertex 17.8 -2.02254 4.28054
      vertex 17.8 -2.06439 4.34498
    endloop
  endfacet
  facet normal 1 0 0
    outer loop
      vertex 17.8 -3.98372 3.45
      vertex 17.8 -2.06439 4.34498
      vertex 17.8 -2.16506 4.5
    endloop
  endfacet
  facet normal 1 0 0
    outer loop
      vertex 17.8 -3.98372 3.45
      vertex 17.8 -2.16506 4.5
      vertex 17.8 -2.24898 4.66469
    endloop
  endfacet
  facet normal 1 0 0
    outer loop
      vertex 17.8 -4.20231 3.87901
      vertex 17.8 -2.24898 4.66469
      vertex 17.8 -2.28386 4.73316
    endloop
  endfacet
  facet normal 1 0 0
    outer loop
      vertex 17.8 -1.25 3.58494
      vertex 17.8 -2.3 1.76628
      vertex 17.8 -1.87099 1.54769
    endloop
  endfacet
  facet normal 1 0 0
    outer loop
      vertex 17.8 -4.20231 3.87901
      vertex 17.8 -2.28386 4.73316
      vertex 17.8 -2.37764 4.97746
    endloop
  endfacet
  facet normal 1 0 0
    outer loop
      vertex 17.8 -4.37486 4.32852
      vertex 17.8 -2.37764 4.97746
      vertex 17.8 -2.44537 5.23022
    endloop
  endfacet
  facet normal 1 0 0
    outer loop
      vertex 17.8 -4.49948 4.79361
      vertex 17.8 -2.44537 5.23022
      vertex 17.8 -2.4863 5.48868
    endloop
  endfacet
  facet normal 1 0 0
    outer loop
      vertex 17.8 -4.5748 5.26917
      vertex 17.8 -2.4863 5.48868
      vertex 17.8 -2.5 5.75
    endloop
  endfacet
  facet normal 1 -0 0
    outer loop
      vertex 17.8 -4.20231 7.62099
      vertex 17.8 -2.28386 6.76684
      vertex 17.8 -3.98372 8.05
    endloop
  endfacet
  facet normal 1 0 0
    outer loop
      vertex 17.8 -1.46946 3.72746
      vertex 17.8 -2.70381 2.02852
      vertex 17.8 -2.3 1.76628
    endloop
  endfacet
  facet normal 1 0 0
    outer loop
      vertex 17.8 -2.28386 6.76684
      vertex 17.8 -4.20231 7.62099
      vertex 17.8 -2.37764 6.52254
    endloop
  endfacet
  facet normal 1 0 0
    outer loop
      vertex 17.8 -1.67283 3.89214
      vertex 17.8 -3.078 2.33153
      vertex 17.8 -2.70381 2.02852
    endloop
  endfacet
  facet normal 1 -0 0
    outer loop
      vertex 17.8 -4.37486 7.17148
      vertex 17.8 -2.37764 6.52254
      vertex 17.8 -4.20231 7.62099
    endloop
  endfacet
  facet normal 1 0 0
    outer loop
      vertex 17.8 -1.85786 4.07717
      vertex 17.8 -3.41847 2.672
      vertex 17.8 -3.078 2.33153
    endloop
  endfacet
  facet normal 1 0 0
    outer loop
      vertex 17.8 -2.37764 6.52254
      vertex 17.8 -4.37486 7.17148
      vertex 17.8 -2.44537 6.26978
    endloop
  endfacet
  facet normal 1 0 0
    outer loop
      vertex 17.8 -2.02254 4.28054
      vertex 17.8 -3.72148 3.04619
      vertex 17.8 -3.41847 2.672
    endloop
  endfacet
  facet normal 1 -0 0
    outer loop
      vertex 17.8 -4.49948 6.70639
      vertex 17.8 -2.44537 6.26978
      vertex 17.8 -4.37486 7.17148
    endloop
  endfacet
  facet normal 1 0 0
    outer loop
      vertex 17.8 -2.06439 4.34498
      vertex 17.8 -3.98372 3.45
      vertex 17.8 -3.72148 3.04619
    endloop
  endfacet
  facet normal 1 0 0
    outer loop
      vertex 17.8 -2.44537 6.26978
      vertex 17.8 -4.49948 6.70639
      vertex 17.8 -2.4863 6.01132
    endloop
  endfacet
  facet normal 1 0 0
    outer loop
      vertex 17.8 -2.24898 4.66469
      vertex 17.8 -4.20231 3.87901
      vertex 17.8 -3.98372 3.45
    endloop
  endfacet
  facet normal 1 -0 0
    outer loop
      vertex 17.8 -4.5748 6.23083
      vertex 17.8 -2.4863 6.01132
      vertex 17.8 -4.49948 6.70639
    endloop
  endfacet
  facet normal 1 0 0
    outer loop
      vertex 17.8 -2.37764 4.97746
      vertex 17.8 -4.37486 4.32852
      vertex 17.8 -4.20231 3.87901
    endloop
  endfacet
  facet normal 1 0 0
    outer loop
      vertex 17.8 -2.4863 6.01132
      vertex 17.8 -4.5748 6.23083
      vertex 17.8 -2.5 5.75
    endloop
  endfacet
  facet normal 1 0 0
    outer loop
      vertex 17.8 -2.44537 5.23022
      vertex 17.8 -4.49948 4.79361
      vertex 17.8 -4.37486 4.32852
    endloop
  endfacet
  facet normal 1 0 0
    outer loop
      vertex 17.8 -4.6 5.75
      vertex 17.8 -2.5 5.75
      vertex 17.8 -4.5748 6.23083
    endloop
  endfacet
  facet normal 1 0 0
    outer loop
      vertex 17.8 -2.4863 5.48868
      vertex 17.8 -4.5748 5.26917
      vertex 17.8 -4.49948 4.79361
    endloop
  endfacet
  facet normal 1 0 0
    outer loop
      vertex 17.8 -2.5 5.75
      vertex 17.8 -4.6 5.75
      vertex 17.8 -4.5748 5.26917
    endloop
  endfacet
  facet normal 1 0 0
    outer loop
      vertex 17.8 -0.519779 8.19537
      vertex 17.8 -0.956393 10.2495
      vertex 17.8 -0.772542 8.12764
    endloop
  endfacet
  facet normal 1 -0 0
    outer loop
      vertex 17.8 -1.42148 10.1249
      vertex 17.8 -0.772542 8.12764
      vertex 17.8 -0.956393 10.2495
    endloop
  endfacet
  facet normal 1 0 0
    outer loop
      vertex 17.8 -0.772542 8.12764
      vertex 17.8 -1.42148 10.1249
      vertex 17.8 -1.01684 8.03386
    endloop
  endfacet
  facet normal 1 -0 0
    outer loop
      vertex 17.8 -1.87099 9.95231
      vertex 17.8 -1.01684 8.03386
      vertex 17.8 -1.42148 10.1249
    endloop
  endfacet
  facet normal 1 0 0
    outer loop
      vertex 17.8 -1.01684 8.03386
      vertex 17.8 -1.87099 9.95231
      vertex 17.8 -1.25 7.91506
    endloop
  endfacet
  facet normal 1 -0 0
    outer loop
      vertex 17.8 -2.3 9.73372
      vertex 17.8 -1.25 7.91506
      vertex 17.8 -1.87099 9.95231
    endloop
  endfacet
  facet normal 1 0 0
    outer loop
      vertex 17.8 -1.25 7.91506
      vertex 17.8 -2.3 9.73372
      vertex 17.8 -1.46946 7.77254
    endloop
  endfacet
  facet normal 1 -0 0
    outer loop
      vertex 17.8 -2.70381 9.47148
      vertex 17.8 -1.46946 7.77254
      vertex 17.8 -2.3 9.73372
    endloop
  endfacet
  facet normal 1 0 0
    outer loop
      vertex 17.8 -1.46946 7.77254
      vertex 17.8 -2.70381 9.47148
      vertex 17.8 -1.67283 7.60786
    endloop
  endfacet
  facet normal 1 -0 0
    outer loop
      vertex 17.8 -3.078 9.16847
      vertex 17.8 -1.67283 7.60786
      vertex 17.8 -2.70381 9.47148
    endloop
  endfacet
  facet normal 1 0 0
    outer loop
      vertex 17.8 -1.67283 7.60786
      vertex 17.8 -3.078 9.16847
      vertex 17.8 -1.85786 7.42283
    endloop
  endfacet
  facet normal 1 -0 0
    outer loop
      vertex 17.8 -3.41847 8.828
      vertex 17.8 -1.85786 7.42283
      vertex 17.8 -3.078 9.16847
    endloop
  endfacet
  facet normal 1 0 0
    outer loop
      vertex 17.8 -1.85786 7.42283
      vertex 17.8 -3.41847 8.828
      vertex 17.8 -2.02254 7.21946
    endloop
  endfacet
  facet normal 1 -0 0
    outer loop
      vertex 17.8 -3.72148 8.45381
      vertex 17.8 -2.02254 7.21946
      vertex 17.8 -3.41847 8.828
    endloop
  endfacet
  facet normal 1 0 0
    outer loop
      vertex 17.8 -2.02254 7.21946
      vertex 17.8 -3.72148 8.45381
      vertex 17.8 -2.16506 7
    endloop
  endfacet
  facet normal 1 -0 0
    outer loop
      vertex 17.8 -3.98372 8.05
      vertex 17.8 -2.16506 7
      vertex 17.8 -3.72148 8.45381
    endloop
  endfacet
  facet normal 1 0 0
    outer loop
      vertex 17.8 -2.16506 7
      vertex 17.8 -3.98372 8.05
      vertex 17.8 -2.28386 6.76684
    endloop
  endfacet
  facet normal -0 0.156435 0.987688
    outer loop
      vertex 17.8 -0.48083 1.1752
      vertex 22.2 -0.956393 1.25052
      vertex 22.2 -0.48083 1.1752
    endloop
  endfacet
  facet normal 0 0.156435 0.987688
    outer loop
      vertex 22.2 -0.956393 1.25052
      vertex 17.8 -0.48083 1.1752
      vertex 17.8 -0.956393 1.25052
    endloop
  endfacet
  facet normal 0 0.965926 -0.258818
    outer loop
      vertex 22.2 -4.49948 6.70639
      vertex 17.8 -4.37486 7.17148
      vertex 22.2 -4.37486 7.17148
    endloop
  endfacet
  facet normal 0 0.965926 -0.258818
    outer loop
      vertex 17.8 -4.37486 7.17148
      vertex 22.2 -4.49948 6.70639
      vertex 17.8 -4.49948 6.70639
    endloop
  endfacet
  facet normal 0 0.258818 -0.965926
    outer loop
      vertex 17.8 -1.42148 10.1249
      vertex 22.2 -0.956393 10.2495
      vertex 22.2 -1.42148 10.1249
    endloop
  endfacet
  facet normal 0 0.258818 -0.965926
    outer loop
      vertex 22.2 -0.956393 10.2495
      vertex 17.8 -1.42148 10.1249
      vertex 17.8 -0.956393 10.2495
    endloop
  endfacet
  facet normal 0 0.156433 -0.987689
    outer loop
      vertex 17.8 -0.956393 10.2495
      vertex 22.2 -0.795257 10.275
      vertex 22.2 -0.956393 10.2495
    endloop
  endfacet
  facet normal 0 0.156433 -0.987689
    outer loop
      vertex 22.2 -0.795257 10.275
      vertex 17.8 -0.956393 10.2495
      vertex 17.8 -0.795257 10.275
    endloop
  endfacet
  facet normal 0 0.707107 -0.707107
    outer loop
      vertex 22.2 -3.41847 8.828
      vertex 17.8 -3.078 9.16847
      vertex 22.2 -3.078 9.16847
    endloop
  endfacet
  facet normal 0 0.707107 -0.707107
    outer loop
      vertex 17.8 -3.078 9.16847
      vertex 22.2 -3.41847 8.828
      vertex 17.8 -3.41847 8.828
    endloop
  endfacet
  facet normal 0 0.891006 -0.453991
    outer loop
      vertex 22.2 -4.20231 7.62099
      vertex 17.8 -3.98372 8.05
      vertex 22.2 -3.98372 8.05
    endloop
  endfacet
  facet normal 0 0.891006 -0.453991
    outer loop
      vertex 17.8 -3.98372 8.05
      vertex 22.2 -4.20231 7.62099
      vertex 17.8 -4.20231 7.62099
    endloop
  endfacet
  facet normal 0 0.838671 -0.544639
    outer loop
      vertex 22.2 -3.98372 8.05
      vertex 17.8 -3.72148 8.45381
      vertex 22.2 -3.72148 8.45381
    endloop
  endfacet
  facet normal 0 0.838671 -0.544639
    outer loop
      vertex 17.8 -3.72148 8.45381
      vertex 22.2 -3.98372 8.05
      vertex 17.8 -3.98372 8.05
    endloop
  endfacet
  facet normal 0 0.453991 -0.891006
    outer loop
      vertex 17.8 -2.3 9.73372
      vertex 22.2 -1.87099 9.95231
      vertex 22.2 -2.3 9.73372
    endloop
  endfacet
  facet normal 0 0.453991 -0.891006
    outer loop
      vertex 22.2 -1.87099 9.95231
      vertex 17.8 -2.3 9.73372
      vertex 17.8 -1.87099 9.95231
    endloop
  endfacet
  facet normal 0 0.358368 -0.93358
    outer loop
      vertex 17.8 -1.87099 9.95231
      vertex 22.2 -1.42148 10.1249
      vertex 22.2 -1.87099 9.95231
    endloop
  endfacet
  facet normal 0 0.358368 -0.93358
    outer loop
      vertex 22.2 -1.42148 10.1249
      vertex 17.8 -1.87099 9.95231
      vertex 17.8 -1.42148 10.1249
    endloop
  endfacet
  facet normal 0 0.99863 0.0523353
    outer loop
      vertex 22.2 -4.5748 5.26917
      vertex 17.8 -4.6 5.75
      vertex 22.2 -4.6 5.75
    endloop
  endfacet
  facet normal 0 0.99863 0.0523353
    outer loop
      vertex 17.8 -4.6 5.75
      vertex 22.2 -4.5748 5.26917
      vertex 17.8 -4.5748 5.26917
    endloop
  endfacet
  facet normal -0 0.62932 0.777146
    outer loop
      vertex 17.8 -2.70381 2.02852
      vertex 22.2 -3.078 2.33153
      vertex 22.2 -2.70381 2.02852
    endloop
  endfacet
  facet normal 0 0.62932 0.777146
    outer loop
      vertex 22.2 -3.078 2.33153
      vertex 17.8 -2.70381 2.02852
      vertex 17.8 -3.078 2.33153
    endloop
  endfacet
  facet normal -0 0.258818 0.965926
    outer loop
      vertex 17.8 -0.956393 1.25052
      vertex 22.2 -1.42148 1.37514
      vertex 22.2 -0.956393 1.25052
    endloop
  endfacet
  facet normal 0 0.258818 0.965926
    outer loop
      vertex 22.2 -1.42148 1.37514
      vertex 17.8 -0.956393 1.25052
      vertex 17.8 -1.42148 1.37514
    endloop
  endfacet
  facet normal -0 0.0523353 0.99863
    outer loop
      vertex 17.8 0 1.15
      vertex 22.2 -0.48083 1.1752
      vertex 22.2 0 1.15
    endloop
  endfacet
  facet normal 0 0.0523353 0.99863
    outer loop
      vertex 22.2 -0.48083 1.1752
      vertex 17.8 0 1.15
      vertex 17.8 -0.48083 1.1752
    endloop
  endfacet
  facet normal 0 0.93358 0.358368
    outer loop
      vertex 22.2 -4.20231 3.87901
      vertex 17.8 -4.37486 4.32852
      vertex 22.2 -4.37486 4.32852
    endloop
  endfacet
  facet normal 0 0.93358 0.358368
    outer loop
      vertex 17.8 -4.37486 4.32852
      vertex 22.2 -4.20231 3.87901
      vertex 17.8 -4.20231 3.87901
    endloop
  endfacet
  facet normal 0 0.777146 0.62932
    outer loop
      vertex 22.2 -3.41847 2.672
      vertex 17.8 -3.72148 3.04619
      vertex 22.2 -3.72148 3.04619
    endloop
  endfacet
  facet normal 0 0.777146 0.62932
    outer loop
      vertex 17.8 -3.72148 3.04619
      vertex 22.2 -3.41847 2.672
      vertex 17.8 -3.41847 2.672
    endloop
  endfacet
  facet normal 0 0.707107 0.707107
    outer loop
      vertex 22.2 -3.078 2.33153
      vertex 17.8 -3.41847 2.672
      vertex 22.2 -3.41847 2.672
    endloop
  endfacet
  facet normal 0 0.707107 0.707107
    outer loop
      vertex 17.8 -3.41847 2.672
      vertex 22.2 -3.078 2.33153
      vertex 17.8 -3.078 2.33153
    endloop
  endfacet
  facet normal -0 0.453991 0.891006
    outer loop
      vertex 17.8 -1.87099 1.54769
      vertex 22.2 -2.3 1.76628
      vertex 22.2 -1.87099 1.54769
    endloop
  endfacet
  facet normal 0 0.453991 0.891006
    outer loop
      vertex 22.2 -2.3 1.76628
      vertex 17.8 -1.87099 1.54769
      vertex 17.8 -2.3 1.76628
    endloop
  endfacet
  facet normal -0 0.544639 0.838671
    outer loop
      vertex 17.8 -2.3 1.76628
      vertex 22.2 -2.70381 2.02852
      vertex 22.2 -2.3 1.76628
    endloop
  endfacet
  facet normal 0 0.544639 0.838671
    outer loop
      vertex 22.2 -2.70381 2.02852
      vertex 17.8 -2.3 1.76628
      vertex 17.8 -2.70381 2.02852
    endloop
  endfacet
  facet normal -0 0.358368 0.93358
    outer loop
      vertex 17.8 -1.42148 1.37514
      vertex 22.2 -1.87099 1.54769
      vertex 22.2 -1.42148 1.37514
    endloop
  endfacet
  facet normal 0 0.358368 0.93358
    outer loop
      vertex 22.2 -1.87099 1.54769
      vertex 17.8 -1.42148 1.37514
      vertex 17.8 -1.87099 1.54769
    endloop
  endfacet
  facet normal 0 0.965926 0.258818
    outer loop
      vertex 22.2 -4.37486 4.32852
      vertex 17.8 -4.49948 4.79361
      vertex 22.2 -4.49948 4.79361
    endloop
  endfacet
  facet normal 0 0.965926 0.258818
    outer loop
      vertex 17.8 -4.49948 4.79361
      vertex 22.2 -4.37486 4.32852
      vertex 17.8 -4.37486 4.32852
    endloop
  endfacet
  facet normal 0 0.987688 0.156435
    outer loop
      vertex 22.2 -4.49948 4.79361
      vertex 17.8 -4.5748 5.26917
      vertex 22.2 -4.5748 5.26917
    endloop
  endfacet
  facet normal 0 0.987688 0.156435
    outer loop
      vertex 17.8 -4.5748 5.26917
      vertex 22.2 -4.49948 4.79361
      vertex 17.8 -4.49948 4.79361
    endloop
  endfacet
  facet normal 0 0.891006 0.453991
    outer loop
      vertex 22.2 -3.98372 3.45
      vertex 17.8 -4.20231 3.87901
      vertex 22.2 -4.20231 3.87901
    endloop
  endfacet
  facet normal 0 0.891006 0.453991
    outer loop
      vertex 17.8 -4.20231 3.87901
      vertex 22.2 -3.98372 3.45
      vertex 17.8 -3.98372 3.45
    endloop
  endfacet
  facet normal 0 0.838671 0.544639
    outer loop
      vertex 22.2 -3.72148 3.04619
      vertex 17.8 -3.98372 3.45
      vertex 22.2 -3.98372 3.45
    endloop
  endfacet
  facet normal 0 0.838671 0.544639
    outer loop
      vertex 17.8 -3.98372 3.45
      vertex 22.2 -3.72148 3.04619
      vertex 17.8 -3.72148 3.04619
    endloop
  endfacet
  facet normal 0 -0.5 0.866025
    outer loop
      vertex 6.1 3.98372 3.45
      vertex 10.5 0 1.15
      vertex 10.5 3.98372 3.45
    endloop
  endfacet
  facet normal 0 -0.5 0.866025
    outer loop
      vertex 10.5 0 1.15
      vertex 6.1 3.98372 3.45
      vertex 6.1 0 1.15
    endloop
  endfacet
  facet normal 0 -0.5 -0.866025
    outer loop
      vertex 6.1 0.129903 10.275
      vertex 10.5 3.98372 8.05
      vertex 10.5 0.129903 10.275
    endloop
  endfacet
  facet normal -0 -0.5 -0.866025
    outer loop
      vertex 10.5 3.98372 8.05
      vertex 6.1 0.129903 10.275
      vertex 6.1 3.98372 8.05
    endloop
  endfacet
  facet normal 0 -1 0
    outer loop
      vertex 6.1 3.98372 3.45
      vertex 10.5 3.98372 8.05
      vertex 6.1 3.98372 8.05
    endloop
  endfacet
  facet normal 0 -1 -0
    outer loop
      vertex 10.5 3.98372 8.05
      vertex 6.1 3.98372 3.45
      vertex 10.5 3.98372 3.45
    endloop
  endfacet
  facet normal -0 0.5 0.866025
    outer loop
      vertex 6.1 0 1.15
      vertex 10.5 -3.98372 3.45
      vertex 10.5 0 1.15
    endloop
  endfacet
  facet normal 0 0.5 0.866025
    outer loop
      vertex 10.5 -3.98372 3.45
      vertex 6.1 0 1.15
      vertex 6.1 -3.98372 3.45
    endloop
  endfacet
  facet normal -1 0 0
    outer loop
      vertex 10.5 3.98372 3.45
      vertex 10.5 2.5 5.75
      vertex 10.5 3.98372 8.05
    endloop
  endfacet
  facet normal -1 0 0
    outer loop
      vertex 10.5 3.98372 3.45
      vertex 10.5 2.4863 5.48868
      vertex 10.5 2.5 5.75
    endloop
  endfacet
  facet normal -1 0 0
    outer loop
      vertex 10.5 3.98372 3.45
      vertex 10.5 2.44537 5.23022
      vertex 10.5 2.4863 5.48868
    endloop
  endfacet
  facet normal -1 0 0
    outer loop
      vertex 10.5 3.98372 3.45
      vertex 10.5 2.37764 4.97746
      vertex 10.5 2.44537 5.23022
    endloop
  endfacet
  facet normal -1 0 0
    outer loop
      vertex 10.5 3.98372 3.45
      vertex 10.5 2.28386 4.73316
      vertex 10.5 2.37764 4.97746
    endloop
  endfacet
  facet normal -1 0 0
    outer loop
      vertex 10.5 3.98372 3.45
      vertex 10.5 2.21456 4.59715
      vertex 10.5 2.28386 4.73316
    endloop
  endfacet
  facet normal -1 0 0
    outer loop
      vertex 10.5 3.98372 3.45
      vertex 10.5 2.16506 4.5
      vertex 10.5 2.21456 4.59715
    endloop
  endfacet
  facet normal -1 0 0
    outer loop
      vertex 10.5 3.98372 3.45
      vertex 10.5 2.10568 4.40856
      vertex 10.5 2.16506 4.5
    endloop
  endfacet
  facet normal -1 0 0
    outer loop
      vertex 10.5 3.98372 3.45
      vertex 10.5 2.02254 4.28054
      vertex 10.5 2.10568 4.40856
    endloop
  endfacet
  facet normal -1 0 0
    outer loop
      vertex 10.5 3.98372 3.45
      vertex 10.5 1.85786 4.07717
      vertex 10.5 2.02254 4.28054
    endloop
  endfacet
  facet normal -1 0 0
    outer loop
      vertex 10.5 3.98372 3.45
      vertex 10.5 1.67283 3.89214
      vertex 10.5 1.85786 4.07717
    endloop
  endfacet
  facet normal -1 0 0
    outer loop
      vertex 10.5 3.98372 3.45
      vertex 10.5 1.46946 3.72746
      vertex 10.5 1.67283 3.89214
    endloop
  endfacet
  facet normal -1 0 0
    outer loop
      vertex 10.5 3.98372 3.45
      vertex 10.5 1.25 3.58494
      vertex 10.5 1.46946 3.72746
    endloop
  endfacet
  facet normal -1 0 0
    outer loop
      vertex 10.5 0 1.15
      vertex 10.5 1.25 3.58494
      vertex 10.5 3.98372 3.45
    endloop
  endfacet
  facet normal -1 0 0
    outer loop
      vertex 10.5 1.25 3.58494
      vertex 10.5 0 1.15
      vertex 10.5 1.01684 3.46614
    endloop
  endfacet
  facet normal -1 0 0
    outer loop
      vertex 10.5 1.01684 3.46614
      vertex 10.5 0 1.15
      vertex 10.5 0.772542 3.37236
    endloop
  endfacet
  facet normal -1 0 0
    outer loop
      vertex 10.5 0.772542 3.37236
      vertex 10.5 0 1.15
      vertex 10.5 0.519779 3.30463
    endloop
  endfacet
  facet normal -1 0 0
    outer loop
      vertex 10.5 0.519779 3.30463
      vertex 10.5 0 1.15
      vertex 10.5 0.261321 3.2637
    endloop
  endfacet
  facet normal -1 0 0
    outer loop
      vertex 10.5 0.261321 3.2637
      vertex 10.5 0 1.15
      vertex 10.5 0.108884 3.25571
    endloop
  endfacet
  facet normal -1 0 0
    outer loop
      vertex 10.5 0 1.15
      vertex 10.5 0 3.25
      vertex 10.5 0.108884 3.25571
    endloop
  endfacet
  facet normal -1 0 0
    outer loop
      vertex 10.5 0 1.15
      vertex 10.5 -0.108884 3.25571
      vertex 10.5 0 3.25
    endloop
  endfacet
  facet normal -1 0 0
    outer loop
      vertex 10.5 0 1.15
      vertex 10.5 -0.261321 3.2637
      vertex 10.5 -0.108884 3.25571
    endloop
  endfacet
  facet normal -1 0 0
    outer loop
      vertex 10.5 0 1.15
      vertex 10.5 -0.519779 3.30463
      vertex 10.5 -0.261321 3.2637
    endloop
  endfacet
  facet normal -1 0 0
    outer loop
      vertex 10.5 0 1.15
      vertex 10.5 -0.772542 3.37236
      vertex 10.5 -0.519779 3.30463
    endloop
  endfacet
  facet normal -1 0 0
    outer loop
      vertex 10.5 0 1.15
      vertex 10.5 -1.01684 3.46614
      vertex 10.5 -0.772542 3.37236
    endloop
  endfacet
  facet normal -1 0 0
    outer loop
      vertex 10.5 0 1.15
      vertex 10.5 -1.25 3.58494
      vertex 10.5 -1.01684 3.46614
    endloop
  endfacet
  facet normal -1 0 0
    outer loop
      vertex 10.5 -3.98372 3.45
      vertex 10.5 -1.25 3.58494
      vertex 10.5 0 1.15
    endloop
  endfacet
  facet normal -1 -0 0
    outer loop
      vertex 10.5 -1.25 3.58494
      vertex 10.5 -3.98372 3.45
      vertex 10.5 -1.46946 3.72746
    endloop
  endfacet
  facet normal -1 -0 0
    outer loop
      vertex 10.5 -1.46946 3.72746
      vertex 10.5 -3.98372 3.45
      vertex 10.5 -1.67283 3.89214
    endloop
  endfacet
  facet normal -1 -0 0
    outer loop
      vertex 10.5 -1.67283 3.89214
      vertex 10.5 -3.98372 3.45
      vertex 10.5 -1.85786 4.07717
    endloop
  endfacet
  facet normal -1 -0 0
    outer loop
      vertex 10.5 -1.85786 4.07717
      vertex 10.5 -3.98372 3.45
      vertex 10.5 -2.02254 4.28054
    endloop
  endfacet
  facet normal -1 -0 0
    outer loop
      vertex 10.5 -2.02254 4.28054
      vertex 10.5 -3.98372 3.45
      vertex 10.5 -2.10568 4.40856
    endloop
  endfacet
  facet normal -1 0 0
    outer loop
      vertex 10.5 -3.98372 3.45
      vertex 10.5 -2.21456 4.59715
      vertex 10.5 -2.16506 4.5
    endloop
  endfacet
  facet normal -1 -0 0
    outer loop
      vertex 10.5 -2.4863 5.48868
      vertex 10.5 -3.98372 3.45
      vertex 10.5 -2.5 5.75
    endloop
  endfacet
  facet normal -1 -0 0
    outer loop
      vertex 10.5 -2.44537 5.23022
      vertex 10.5 -3.98372 3.45
      vertex 10.5 -2.4863 5.48868
    endloop
  endfacet
  facet normal -1 -0 0
    outer loop
      vertex 10.5 -2.37764 4.97746
      vertex 10.5 -3.98372 3.45
      vertex 10.5 -2.44537 5.23022
    endloop
  endfacet
  facet normal -1 -0 0
    outer loop
      vertex 10.5 -2.28386 4.73316
      vertex 10.5 -3.98372 3.45
      vertex 10.5 -2.37764 4.97746
    endloop
  endfacet
  facet normal -1 -0 0
    outer loop
      vertex 10.5 -2.21456 4.59715
      vertex 10.5 -3.98372 3.45
      vertex 10.5 -2.28386 4.73316
    endloop
  endfacet
  facet normal -1 -0 0
    outer loop
      vertex 10.5 -2.10568 4.40856
      vertex 10.5 -3.98372 3.45
      vertex 10.5 -2.16506 4.5
    endloop
  endfacet
  facet normal -1 0 0
    outer loop
      vertex 10.5 2.4863 6.01132
      vertex 10.5 3.98372 8.05
      vertex 10.5 2.5 5.75
    endloop
  endfacet
  facet normal -1 0 0
    outer loop
      vertex 10.5 2.44537 6.26978
      vertex 10.5 3.98372 8.05
      vertex 10.5 2.4863 6.01132
    endloop
  endfacet
  facet normal -1 0 0
    outer loop
      vertex 10.5 2.37764 6.52254
      vertex 10.5 3.98372 8.05
      vertex 10.5 2.44537 6.26978
    endloop
  endfacet
  facet normal -1 0 0
    outer loop
      vertex 10.5 2.28386 6.76684
      vertex 10.5 3.98372 8.05
      vertex 10.5 2.37764 6.52254
    endloop
  endfacet
  facet normal -1 0 0
    outer loop
      vertex 10.5 2.23436 6.86399
      vertex 10.5 3.98372 8.05
      vertex 10.5 2.28386 6.76684
    endloop
  endfacet
  facet normal -1 0 0
    outer loop
      vertex 10.5 2.16506 7
      vertex 10.5 3.98372 8.05
      vertex 10.5 2.23436 6.86399
    endloop
  endfacet
  facet normal -1 0 0
    outer loop
      vertex 10.5 2.08193 7.12802
      vertex 10.5 3.98372 8.05
      vertex 10.5 2.16506 7
    endloop
  endfacet
  facet normal -1 0 0
    outer loop
      vertex 10.5 2.02254 7.21946
      vertex 10.5 3.98372 8.05
      vertex 10.5 2.08193 7.12802
    endloop
  endfacet
  facet normal -1 0 0
    outer loop
      vertex 10.5 1.85786 7.42283
      vertex 10.5 3.98372 8.05
      vertex 10.5 2.02254 7.21946
    endloop
  endfacet
  facet normal -1 0 0
    outer loop
      vertex 10.5 1.67283 7.60786
      vertex 10.5 3.98372 8.05
      vertex 10.5 1.85786 7.42283
    endloop
  endfacet
  facet normal -1 0 0
    outer loop
      vertex 10.5 1.46946 7.77254
      vertex 10.5 3.98372 8.05
      vertex 10.5 1.67283 7.60786
    endloop
  endfacet
  facet normal -1 0 0
    outer loop
      vertex 10.5 1.25 7.91506
      vertex 10.5 3.98372 8.05
      vertex 10.5 1.46946 7.77254
    endloop
  endfacet
  facet normal -1 0 0
    outer loop
      vertex 10.5 0.129903 10.275
      vertex 10.5 1.25 7.91506
      vertex 10.5 1.01684 8.03386
    endloop
  endfacet
  facet normal -1 0 0
    outer loop
      vertex 10.5 0.129903 10.275
      vertex 10.5 1.01684 8.03386
      vertex 10.5 0.772542 8.12764
    endloop
  endfacet
  facet normal -1 0 0
    outer loop
      vertex 10.5 0.129903 10.275
      vertex 10.5 0.772542 8.12764
      vertex 10.5 0.519779 8.19537
    endloop
  endfacet
  facet normal -1 0 0
    outer loop
      vertex 10.5 0.129903 10.275
      vertex 10.5 0.519779 8.19537
      vertex 10.5 0.261321 8.2363
    endloop
  endfacet
  facet normal -1 0 0
    outer loop
      vertex 10.5 1.25 7.91506
      vertex 10.5 0.129903 10.275
      vertex 10.5 3.98372 8.05
    endloop
  endfacet
  facet normal -1 0 0
    outer loop
      vertex 10.5 0 8.25
      vertex 10.5 0.129903 10.275
      vertex 10.5 0.261321 8.2363
    endloop
  endfacet
  facet normal -1 0 0
    outer loop
      vertex 10.5 -0.129903 10.275
      vertex 10.5 0.129903 10.275
      vertex 10.5 0 8.25
    endloop
  endfacet
  facet normal -1 0 -0
    outer loop
      vertex 10.5 0 12.3
      vertex 10.5 0.129903 10.275
      vertex 10.5 -0.129903 10.275
    endloop
  endfacet
  facet normal -1 0 0
    outer loop
      vertex 10.5 0.129903 10.275
      vertex 10.5 0 12.3
      vertex 10.5 0.108884 12.3057
    endloop
  endfacet
  facet normal -1 -0 0
    outer loop
      vertex 10.5 0 12.3
      vertex 10.5 -0.129903 10.275
      vertex 10.5 -0.108884 12.3057
    endloop
  endfacet
  facet normal -1 0 0
    outer loop
      vertex 10.5 -0.261321 8.2363
      vertex 10.5 -0.129903 10.275
      vertex 10.5 0 8.25
    endloop
  endfacet
  facet normal -1 0 0
    outer loop
      vertex 10.5 -0.519779 8.19537
      vertex 10.5 -0.129903 10.275
      vertex 10.5 -0.261321 8.2363
    endloop
  endfacet
  facet normal -1 0 0
    outer loop
      vertex 10.5 -0.772542 8.12764
      vertex 10.5 -0.129903 10.275
      vertex 10.5 -0.519779 8.19537
    endloop
  endfacet
  facet normal -1 0 0
    outer loop
      vertex 10.5 -1.01684 8.03386
      vertex 10.5 -0.129903 10.275
      vertex 10.5 -0.772542 8.12764
    endloop
  endfacet
  facet normal -1 0 0
    outer loop
      vertex 10.5 -1.25 7.91506
      vertex 10.5 -0.129903 10.275
      vertex 10.5 -1.01684 8.03386
    endloop
  endfacet
  facet normal -1 0 0
    outer loop
      vertex 10.5 -3.98372 8.05
      vertex 10.5 -1.25 7.91506
      vertex 10.5 -1.46946 7.77254
    endloop
  endfacet
  facet normal -1 0 0
    outer loop
      vertex 10.5 -3.98372 8.05
      vertex 10.5 -1.46946 7.77254
      vertex 10.5 -1.67283 7.60786
    endloop
  endfacet
  facet normal -1 0 0
    outer loop
      vertex 10.5 -3.98372 8.05
      vertex 10.5 -1.67283 7.60786
      vertex 10.5 -1.85786 7.42283
    endloop
  endfacet
  facet normal -1 0 0
    outer loop
      vertex 10.5 -3.98372 8.05
      vertex 10.5 -1.85786 7.42283
      vertex 10.5 -2.02254 7.21946
    endloop
  endfacet
  facet normal -1 0 0
    outer loop
      vertex 10.5 -3.98372 8.05
      vertex 10.5 -2.02254 7.21946
      vertex 10.5 -2.16506 7
    endloop
  endfacet
  facet normal -1 0 0
    outer loop
      vertex 10.5 -3.98372 8.05
      vertex 10.5 -2.5 5.75
      vertex 10.5 -3.98372 3.45
    endloop
  endfacet
  facet normal -1 0 0
    outer loop
      vertex 10.5 -2.5 5.75
      vertex 10.5 -3.98372 8.05
      vertex 10.5 -2.4863 6.01132
    endloop
  endfacet
  facet normal -1 0 0
    outer loop
      vertex 10.5 -2.4863 6.01132
      vertex 10.5 -3.98372 8.05
      vertex 10.5 -2.44537 6.26978
    endloop
  endfacet
  facet normal -1 0 0
    outer loop
      vertex 10.5 -2.44537 6.26978
      vertex 10.5 -3.98372 8.05
      vertex 10.5 -2.37764 6.52254
    endloop
  endfacet
  facet normal -1 0 0
    outer loop
      vertex 10.5 -2.37764 6.52254
      vertex 10.5 -3.98372 8.05
      vertex 10.5 -2.28386 6.76684
    endloop
  endfacet
  facet normal -1 0 0
    outer loop
      vertex 10.5 -1.25 7.91506
      vertex 10.5 -3.98372 8.05
      vertex 10.5 -0.129903 10.275
    endloop
  endfacet
  facet normal -1 0 0
    outer loop
      vertex 10.5 -2.28386 6.76684
      vertex 10.5 -3.98372 8.05
      vertex 10.5 -2.16506 7
    endloop
  endfacet
  facet normal -1 0 0
    outer loop
      vertex 10.5 3.98372 12.5
      vertex 10.5 2.5 14.8
      vertex 10.5 3.98372 17.1
    endloop
  endfacet
  facet normal -1 0 0
    outer loop
      vertex 10.5 3.98372 12.5
      vertex 10.5 2.4863 14.5387
      vertex 10.5 2.5 14.8
    endloop
  endfacet
  facet normal -1 0 0
    outer loop
      vertex 10.5 3.98372 12.5
      vertex 10.5 2.44537 14.2802
      vertex 10.5 2.4863 14.5387
    endloop
  endfacet
  facet normal -1 0 0
    outer loop
      vertex 10.5 3.98372 12.5
      vertex 10.5 2.37764 14.0275
      vertex 10.5 2.44537 14.2802
    endloop
  endfacet
  facet normal -1 0 0
    outer loop
      vertex 10.5 3.98372 12.5
      vertex 10.5 2.28386 13.7832
      vertex 10.5 2.37764 14.0275
    endloop
  endfacet
  facet normal -1 0 0
    outer loop
      vertex 10.5 3.98372 12.5
      vertex 10.5 2.21456 13.6472
      vertex 10.5 2.28386 13.7832
    endloop
  endfacet
  facet normal -1 0 0
    outer loop
      vertex 10.5 3.98372 12.5
      vertex 10.5 2.16506 13.55
      vertex 10.5 2.21456 13.6472
    endloop
  endfacet
  facet normal -1 0 0
    outer loop
      vertex 10.5 3.98372 12.5
      vertex 10.5 2.10568 13.4586
      vertex 10.5 2.16506 13.55
    endloop
  endfacet
  facet normal -1 0 0
    outer loop
      vertex 10.5 3.98372 12.5
      vertex 10.5 2.02254 13.3305
      vertex 10.5 2.10568 13.4586
    endloop
  endfacet
  facet normal -1 0 0
    outer loop
      vertex 10.5 3.98372 12.5
      vertex 10.5 1.85786 13.1272
      vertex 10.5 2.02254 13.3305
    endloop
  endfacet
  facet normal -1 0 0
    outer loop
      vertex 10.5 3.98372 12.5
      vertex 10.5 1.67283 12.9421
      vertex 10.5 1.85786 13.1272
    endloop
  endfacet
  facet normal -1 0 0
    outer loop
      vertex 10.5 3.98372 12.5
      vertex 10.5 1.46946 12.7775
      vertex 10.5 1.67283 12.9421
    endloop
  endfacet
  facet normal -1 0 0
    outer loop
      vertex 10.5 3.98372 12.5
      vertex 10.5 1.25 12.6349
      vertex 10.5 1.46946 12.7775
    endloop
  endfacet
  facet normal -1 0 0
    outer loop
      vertex 10.5 0.129903 10.275
      vertex 10.5 1.25 12.6349
      vertex 10.5 3.98372 12.5
    endloop
  endfacet
  facet normal -1 0 0
    outer loop
      vertex 10.5 1.25 12.6349
      vertex 10.5 0.129903 10.275
      vertex 10.5 1.01684 12.5161
    endloop
  endfacet
  facet normal -1 0 0
    outer loop
      vertex 10.5 1.01684 12.5161
      vertex 10.5 0.129903 10.275
      vertex 10.5 0.772542 12.4224
    endloop
  endfacet
  facet normal -1 0 0
    outer loop
      vertex 10.5 0.772542 12.4224
      vertex 10.5 0.129903 10.275
      vertex 10.5 0.519779 12.3546
    endloop
  endfacet
  facet normal -1 0 0
    outer loop
      vertex 10.5 0.519779 12.3546
      vertex 10.5 0.129903 10.275
      vertex 10.5 0.261321 12.3137
    endloop
  endfacet
  facet normal -1 0 0
    outer loop
      vertex 10.5 0.261321 12.3137
      vertex 10.5 0.129903 10.275
      vertex 10.5 0.108884 12.3057
    endloop
  endfacet
  facet normal -1 0 0
    outer loop
      vertex 10.5 2.4863 15.0613
      vertex 10.5 3.98372 17.1
      vertex 10.5 2.5 14.8
    endloop
  endfacet
  facet normal -1 0 0
    outer loop
      vertex 10.5 2.44537 15.3198
      vertex 10.5 3.98372 17.1
      vertex 10.5 2.4863 15.0613
    endloop
  endfacet
  facet normal -1 0 0
    outer loop
      vertex 10.5 2.37764 15.5725
      vertex 10.5 3.98372 17.1
      vertex 10.5 2.44537 15.3198
    endloop
  endfacet
  facet normal -1 0 0
    outer loop
      vertex 10.5 2.28386 15.8168
      vertex 10.5 3.98372 17.1
      vertex 10.5 2.37764 15.5725
    endloop
  endfacet
  facet normal -1 0 0
    outer loop
      vertex 10.5 2.23436 15.914
      vertex 10.5 3.98372 17.1
      vertex 10.5 2.28386 15.8168
    endloop
  endfacet
  facet normal -1 0 0
    outer loop
      vertex 10.5 2.16506 16.05
      vertex 10.5 3.98372 17.1
      vertex 10.5 2.23436 15.914
    endloop
  endfacet
  facet normal -1 0 0
    outer loop
      vertex 10.5 2.08193 16.178
      vertex 10.5 3.98372 17.1
      vertex 10.5 2.16506 16.05
    endloop
  endfacet
  facet normal -1 0 0
    outer loop
      vertex 10.5 2.02254 16.2695
      vertex 10.5 3.98372 17.1
      vertex 10.5 2.08193 16.178
    endloop
  endfacet
  facet normal -1 -0 0
    outer loop
      vertex 10.5 3.98372 17.1
      vertex 10.5 2.02254 16.2695
      vertex 10.5 2.25167 18.1
    endloop
  endfacet
  facet normal -1 0 0
    outer loop
      vertex 10.5 1.85786 16.4728
      vertex 10.5 2.25167 18.1
      vertex 10.5 2.02254 16.2695
    endloop
  endfacet
  facet normal -1 0 0
    outer loop
      vertex 10.5 1.67283 16.6579
      vertex 10.5 2.25167 18.1
      vertex 10.5 1.85786 16.4728
    endloop
  endfacet
  facet normal -1 0 0
    outer loop
      vertex 10.5 1.46946 16.8225
      vertex 10.5 2.25167 18.1
      vertex 10.5 1.67283 16.6579
    endloop
  endfacet
  facet normal -1 0 0
    outer loop
      vertex 10.5 1.25 16.9651
      vertex 10.5 2.25167 18.1
      vertex 10.5 1.46946 16.8225
    endloop
  endfacet
  facet normal -1 0 0
    outer loop
      vertex 10.5 1.01684 17.0839
      vertex 10.5 2.25167 18.1
      vertex 10.5 1.25 16.9651
    endloop
  endfacet
  facet normal -1 0 0
    outer loop
      vertex 10.5 0.772542 17.1776
      vertex 10.5 2.25167 18.1
      vertex 10.5 1.01684 17.0839
    endloop
  endfacet
  facet normal -1 0 0
    outer loop
      vertex 10.5 0.519779 17.2454
      vertex 10.5 2.25167 18.1
      vertex 10.5 0.772542 17.1776
    endloop
  endfacet
  facet normal -1 0 0
    outer loop
      vertex 10.5 0.261321 17.2863
      vertex 10.5 2.25167 18.1
      vertex 10.5 0.519779 17.2454
    endloop
  endfacet
  facet normal -1 0 0
    outer loop
      vertex 10.5 0 17.3
      vertex 10.5 2.25167 18.1
      vertex 10.5 0.261321 17.2863
    endloop
  endfacet
  facet normal -1 0 0
    outer loop
      vertex 10.5 -2.25167 18.1
      vertex 10.5 0 17.3
      vertex 10.5 -0.261321 17.2863
    endloop
  endfacet
  facet normal -1 0 0
    outer loop
      vertex 10.5 -2.25167 18.1
      vertex 10.5 -0.261321 17.2863
      vertex 10.5 -0.519779 17.2454
    endloop
  endfacet
  facet normal -1 0 0
    outer loop
      vertex 10.5 -2.25167 18.1
      vertex 10.5 -0.519779 17.2454
      vertex 10.5 -0.772542 17.1776
    endloop
  endfacet
  facet normal -1 0 0
    outer loop
      vertex 10.5 0 17.3
      vertex 10.5 -2.25167 18.1
      vertex 10.5 2.25167 18.1
    endloop
  endfacet
  facet normal -1 0 0
    outer loop
      vertex 10.5 -1.01684 17.0839
      vertex 10.5 -2.25167 18.1
      vertex 10.5 -0.772542 17.1776
    endloop
  endfacet
  facet normal -1 0 0
    outer loop
      vertex 10.5 -1.25 16.9651
      vertex 10.5 -2.25167 18.1
      vertex 10.5 -1.01684 17.0839
    endloop
  endfacet
  facet normal -1 0 0
    outer loop
      vertex 10.5 -1.46946 16.8225
      vertex 10.5 -2.25167 18.1
      vertex 10.5 -1.25 16.9651
    endloop
  endfacet
  facet normal -1 0 0
    outer loop
      vertex 10.5 -1.67283 16.6579
      vertex 10.5 -2.25167 18.1
      vertex 10.5 -1.46946 16.8225
    endloop
  endfacet
  facet normal -1 0 0
    outer loop
      vertex 10.5 -1.85786 16.4728
      vertex 10.5 -2.25167 18.1
      vertex 10.5 -1.67283 16.6579
    endloop
  endfacet
  facet normal -1 0 0
    outer loop
      vertex 10.5 -2.02254 16.2695
      vertex 10.5 -2.25167 18.1
      vertex 10.5 -1.85786 16.4728
    endloop
  endfacet
  facet normal -1 0 0
    outer loop
      vertex 10.5 -3.98372 17.1
      vertex 10.5 -2.02254 16.2695
      vertex 10.5 -2.16506 16.05
    endloop
  endfacet
  facet normal -1 0 0
    outer loop
      vertex 10.5 -3.98372 17.1
      vertex 10.5 -2.16506 16.05
      vertex 10.5 -2.28386 15.8168
    endloop
  endfacet
  facet normal -1 0 0
    outer loop
      vertex 10.5 -3.98372 17.1
      vertex 10.5 -2.28386 15.8168
      vertex 10.5 -2.37764 15.5725
    endloop
  endfacet
  facet normal -1 0 0
    outer loop
      vertex 10.5 -3.98372 17.1
      vertex 10.5 -2.37764 15.5725
      vertex 10.5 -2.44537 15.3198
    endloop
  endfacet
  facet normal -1 0 0
    outer loop
      vertex 10.5 -3.98372 17.1
      vertex 10.5 -2.44537 15.3198
      vertex 10.5 -2.4863 15.0613
    endloop
  endfacet
  facet normal -1 0 0
    outer loop
      vertex 10.5 -3.98372 17.1
      vertex 10.5 -2.5 14.8
      vertex 10.5 -3.98372 12.5
    endloop
  endfacet
  facet normal -1 0 0
    outer loop
      vertex 10.5 -2.5 14.8
      vertex 10.5 -3.98372 17.1
      vertex 10.5 -2.4863 15.0613
    endloop
  endfacet
  facet normal -1 0 0
    outer loop
      vertex 10.5 -2.02254 16.2695
      vertex 10.5 -3.98372 17.1
      vertex 10.5 -2.25167 18.1
    endloop
  endfacet
  facet normal -1 0 0
    outer loop
      vertex 10.5 -0.129903 10.275
      vertex 10.5 -0.261321 12.3137
      vertex 10.5 -0.108884 12.3057
    endloop
  endfacet
  facet normal -1 0 0
    outer loop
      vertex 10.5 -0.129903 10.275
      vertex 10.5 -0.519779 12.3546
      vertex 10.5 -0.261321 12.3137
    endloop
  endfacet
  facet normal -1 0 0
    outer loop
      vertex 10.5 -0.129903 10.275
      vertex 10.5 -0.772542 12.4224
      vertex 10.5 -0.519779 12.3546
    endloop
  endfacet
  facet normal -1 0 0
    outer loop
      vertex 10.5 -0.129903 10.275
      vertex 10.5 -1.01684 12.5161
      vertex 10.5 -0.772542 12.4224
    endloop
  endfacet
  facet normal -1 0 0
    outer loop
      vertex 10.5 -0.129903 10.275
      vertex 10.5 -1.25 12.6349
      vertex 10.5 -1.01684 12.5161
    endloop
  endfacet
  facet normal -1 0 0
    outer loop
      vertex 10.5 -3.98372 12.5
      vertex 10.5 -1.25 12.6349
      vertex 10.5 -0.129903 10.275
    endloop
  endfacet
  facet normal -1 -0 0
    outer loop
      vertex 10.5 -1.25 12.6349
      vertex 10.5 -3.98372 12.5
      vertex 10.5 -1.46946 12.7775
    endloop
  endfacet
  facet normal -1 -0 0
    outer loop
      vertex 10.5 -1.46946 12.7775
      vertex 10.5 -3.98372 12.5
      vertex 10.5 -1.67283 12.9421
    endloop
  endfacet
  facet normal -1 -0 0
    outer loop
      vertex 10.5 -1.67283 12.9421
      vertex 10.5 -3.98372 12.5
      vertex 10.5 -1.85786 13.1272
    endloop
  endfacet
  facet normal -1 -0 0
    outer loop
      vertex 10.5 -1.85786 13.1272
      vertex 10.5 -3.98372 12.5
      vertex 10.5 -2.02254 13.3305
    endloop
  endfacet
  facet normal -1 -0 0
    outer loop
      vertex 10.5 -2.02254 13.3305
      vertex 10.5 -3.98372 12.5
      vertex 10.5 -2.10568 13.4586
    endloop
  endfacet
  facet normal -1 0 0
    outer loop
      vertex 10.5 -3.98372 12.5
      vertex 10.5 -2.21456 13.6472
      vertex 10.5 -2.16506 13.55
    endloop
  endfacet
  facet normal -1 -0 0
    outer loop
      vertex 10.5 -2.4863 14.5387
      vertex 10.5 -3.98372 12.5
      vertex 10.5 -2.5 14.8
    endloop
  endfacet
  facet normal -1 -0 0
    outer loop
      vertex 10.5 -2.44537 14.2802
      vertex 10.5 -3.98372 12.5
      vertex 10.5 -2.4863 14.5387
    endloop
  endfacet
  facet normal -1 -0 0
    outer loop
      vertex 10.5 -2.37764 14.0275
      vertex 10.5 -3.98372 12.5
      vertex 10.5 -2.44537 14.2802
    endloop
  endfacet
  facet normal -1 -0 0
    outer loop
      vertex 10.5 -2.28386 13.7832
      vertex 10.5 -3.98372 12.5
      vertex 10.5 -2.37764 14.0275
    endloop
  endfacet
  facet normal -1 -0 0
    outer loop
      vertex 10.5 -2.21456 13.6472
      vertex 10.5 -3.98372 12.5
      vertex 10.5 -2.28386 13.7832
    endloop
  endfacet
  facet normal -1 -0 0
    outer loop
      vertex 10.5 -2.10568 13.4586
      vertex 10.5 -3.98372 12.5
      vertex 10.5 -2.16506 13.55
    endloop
  endfacet
  facet normal 0 1 -0
    outer loop
      vertex 10.5 -3.98372 3.45
      vertex 6.1 -3.98372 8.05
      vertex 10.5 -3.98372 8.05
    endloop
  endfacet
  facet normal 0 1 0
    outer loop
      vertex 6.1 -3.98372 8.05
      vertex 10.5 -3.98372 3.45
      vertex 6.1 -3.98372 3.45
    endloop
  endfacet
  facet normal 0 0.5 -0.866025
    outer loop
      vertex 6.1 -3.98372 8.05
      vertex 10.5 -0.129903 10.275
      vertex 10.5 -3.98372 8.05
    endloop
  endfacet
  facet normal 0 0.5 -0.866025
    outer loop
      vertex 10.5 -0.129903 10.275
      vertex 6.1 -3.98372 8.05
      vertex 6.1 -0.129903 10.275
    endloop
  endfacet
  facet normal 0 -0.0523362 0.99863
    outer loop
      vertex 10.5 0.108884 12.3057
      vertex 15.3863 0.261321 12.3137
      vertex 10.5 0.261321 12.3137
    endloop
  endfacet
  facet normal 1.65257e-007 -0.0523414 0.998629
    outer loop
      vertex 15.3863 0.261321 12.3137
      vertex 10.5 0.108884 12.3057
      vertex 15.3916 0.159609 12.3084
    endloop
  endfacet
  facet normal 1.49219e-007 -0.0523399 0.998629
    outer loop
      vertex 10.5 0 12.3
      vertex 15.3916 0.159609 12.3084
      vertex 10.5 0.108884 12.3057
    endloop
  endfacet
  facet normal 0 -0.0523353 0.99863
    outer loop
      vertex 15.3916 0.159609 12.3084
      vertex 10.5 0 12.3
      vertex 15.4 0 12.3
    endloop
  endfacet
  facet normal 0 -0.0523341 -0.99863
    outer loop
      vertex 10.5 0 17.3
      vertex 15.3863 0.261321 17.2863
      vertex 15.4 0 17.3
    endloop
  endfacet
  facet normal -0 -0.0523341 -0.99863
    outer loop
      vertex 15.3863 0.261321 17.2863
      vertex 10.5 0 17.3
      vertex 10.5 0.261321 17.2863
    endloop
  endfacet
  facet normal 0 0.998629 -0.0523377
    outer loop
      vertex 15.1746 -2.5 14.8
      vertex 10.5 -2.4863 15.0613
      vertex 15.1768 -2.4863 15.0613
    endloop
  endfacet
  facet normal 0 0.998629 -0.0523377
    outer loop
      vertex 10.5 -2.4863 15.0613
      vertex 15.1746 -2.5 14.8
      vertex 10.5 -2.5 14.8
    endloop
  endfacet
  facet normal 5.56923e-005 0.629318 -0.777148
    outer loop
      vertex 15.3056 -1.67283 16.6579
      vertex 15.323 -1.46946 16.8225
      vertex 15.3156 -1.60974 16.709
    endloop
  endfacet
  facet normal 0 0.62932 -0.777146
    outer loop
      vertex 10.5 -1.46946 16.8225
      vertex 15.3056 -1.67283 16.6579
      vertex 10.5 -1.67283 16.6579
    endloop
  endfacet
  facet normal 0 0.62932 -0.777146
    outer loop
      vertex 15.3056 -1.67283 16.6579
      vertex 10.5 -1.46946 16.8225
      vertex 15.323 -1.46946 16.8225
    endloop
  endfacet
  facet normal -0 -0.777146 -0.62932
    outer loop
      vertex 15.2503 2.02254 16.2695
      vertex 10.5 1.85786 16.4728
      vertex 10.5 2.02254 16.2695
    endloop
  endfacet
  facet normal 0 -0.777146 -0.62932
    outer loop
      vertex 10.5 1.85786 16.4728
      vertex 15.2503 2.02254 16.2695
      vertex 15.2763 1.85786 16.4728
    endloop
  endfacet
  facet normal 0 0.358371 -0.933579
    outer loop
      vertex 10.5 -0.772542 17.1776
      vertex 15.3467 -1.01684 17.0839
      vertex 10.5 -1.01684 17.0839
    endloop
  endfacet
  facet normal 0 0.358371 -0.933579
    outer loop
      vertex 15.3467 -1.01684 17.0839
      vertex 10.5 -0.772542 17.1776
      vertex 15.3595 -0.772542 17.1776
    endloop
  endfacet
  facet normal 0 -0.156434 0.987688
    outer loop
      vertex 10.5 0.261321 12.3137
      vertex 15.3728 0.519779 12.3546
      vertex 10.5 0.519779 12.3546
    endloop
  endfacet
  facet normal 0 -0.156434 0.987688
    outer loop
      vertex 15.3728 0.519779 12.3546
      vertex 10.5 0.261321 12.3137
      vertex 15.3863 0.261321 12.3137
    endloop
  endfacet
  facet normal 0 -0.707107 0.707107
    outer loop
      vertex 10.5 1.67283 12.9421
      vertex 15.2763 1.85786 13.1272
      vertex 10.5 1.85786 13.1272
    endloop
  endfacet
  facet normal 0 -0.707107 0.707107
    outer loop
      vertex 15.2763 1.85786 13.1272
      vertex 10.5 1.67283 12.9421
      vertex 15.3056 1.67283 12.9421
    endloop
  endfacet
  facet normal 0 -0.891006 0.453991
    outer loop
      vertex 10.5 2.21456 13.6472
      vertex 15.2089 2.28386 13.7832
      vertex 10.5 2.28386 13.7832
    endloop
  endfacet
  facet normal 1.05396e-007 -0.891008 0.453988
    outer loop
      vertex 15.2089 2.28386 13.7832
      vertex 10.5 2.21456 13.6472
      vertex 15.2163 2.2368 13.6908
    endloop
  endfacet
  facet normal 0 -0.838671 0.544638
    outer loop
      vertex 10.5 2.10568 13.4586
      vertex 15.2277 2.16506 13.55
      vertex 10.5 2.16506 13.55
    endloop
  endfacet
  facet normal -5.09969e-008 -0.83867 0.54464
    outer loop
      vertex 15.2277 2.16506 13.55
      vertex 10.5 2.10568 13.4586
      vertex 15.2413 2.07886 13.4173
    endloop
  endfacet
  facet normal 0 -0.544638 -0.838671
    outer loop
      vertex 10.5 1.25 16.9651
      vertex 15.323 1.46946 16.8225
      vertex 15.3345 1.25 16.9651
    endloop
  endfacet
  facet normal -0 -0.544638 -0.838671
    outer loop
      vertex 15.323 1.46946 16.8225
      vertex 10.5 1.25 16.9651
      vertex 10.5 1.46946 16.8225
    endloop
  endfacet
  facet normal 5.56923e-005 -0.629318 -0.777148
    outer loop
      vertex 15.323 1.46946 16.8225
      vertex 15.3056 1.67283 16.6579
      vertex 15.3156 1.60974 16.709
    endloop
  endfacet
  facet normal 0 -0.62932 -0.777146
    outer loop
      vertex 10.5 1.46946 16.8225
      vertex 15.3056 1.67283 16.6579
      vertex 15.323 1.46946 16.8225
    endloop
  endfacet
  facet normal -0 -0.62932 -0.777146
    outer loop
      vertex 15.3056 1.67283 16.6579
      vertex 10.5 1.46946 16.8225
      vertex 10.5 1.67283 16.6579
    endloop
  endfacet
  facet normal -0 -0.965925 -0.258821
    outer loop
      vertex 15.1833 2.44537 15.3198
      vertex 10.5 2.37764 15.5725
      vertex 10.5 2.44537 15.3198
    endloop
  endfacet
  facet normal 0 -0.965925 -0.258821
    outer loop
      vertex 10.5 2.37764 15.5725
      vertex 15.1833 2.44537 15.3198
      vertex 15.194 2.37764 15.5725
    endloop
  endfacet
  facet normal 0 0.838671 -0.544638
    outer loop
      vertex 15.2277 -2.16506 16.05
      vertex 10.5 -2.02254 16.2695
      vertex 15.2503 -2.02254 16.2695
    endloop
  endfacet
  facet normal 0 0.838671 -0.544638
    outer loop
      vertex 10.5 -2.02254 16.2695
      vertex 15.2277 -2.16506 16.05
      vertex 10.5 -2.16506 16.05
    endloop
  endfacet
  facet normal 0 0.777146 -0.62932
    outer loop
      vertex 15.2503 -2.02254 16.2695
      vertex 10.5 -1.85786 16.4728
      vertex 15.2763 -1.85786 16.4728
    endloop
  endfacet
  facet normal 0 0.777146 -0.62932
    outer loop
      vertex 10.5 -1.85786 16.4728
      vertex 15.2503 -2.02254 16.2695
      vertex 10.5 -2.02254 16.2695
    endloop
  endfacet
  facet normal 0 0.544638 -0.838671
    outer loop
      vertex 10.5 -1.25 16.9651
      vertex 15.323 -1.46946 16.8225
      vertex 10.5 -1.46946 16.8225
    endloop
  endfacet
  facet normal 0 0.544638 -0.838671
    outer loop
      vertex 15.323 -1.46946 16.8225
      vertex 10.5 -1.25 16.9651
      vertex 15.3345 -1.25 16.9651
    endloop
  endfacet
  facet normal 0 0.156434 -0.987688
    outer loop
      vertex 10.5 -0.261321 17.2863
      vertex 15.3728 -0.519779 17.2454
      vertex 10.5 -0.519779 17.2454
    endloop
  endfacet
  facet normal 0 0.156434 -0.987688
    outer loop
      vertex 15.3728 -0.519779 17.2454
      vertex 10.5 -0.261321 17.2863
      vertex 15.3863 -0.261321 17.2863
    endloop
  endfacet
  facet normal 0 -0.358368 0.93358
    outer loop
      vertex 10.5 0.772542 12.4224
      vertex 15.3467 1.01684 12.5161
      vertex 10.5 1.01684 12.5161
    endloop
  endfacet
  facet normal 0 -0.358368 0.93358
    outer loop
      vertex 15.3467 1.01684 12.5161
      vertex 10.5 0.772542 12.4224
      vertex 15.3595 0.772542 12.4224
    endloop
  endfacet
  facet normal 0 -0.258821 0.965925
    outer loop
      vertex 10.5 0.519779 12.3546
      vertex 15.3595 0.772542 12.4224
      vertex 10.5 0.772542 12.4224
    endloop
  endfacet
  facet normal 0 -0.258821 0.965925
    outer loop
      vertex 15.3595 0.772542 12.4224
      vertex 10.5 0.519779 12.3546
      vertex 15.3728 0.519779 12.3546
    endloop
  endfacet
  facet normal 5.56923e-005 -0.629318 0.777148
    outer loop
      vertex 15.3056 1.67283 12.9421
      vertex 15.323 1.46946 12.7775
      vertex 15.3156 1.60974 12.8911
    endloop
  endfacet
  facet normal 0 -0.62932 0.777146
    outer loop
      vertex 10.5 1.46946 12.7775
      vertex 15.3056 1.67283 12.9421
      vertex 10.5 1.67283 12.9421
    endloop
  endfacet
  facet normal 0 -0.62932 0.777146
    outer loop
      vertex 15.3056 1.67283 12.9421
      vertex 10.5 1.46946 12.7775
      vertex 15.323 1.46946 12.7775
    endloop
  endfacet
  facet normal 0 -0.453991 0.891006
    outer loop
      vertex 10.5 1.01684 12.5161
      vertex 15.3345 1.25 12.6349
      vertex 10.5 1.25 12.6349
    endloop
  endfacet
  facet normal 0 -0.453991 0.891006
    outer loop
      vertex 15.3345 1.25 12.6349
      vertex 10.5 1.01684 12.5161
      vertex 15.3467 1.01684 12.5161
    endloop
  endfacet
  facet normal 0 -0.965925 0.258821
    outer loop
      vertex 10.5 2.37764 14.0275
      vertex 15.1833 2.44537 14.2802
      vertex 10.5 2.44537 14.2802
    endloop
  endfacet
  facet normal 0 -0.965925 0.258821
    outer loop
      vertex 15.1833 2.44537 14.2802
      vertex 10.5 2.37764 14.0275
      vertex 15.194 2.37764 14.0275
    endloop
  endfacet
  facet normal 0 -0.93358 0.358368
    outer loop
      vertex 10.5 2.28386 13.7832
      vertex 15.194 2.37764 14.0275
      vertex 10.5 2.37764 14.0275
    endloop
  endfacet
  facet normal 0 -0.93358 0.358368
    outer loop
      vertex 15.194 2.37764 14.0275
      vertex 10.5 2.28386 13.7832
      vertex 15.2089 2.28386 13.7832
    endloop
  endfacet
  facet normal 0 -0.987688 0.156434
    outer loop
      vertex 10.5 2.44537 14.2802
      vertex 15.1768 2.4863 14.5387
      vertex 10.5 2.4863 14.5387
    endloop
  endfacet
  facet normal 0 -0.987688 0.156434
    outer loop
      vertex 15.1768 2.4863 14.5387
      vertex 10.5 2.44537 14.2802
      vertex 15.1833 2.44537 14.2802
    endloop
  endfacet
  facet normal 0 -0.258821 -0.965925
    outer loop
      vertex 10.5 0.519779 17.2454
      vertex 15.3595 0.772542 17.1776
      vertex 15.3728 0.519779 17.2454
    endloop
  endfacet
  facet normal -0 -0.258821 -0.965925
    outer loop
      vertex 15.3595 0.772542 17.1776
      vertex 10.5 0.519779 17.2454
      vertex 10.5 0.772542 17.1776
    endloop
  endfacet
  facet normal -0 -0.707107 -0.707107
    outer loop
      vertex 15.2763 1.85786 16.4728
      vertex 10.5 1.67283 16.6579
      vertex 10.5 1.85786 16.4728
    endloop
  endfacet
  facet normal 0 -0.707107 -0.707107
    outer loop
      vertex 10.5 1.67283 16.6579
      vertex 15.2763 1.85786 16.4728
      vertex 15.3056 1.67283 16.6579
    endloop
  endfacet
  facet normal 0 -0.453988 -0.891008
    outer loop
      vertex 10.5 1.01684 17.0839
      vertex 15.3345 1.25 16.9651
      vertex 15.3467 1.01684 17.0839
    endloop
  endfacet
  facet normal -0 -0.453988 -0.891008
    outer loop
      vertex 15.3345 1.25 16.9651
      vertex 10.5 1.01684 17.0839
      vertex 10.5 1.25 16.9651
    endloop
  endfacet
  facet normal 0 -0.358371 -0.933579
    outer loop
      vertex 10.5 0.772542 17.1776
      vertex 15.3467 1.01684 17.0839
      vertex 15.3595 0.772542 17.1776
    endloop
  endfacet
  facet normal -0 -0.358371 -0.933579
    outer loop
      vertex 15.3467 1.01684 17.0839
      vertex 10.5 0.772542 17.1776
      vertex 10.5 1.01684 17.0839
    endloop
  endfacet
  facet normal 0 -0.156434 -0.987688
    outer loop
      vertex 10.5 0.261321 17.2863
      vertex 15.3728 0.519779 17.2454
      vertex 15.3863 0.261321 17.2863
    endloop
  endfacet
  facet normal -0 -0.156434 -0.987688
    outer loop
      vertex 15.3728 0.519779 17.2454
      vertex 10.5 0.261321 17.2863
      vertex 10.5 0.519779 17.2454
    endloop
  endfacet
  facet normal -0 -0.838673 -0.544636
    outer loop
      vertex 15.2277 2.16506 16.05
      vertex 10.5 2.08193 16.178
      vertex 10.5 2.16506 16.05
    endloop
  endfacet
  facet normal 1.26365e-007 -0.838675 -0.544633
    outer loop
      vertex 10.5 2.08193 16.178
      vertex 15.2277 2.16506 16.05
      vertex 15.2366 2.10871 16.1368
    endloop
  endfacet
  facet normal -0 -0.987688 -0.156434
    outer loop
      vertex 15.1768 2.4863 15.0613
      vertex 10.5 2.44537 15.3198
      vertex 10.5 2.4863 15.0613
    endloop
  endfacet
  facet normal 0 -0.987688 -0.156434
    outer loop
      vertex 10.5 2.44537 15.3198
      vertex 15.1768 2.4863 15.0613
      vertex 15.1833 2.44537 15.3198
    endloop
  endfacet
  facet normal 0 -0.998629 -0.0523377
    outer loop
      vertex 10.5 2.5 14.8
      vertex 15.1768 2.4863 15.0613
      vertex 10.5 2.4863 15.0613
    endloop
  endfacet
  facet normal 0 -0.998629 -0.0523377
    outer loop
      vertex 15.1768 2.4863 15.0613
      vertex 10.5 2.5 14.8
      vertex 15.1746 2.5 14.8
    endloop
  endfacet
  facet normal -0 0.965925 0.258821
    outer loop
      vertex 10.5 -2.37764 14.0275
      vertex 15.1833 -2.44537 14.2802
      vertex 15.194 -2.37764 14.0275
    endloop
  endfacet
  facet normal 0 0.965925 0.258821
    outer loop
      vertex 15.1833 -2.44537 14.2802
      vertex 10.5 -2.37764 14.0275
      vertex 10.5 -2.44537 14.2802
    endloop
  endfacet
  facet normal 1.05396e-007 0.891008 0.453988
    outer loop
      vertex 10.5 -2.21456 13.6472
      vertex 15.2089 -2.28386 13.7832
      vertex 15.2163 -2.2368 13.6908
    endloop
  endfacet
  facet normal 0 0.891006 0.453991
    outer loop
      vertex 15.2089 -2.28386 13.7832
      vertex 10.5 -2.21456 13.6472
      vertex 10.5 -2.28386 13.7832
    endloop
  endfacet
  facet normal -0 0.156434 0.987688
    outer loop
      vertex 10.5 -0.261321 12.3137
      vertex 15.3728 -0.519779 12.3546
      vertex 15.3863 -0.261321 12.3137
    endloop
  endfacet
  facet normal 0 0.156434 0.987688
    outer loop
      vertex 15.3728 -0.519779 12.3546
      vertex 10.5 -0.261321 12.3137
      vertex 10.5 -0.519779 12.3546
    endloop
  endfacet
  facet normal 0 0.965925 -0.258821
    outer loop
      vertex 15.1833 -2.44537 15.3198
      vertex 10.5 -2.37764 15.5725
      vertex 15.194 -2.37764 15.5725
    endloop
  endfacet
  facet normal 0 0.965925 -0.258821
    outer loop
      vertex 10.5 -2.37764 15.5725
      vertex 15.1833 -2.44537 15.3198
      vertex 10.5 -2.44537 15.3198
    endloop
  endfacet
  facet normal 0 0.707107 -0.707107
    outer loop
      vertex 15.2763 -1.85786 16.4728
      vertex 10.5 -1.67283 16.6579
      vertex 15.3056 -1.67283 16.6579
    endloop
  endfacet
  facet normal 0 0.707107 -0.707107
    outer loop
      vertex 10.5 -1.67283 16.6579
      vertex 15.2763 -1.85786 16.4728
      vertex 10.5 -1.85786 16.4728
    endloop
  endfacet
  facet normal 0 0.891006 -0.453991
    outer loop
      vertex 15.2089 -2.28386 15.8168
      vertex 10.5 -2.16506 16.05
      vertex 15.2277 -2.16506 16.05
    endloop
  endfacet
  facet normal 0 0.891006 -0.453991
    outer loop
      vertex 10.5 -2.16506 16.05
      vertex 15.2089 -2.28386 15.8168
      vertex 10.5 -2.28386 15.8168
    endloop
  endfacet
  facet normal 0 0.93358 -0.358368
    outer loop
      vertex 15.194 -2.37764 15.5725
      vertex 10.5 -2.28386 15.8168
      vertex 15.2089 -2.28386 15.8168
    endloop
  endfacet
  facet normal 0 0.93358 -0.358368
    outer loop
      vertex 10.5 -2.28386 15.8168
      vertex 15.194 -2.37764 15.5725
      vertex 10.5 -2.37764 15.5725
    endloop
  endfacet
  facet normal 0 0.987688 -0.156434
    outer loop
      vertex 15.1768 -2.4863 15.0613
      vertex 10.5 -2.44537 15.3198
      vertex 15.1833 -2.44537 15.3198
    endloop
  endfacet
  facet normal 0 0.987688 -0.156434
    outer loop
      vertex 10.5 -2.44537 15.3198
      vertex 15.1768 -2.4863 15.0613
      vertex 10.5 -2.4863 15.0613
    endloop
  endfacet
  facet normal 0 0.453988 -0.891008
    outer loop
      vertex 10.5 -1.01684 17.0839
      vertex 15.3345 -1.25 16.9651
      vertex 10.5 -1.25 16.9651
    endloop
  endfacet
  facet normal 0 0.453988 -0.891008
    outer loop
      vertex 15.3345 -1.25 16.9651
      vertex 10.5 -1.01684 17.0839
      vertex 15.3467 -1.01684 17.0839
    endloop
  endfacet
  facet normal 0 0.0523341 -0.99863
    outer loop
      vertex 10.5 0 17.3
      vertex 15.3863 -0.261321 17.2863
      vertex 10.5 -0.261321 17.2863
    endloop
  endfacet
  facet normal 0 0.0523341 -0.99863
    outer loop
      vertex 15.3863 -0.261321 17.2863
      vertex 10.5 0 17.3
      vertex 15.4 0 17.3
    endloop
  endfacet
  facet normal 0 -0.544638 0.838671
    outer loop
      vertex 10.5 1.25 12.6349
      vertex 15.323 1.46946 12.7775
      vertex 10.5 1.46946 12.7775
    endloop
  endfacet
  facet normal 0 -0.544638 0.838671
    outer loop
      vertex 15.323 1.46946 12.7775
      vertex 10.5 1.25 12.6349
      vertex 15.3345 1.25 12.6349
    endloop
  endfacet
  facet normal 0 -0.998629 0.0523377
    outer loop
      vertex 10.5 2.4863 14.5387
      vertex 15.1746 2.5 14.8
      vertex 10.5 2.5 14.8
    endloop
  endfacet
  facet normal 0 -0.998629 0.0523377
    outer loop
      vertex 15.1746 2.5 14.8
      vertex 10.5 2.4863 14.5387
      vertex 15.1768 2.4863 14.5387
    endloop
  endfacet
  facet normal -2.77428e-008 -0.838669 0.544642
    outer loop
      vertex 10.5 2.02254 13.3305
      vertex 15.2413 2.07886 13.4173
      vertex 10.5 2.10568 13.4586
    endloop
  endfacet
  facet normal 0 -0.83867 0.54464
    outer loop
      vertex 15.2413 2.07886 13.4173
      vertex 10.5 2.02254 13.3305
      vertex 15.2503 2.02254 13.3305
    endloop
  endfacet
  facet normal 0 -0.777146 0.62932
    outer loop
      vertex 10.5 1.85786 13.1272
      vertex 15.2503 2.02254 13.3305
      vertex 10.5 2.02254 13.3305
    endloop
  endfacet
  facet normal 0 -0.777146 0.62932
    outer loop
      vertex 15.2503 2.02254 13.3305
      vertex 10.5 1.85786 13.1272
      vertex 15.2763 1.85786 13.1272
    endloop
  endfacet
  facet normal 1.00867e-007 -0.891008 0.453988
    outer loop
      vertex 10.5 2.16506 13.55
      vertex 15.2163 2.2368 13.6908
      vertex 10.5 2.21456 13.6472
    endloop
  endfacet
  facet normal 0 -0.891006 0.453991
    outer loop
      vertex 15.2163 2.2368 13.6908
      vertex 10.5 2.16506 13.55
      vertex 15.2277 2.16506 13.55
    endloop
  endfacet
  facet normal 1.18053e-008 -0.838669 -0.544642
    outer loop
      vertex 15.2366 2.10871 16.1368
      vertex 10.5 2.02254 16.2695
      vertex 10.5 2.08193 16.178
    endloop
  endfacet
  facet normal 0 -0.838669 -0.544642
    outer loop
      vertex 10.5 2.02254 16.2695
      vertex 15.2366 2.10871 16.1368
      vertex 15.2503 2.02254 16.2695
    endloop
  endfacet
  facet normal 0 -0.891006 -0.453992
    outer loop
      vertex 10.5 2.16506 16.05
      vertex 15.2202 2.21211 15.9577
      vertex 15.2277 2.16506 16.05
    endloop
  endfacet
  facet normal -2.19654e-008 -0.891005 -0.453993
    outer loop
      vertex 15.2202 2.21211 15.9577
      vertex 10.5 2.16506 16.05
      vertex 10.5 2.23436 15.914
    endloop
  endfacet
  facet normal -0 -0.93358 -0.358368
    outer loop
      vertex 15.194 2.37764 15.5725
      vertex 10.5 2.28386 15.8168
      vertex 10.5 2.37764 15.5725
    endloop
  endfacet
  facet normal 0 -0.93358 -0.358368
    outer loop
      vertex 10.5 2.28386 15.8168
      vertex 15.194 2.37764 15.5725
      vertex 15.2089 2.28386 15.8168
    endloop
  endfacet
  facet normal -0 -0.891008 -0.453988
    outer loop
      vertex 15.2089 2.28386 15.8168
      vertex 10.5 2.23436 15.914
      vertex 10.5 2.28386 15.8168
    endloop
  endfacet
  facet normal -5.56803e-008 -0.891007 -0.45399
    outer loop
      vertex 10.5 2.23436 15.914
      vertex 15.2089 2.28386 15.8168
      vertex 15.2202 2.21211 15.9577
    endloop
  endfacet
  facet normal 0 0.838671 0.544638
    outer loop
      vertex 15.2277 -2.16506 13.55
      vertex 10.5 -2.10568 13.4586
      vertex 10.5 -2.16506 13.55
    endloop
  endfacet
  facet normal -5.09969e-008 0.83867 0.54464
    outer loop
      vertex 10.5 -2.10568 13.4586
      vertex 15.2277 -2.16506 13.55
      vertex 15.2413 -2.07886 13.4173
    endloop
  endfacet
  facet normal -0 0.453991 0.891006
    outer loop
      vertex 10.5 -1.01684 12.5161
      vertex 15.3345 -1.25 12.6349
      vertex 15.3467 -1.01684 12.5161
    endloop
  endfacet
  facet normal 0 0.453991 0.891006
    outer loop
      vertex 15.3345 -1.25 12.6349
      vertex 10.5 -1.01684 12.5161
      vertex 10.5 -1.25 12.6349
    endloop
  endfacet
  facet normal -0 0.544638 0.838671
    outer loop
      vertex 10.5 -1.25 12.6349
      vertex 15.323 -1.46946 12.7775
      vertex 15.3345 -1.25 12.6349
    endloop
  endfacet
  facet normal 0 0.544638 0.838671
    outer loop
      vertex 15.323 -1.46946 12.7775
      vertex 10.5 -1.25 12.6349
      vertex 10.5 -1.46946 12.7775
    endloop
  endfacet
  facet normal -0 0.358368 0.93358
    outer loop
      vertex 10.5 -0.772542 12.4224
      vertex 15.3467 -1.01684 12.5161
      vertex 15.3595 -0.772542 12.4224
    endloop
  endfacet
  facet normal 0 0.358368 0.93358
    outer loop
      vertex 15.3467 -1.01684 12.5161
      vertex 10.5 -0.772542 12.4224
      vertex 10.5 -1.01684 12.5161
    endloop
  endfacet
  facet normal 1.65257e-007 0.0523414 0.998629
    outer loop
      vertex 10.5 -0.108884 12.3057
      vertex 15.3863 -0.261321 12.3137
      vertex 15.3916 -0.159609 12.3084
    endloop
  endfacet
  facet normal 0 0.0523362 0.99863
    outer loop
      vertex 15.3863 -0.261321 12.3137
      vertex 10.5 -0.108884 12.3057
      vertex 10.5 -0.261321 12.3137
    endloop
  endfacet
  facet normal -0 0.0523353 0.99863
    outer loop
      vertex 10.5 0 12.3
      vertex 15.3916 -0.159609 12.3084
      vertex 15.4 0 12.3
    endloop
  endfacet
  facet normal 1.49219e-007 0.0523399 0.998629
    outer loop
      vertex 15.3916 -0.159609 12.3084
      vertex 10.5 0 12.3
      vertex 10.5 -0.108884 12.3057
    endloop
  endfacet
  facet normal 0 0.258821 -0.965925
    outer loop
      vertex 10.5 -0.519779 17.2454
      vertex 15.3595 -0.772542 17.1776
      vertex 10.5 -0.772542 17.1776
    endloop
  endfacet
  facet normal 0 0.258821 -0.965925
    outer loop
      vertex 15.3595 -0.772542 17.1776
      vertex 10.5 -0.519779 17.2454
      vertex 15.3728 -0.519779 17.2454
    endloop
  endfacet
  facet normal -0 0.777146 0.62932
    outer loop
      vertex 10.5 -1.85786 13.1272
      vertex 15.2503 -2.02254 13.3305
      vertex 15.2763 -1.85786 13.1272
    endloop
  endfacet
  facet normal 0 0.777146 0.62932
    outer loop
      vertex 15.2503 -2.02254 13.3305
      vertex 10.5 -1.85786 13.1272
      vertex 10.5 -2.02254 13.3305
    endloop
  endfacet
  facet normal -0 0.83867 0.54464
    outer loop
      vertex 10.5 -2.02254 13.3305
      vertex 15.2413 -2.07886 13.4173
      vertex 15.2503 -2.02254 13.3305
    endloop
  endfacet
  facet normal -2.77428e-008 0.838669 0.544642
    outer loop
      vertex 15.2413 -2.07886 13.4173
      vertex 10.5 -2.02254 13.3305
      vertex 10.5 -2.10568 13.4586
    endloop
  endfacet
  facet normal -0 0.891006 0.453991
    outer loop
      vertex 10.5 -2.16506 13.55
      vertex 15.2163 -2.2368 13.6908
      vertex 15.2277 -2.16506 13.55
    endloop
  endfacet
  facet normal 1.00867e-007 0.891008 0.453988
    outer loop
      vertex 15.2163 -2.2368 13.6908
      vertex 10.5 -2.16506 13.55
      vertex 10.5 -2.21456 13.6472
    endloop
  endfacet
  facet normal -0 0.93358 0.358368
    outer loop
      vertex 10.5 -2.28386 13.7832
      vertex 15.194 -2.37764 14.0275
      vertex 15.2089 -2.28386 13.7832
    endloop
  endfacet
  facet normal 0 0.93358 0.358368
    outer loop
      vertex 15.194 -2.37764 14.0275
      vertex 10.5 -2.28386 13.7832
      vertex 10.5 -2.37764 14.0275
    endloop
  endfacet
  facet normal 5.56923e-005 0.629318 0.777148
    outer loop
      vertex 15.323 -1.46946 12.7775
      vertex 15.3056 -1.67283 12.9421
      vertex 15.3156 -1.60974 12.8911
    endloop
  endfacet
  facet normal -0 0.62932 0.777146
    outer loop
      vertex 10.5 -1.46946 12.7775
      vertex 15.3056 -1.67283 12.9421
      vertex 15.323 -1.46946 12.7775
    endloop
  endfacet
  facet normal 0 0.62932 0.777146
    outer loop
      vertex 15.3056 -1.67283 12.9421
      vertex 10.5 -1.46946 12.7775
      vertex 10.5 -1.67283 12.9421
    endloop
  endfacet
  facet normal -0 0.707107 0.707107
    outer loop
      vertex 10.5 -1.67283 12.9421
      vertex 15.2763 -1.85786 13.1272
      vertex 15.3056 -1.67283 12.9421
    endloop
  endfacet
  facet normal 0 0.707107 0.707107
    outer loop
      vertex 15.2763 -1.85786 13.1272
      vertex 10.5 -1.67283 12.9421
      vertex 10.5 -1.85786 13.1272
    endloop
  endfacet
  facet normal -0 0.258821 0.965925
    outer loop
      vertex 10.5 -0.519779 12.3546
      vertex 15.3595 -0.772542 12.4224
      vertex 15.3728 -0.519779 12.3546
    endloop
  endfacet
  facet normal 0 0.258821 0.965925
    outer loop
      vertex 15.3595 -0.772542 12.4224
      vertex 10.5 -0.519779 12.3546
      vertex 10.5 -0.772542 12.4224
    endloop
  endfacet
  facet normal -0 0.987688 0.156434
    outer loop
      vertex 10.5 -2.44537 14.2802
      vertex 15.1768 -2.4863 14.5387
      vertex 15.1833 -2.44537 14.2802
    endloop
  endfacet
  facet normal 0 0.987688 0.156434
    outer loop
      vertex 15.1768 -2.4863 14.5387
      vertex 10.5 -2.44537 14.2802
      vertex 10.5 -2.4863 14.5387
    endloop
  endfacet
  facet normal 0 0.998629 0.0523377
    outer loop
      vertex 15.1768 -2.4863 14.5387
      vertex 10.5 -2.5 14.8
      vertex 15.1746 -2.5 14.8
    endloop
  endfacet
  facet normal 0 0.998629 0.0523377
    outer loop
      vertex 10.5 -2.5 14.8
      vertex 15.1768 -2.4863 14.5387
      vertex 10.5 -2.4863 14.5387
    endloop
  endfacet
  facet normal 0 -0.707106 0.707107
    outer loop
      vertex 17.8 3.19647 11.5
      vertex 22.2 3.078 11.3815
      vertex 22.2 3.19647 11.5
    endloop
  endfacet
  facet normal 0 -0.707106 0.707107
    outer loop
      vertex 22.2 3.078 11.3815
      vertex 17.8 3.19647 11.5
      vertex 17.8 3.078 11.3815
    endloop
  endfacet
  facet normal 0 -0.544639 0.838671
    outer loop
      vertex 17.8 2.70381 11.0785
      vertex 22.2 2.3 10.8163
      vertex 22.2 2.70381 11.0785
    endloop
  endfacet
  facet normal 0 -0.544639 0.838671
    outer loop
      vertex 22.2 2.3 10.8163
      vertex 17.8 2.70381 11.0785
      vertex 17.8 2.3 10.8163
    endloop
  endfacet
  facet normal 0 -0.358368 0.93358
    outer loop
      vertex 17.8 1.87099 10.5977
      vertex 22.2 1.42148 10.4251
      vertex 22.2 1.87099 10.5977
    endloop
  endfacet
  facet normal 0 -0.358368 0.93358
    outer loop
      vertex 22.2 1.42148 10.4251
      vertex 17.8 1.87099 10.5977
      vertex 17.8 1.42148 10.4251
    endloop
  endfacet
  facet normal 0 -0.453991 0.891006
    outer loop
      vertex 17.8 2.3 10.8163
      vertex 22.2 1.87099 10.5977
      vertex 22.2 2.3 10.8163
    endloop
  endfacet
  facet normal 0 -0.453991 0.891006
    outer loop
      vertex 22.2 1.87099 10.5977
      vertex 17.8 2.3 10.8163
      vertex 17.8 1.87099 10.5977
    endloop
  endfacet
  facet normal 0 -0.156439 0.987688
    outer loop
      vertex 17.8 0.956393 10.3005
      vertex 22.2 0.795257 10.275
      vertex 22.2 0.956393 10.3005
    endloop
  endfacet
  facet normal 0 -0.156439 0.987688
    outer loop
      vertex 22.2 0.795257 10.275
      vertex 17.8 0.956393 10.3005
      vertex 17.8 0.795257 10.275
    endloop
  endfacet
  facet normal 0 -0.62932 0.777146
    outer loop
      vertex 17.8 3.078 11.3815
      vertex 22.2 2.70381 11.0785
      vertex 22.2 3.078 11.3815
    endloop
  endfacet
  facet normal 0 -0.62932 0.777146
    outer loop
      vertex 22.2 2.70381 11.0785
      vertex 17.8 3.078 11.3815
      vertex 17.8 2.70381 11.0785
    endloop
  endfacet
  facet normal 0 -0.258818 0.965926
    outer loop
      vertex 17.8 1.42148 10.4251
      vertex 22.2 0.956393 10.3005
      vertex 22.2 1.42148 10.4251
    endloop
  endfacet
  facet normal 0 -0.258818 0.965926
    outer loop
      vertex 22.2 0.956393 10.3005
      vertex 17.8 1.42148 10.4251
      vertex 17.8 0.956393 10.3005
    endloop
  endfacet
  facet normal -0 0.156439 0.987688
    outer loop
      vertex 17.8 -0.795257 10.275
      vertex 22.2 -0.956393 10.3005
      vertex 22.2 -0.795257 10.275
    endloop
  endfacet
  facet normal 0 0.156439 0.987688
    outer loop
      vertex 22.2 -0.956393 10.3005
      vertex 17.8 -0.795257 10.275
      vertex 17.8 -0.956393 10.3005
    endloop
  endfacet
  facet normal -0 0.62932 0.777146
    outer loop
      vertex 17.8 -2.70381 11.0785
      vertex 22.2 -3.078 11.3815
      vertex 22.2 -2.70381 11.0785
    endloop
  endfacet
  facet normal 0 0.62932 0.777146
    outer loop
      vertex 22.2 -3.078 11.3815
      vertex 17.8 -2.70381 11.0785
      vertex 17.8 -3.078 11.3815
    endloop
  endfacet
  facet normal -0 0.258818 0.965926
    outer loop
      vertex 17.8 -0.956393 10.3005
      vertex 22.2 -1.42148 10.4251
      vertex 22.2 -0.956393 10.3005
    endloop
  endfacet
  facet normal 0 0.258818 0.965926
    outer loop
      vertex 22.2 -1.42148 10.4251
      vertex 17.8 -0.956393 10.3005
      vertex 17.8 -1.42148 10.4251
    endloop
  endfacet
  facet normal -0 0.707106 0.707107
    outer loop
      vertex 17.8 -3.078 11.3815
      vertex 22.2 -3.19647 11.5
      vertex 22.2 -3.078 11.3815
    endloop
  endfacet
  facet normal 0 0.707106 0.707107
    outer loop
      vertex 22.2 -3.19647 11.5
      vertex 17.8 -3.078 11.3815
      vertex 17.8 -3.19647 11.5
    endloop
  endfacet
  facet normal -0 0.453991 0.891006
    outer loop
      vertex 17.8 -1.87099 10.5977
      vertex 22.2 -2.3 10.8163
      vertex 22.2 -1.87099 10.5977
    endloop
  endfacet
  facet normal 0 0.453991 0.891006
    outer loop
      vertex 22.2 -2.3 10.8163
      vertex 17.8 -1.87099 10.5977
      vertex 17.8 -2.3 10.8163
    endloop
  endfacet
  facet normal -0 0.544639 0.838671
    outer loop
      vertex 17.8 -2.3 10.8163
      vertex 22.2 -2.70381 11.0785
      vertex 22.2 -2.3 10.8163
    endloop
  endfacet
  facet normal 0 0.544639 0.838671
    outer loop
      vertex 22.2 -2.70381 11.0785
      vertex 17.8 -2.3 10.8163
      vertex 17.8 -2.70381 11.0785
    endloop
  endfacet
  facet normal -0 0.358368 0.93358
    outer loop
      vertex 17.8 -1.42148 10.4251
      vertex 22.2 -1.87099 10.5977
      vertex 22.2 -1.42148 10.4251
    endloop
  endfacet
  facet normal 0 0.358368 0.93358
    outer loop
      vertex 22.2 -1.87099 10.5977
      vertex 17.8 -1.42148 10.4251
      vertex 17.8 -1.87099 10.5977
    endloop
  endfacet
  facet normal 0 -0.5 0.866025
    outer loop
      vertex 6.1 3.98372 12.5
      vertex 10.5 0.129903 10.275
      vertex 10.5 3.98372 12.5
    endloop
  endfacet
  facet normal 0 -0.5 0.866025
    outer loop
      vertex 10.5 0.129903 10.275
      vertex 6.1 3.98372 12.5
      vertex 6.1 0.129903 10.275
    endloop
  endfacet
  facet normal 0 -0.5 -0.866025
    outer loop
      vertex 6.1 2.25167 18.1
      vertex 10.5 3.98372 17.1
      vertex 10.5 2.25167 18.1
    endloop
  endfacet
  facet normal -0 -0.5 -0.866025
    outer loop
      vertex 10.5 3.98372 17.1
      vertex 6.1 2.25167 18.1
      vertex 6.1 3.98372 17.1
    endloop
  endfacet
  facet normal 0 -1 0
    outer loop
      vertex 6.1 3.98372 12.5
      vertex 10.5 3.98372 17.1
      vertex 6.1 3.98372 17.1
    endloop
  endfacet
  facet normal 0 -1 -0
    outer loop
      vertex 10.5 3.98372 17.1
      vertex 6.1 3.98372 12.5
      vertex 10.5 3.98372 12.5
    endloop
  endfacet
  facet normal -0 0.5 0.866025
    outer loop
      vertex 6.1 -0.129903 10.275
      vertex 10.5 -3.98372 12.5
      vertex 10.5 -0.129903 10.275
    endloop
  endfacet
  facet normal 0 0.5 0.866025
    outer loop
      vertex 10.5 -3.98372 12.5
      vertex 6.1 -0.129903 10.275
      vertex 6.1 -3.98372 12.5
    endloop
  endfacet
  facet normal 0 1 -0
    outer loop
      vertex 10.5 -3.98372 12.5
      vertex 6.1 -3.98372 17.1
      vertex 10.5 -3.98372 17.1
    endloop
  endfacet
  facet normal 0 1 0
    outer loop
      vertex 6.1 -3.98372 17.1
      vertex 10.5 -3.98372 12.5
      vertex 6.1 -3.98372 12.5
    endloop
  endfacet
  facet normal 0 0.5 -0.866025
    outer loop
      vertex 6.1 -3.98372 17.1
      vertex 10.5 -2.25167 18.1
      vertex 10.5 -3.98372 17.1
    endloop
  endfacet
  facet normal 0 0.5 -0.866025
    outer loop
      vertex 10.5 -2.25167 18.1
      vertex 6.1 -3.98372 17.1
      vertex 6.1 -2.25167 18.1
    endloop
  endfacet
  facet normal -0.54464 -0.83867 0
    outer loop
      vertex 1.25 22.1651 0
      vertex 1.46946 22.0225 11.5
      vertex 1.25 22.1651 11.5
    endloop
  endfacet
  facet normal -0.54464 -0.83867 -0
    outer loop
      vertex 1.46946 22.0225 11.5
      vertex 1.25 22.1651 0
      vertex 1.46946 22.0225 0
    endloop
  endfacet
  facet normal -0.987688 0.156434 0
    outer loop
      vertex 2.44537 19.4802 0
      vertex 2.4863 19.7387 11.5
      vertex 2.4863 19.7387 0
    endloop
  endfacet
  facet normal -0.987688 0.156434 0
    outer loop
      vertex 2.4863 19.7387 11.5
      vertex 2.44537 19.4802 0
      vertex 2.44537 19.4802 11.5
    endloop
  endfacet
  facet normal 0.156434 0.987688 -0
    outer loop
      vertex -0.261321 17.5137 0
      vertex -0.519779 17.5546 11.5
      vertex -0.261321 17.5137 11.5
    endloop
  endfacet
  facet normal 0.156434 0.987688 0
    outer loop
      vertex -0.519779 17.5546 11.5
      vertex -0.261321 17.5137 0
      vertex -0.519779 17.5546 0
    endloop
  endfacet
  facet normal 0.453994 -0.891005 0
    outer loop
      vertex -1.25 22.1651 0
      vertex -1.01684 22.2839 11.5
      vertex -1.25 22.1651 11.5
    endloop
  endfacet
  facet normal 0.453994 -0.891005 0
    outer loop
      vertex -1.01684 22.2839 11.5
      vertex -1.25 22.1651 0
      vertex -1.01684 22.2839 0
    endloop
  endfacet
  facet normal 0.965925 -0.258822 0
    outer loop
      vertex -2.44537 20.5198 11.5
      vertex -2.37764 20.7725 0
      vertex -2.37764 20.7725 11.5
    endloop
  endfacet
  facet normal 0.965925 -0.258822 0
    outer loop
      vertex -2.37764 20.7725 0
      vertex -2.44537 20.5198 11.5
      vertex -2.44537 20.5198 0
    endloop
  endfacet
  facet normal 0.258821 0.965925 -0
    outer loop
      vertex -0.519779 17.5546 0
      vertex -0.772542 17.6224 11.5
      vertex -0.519779 17.5546 11.5
    endloop
  endfacet
  facet normal 0.258821 0.965925 0
    outer loop
      vertex -0.772542 17.6224 11.5
      vertex -0.519779 17.5546 0
      vertex -0.772542 17.6224 0
    endloop
  endfacet
  facet normal -0.891006 -0.453991 0
    outer loop
      vertex 2.28386 21.0168 0
      vertex 2.16506 21.25 11.5
      vertex 2.16506 21.25 0
    endloop
  endfacet
  facet normal -0.891006 -0.453991 0
    outer loop
      vertex 2.16506 21.25 11.5
      vertex 2.28386 21.0168 0
      vertex 2.28386 21.0168 11.5
    endloop
  endfacet
  facet normal -0.838671 -0.544638 0
    outer loop
      vertex 2.16506 21.25 0
      vertex 2.02254 21.4695 11.5
      vertex 2.02254 21.4695 0
    endloop
  endfacet
  facet normal -0.838671 -0.544638 0
    outer loop
      vertex 2.02254 21.4695 11.5
      vertex 2.16506 21.25 0
      vertex 2.16506 21.25 11.5
    endloop
  endfacet
  facet normal -0.258827 -0.965924 0
    outer loop
      vertex 0.519779 22.4454 0
      vertex 0.772542 22.3776 11.5
      vertex 0.519779 22.4454 11.5
    endloop
  endfacet
  facet normal -0.258827 -0.965924 -0
    outer loop
      vertex 0.772542 22.3776 11.5
      vertex 0.519779 22.4454 0
      vertex 0.772542 22.3776 0
    endloop
  endfacet
  facet normal 0.0523341 -0.99863 0
    outer loop
      vertex -0.261321 22.4863 0
      vertex 0 22.5 11.5
      vertex -0.261321 22.4863 11.5
    endloop
  endfacet
  facet normal 0.0523341 -0.99863 0
    outer loop
      vertex 0 22.5 11.5
      vertex -0.261321 22.4863 0
      vertex 0 22.5 0
    endloop
  endfacet
  facet normal 0.998629 0.0523375 0
    outer loop
      vertex -2.4863 19.7387 11.5
      vertex -2.5 20 0
      vertex -2.5 20 11.5
    endloop
  endfacet
  facet normal 0.998629 0.0523375 0
    outer loop
      vertex -2.5 20 0
      vertex -2.4863 19.7387 11.5
      vertex -2.4863 19.7387 0
    endloop
  endfacet
  facet normal 0.838671 -0.544638 0
    outer loop
      vertex -2.16506 21.25 11.5
      vertex -2.02254 21.4695 0
      vertex -2.02254 21.4695 11.5
    endloop
  endfacet
  facet normal 0.838671 -0.544638 0
    outer loop
      vertex -2.02254 21.4695 0
      vertex -2.16506 21.25 11.5
      vertex -2.16506 21.25 0
    endloop
  endfacet
  facet normal 0.258827 -0.965924 0
    outer loop
      vertex -0.772542 22.3776 0
      vertex -0.519779 22.4454 11.5
      vertex -0.772542 22.3776 11.5
    endloop
  endfacet
  facet normal 0.258827 -0.965924 0
    outer loop
      vertex -0.519779 22.4454 11.5
      vertex -0.772542 22.3776 0
      vertex -0.519779 22.4454 0
    endloop
  endfacet
  facet normal -0.998629 -0.0523375 0
    outer loop
      vertex 2.5 20 0
      vertex 2.4863 20.2613 11.5
      vertex 2.4863 20.2613 0
    endloop
  endfacet
  facet normal -0.998629 -0.0523375 0
    outer loop
      vertex 2.4863 20.2613 11.5
      vertex 2.5 20 0
      vertex 2.5 20 11.5
    endloop
  endfacet
  facet normal -0.965926 0.25882 0
    outer loop
      vertex 2.37764 19.2275 0
      vertex 2.44537 19.4802 11.5
      vertex 2.44537 19.4802 0
    endloop
  endfacet
  facet normal -0.965926 0.25882 0
    outer loop
      vertex 2.44537 19.4802 11.5
      vertex 2.37764 19.2275 0
      vertex 2.37764 19.2275 11.5
    endloop
  endfacet
  facet normal 0.0523341 0.99863 -0
    outer loop
      vertex 0 17.5 0
      vertex -0.261321 17.5137 11.5
      vertex 0 17.5 11.5
    endloop
  endfacet
  facet normal 0.0523341 0.99863 0
    outer loop
      vertex -0.261321 17.5137 11.5
      vertex 0 17.5 0
      vertex -0.261321 17.5137 0
    endloop
  endfacet
  facet normal 0.54464 0.83867 -0
    outer loop
      vertex -1.25 17.8349 0
      vertex -1.46946 17.9775 11.5
      vertex -1.25 17.8349 11.5
    endloop
  endfacet
  facet normal 0.54464 0.83867 0
    outer loop
      vertex -1.46946 17.9775 11.5
      vertex -1.25 17.8349 0
      vertex -1.46946 17.9775 0
    endloop
  endfacet
  facet normal -0.987688 -0.156434 0
    outer loop
      vertex 2.4863 20.2613 0
      vertex 2.44537 20.5198 11.5
      vertex 2.44537 20.5198 0
    endloop
  endfacet
  facet normal -0.987688 -0.156434 0
    outer loop
      vertex 2.44537 20.5198 11.5
      vertex 2.4863 20.2613 0
      vertex 2.4863 20.2613 11.5
    endloop
  endfacet
  facet normal -0.965925 -0.258822 0
    outer loop
      vertex 2.44537 20.5198 0
      vertex 2.37764 20.7725 11.5
      vertex 2.37764 20.7725 0
    endloop
  endfacet
  facet normal -0.965925 -0.258822 0
    outer loop
      vertex 2.37764 20.7725 11.5
      vertex 2.44537 20.5198 0
      vertex 2.44537 20.5198 11.5
    endloop
  endfacet
  facet normal -0.933581 -0.358366 0
    outer loop
      vertex 2.37764 20.7725 0
      vertex 2.28386 21.0168 11.5
      vertex 2.28386 21.0168 0
    endloop
  endfacet
  facet normal -0.933581 -0.358366 0
    outer loop
      vertex 2.28386 21.0168 11.5
      vertex 2.37764 20.7725 0
      vertex 2.37764 20.7725 11.5
    endloop
  endfacet
  facet normal -0.707107 -0.707107 0
    outer loop
      vertex 1.85786 21.6728 0
      vertex 1.67283 21.8579 11.5
      vertex 1.67283 21.8579 0
    endloop
  endfacet
  facet normal -0.707107 -0.707107 0
    outer loop
      vertex 1.67283 21.8579 11.5
      vertex 1.85786 21.6728 0
      vertex 1.85786 21.6728 11.5
    endloop
  endfacet
  facet normal -0.777143 -0.629324 0
    outer loop
      vertex 2.02254 21.4695 0
      vertex 1.85786 21.6728 11.5
      vertex 1.85786 21.6728 0
    endloop
  endfacet
  facet normal -0.777143 -0.629324 0
    outer loop
      vertex 1.85786 21.6728 11.5
      vertex 2.02254 21.4695 0
      vertex 2.02254 21.4695 11.5
    endloop
  endfacet
  facet normal -0.62932 -0.777146 0
    outer loop
      vertex 1.46946 22.0225 0
      vertex 1.67283 21.8579 11.5
      vertex 1.46946 22.0225 11.5
    endloop
  endfacet
  facet normal -0.62932 -0.777146 -0
    outer loop
      vertex 1.67283 21.8579 11.5
      vertex 1.46946 22.0225 0
      vertex 1.67283 21.8579 0
    endloop
  endfacet
  facet normal -0.453992 -0.891006 0
    outer loop
      vertex 1.01684 22.2839 0
      vertex 1.25 22.1651 11.5
      vertex 1.01684 22.2839 11.5
    endloop
  endfacet
  facet normal -0.453992 -0.891006 -0
    outer loop
      vertex 1.25 22.1651 11.5
      vertex 1.01684 22.2839 0
      vertex 1.25 22.1651 0
    endloop
  endfacet
  facet normal -0.358365 -0.933582 0
    outer loop
      vertex 0.772542 22.3776 0
      vertex 1.01684 22.2839 11.5
      vertex 0.772542 22.3776 11.5
    endloop
  endfacet
  facet normal -0.358365 -0.933582 -0
    outer loop
      vertex 1.01684 22.2839 11.5
      vertex 0.772542 22.3776 0
      vertex 1.01684 22.2839 0
    endloop
  endfacet
  facet normal -0.156434 -0.987688 0
    outer loop
      vertex 0.261321 22.4863 0
      vertex 0.519779 22.4454 11.5
      vertex 0.261321 22.4863 11.5
    endloop
  endfacet
  facet normal -0.156434 -0.987688 -0
    outer loop
      vertex 0.519779 22.4454 11.5
      vertex 0.261321 22.4863 0
      vertex 0.519779 22.4454 0
    endloop
  endfacet
  facet normal -0.0523341 -0.99863 0
    outer loop
      vertex 0 22.5 0
      vertex 0.261321 22.4863 11.5
      vertex 0 22.5 11.5
    endloop
  endfacet
  facet normal -0.0523341 -0.99863 -0
    outer loop
      vertex 0.261321 22.4863 11.5
      vertex 0 22.5 0
      vertex 0.261321 22.4863 0
    endloop
  endfacet
  facet normal 0.987688 -0.156434 0
    outer loop
      vertex -2.4863 20.2613 11.5
      vertex -2.44537 20.5198 0
      vertex -2.44537 20.5198 11.5
    endloop
  endfacet
  facet normal 0.987688 -0.156434 0
    outer loop
      vertex -2.44537 20.5198 0
      vertex -2.4863 20.2613 11.5
      vertex -2.4863 20.2613 0
    endloop
  endfacet
  facet normal 0.998629 -0.0523375 0
    outer loop
      vertex -2.5 20 11.5
      vertex -2.4863 20.2613 0
      vertex -2.4863 20.2613 11.5
    endloop
  endfacet
  facet normal 0.998629 -0.0523375 0
    outer loop
      vertex -2.4863 20.2613 0
      vertex -2.5 20 11.5
      vertex -2.5 20 0
    endloop
  endfacet
  facet normal 0.933581 -0.358366 0
    outer loop
      vertex -2.37764 20.7725 11.5
      vertex -2.28386 21.0168 0
      vertex -2.28386 21.0168 11.5
    endloop
  endfacet
  facet normal 0.933581 -0.358366 0
    outer loop
      vertex -2.28386 21.0168 0
      vertex -2.37764 20.7725 11.5
      vertex -2.37764 20.7725 0
    endloop
  endfacet
  facet normal 0.891006 -0.453991 0
    outer loop
      vertex -2.28386 21.0168 11.5
      vertex -2.16506 21.25 0
      vertex -2.16506 21.25 11.5
    endloop
  endfacet
  facet normal 0.891006 -0.453991 0
    outer loop
      vertex -2.16506 21.25 0
      vertex -2.28386 21.0168 11.5
      vertex -2.28386 21.0168 0
    endloop
  endfacet
  facet normal 0.358365 -0.933582 0
    outer loop
      vertex -1.01684 22.2839 0
      vertex -0.772542 22.3776 11.5
      vertex -1.01684 22.2839 11.5
    endloop
  endfacet
  facet normal 0.358365 -0.933582 0
    outer loop
      vertex -0.772542 22.3776 11.5
      vertex -1.01684 22.2839 0
      vertex -0.772542 22.3776 0
    endloop
  endfacet
  facet normal 0.156434 -0.987688 0
    outer loop
      vertex -0.519779 22.4454 0
      vertex -0.261321 22.4863 11.5
      vertex -0.519779 22.4454 11.5
    endloop
  endfacet
  facet normal 0.156434 -0.987688 0
    outer loop
      vertex -0.261321 22.4863 11.5
      vertex -0.519779 22.4454 0
      vertex -0.261321 22.4863 0
    endloop
  endfacet
  facet normal 0.62932 -0.777146 0
    outer loop
      vertex -1.67283 21.8579 0
      vertex -1.46946 22.0225 11.5
      vertex -1.67283 21.8579 11.5
    endloop
  endfacet
  facet normal 0.62932 -0.777146 0
    outer loop
      vertex -1.46946 22.0225 11.5
      vertex -1.67283 21.8579 0
      vertex -1.46946 22.0225 0
    endloop
  endfacet
  facet normal 0.707107 -0.707107 0
    outer loop
      vertex -1.85786 21.6728 11.5
      vertex -1.67283 21.8579 0
      vertex -1.67283 21.8579 11.5
    endloop
  endfacet
  facet normal 0.707107 -0.707107 0
    outer loop
      vertex -1.67283 21.8579 0
      vertex -1.85786 21.6728 11.5
      vertex -1.85786 21.6728 0
    endloop
  endfacet
  facet normal 0.544638 -0.838671 0
    outer loop
      vertex -1.46946 22.0225 0
      vertex -1.25 22.1651 11.5
      vertex -1.46946 22.0225 11.5
    endloop
  endfacet
  facet normal 0.544638 -0.838671 0
    outer loop
      vertex -1.25 22.1651 11.5
      vertex -1.46946 22.0225 0
      vertex -1.25 22.1651 0
    endloop
  endfacet
  facet normal 0.777143 -0.629324 0
    outer loop
      vertex -2.02254 21.4695 11.5
      vertex -1.85786 21.6728 0
      vertex -1.85786 21.6728 11.5
    endloop
  endfacet
  facet normal 0.777143 -0.629324 0
    outer loop
      vertex -1.85786 21.6728 0
      vertex -2.02254 21.4695 11.5
      vertex -2.02254 21.4695 0
    endloop
  endfacet
  facet normal -0.998629 0.0523375 0
    outer loop
      vertex 2.4863 19.7387 0
      vertex 2.5 20 11.5
      vertex 2.5 20 0
    endloop
  endfacet
  facet normal -0.998629 0.0523375 0
    outer loop
      vertex 2.5 20 11.5
      vertex 2.4863 19.7387 0
      vertex 2.4863 19.7387 11.5
    endloop
  endfacet
  facet normal -0.156434 0.987688 0
    outer loop
      vertex 0.519779 17.5546 0
      vertex 0.261321 17.5137 11.5
      vertex 0.519779 17.5546 11.5
    endloop
  endfacet
  facet normal -0.156434 0.987688 0
    outer loop
      vertex 0.261321 17.5137 11.5
      vertex 0.519779 17.5546 0
      vertex 0.261321 17.5137 0
    endloop
  endfacet
  facet normal -0.93358 0.358368 0
    outer loop
      vertex 2.28386 18.9832 0
      vertex 2.37764 19.2275 11.5
      vertex 2.37764 19.2275 0
    endloop
  endfacet
  facet normal -0.93358 0.358368 0
    outer loop
      vertex 2.37764 19.2275 11.5
      vertex 2.28386 18.9832 0
      vertex 2.28386 18.9832 11.5
    endloop
  endfacet
  facet normal -0.358371 0.933579 0
    outer loop
      vertex 1.01684 17.7161 0
      vertex 0.772542 17.6224 11.5
      vertex 1.01684 17.7161 11.5
    endloop
  endfacet
  facet normal -0.358371 0.933579 0
    outer loop
      vertex 0.772542 17.6224 11.5
      vertex 1.01684 17.7161 0
      vertex 0.772542 17.6224 0
    endloop
  endfacet
  facet normal -0.777146 0.62932 0
    outer loop
      vertex 1.85786 18.3272 0
      vertex 2.02254 18.5305 11.5
      vertex 2.02254 18.5305 0
    endloop
  endfacet
  facet normal -0.777146 0.62932 0
    outer loop
      vertex 2.02254 18.5305 11.5
      vertex 1.85786 18.3272 0
      vertex 1.85786 18.3272 11.5
    endloop
  endfacet
  facet normal -0.707107 0.707107 0
    outer loop
      vertex 1.67283 18.1421 0
      vertex 1.85786 18.3272 11.5
      vertex 1.85786 18.3272 0
    endloop
  endfacet
  facet normal -0.707107 0.707107 0
    outer loop
      vertex 1.85786 18.3272 11.5
      vertex 1.67283 18.1421 0
      vertex 1.67283 18.1421 11.5
    endloop
  endfacet
  facet normal -0.54464 0.83867 0
    outer loop
      vertex 1.46946 17.9775 0
      vertex 1.25 17.8349 11.5
      vertex 1.46946 17.9775 11.5
    endloop
  endfacet
  facet normal -0.54464 0.83867 0
    outer loop
      vertex 1.25 17.8349 11.5
      vertex 1.46946 17.9775 0
      vertex 1.25 17.8349 0
    endloop
  endfacet
  facet normal -0.0523341 0.99863 0
    outer loop
      vertex 0.261321 17.5137 0
      vertex 0 17.5 11.5
      vertex 0.261321 17.5137 11.5
    endloop
  endfacet
  facet normal -0.0523341 0.99863 0
    outer loop
      vertex 0 17.5 11.5
      vertex 0.261321 17.5137 0
      vertex 0 17.5 0
    endloop
  endfacet
  facet normal 0.358371 0.933579 -0
    outer loop
      vertex -0.772542 17.6224 0
      vertex -1.01684 17.7161 11.5
      vertex -0.772542 17.6224 11.5
    endloop
  endfacet
  facet normal 0.358371 0.933579 0
    outer loop
      vertex -1.01684 17.7161 11.5
      vertex -0.772542 17.6224 0
      vertex -1.01684 17.7161 0
    endloop
  endfacet
  facet normal 0.93358 0.358368 0
    outer loop
      vertex -2.28386 18.9832 11.5
      vertex -2.37764 19.2275 0
      vertex -2.37764 19.2275 11.5
    endloop
  endfacet
  facet normal 0.93358 0.358368 0
    outer loop
      vertex -2.37764 19.2275 0
      vertex -2.28386 18.9832 11.5
      vertex -2.28386 18.9832 0
    endloop
  endfacet
  facet normal 0.987688 0.156434 0
    outer loop
      vertex -2.44537 19.4802 11.5
      vertex -2.4863 19.7387 0
      vertex -2.4863 19.7387 11.5
    endloop
  endfacet
  facet normal 0.987688 0.156434 0
    outer loop
      vertex -2.4863 19.7387 0
      vertex -2.44537 19.4802 11.5
      vertex -2.44537 19.4802 0
    endloop
  endfacet
  facet normal 0.707107 0.707107 0
    outer loop
      vertex -1.67283 18.1421 11.5
      vertex -1.85786 18.3272 0
      vertex -1.85786 18.3272 11.5
    endloop
  endfacet
  facet normal 0.707107 0.707107 0
    outer loop
      vertex -1.85786 18.3272 0
      vertex -1.67283 18.1421 11.5
      vertex -1.67283 18.1421 0
    endloop
  endfacet
  facet normal 0.838671 0.544638 0
    outer loop
      vertex -2.02254 18.5305 11.5
      vertex -2.16506 18.75 0
      vertex -2.16506 18.75 11.5
    endloop
  endfacet
  facet normal 0.838671 0.544638 0
    outer loop
      vertex -2.16506 18.75 0
      vertex -2.02254 18.5305 11.5
      vertex -2.02254 18.5305 0
    endloop
  endfacet
  facet normal 0.62932 0.777146 -0
    outer loop
      vertex -1.46946 17.9775 0
      vertex -1.67283 18.1421 11.5
      vertex -1.46946 17.9775 11.5
    endloop
  endfacet
  facet normal 0.62932 0.777146 0
    outer loop
      vertex -1.67283 18.1421 11.5
      vertex -1.46946 17.9775 0
      vertex -1.67283 18.1421 0
    endloop
  endfacet
  facet normal -0.258821 0.965925 0
    outer loop
      vertex 0.772542 17.6224 0
      vertex 0.519779 17.5546 11.5
      vertex 0.772542 17.6224 11.5
    endloop
  endfacet
  facet normal -0.258821 0.965925 0
    outer loop
      vertex 0.519779 17.5546 11.5
      vertex 0.772542 17.6224 0
      vertex 0.519779 17.5546 0
    endloop
  endfacet
  facet normal -0.453987 0.891008 0
    outer loop
      vertex 1.25 17.8349 0
      vertex 1.01684 17.7161 11.5
      vertex 1.25 17.8349 11.5
    endloop
  endfacet
  facet normal -0.453987 0.891008 0
    outer loop
      vertex 1.01684 17.7161 11.5
      vertex 1.25 17.8349 0
      vertex 1.01684 17.7161 0
    endloop
  endfacet
  facet normal -0.62932 0.777146 0
    outer loop
      vertex 1.67283 18.1421 0
      vertex 1.46946 17.9775 11.5
      vertex 1.67283 18.1421 11.5
    endloop
  endfacet
  facet normal -0.62932 0.777146 0
    outer loop
      vertex 1.46946 17.9775 11.5
      vertex 1.67283 18.1421 0
      vertex 1.46946 17.9775 0
    endloop
  endfacet
  facet normal 0.453987 0.891008 -0
    outer loop
      vertex -1.01684 17.7161 0
      vertex -1.25 17.8349 11.5
      vertex -1.01684 17.7161 11.5
    endloop
  endfacet
  facet normal 0.453987 0.891008 0
    outer loop
      vertex -1.25 17.8349 11.5
      vertex -1.01684 17.7161 0
      vertex -1.25 17.8349 0
    endloop
  endfacet
  facet normal 0.891006 0.453991 0
    outer loop
      vertex -2.16506 18.75 11.5
      vertex -2.28386 18.9832 0
      vertex -2.28386 18.9832 11.5
    endloop
  endfacet
  facet normal 0.891006 0.453991 0
    outer loop
      vertex -2.28386 18.9832 0
      vertex -2.16506 18.75 11.5
      vertex -2.16506 18.75 0
    endloop
  endfacet
  facet normal 0.965926 0.25882 0
    outer loop
      vertex -2.37764 19.2275 11.5
      vertex -2.44537 19.4802 0
      vertex -2.44537 19.4802 11.5
    endloop
  endfacet
  facet normal 0.965926 0.25882 0
    outer loop
      vertex -2.44537 19.4802 0
      vertex -2.37764 19.2275 11.5
      vertex -2.37764 19.2275 0
    endloop
  endfacet
  facet normal 0.777146 0.62932 0
    outer loop
      vertex -1.85786 18.3272 11.5
      vertex -2.02254 18.5305 0
      vertex -2.02254 18.5305 11.5
    endloop
  endfacet
  facet normal 0.777146 0.62932 0
    outer loop
      vertex -2.02254 18.5305 0
      vertex -1.85786 18.3272 11.5
      vertex -1.85786 18.3272 0
    endloop
  endfacet
  facet normal -0.891006 0.453991 0
    outer loop
      vertex 2.16506 18.75 0
      vertex 2.28386 18.9832 11.5
      vertex 2.28386 18.9832 0
    endloop
  endfacet
  facet normal -0.891006 0.453991 0
    outer loop
      vertex 2.28386 18.9832 11.5
      vertex 2.16506 18.75 0
      vertex 2.16506 18.75 11.5
    endloop
  endfacet
  facet normal -0.838671 0.544638 0
    outer loop
      vertex 2.02254 18.5305 0
      vertex 2.16506 18.75 11.5
      vertex 2.16506 18.75 0
    endloop
  endfacet
  facet normal -0.838671 0.544638 0
    outer loop
      vertex 2.16506 18.75 11.5
      vertex 2.02254 18.5305 0
      vertex 2.02254 18.5305 11.5
    endloop
  endfacet
  facet normal -0.998629 -0.0523375 0
    outer loop
      vertex 2.5 -20 0
      vertex 2.4863 -19.7387 11.5
      vertex 2.4863 -19.7387 0
    endloop
  endfacet
  facet normal -0.998629 -0.0523375 0
    outer loop
      vertex 2.4863 -19.7387 11.5
      vertex 2.5 -20 0
      vertex 2.5 -20 11.5
    endloop
  endfacet
  facet normal 0.998629 -0.0523375 0
    outer loop
      vertex -2.5 -20 11.5
      vertex -2.4863 -19.7387 0
      vertex -2.4863 -19.7387 11.5
    endloop
  endfacet
  facet normal 0.998629 -0.0523375 0
    outer loop
      vertex -2.4863 -19.7387 0
      vertex -2.5 -20 11.5
      vertex -2.5 -20 0
    endloop
  endfacet
  facet normal 0.0523341 -0.99863 0
    outer loop
      vertex -0.261321 -17.5137 0
      vertex 0 -17.5 11.5
      vertex -0.261321 -17.5137 11.5
    endloop
  endfacet
  facet normal 0.0523341 -0.99863 0
    outer loop
      vertex 0 -17.5 11.5
      vertex -0.261321 -17.5137 0
      vertex 0 -17.5 0
    endloop
  endfacet
  facet normal 0.0523341 0.99863 -0
    outer loop
      vertex 0 -22.5 0
      vertex -0.261321 -22.4863 11.5
      vertex 0 -22.5 11.5
    endloop
  endfacet
  facet normal 0.0523341 0.99863 0
    outer loop
      vertex -0.261321 -22.4863 11.5
      vertex 0 -22.5 0
      vertex -0.261321 -22.4863 0
    endloop
  endfacet
  facet normal -0.62932 -0.777146 0
    outer loop
      vertex 1.46946 -17.9775 0
      vertex 1.67283 -18.1421 11.5
      vertex 1.46946 -17.9775 11.5
    endloop
  endfacet
  facet normal -0.62932 -0.777146 -0
    outer loop
      vertex 1.67283 -18.1421 11.5
      vertex 1.46946 -17.9775 0
      vertex 1.67283 -18.1421 0
    endloop
  endfacet
  facet normal 0.707107 -0.707107 0
    outer loop
      vertex -1.85786 -18.3272 11.5
      vertex -1.67283 -18.1421 0
      vertex -1.67283 -18.1421 11.5
    endloop
  endfacet
  facet normal 0.707107 -0.707107 0
    outer loop
      vertex -1.67283 -18.1421 0
      vertex -1.85786 -18.3272 11.5
      vertex -1.85786 -18.3272 0
    endloop
  endfacet
  facet normal 0.358371 -0.933579 0
    outer loop
      vertex -1.01684 -17.7161 0
      vertex -0.772542 -17.6224 11.5
      vertex -1.01684 -17.7161 11.5
    endloop
  endfacet
  facet normal 0.358371 -0.933579 0
    outer loop
      vertex -0.772542 -17.6224 11.5
      vertex -1.01684 -17.7161 0
      vertex -0.772542 -17.6224 0
    endloop
  endfacet
  facet normal 0.965925 0.258822 0
    outer loop
      vertex -2.37764 -20.7725 11.5
      vertex -2.44537 -20.5198 0
      vertex -2.44537 -20.5198 11.5
    endloop
  endfacet
  facet normal 0.965925 0.258822 0
    outer loop
      vertex -2.44537 -20.5198 0
      vertex -2.37764 -20.7725 11.5
      vertex -2.37764 -20.7725 0
    endloop
  endfacet
  facet normal -0.891006 -0.453991 0
    outer loop
      vertex 2.28386 -18.9832 0
      vertex 2.16506 -18.75 11.5
      vertex 2.16506 -18.75 0
    endloop
  endfacet
  facet normal -0.891006 -0.453991 0
    outer loop
      vertex 2.16506 -18.75 11.5
      vertex 2.28386 -18.9832 0
      vertex 2.28386 -18.9832 11.5
    endloop
  endfacet
  facet normal -0.258821 -0.965925 0
    outer loop
      vertex 0.519779 -17.5546 0
      vertex 0.772542 -17.6224 11.5
      vertex 0.519779 -17.5546 11.5
    endloop
  endfacet
  facet normal -0.258821 -0.965925 -0
    outer loop
      vertex 0.772542 -17.6224 11.5
      vertex 0.519779 -17.5546 0
      vertex 0.772542 -17.6224 0
    endloop
  endfacet
  facet normal -0.156434 -0.987688 0
    outer loop
      vertex 0.261321 -17.5137 0
      vertex 0.519779 -17.5546 11.5
      vertex 0.261321 -17.5137 11.5
    endloop
  endfacet
  facet normal -0.156434 -0.987688 -0
    outer loop
      vertex 0.519779 -17.5546 11.5
      vertex 0.261321 -17.5137 0
      vertex 0.519779 -17.5546 0
    endloop
  endfacet
  facet normal 0.891006 -0.453991 0
    outer loop
      vertex -2.28386 -18.9832 11.5
      vertex -2.16506 -18.75 0
      vertex -2.16506 -18.75 11.5
    endloop
  endfacet
  facet normal 0.891006 -0.453991 0
    outer loop
      vertex -2.16506 -18.75 0
      vertex -2.28386 -18.9832 11.5
      vertex -2.28386 -18.9832 0
    endloop
  endfacet
  facet normal 0.838671 -0.544638 0
    outer loop
      vertex -2.16506 -18.75 11.5
      vertex -2.02254 -18.5305 0
      vertex -2.02254 -18.5305 11.5
    endloop
  endfacet
  facet normal 0.838671 -0.544638 0
    outer loop
      vertex -2.02254 -18.5305 0
      vertex -2.16506 -18.75 11.5
      vertex -2.16506 -18.75 0
    endloop
  endfacet
  facet normal 0.965926 -0.25882 0
    outer loop
      vertex -2.44537 -19.4802 11.5
      vertex -2.37764 -19.2275 0
      vertex -2.37764 -19.2275 11.5
    endloop
  endfacet
  facet normal 0.965926 -0.25882 0
    outer loop
      vertex -2.37764 -19.2275 0
      vertex -2.44537 -19.4802 11.5
      vertex -2.44537 -19.4802 0
    endloop
  endfacet
  facet normal 0.156434 -0.987688 0
    outer loop
      vertex -0.519779 -17.5546 0
      vertex -0.261321 -17.5137 11.5
      vertex -0.519779 -17.5546 11.5
    endloop
  endfacet
  facet normal 0.156434 -0.987688 0
    outer loop
      vertex -0.261321 -17.5137 11.5
      vertex -0.519779 -17.5546 0
      vertex -0.261321 -17.5137 0
    endloop
  endfacet
  facet normal -0.891006 0.453991 0
    outer loop
      vertex 2.16506 -21.25 0
      vertex 2.28386 -21.0168 11.5
      vertex 2.28386 -21.0168 0
    endloop
  endfacet
  facet normal -0.891006 0.453991 0
    outer loop
      vertex 2.28386 -21.0168 11.5
      vertex 2.16506 -21.25 0
      vertex 2.16506 -21.25 11.5
    endloop
  endfacet
  facet normal -0.258827 0.965924 0
    outer loop
      vertex 0.772542 -22.3776 0
      vertex 0.519779 -22.4454 11.5
      vertex 0.772542 -22.3776 11.5
    endloop
  endfacet
  facet normal -0.258827 0.965924 0
    outer loop
      vertex 0.519779 -22.4454 11.5
      vertex 0.772542 -22.3776 0
      vertex 0.519779 -22.4454 0
    endloop
  endfacet
  facet normal -0.707107 0.707107 0
    outer loop
      vertex 1.67283 -21.8579 0
      vertex 1.85786 -21.6728 11.5
      vertex 1.85786 -21.6728 0
    endloop
  endfacet
  facet normal -0.707107 0.707107 0
    outer loop
      vertex 1.85786 -21.6728 11.5
      vertex 1.67283 -21.8579 0
      vertex 1.67283 -21.8579 11.5
    endloop
  endfacet
  facet normal -0.965925 0.258822 0
    outer loop
      vertex 2.37764 -20.7725 0
      vertex 2.44537 -20.5198 11.5
      vertex 2.44537 -20.5198 0
    endloop
  endfacet
  facet normal -0.965925 0.258822 0
    outer loop
      vertex 2.44537 -20.5198 11.5
      vertex 2.37764 -20.7725 0
      vertex 2.37764 -20.7725 11.5
    endloop
  endfacet
  facet normal 0.358365 0.933582 -0
    outer loop
      vertex -0.772542 -22.3776 0
      vertex -1.01684 -22.2839 11.5
      vertex -0.772542 -22.3776 11.5
    endloop
  endfacet
  facet normal 0.358365 0.933582 0
    outer loop
      vertex -1.01684 -22.2839 11.5
      vertex -0.772542 -22.3776 0
      vertex -1.01684 -22.2839 0
    endloop
  endfacet
  facet normal 0.891006 0.453991 0
    outer loop
      vertex -2.16506 -21.25 11.5
      vertex -2.28386 -21.0168 0
      vertex -2.28386 -21.0168 11.5
    endloop
  endfacet
  facet normal 0.891006 0.453991 0
    outer loop
      vertex -2.28386 -21.0168 0
      vertex -2.16506 -21.25 11.5
      vertex -2.16506 -21.25 0
    endloop
  endfacet
  facet normal 0.838671 0.544638 0
    outer loop
      vertex -2.02254 -21.4695 11.5
      vertex -2.16506 -21.25 0
      vertex -2.16506 -21.25 11.5
    endloop
  endfacet
  facet normal 0.838671 0.544638 0
    outer loop
      vertex -2.16506 -21.25 0
      vertex -2.02254 -21.4695 11.5
      vertex -2.02254 -21.4695 0
    endloop
  endfacet
  facet normal -0.965926 -0.25882 0
    outer loop
      vertex 2.44537 -19.4802 0
      vertex 2.37764 -19.2275 11.5
      vertex 2.37764 -19.2275 0
    endloop
  endfacet
  facet normal -0.965926 -0.25882 0
    outer loop
      vertex 2.37764 -19.2275 11.5
      vertex 2.44537 -19.4802 0
      vertex 2.44537 -19.4802 11.5
    endloop
  endfacet
  facet normal -0.987688 -0.156434 0
    outer loop
      vertex 2.4863 -19.7387 0
      vertex 2.44537 -19.4802 11.5
      vertex 2.44537 -19.4802 0
    endloop
  endfacet
  facet normal -0.987688 -0.156434 0
    outer loop
      vertex 2.44537 -19.4802 11.5
      vertex 2.4863 -19.7387 0
      vertex 2.4863 -19.7387 11.5
    endloop
  endfacet
  facet normal -0.93358 -0.358368 0
    outer loop
      vertex 2.37764 -19.2275 0
      vertex 2.28386 -18.9832 11.5
      vertex 2.28386 -18.9832 0
    endloop
  endfacet
  facet normal -0.93358 -0.358368 0
    outer loop
      vertex 2.28386 -18.9832 11.5
      vertex 2.37764 -19.2275 0
      vertex 2.37764 -19.2275 11.5
    endloop
  endfacet
  facet normal -0.777146 -0.62932 0
    outer loop
      vertex 2.02254 -18.5305 0
      vertex 1.85786 -18.3272 11.5
      vertex 1.85786 -18.3272 0
    endloop
  endfacet
  facet normal -0.777146 -0.62932 0
    outer loop
      vertex 1.85786 -18.3272 11.5
      vertex 2.02254 -18.5305 0
      vertex 2.02254 -18.5305 11.5
    endloop
  endfacet
  facet normal -0.838671 -0.544638 0
    outer loop
      vertex 2.16506 -18.75 0
      vertex 2.02254 -18.5305 11.5
      vertex 2.02254 -18.5305 0
    endloop
  endfacet
  facet normal -0.838671 -0.544638 0
    outer loop
      vertex 2.02254 -18.5305 11.5
      vertex 2.16506 -18.75 0
      vertex 2.16506 -18.75 11.5
    endloop
  endfacet
  facet normal -0.0523341 -0.99863 0
    outer loop
      vertex 0 -17.5 0
      vertex 0.261321 -17.5137 11.5
      vertex 0 -17.5 11.5
    endloop
  endfacet
  facet normal -0.0523341 -0.99863 -0
    outer loop
      vertex 0.261321 -17.5137 11.5
      vertex 0 -17.5 0
      vertex 0.261321 -17.5137 0
    endloop
  endfacet
  facet normal -0.453987 -0.891008 0
    outer loop
      vertex 1.01684 -17.7161 0
      vertex 1.25 -17.8349 11.5
      vertex 1.01684 -17.7161 11.5
    endloop
  endfacet
  facet normal -0.453987 -0.891008 -0
    outer loop
      vertex 1.25 -17.8349 11.5
      vertex 1.01684 -17.7161 0
      vertex 1.25 -17.8349 0
    endloop
  endfacet
  facet normal -0.54464 -0.83867 0
    outer loop
      vertex 1.25 -17.8349 0
      vertex 1.46946 -17.9775 11.5
      vertex 1.25 -17.8349 11.5
    endloop
  endfacet
  facet normal -0.54464 -0.83867 -0
    outer loop
      vertex 1.46946 -17.9775 11.5
      vertex 1.25 -17.8349 0
      vertex 1.46946 -17.9775 0
    endloop
  endfacet
  facet normal 0.777146 -0.62932 0
    outer loop
      vertex -2.02254 -18.5305 11.5
      vertex -1.85786 -18.3272 0
      vertex -1.85786 -18.3272 11.5
    endloop
  endfacet
  facet normal 0.777146 -0.62932 0
    outer loop
      vertex -1.85786 -18.3272 0
      vertex -2.02254 -18.5305 11.5
      vertex -2.02254 -18.5305 0
    endloop
  endfacet
  facet normal 0.93358 -0.358368 0
    outer loop
      vertex -2.37764 -19.2275 11.5
      vertex -2.28386 -18.9832 0
      vertex -2.28386 -18.9832 11.5
    endloop
  endfacet
  facet normal 0.93358 -0.358368 0
    outer loop
      vertex -2.28386 -18.9832 0
      vertex -2.37764 -19.2275 11.5
      vertex -2.37764 -19.2275 0
    endloop
  endfacet
  facet normal 0.987688 -0.156434 0
    outer loop
      vertex -2.4863 -19.7387 11.5
      vertex -2.44537 -19.4802 0
      vertex -2.44537 -19.4802 11.5
    endloop
  endfacet
  facet normal 0.987688 -0.156434 0
    outer loop
      vertex -2.44537 -19.4802 0
      vertex -2.4863 -19.7387 11.5
      vertex -2.4863 -19.7387 0
    endloop
  endfacet
  facet normal 0.453988 -0.891008 0
    outer loop
      vertex -1.25 -17.8349 0
      vertex -1.01684 -17.7161 11.5
      vertex -1.25 -17.8349 11.5
    endloop
  endfacet
  facet normal 0.453988 -0.891008 0
    outer loop
      vertex -1.01684 -17.7161 11.5
      vertex -1.25 -17.8349 0
      vertex -1.01684 -17.7161 0
    endloop
  endfacet
  facet normal 0.544638 -0.838671 0
    outer loop
      vertex -1.46946 -17.9775 0
      vertex -1.25 -17.8349 11.5
      vertex -1.46946 -17.9775 11.5
    endloop
  endfacet
  facet normal 0.544638 -0.838671 0
    outer loop
      vertex -1.25 -17.8349 11.5
      vertex -1.46946 -17.9775 0
      vertex -1.25 -17.8349 0
    endloop
  endfacet
  facet normal -0.998629 0.0523375 0
    outer loop
      vertex 2.4863 -20.2613 0
      vertex 2.5 -20 11.5
      vertex 2.5 -20 0
    endloop
  endfacet
  facet normal -0.998629 0.0523375 0
    outer loop
      vertex 2.5 -20 11.5
      vertex 2.4863 -20.2613 0
      vertex 2.4863 -20.2613 11.5
    endloop
  endfacet
  facet normal -0.0523341 0.99863 0
    outer loop
      vertex 0.261321 -22.4863 0
      vertex 0 -22.5 11.5
      vertex 0.261321 -22.4863 11.5
    endloop
  endfacet
  facet normal -0.0523341 0.99863 0
    outer loop
      vertex 0 -22.5 11.5
      vertex 0.261321 -22.4863 0
      vertex 0 -22.5 0
    endloop
  endfacet
  facet normal -0.453992 0.891006 0
    outer loop
      vertex 1.25 -22.1651 0
      vertex 1.01684 -22.2839 11.5
      vertex 1.25 -22.1651 11.5
    endloop
  endfacet
  facet normal -0.453992 0.891006 0
    outer loop
      vertex 1.01684 -22.2839 11.5
      vertex 1.25 -22.1651 0
      vertex 1.01684 -22.2839 0
    endloop
  endfacet
  facet normal -0.62932 0.777146 0
    outer loop
      vertex 1.67283 -21.8579 0
      vertex 1.46946 -22.0225 11.5
      vertex 1.67283 -21.8579 11.5
    endloop
  endfacet
  facet normal -0.62932 0.777146 0
    outer loop
      vertex 1.46946 -22.0225 11.5
      vertex 1.67283 -21.8579 0
      vertex 1.46946 -22.0225 0
    endloop
  endfacet
  facet normal -0.54464 0.83867 0
    outer loop
      vertex 1.46946 -22.0225 0
      vertex 1.25 -22.1651 11.5
      vertex 1.46946 -22.0225 11.5
    endloop
  endfacet
  facet normal -0.54464 0.83867 0
    outer loop
      vertex 1.25 -22.1651 11.5
      vertex 1.46946 -22.0225 0
      vertex 1.25 -22.1651 0
    endloop
  endfacet
  facet normal -0.777143 0.629324 0
    outer loop
      vertex 1.85786 -21.6728 0
      vertex 2.02254 -21.4695 11.5
      vertex 2.02254 -21.4695 0
    endloop
  endfacet
  facet normal -0.777143 0.629324 0
    outer loop
      vertex 2.02254 -21.4695 11.5
      vertex 1.85786 -21.6728 0
      vertex 1.85786 -21.6728 11.5
    endloop
  endfacet
  facet normal -0.838671 0.544638 0
    outer loop
      vertex 2.02254 -21.4695 0
      vertex 2.16506 -21.25 11.5
      vertex 2.16506 -21.25 0
    endloop
  endfacet
  facet normal -0.838671 0.544638 0
    outer loop
      vertex 2.16506 -21.25 11.5
      vertex 2.02254 -21.4695 0
      vertex 2.02254 -21.4695 11.5
    endloop
  endfacet
  facet normal 0.707107 0.707107 0
    outer loop
      vertex -1.67283 -21.8579 11.5
      vertex -1.85786 -21.6728 0
      vertex -1.85786 -21.6728 11.5
    endloop
  endfacet
  facet normal 0.707107 0.707107 0
    outer loop
      vertex -1.85786 -21.6728 0
      vertex -1.67283 -21.8579 11.5
      vertex -1.67283 -21.8579 0
    endloop
  endfacet
  facet normal 0.62932 0.777146 -0
    outer loop
      vertex -1.46946 -22.0225 0
      vertex -1.67283 -21.8579 11.5
      vertex -1.46946 -22.0225 11.5
    endloop
  endfacet
  facet normal 0.62932 0.777146 0
    outer loop
      vertex -1.67283 -21.8579 11.5
      vertex -1.46946 -22.0225 0
      vertex -1.67283 -21.8579 0
    endloop
  endfacet
  facet normal 0.54464 0.83867 -0
    outer loop
      vertex -1.25 -22.1651 0
      vertex -1.46946 -22.0225 11.5
      vertex -1.25 -22.1651 11.5
    endloop
  endfacet
  facet normal 0.54464 0.83867 0
    outer loop
      vertex -1.46946 -22.0225 11.5
      vertex -1.25 -22.1651 0
      vertex -1.46946 -22.0225 0
    endloop
  endfacet
  facet normal 0.156434 0.987688 -0
    outer loop
      vertex -0.261321 -22.4863 0
      vertex -0.519779 -22.4454 11.5
      vertex -0.261321 -22.4863 11.5
    endloop
  endfacet
  facet normal 0.156434 0.987688 0
    outer loop
      vertex -0.519779 -22.4454 11.5
      vertex -0.261321 -22.4863 0
      vertex -0.519779 -22.4454 0
    endloop
  endfacet
  facet normal 0.777143 0.629324 0
    outer loop
      vertex -1.85786 -21.6728 11.5
      vertex -2.02254 -21.4695 0
      vertex -2.02254 -21.4695 11.5
    endloop
  endfacet
  facet normal 0.777143 0.629324 0
    outer loop
      vertex -2.02254 -21.4695 0
      vertex -1.85786 -21.6728 11.5
      vertex -1.85786 -21.6728 0
    endloop
  endfacet
  facet normal 0.998629 0.0523375 0
    outer loop
      vertex -2.4863 -20.2613 11.5
      vertex -2.5 -20 0
      vertex -2.5 -20 11.5
    endloop
  endfacet
  facet normal 0.998629 0.0523375 0
    outer loop
      vertex -2.5 -20 0
      vertex -2.4863 -20.2613 11.5
      vertex -2.4863 -20.2613 0
    endloop
  endfacet
  facet normal -0.707107 -0.707107 0
    outer loop
      vertex 1.85786 -18.3272 0
      vertex 1.67283 -18.1421 11.5
      vertex 1.67283 -18.1421 0
    endloop
  endfacet
  facet normal -0.707107 -0.707107 0
    outer loop
      vertex 1.67283 -18.1421 11.5
      vertex 1.85786 -18.3272 0
      vertex 1.85786 -18.3272 11.5
    endloop
  endfacet
  facet normal -0.358371 -0.933579 0
    outer loop
      vertex 0.772542 -17.6224 0
      vertex 1.01684 -17.7161 11.5
      vertex 0.772542 -17.6224 11.5
    endloop
  endfacet
  facet normal -0.358371 -0.933579 -0
    outer loop
      vertex 1.01684 -17.7161 11.5
      vertex 0.772542 -17.6224 0
      vertex 1.01684 -17.7161 0
    endloop
  endfacet
  facet normal 0.62932 -0.777146 0
    outer loop
      vertex -1.67283 -18.1421 0
      vertex -1.46946 -17.9775 11.5
      vertex -1.67283 -18.1421 11.5
    endloop
  endfacet
  facet normal 0.62932 -0.777146 0
    outer loop
      vertex -1.46946 -17.9775 11.5
      vertex -1.67283 -18.1421 0
      vertex -1.46946 -17.9775 0
    endloop
  endfacet
  facet normal 0.258821 -0.965925 0
    outer loop
      vertex -0.772542 -17.6224 0
      vertex -0.519779 -17.5546 11.5
      vertex -0.772542 -17.6224 11.5
    endloop
  endfacet
  facet normal 0.258821 -0.965925 0
    outer loop
      vertex -0.519779 -17.5546 11.5
      vertex -0.772542 -17.6224 0
      vertex -0.519779 -17.5546 0
    endloop
  endfacet
  facet normal -0.156434 0.987688 0
    outer loop
      vertex 0.519779 -22.4454 0
      vertex 0.261321 -22.4863 11.5
      vertex 0.519779 -22.4454 11.5
    endloop
  endfacet
  facet normal -0.156434 0.987688 0
    outer loop
      vertex 0.261321 -22.4863 11.5
      vertex 0.519779 -22.4454 0
      vertex 0.261321 -22.4863 0
    endloop
  endfacet
  facet normal -0.358365 0.933582 0
    outer loop
      vertex 1.01684 -22.2839 0
      vertex 0.772542 -22.3776 11.5
      vertex 1.01684 -22.2839 11.5
    endloop
  endfacet
  facet normal -0.358365 0.933582 0
    outer loop
      vertex 0.772542 -22.3776 11.5
      vertex 1.01684 -22.2839 0
      vertex 0.772542 -22.3776 0
    endloop
  endfacet
  facet normal -0.933581 0.358366 0
    outer loop
      vertex 2.28386 -21.0168 0
      vertex 2.37764 -20.7725 11.5
      vertex 2.37764 -20.7725 0
    endloop
  endfacet
  facet normal -0.933581 0.358366 0
    outer loop
      vertex 2.37764 -20.7725 11.5
      vertex 2.28386 -21.0168 0
      vertex 2.28386 -21.0168 11.5
    endloop
  endfacet
  facet normal -0.987688 0.156434 0
    outer loop
      vertex 2.44537 -20.5198 0
      vertex 2.4863 -20.2613 11.5
      vertex 2.4863 -20.2613 0
    endloop
  endfacet
  facet normal -0.987688 0.156434 0
    outer loop
      vertex 2.4863 -20.2613 11.5
      vertex 2.44537 -20.5198 0
      vertex 2.44537 -20.5198 11.5
    endloop
  endfacet
  facet normal 0.453992 0.891006 -0
    outer loop
      vertex -1.01684 -22.2839 0
      vertex -1.25 -22.1651 11.5
      vertex -1.01684 -22.2839 11.5
    endloop
  endfacet
  facet normal 0.453992 0.891006 0
    outer loop
      vertex -1.25 -22.1651 11.5
      vertex -1.01684 -22.2839 0
      vertex -1.25 -22.1651 0
    endloop
  endfacet
  facet normal 0.258827 0.965924 -0
    outer loop
      vertex -0.519779 -22.4454 0
      vertex -0.772542 -22.3776 11.5
      vertex -0.519779 -22.4454 11.5
    endloop
  endfacet
  facet normal 0.258827 0.965924 0
    outer loop
      vertex -0.772542 -22.3776 11.5
      vertex -0.519779 -22.4454 0
      vertex -0.772542 -22.3776 0
    endloop
  endfacet
  facet normal 0.933581 0.358366 0
    outer loop
      vertex -2.28386 -21.0168 11.5
      vertex -2.37764 -20.7725 0
      vertex -2.37764 -20.7725 11.5
    endloop
  endfacet
  facet normal 0.933581 0.358366 0
    outer loop
      vertex -2.37764 -20.7725 0
      vertex -2.28386 -21.0168 11.5
      vertex -2.28386 -21.0168 0
    endloop
  endfacet
  facet normal 0.987688 0.156434 0
    outer loop
      vertex -2.44537 -20.5198 11.5
      vertex -2.4863 -20.2613 0
      vertex -2.4863 -20.2613 11.5
    endloop
  endfacet
  facet normal 0.987688 0.156434 0
    outer loop
      vertex -2.4863 -20.2613 0
      vertex -2.44537 -20.5198 11.5
      vertex -2.44537 -20.5198 0
    endloop
  endfacet
endsolid OpenSCAD_Model
