solid OpenSCAD_Model
  facet normal -1 0 0
    outer loop
      vertex -26.2 6 0
      vertex -26.2 10 25
      vertex -26.2 10 0
    endloop
  endfacet
  facet normal -1 -0 0
    outer loop
      vertex -26.2 10 25
      vertex -26.2 6 0
      vertex -26.2 6 25
    endloop
  endfacet
  facet normal -0 0 1
    outer loop
      vertex -12 6 25
      vertex -10 0 25
      vertex -10 10 25
    endloop
  endfacet
  facet normal 0 -0 1
    outer loop
      vertex -11.7378 -2.49494 25
      vertex -10 0 25
      vertex -12 0 25
    endloop
  endfacet
  facet normal 0 0 1
    outer loop
      vertex -10 0 25
      vertex -12 6 25
      vertex -12 0 25
    endloop
  endfacet
  facet normal -0 0 1
    outer loop
      vertex -26.2 10 25
      vertex -12 6 25
      vertex -10 10 25
    endloop
  endfacet
  facet normal 0 0 1
    outer loop
      vertex -12 6 25
      vertex -26.2 10 25
      vertex -26.2 6 25
    endloop
  endfacet
  facet normal 0 0 1
    outer loop
      vertex 26.2 10 25
      vertex 12 6 25
      vertex 26.2 6 25
    endloop
  endfacet
  facet normal 0 0 1
    outer loop
      vertex 10 0 25
      vertex 12 0 25
      vertex 12 6 25
    endloop
  endfacet
  facet normal 0 0 1
    outer loop
      vertex 12 0 25
      vertex 10 0 25
      vertex 11.7378 -2.49494 25
    endloop
  endfacet
  facet normal -0 0 1
    outer loop
      vertex 10 10 25
      vertex 12 6 25
      vertex 26.2 10 25
    endloop
  endfacet
  facet normal 0 0 1
    outer loop
      vertex 10 0 25
      vertex 12 6 25
      vertex 10 10 25
    endloop
  endfacet
  facet normal -0 0 1
    outer loop
      vertex 9.78148 -2.07912 25
      vertex 11.7378 -2.49494 25
      vertex 10 0 25
    endloop
  endfacet
  facet normal 0 0 1
    outer loop
      vertex 11.7378 -2.49494 25
      vertex 9.78148 -2.07912 25
      vertex 10.9625 -4.88084 25
    endloop
  endfacet
  facet normal -0 0 1
    outer loop
      vertex 9.13545 -4.06737 25
      vertex 10.9625 -4.88084 25
      vertex 9.78148 -2.07912 25
    endloop
  endfacet
  facet normal 0 0 1
    outer loop
      vertex 10.9625 -4.88084 25
      vertex 9.13545 -4.06737 25
      vertex 9.7082 -7.05342 25
    endloop
  endfacet
  facet normal -0 0 1
    outer loop
      vertex 8.09017 -5.87785 25
      vertex 9.7082 -7.05342 25
      vertex 9.13545 -4.06737 25
    endloop
  endfacet
  facet normal 0 0 1
    outer loop
      vertex 8.09017 -5.87785 25
      vertex 8.02957 -8.91774 25
      vertex 9.7082 -7.05342 25
    endloop
  endfacet
  facet normal -0 0 1
    outer loop
      vertex 6.69131 -7.43145 25
      vertex 8.02957 -8.91774 25
      vertex 8.09017 -5.87785 25
    endloop
  endfacet
  facet normal 0 0 1
    outer loop
      vertex 6.69131 -7.43145 25
      vertex 6 -10.3923 25
      vertex 8.02957 -8.91774 25
    endloop
  endfacet
  facet normal -0 0 1
    outer loop
      vertex 5 -8.66025 25
      vertex 6 -10.3923 25
      vertex 6.69131 -7.43145 25
    endloop
  endfacet
  facet normal 0 0 1
    outer loop
      vertex 5 -8.66025 25
      vertex 3.7082 -11.4127 25
      vertex 6 -10.3923 25
    endloop
  endfacet
  facet normal -0 0 1
    outer loop
      vertex 3.09017 -9.51056 25
      vertex 3.7082 -11.4127 25
      vertex 5 -8.66025 25
    endloop
  endfacet
  facet normal 0 0 1
    outer loop
      vertex 3.09017 -9.51056 25
      vertex 1.25434 -11.9343 25
      vertex 3.7082 -11.4127 25
    endloop
  endfacet
  facet normal -0 0 1
    outer loop
      vertex 1.04528 -9.94522 25
      vertex 1.25434 -11.9343 25
      vertex 3.09017 -9.51056 25
    endloop
  endfacet
  facet normal -0 0 1
    outer loop
      vertex -1.04528 -9.94522 25
      vertex 1.25434 -11.9343 25
      vertex 1.04528 -9.94522 25
    endloop
  endfacet
  facet normal 0 0 1
    outer loop
      vertex -1.04528 -9.94522 25
      vertex -1.25434 -11.9343 25
      vertex 1.25434 -11.9343 25
    endloop
  endfacet
  facet normal 0 0 1
    outer loop
      vertex -3.09017 -9.51056 25
      vertex -1.25434 -11.9343 25
      vertex -1.04528 -9.94522 25
    endloop
  endfacet
  facet normal 0 0 1
    outer loop
      vertex -3.09017 -9.51056 25
      vertex -3.7082 -11.4127 25
      vertex -1.25434 -11.9343 25
    endloop
  endfacet
  facet normal 0 0 1
    outer loop
      vertex -5 -8.66025 25
      vertex -3.7082 -11.4127 25
      vertex -3.09017 -9.51056 25
    endloop
  endfacet
  facet normal 0 0 1
    outer loop
      vertex -5 -8.66025 25
      vertex -6 -10.3923 25
      vertex -3.7082 -11.4127 25
    endloop
  endfacet
  facet normal 0 0 1
    outer loop
      vertex -6.69131 -7.43145 25
      vertex -6 -10.3923 25
      vertex -5 -8.66025 25
    endloop
  endfacet
  facet normal 0 0 1
    outer loop
      vertex -6.69131 -7.43145 25
      vertex -8.02957 -8.91774 25
      vertex -6 -10.3923 25
    endloop
  endfacet
  facet normal 0 0 1
    outer loop
      vertex -8.09017 -5.87785 25
      vertex -8.02957 -8.91774 25
      vertex -6.69131 -7.43145 25
    endloop
  endfacet
  facet normal 0 0 1
    outer loop
      vertex -9.7082 -7.05342 25
      vertex -8.09017 -5.87785 25
      vertex -9.13545 -4.06737 25
    endloop
  endfacet
  facet normal 0 0 1
    outer loop
      vertex -8.09017 -5.87785 25
      vertex -9.7082 -7.05342 25
      vertex -8.02957 -8.91774 25
    endloop
  endfacet
  facet normal 0 0 1
    outer loop
      vertex -10.9625 -4.88084 25
      vertex -9.13545 -4.06737 25
      vertex -9.78148 -2.07912 25
    endloop
  endfacet
  facet normal 0 0 1
    outer loop
      vertex -10.9625 -4.88084 25
      vertex -9.78148 -2.07912 25
      vertex -10 0 25
    endloop
  endfacet
  facet normal 0 0 1
    outer loop
      vertex -9.13545 -4.06737 25
      vertex -10.9625 -4.88084 25
      vertex -9.7082 -7.05342 25
    endloop
  endfacet
  facet normal 0 0 1
    outer loop
      vertex -10 0 25
      vertex -11.7378 -2.49494 25
      vertex -10.9625 -4.88084 25
    endloop
  endfacet
  facet normal 0 1 0
    outer loop
      vertex 26.2 10 25
      vertex 18.215 10 13.594
      vertex 10 10 25
    endloop
  endfacet
  facet normal 0 1 0
    outer loop
      vertex 26.2 10 25
      vertex 18.4399 10 13.5462
      vertex 18.215 10 13.594
    endloop
  endfacet
  facet normal 0 1 0
    outer loop
      vertex 26.2 10 25
      vertex 18.65 10 13.4526
      vertex 18.4399 10 13.5462
    endloop
  endfacet
  facet normal 0 1 0
    outer loop
      vertex 26.2 10 25
      vertex 18.836 10 13.3175
      vertex 18.65 10 13.4526
    endloop
  endfacet
  facet normal 0 1 0
    outer loop
      vertex 26.2 10 25
      vertex 18.9899 10 13.1466
      vertex 18.836 10 13.3175
    endloop
  endfacet
  facet normal 0 1 0
    outer loop
      vertex 26.2 10 25
      vertex 19.1049 10 12.9474
      vertex 18.9899 10 13.1466
    endloop
  endfacet
  facet normal 0 1 0
    outer loop
      vertex 26.2 10 25
      vertex 19.176 10 12.7287
      vertex 19.1049 10 12.9474
    endloop
  endfacet
  facet normal 0 1 0
    outer loop
      vertex 26.2 10 25
      vertex 19.2 10 12.5
      vertex 19.176 10 12.7287
    endloop
  endfacet
  facet normal 0 1 -0
    outer loop
      vertex 26.2 10 0
      vertex 19.2 10 12.5
      vertex 26.2 10 25
    endloop
  endfacet
  facet normal 0 1 0
    outer loop
      vertex 19.2 10 12.5
      vertex 26.2 10 0
      vertex 19.176 10 12.2713
    endloop
  endfacet
  facet normal 0 1 0
    outer loop
      vertex 18.65 10 11.5474
      vertex 26.2 10 0
      vertex 17.55 10 11.5474
    endloop
  endfacet
  facet normal 0 1 0
    outer loop
      vertex 18.836 10 11.6825
      vertex 26.2 10 0
      vertex 18.65 10 11.5474
    endloop
  endfacet
  facet normal 0 1 0
    outer loop
      vertex 18.9899 10 11.8534
      vertex 26.2 10 0
      vertex 18.836 10 11.6825
    endloop
  endfacet
  facet normal 0 1 0
    outer loop
      vertex 19.1049 10 12.0526
      vertex 26.2 10 0
      vertex 18.9899 10 11.8534
    endloop
  endfacet
  facet normal 0 1 0
    outer loop
      vertex 19.176 10 12.2713
      vertex 26.2 10 0
      vertex 19.1049 10 12.0526
    endloop
  endfacet
  facet normal 0 1 -0
    outer loop
      vertex 17.985 10 13.594
      vertex 10 10 25
      vertex 18.215 10 13.594
    endloop
  endfacet
  facet normal 0 1 -0
    outer loop
      vertex 17.7601 10 13.5462
      vertex 10 10 25
      vertex 17.985 10 13.594
    endloop
  endfacet
  facet normal 0 1 -0
    outer loop
      vertex 17.55 10 13.4526
      vertex 10 10 25
      vertex 17.7601 10 13.5462
    endloop
  endfacet
  facet normal 0 1 -0
    outer loop
      vertex 17.364 10 13.3175
      vertex 10 10 25
      vertex 17.55 10 13.4526
    endloop
  endfacet
  facet normal 0 1 -0
    outer loop
      vertex 17.2101 10 13.1466
      vertex 10 10 25
      vertex 17.364 10 13.3175
    endloop
  endfacet
  facet normal 0 1 -0
    outer loop
      vertex 17.0951 10 12.9474
      vertex 10 10 25
      vertex 17.2101 10 13.1466
    endloop
  endfacet
  facet normal 0 1 -0
    outer loop
      vertex 17.024 10 12.7287
      vertex 10 10 25
      vertex 17.0951 10 12.9474
    endloop
  endfacet
  facet normal 0 1 -0
    outer loop
      vertex 17 10 12.5
      vertex 10 10 25
      vertex 17.024 10 12.7287
    endloop
  endfacet
  facet normal 0 1 0
    outer loop
      vertex 10 10 0
      vertex 17 10 12.5
      vertex 17.024 10 12.2713
    endloop
  endfacet
  facet normal 0 1 0
    outer loop
      vertex 10 10 0
      vertex 17.024 10 12.2713
      vertex 17.0951 10 12.0526
    endloop
  endfacet
  facet normal 0 1 0
    outer loop
      vertex 10 10 0
      vertex 17.55 10 11.5474
      vertex 26.2 10 0
    endloop
  endfacet
  facet normal 0 1 0
    outer loop
      vertex 17.55 10 11.5474
      vertex 10 10 0
      vertex 17.364 10 11.6825
    endloop
  endfacet
  facet normal 0 1 0
    outer loop
      vertex 17 10 12.5
      vertex 10 10 0
      vertex 10 10 25
    endloop
  endfacet
  facet normal 0 1 0
    outer loop
      vertex 17.2101 10 11.8534
      vertex 10 10 0
      vertex 17.0951 10 12.0526
    endloop
  endfacet
  facet normal 0 1 0
    outer loop
      vertex 17.364 10 11.6825
      vertex 10 10 0
      vertex 17.2101 10 11.8534
    endloop
  endfacet
  facet normal 0 1 0
    outer loop
      vertex -10 10 25
      vertex -17.985 10 13.594
      vertex -26.2 10 25
    endloop
  endfacet
  facet normal 0 1 0
    outer loop
      vertex -10 10 25
      vertex -17.7601 10 13.5462
      vertex -17.985 10 13.594
    endloop
  endfacet
  facet normal 0 1 0
    outer loop
      vertex -10 10 25
      vertex -17.55 10 13.4526
      vertex -17.7601 10 13.5462
    endloop
  endfacet
  facet normal 0 1 0
    outer loop
      vertex -10 10 25
      vertex -17.364 10 13.3175
      vertex -17.55 10 13.4526
    endloop
  endfacet
  facet normal 0 1 0
    outer loop
      vertex -10 10 25
      vertex -17.2101 10 13.1466
      vertex -17.364 10 13.3175
    endloop
  endfacet
  facet normal 0 1 0
    outer loop
      vertex -10 10 25
      vertex -17.0951 10 12.9474
      vertex -17.2101 10 13.1466
    endloop
  endfacet
  facet normal 0 1 0
    outer loop
      vertex -10 10 25
      vertex -17.024 10 12.7287
      vertex -17.0951 10 12.9474
    endloop
  endfacet
  facet normal 0 1 0
    outer loop
      vertex -10 10 25
      vertex -17 10 12.5
      vertex -17.024 10 12.7287
    endloop
  endfacet
  facet normal 0 1 -0
    outer loop
      vertex -10 10 0
      vertex -17 10 12.5
      vertex -10 10 25
    endloop
  endfacet
  facet normal 0 1 0
    outer loop
      vertex -17 10 12.5
      vertex -10 10 0
      vertex -17.024 10 12.2713
    endloop
  endfacet
  facet normal 0 1 0
    outer loop
      vertex -17.55 10 11.5474
      vertex -10 10 0
      vertex -18.65 10 11.5474
    endloop
  endfacet
  facet normal 0 1 0
    outer loop
      vertex -17.364 10 11.6825
      vertex -10 10 0
      vertex -17.55 10 11.5474
    endloop
  endfacet
  facet normal 0 1 0
    outer loop
      vertex -17.2101 10 11.8534
      vertex -10 10 0
      vertex -17.364 10 11.6825
    endloop
  endfacet
  facet normal 0 1 0
    outer loop
      vertex -17.0951 10 12.0526
      vertex -10 10 0
      vertex -17.2101 10 11.8534
    endloop
  endfacet
  facet normal 0 1 0
    outer loop
      vertex -17.024 10 12.2713
      vertex -10 10 0
      vertex -17.0951 10 12.0526
    endloop
  endfacet
  facet normal 0 1 -0
    outer loop
      vertex -18.215 10 13.594
      vertex -26.2 10 25
      vertex -17.985 10 13.594
    endloop
  endfacet
  facet normal 0 1 -0
    outer loop
      vertex -18.4399 10 13.5462
      vertex -26.2 10 25
      vertex -18.215 10 13.594
    endloop
  endfacet
  facet normal 0 1 -0
    outer loop
      vertex -18.65 10 13.4526
      vertex -26.2 10 25
      vertex -18.4399 10 13.5462
    endloop
  endfacet
  facet normal 0 1 -0
    outer loop
      vertex -18.836 10 13.3175
      vertex -26.2 10 25
      vertex -18.65 10 13.4526
    endloop
  endfacet
  facet normal 0 1 -0
    outer loop
      vertex -18.9899 10 13.1466
      vertex -26.2 10 25
      vertex -18.836 10 13.3175
    endloop
  endfacet
  facet normal 0 1 -0
    outer loop
      vertex -19.1049 10 12.9474
      vertex -26.2 10 25
      vertex -18.9899 10 13.1466
    endloop
  endfacet
  facet normal 0 1 -0
    outer loop
      vertex -19.176 10 12.7287
      vertex -26.2 10 25
      vertex -19.1049 10 12.9474
    endloop
  endfacet
  facet normal 0 1 -0
    outer loop
      vertex -19.2 10 12.5
      vertex -26.2 10 25
      vertex -19.176 10 12.7287
    endloop
  endfacet
  facet normal 0 1 0
    outer loop
      vertex -26.2 10 0
      vertex -19.2 10 12.5
      vertex -19.176 10 12.2713
    endloop
  endfacet
  facet normal 0 1 0
    outer loop
      vertex -26.2 10 0
      vertex -19.176 10 12.2713
      vertex -19.1049 10 12.0526
    endloop
  endfacet
  facet normal 0 1 0
    outer loop
      vertex -26.2 10 0
      vertex -18.65 10 11.5474
      vertex -10 10 0
    endloop
  endfacet
  facet normal 0 1 0
    outer loop
      vertex -18.65 10 11.5474
      vertex -26.2 10 0
      vertex -18.836 10 11.6825
    endloop
  endfacet
  facet normal 0 1 0
    outer loop
      vertex -19.2 10 12.5
      vertex -26.2 10 0
      vertex -26.2 10 25
    endloop
  endfacet
  facet normal 0 1 0
    outer loop
      vertex -18.9899 10 11.8534
      vertex -26.2 10 0
      vertex -19.1049 10 12.0526
    endloop
  endfacet
  facet normal 0 1 0
    outer loop
      vertex -18.836 10 11.6825
      vertex -26.2 10 0
      vertex -18.9899 10 11.8534
    endloop
  endfacet
  facet normal 0 0 -1
    outer loop
      vertex 10 0 0
      vertex 12 0 0
      vertex 11.7378 -2.49494 0
    endloop
  endfacet
  facet normal 0 0 -1
    outer loop
      vertex 12 6 0
      vertex 26.2 10 0
      vertex 26.2 6 0
    endloop
  endfacet
  facet normal 0 0 -1
    outer loop
      vertex 9.78148 -2.07912 0
      vertex 11.7378 -2.49494 0
      vertex 10.9625 -4.88084 0
    endloop
  endfacet
  facet normal 0 0 -1
    outer loop
      vertex 12 0 0
      vertex 10 0 0
      vertex 12 6 0
    endloop
  endfacet
  facet normal 0 0 -1
    outer loop
      vertex 12 6 0
      vertex 10 10 0
      vertex 26.2 10 0
    endloop
  endfacet
  facet normal 0 0 -1
    outer loop
      vertex 10 10 0
      vertex 12 6 0
      vertex 10 0 0
    endloop
  endfacet
  facet normal 0 0 -1
    outer loop
      vertex 11.7378 -2.49494 0
      vertex 9.78148 -2.07912 0
      vertex 10 0 0
    endloop
  endfacet
  facet normal 0 0 -1
    outer loop
      vertex 9.13545 -4.06737 0
      vertex 10.9625 -4.88084 0
      vertex 9.7082 -7.05342 0
    endloop
  endfacet
  facet normal 0 0 -1
    outer loop
      vertex 10.9625 -4.88084 0
      vertex 9.13545 -4.06737 0
      vertex 9.78148 -2.07912 0
    endloop
  endfacet
  facet normal 0 0 -1
    outer loop
      vertex 9.7082 -7.05342 0
      vertex 8.09017 -5.87785 0
      vertex 9.13545 -4.06737 0
    endloop
  endfacet
  facet normal 0 0 -1
    outer loop
      vertex 8.02957 -8.91774 0
      vertex 8.09017 -5.87785 0
      vertex 9.7082 -7.05342 0
    endloop
  endfacet
  facet normal 0 0 -1
    outer loop
      vertex 8.02957 -8.91774 0
      vertex 6.69131 -7.43145 0
      vertex 8.09017 -5.87785 0
    endloop
  endfacet
  facet normal 0 0 -1
    outer loop
      vertex 6 -10.3923 0
      vertex 6.69131 -7.43145 0
      vertex 8.02957 -8.91774 0
    endloop
  endfacet
  facet normal 0 0 -1
    outer loop
      vertex 6 -10.3923 0
      vertex 5 -8.66025 0
      vertex 6.69131 -7.43145 0
    endloop
  endfacet
  facet normal 0 0 -1
    outer loop
      vertex 3.7082 -11.4127 0
      vertex 5 -8.66025 0
      vertex 6 -10.3923 0
    endloop
  endfacet
  facet normal 0 0 -1
    outer loop
      vertex 3.7082 -11.4127 0
      vertex 3.09017 -9.51056 0
      vertex 5 -8.66025 0
    endloop
  endfacet
  facet normal 0 0 -1
    outer loop
      vertex 1.25434 -11.9343 0
      vertex 3.09017 -9.51056 0
      vertex 3.7082 -11.4127 0
    endloop
  endfacet
  facet normal 0 0 -1
    outer loop
      vertex 1.25434 -11.9343 0
      vertex 1.04528 -9.94522 0
      vertex 3.09017 -9.51056 0
    endloop
  endfacet
  facet normal 0 0 -1
    outer loop
      vertex 1.25434 -11.9343 0
      vertex -1.04528 -9.94522 0
      vertex 1.04528 -9.94522 0
    endloop
  endfacet
  facet normal 0 0 -1
    outer loop
      vertex -1.25434 -11.9343 0
      vertex -1.04528 -9.94522 0
      vertex 1.25434 -11.9343 0
    endloop
  endfacet
  facet normal 0 0 -1
    outer loop
      vertex -1.25434 -11.9343 0
      vertex -3.09017 -9.51056 0
      vertex -1.04528 -9.94522 0
    endloop
  endfacet
  facet normal 0 0 -1
    outer loop
      vertex -3.7082 -11.4127 0
      vertex -3.09017 -9.51056 0
      vertex -1.25434 -11.9343 0
    endloop
  endfacet
  facet normal 0 0 -1
    outer loop
      vertex -3.7082 -11.4127 0
      vertex -5 -8.66025 0
      vertex -3.09017 -9.51056 0
    endloop
  endfacet
  facet normal 0 0 -1
    outer loop
      vertex -6 -10.3923 0
      vertex -5 -8.66025 0
      vertex -3.7082 -11.4127 0
    endloop
  endfacet
  facet normal 0 0 -1
    outer loop
      vertex -6 -10.3923 0
      vertex -6.69131 -7.43145 0
      vertex -5 -8.66025 0
    endloop
  endfacet
  facet normal 0 0 -1
    outer loop
      vertex -8.02957 -8.91774 0
      vertex -6.69131 -7.43145 0
      vertex -6 -10.3923 0
    endloop
  endfacet
  facet normal 0 0 -1
    outer loop
      vertex -8.02957 -8.91774 0
      vertex -8.09017 -5.87785 0
      vertex -6.69131 -7.43145 0
    endloop
  endfacet
  facet normal 0 0 -1
    outer loop
      vertex -9.7082 -7.05342 0
      vertex -8.09017 -5.87785 0
      vertex -8.02957 -8.91774 0
    endloop
  endfacet
  facet normal -0 0 -1
    outer loop
      vertex -8.09017 -5.87785 0
      vertex -9.7082 -7.05342 0
      vertex -9.13545 -4.06737 0
    endloop
  endfacet
  facet normal 0 0 -1
    outer loop
      vertex -10.9625 -4.88084 0
      vertex -9.13545 -4.06737 0
      vertex -9.7082 -7.05342 0
    endloop
  endfacet
  facet normal -0 0 -1
    outer loop
      vertex -9.13545 -4.06737 0
      vertex -10.9625 -4.88084 0
      vertex -9.78148 -2.07912 0
    endloop
  endfacet
  facet normal 0 0 -1
    outer loop
      vertex -11.7378 -2.49494 0
      vertex -9.78148 -2.07912 0
      vertex -10.9625 -4.88084 0
    endloop
  endfacet
  facet normal -0 0 -1
    outer loop
      vertex -9.78148 -2.07912 0
      vertex -11.7378 -2.49494 0
      vertex -10 0 0
    endloop
  endfacet
  facet normal -0 0 -1
    outer loop
      vertex -10 0 0
      vertex -11.7378 -2.49494 0
      vertex -12 0 0
    endloop
  endfacet
  facet normal 0 0 -1
    outer loop
      vertex -12 6 0
      vertex -10 0 0
      vertex -12 0 0
    endloop
  endfacet
  facet normal 0 0 -1
    outer loop
      vertex -10 0 0
      vertex -12 6 0
      vertex -10 10 0
    endloop
  endfacet
  facet normal 0 0 -1
    outer loop
      vertex -26.2 10 0
      vertex -12 6 0
      vertex -26.2 6 0
    endloop
  endfacet
  facet normal 0 0 -1
    outer loop
      vertex -12 6 0
      vertex -26.2 10 0
      vertex -10 10 0
    endloop
  endfacet
  facet normal 0 -1 0
    outer loop
      vertex -26.2 6 25
      vertex -18.1 6 15.55
      vertex -12 6 25
    endloop
  endfacet
  facet normal 0 -1 0
    outer loop
      vertex -26.2 6 25
      vertex -20.7414 6 14.025
      vertex -18.1 6 15.55
    endloop
  endfacet
  facet normal 0 -1 0
    outer loop
      vertex -26.2 6 25
      vertex -20.7414 6 10.975
      vertex -20.7414 6 14.025
    endloop
  endfacet
  facet normal 0 -1 -0
    outer loop
      vertex -20.7414 6 10.975
      vertex -26.2 6 0
      vertex -18.1 6 9.45
    endloop
  endfacet
  facet normal 0 -1 0
    outer loop
      vertex -26.2 6 0
      vertex -20.7414 6 10.975
      vertex -26.2 6 25
    endloop
  endfacet
  facet normal 0 -1 0
    outer loop
      vertex -15.4586 6 14.025
      vertex -12 6 25
      vertex -18.1 6 15.55
    endloop
  endfacet
  facet normal 0 -1 0
    outer loop
      vertex -15.4586 6 10.975
      vertex -12 6 25
      vertex -15.4586 6 14.025
    endloop
  endfacet
  facet normal 0 -1 0
    outer loop
      vertex -12 6 0
      vertex -18.1 6 9.45
      vertex -26.2 6 0
    endloop
  endfacet
  facet normal 0 -1 0
    outer loop
      vertex -15.4586 6 10.975
      vertex -12 6 0
      vertex -12 6 25
    endloop
  endfacet
  facet normal 0 -1 0
    outer loop
      vertex -18.1 6 9.45
      vertex -12 6 0
      vertex -15.4586 6 10.975
    endloop
  endfacet
  facet normal -0.994522 0 0.104531
    outer loop
      vertex -17.024 8 12.2713
      vertex -17 10 12.5
      vertex -17.024 10 12.2713
    endloop
  endfacet
  facet normal -0.994522 0 0.104531
    outer loop
      vertex -17 10 12.5
      vertex -17.024 8 12.2713
      vertex -17 8 12.5
    endloop
  endfacet
  facet normal 0.994522 0 -0.104523
    outer loop
      vertex -19.176 10 12.7287
      vertex -19.176 8 12.7287
      vertex -19.188 8 12.6144
    endloop
  endfacet
  facet normal 0.207912 0 0.978148
    outer loop
      vertex -18.4399 10 11.4538
      vertex -18.215 8 11.406
      vertex -18.215 10 11.406
    endloop
  endfacet
  facet normal 0.207912 0 0.978148
    outer loop
      vertex -18.215 8 11.406
      vertex -18.4399 10 11.4538
      vertex -18.4399 8 11.4538
    endloop
  endfacet
  facet normal -0.587782 0 0.80902
    outer loop
      vertex -17.55 10 11.5474
      vertex -17.364 8 11.6825
      vertex -17.364 10 11.6825
    endloop
  endfacet
  facet normal -0.587782 0 0.80902
    outer loop
      vertex -17.364 8 11.6825
      vertex -17.55 10 11.5474
      vertex -17.55 8 11.5474
    endloop
  endfacet
  facet normal -0.20791 0 -0.978148
    outer loop
      vertex -17.985 8 13.594
      vertex -17.7601 10 13.5462
      vertex -17.7601 8 13.5462
    endloop
  endfacet
  facet normal -0.20791 0 -0.978148
    outer loop
      vertex -17.7601 10 13.5462
      vertex -17.985 8 13.594
      vertex -17.985 10 13.594
    endloop
  endfacet
  facet normal 0.866027 -0 0.499997
    outer loop
      vertex -19.1049 8 12.0526
      vertex -18.9899 10 11.8534
      vertex -19.1049 10 12.0526
    endloop
  endfacet
  facet normal 0.866027 0 0.499997
    outer loop
      vertex -18.9899 10 11.8534
      vertex -19.1049 8 12.0526
      vertex -18.9899 8 11.8534
    endloop
  endfacet
  facet normal 0.951057 -0 0.309016
    outer loop
      vertex -19.176 8 12.2713
      vertex -19.1049 10 12.0526
      vertex -19.176 10 12.2713
    endloop
  endfacet
  facet normal 0.951057 0 0.309016
    outer loop
      vertex -19.1049 10 12.0526
      vertex -19.176 8 12.2713
      vertex -19.1049 8 12.0526
    endloop
  endfacet
  facet normal -0.866023 0 0.500003
    outer loop
      vertex -17.2101 8 11.8534
      vertex -17.0951 10 12.0526
      vertex -17.2101 10 11.8534
    endloop
  endfacet
  facet normal -0.866023 0 0.500003
    outer loop
      vertex -17.0951 10 12.0526
      vertex -17.2101 8 11.8534
      vertex -17.0951 8 12.0526
    endloop
  endfacet
  facet normal -0.951057 0 0.309016
    outer loop
      vertex -17.0951 8 12.0526
      vertex -17.024 10 12.2713
      vertex -17.0951 10 12.0526
    endloop
  endfacet
  facet normal -0.951057 0 0.309016
    outer loop
      vertex -17.024 10 12.2713
      vertex -17.0951 8 12.0526
      vertex -17.024 8 12.2713
    endloop
  endfacet
  facet normal -0.743148 0 0.669127
    outer loop
      vertex -17.364 8 11.6825
      vertex -17.2101 10 11.8534
      vertex -17.364 10 11.6825
    endloop
  endfacet
  facet normal -0.743148 0 0.669127
    outer loop
      vertex -17.2101 10 11.8534
      vertex -17.364 8 11.6825
      vertex -17.2101 8 11.8534
    endloop
  endfacet
  facet normal -0.20791 0 0.978148
    outer loop
      vertex -17.985 10 11.406
      vertex -17.7601 8 11.4538
      vertex -17.7601 10 11.4538
    endloop
  endfacet
  facet normal -0.20791 0 0.978148
    outer loop
      vertex -17.7601 8 11.4538
      vertex -17.985 10 11.406
      vertex -17.985 8 11.406
    endloop
  endfacet
  facet normal 0 0 1
    outer loop
      vertex -17.985 10 11.406
      vertex -18.1 8 11.406
      vertex -17.985 8 11.406
    endloop
  endfacet
  facet normal -0 0 1
    outer loop
      vertex -18.215 10 11.406
      vertex -18.1 8 11.406
      vertex -17.985 10 11.406
    endloop
  endfacet
  facet normal 0 0 1
    outer loop
      vertex -18.1 8 11.406
      vertex -18.215 10 11.406
      vertex -18.215 8 11.406
    endloop
  endfacet
  facet normal 0 -1 6.74709e-006
    outer loop
      vertex -18.215 10 11.406
      vertex -17.55 10 11.5474
      vertex -18.65 10 11.5474
    endloop
  endfacet
  facet normal 0 -1 6.74709e-006
    outer loop
      vertex -17.55 10 11.5474
      vertex -18.215 10 11.406
      vertex -17.985 10 11.406
    endloop
  endfacet
  facet normal -0.406738 0 0.913545
    outer loop
      vertex -17.7601 10 11.4538
      vertex -17.55 8 11.5474
      vertex -17.55 10 11.5474
    endloop
  endfacet
  facet normal -0.406738 0 0.913545
    outer loop
      vertex -17.55 8 11.5474
      vertex -17.7601 10 11.4538
      vertex -17.7601 8 11.4538
    endloop
  endfacet
  facet normal 4.14709e-006 -1 1.95105e-005
    outer loop
      vertex -18.4399 10 11.4538
      vertex -18.215 10 11.406
      vertex -18.65 10 11.5474
    endloop
  endfacet
  facet normal 0.994522 4.74225e-007 0.104532
    outer loop
      vertex -19.188 8 12.3856
      vertex -19.176 10 12.2713
      vertex -19.2 10 12.5
    endloop
  endfacet
  facet normal 0.994522 0 0.104523
    outer loop
      vertex -19.176 10 12.2713
      vertex -19.188 8 12.3856
      vertex -19.176 8 12.2713
    endloop
  endfacet
  facet normal -0.994522 0 -0.104532
    outer loop
      vertex -17 8 12.5
      vertex -17.024 10 12.7287
      vertex -17 10 12.5
    endloop
  endfacet
  facet normal -0.994522 -0 -0.104532
    outer loop
      vertex -17.024 10 12.7287
      vertex -17 8 12.5
      vertex -17.024 8 12.7287
    endloop
  endfacet
  facet normal -0.951057 0 -0.309016
    outer loop
      vertex -17.024 8 12.7287
      vertex -17.0951 10 12.9474
      vertex -17.024 10 12.7287
    endloop
  endfacet
  facet normal -0.951057 -0 -0.309016
    outer loop
      vertex -17.0951 10 12.9474
      vertex -17.024 8 12.7287
      vertex -17.0951 8 12.9474
    endloop
  endfacet
  facet normal -4.14699e-006 -1 1.95102e-005
    outer loop
      vertex -17.7601 10 11.4538
      vertex -17.55 10 11.5474
      vertex -17.985 10 11.406
    endloop
  endfacet
  facet normal 0.587785 0 0.809017
    outer loop
      vertex -18.836 10 11.6825
      vertex -18.65 8 11.5474
      vertex -18.65 10 11.5474
    endloop
  endfacet
  facet normal 0.587785 0 0.809017
    outer loop
      vertex -18.65 8 11.5474
      vertex -18.836 10 11.6825
      vertex -18.836 8 11.6825
    endloop
  endfacet
  facet normal 0.406735 0 0.913546
    outer loop
      vertex -18.65 10 11.5474
      vertex -18.4399 8 11.4538
      vertex -18.4399 10 11.4538
    endloop
  endfacet
  facet normal 0.406735 0 0.913546
    outer loop
      vertex -18.4399 8 11.4538
      vertex -18.65 10 11.5474
      vertex -18.65 8 11.5474
    endloop
  endfacet
  facet normal 0.743144 -0 0.669131
    outer loop
      vertex -18.9899 8 11.8534
      vertex -18.836 10 11.6825
      vertex -18.9899 10 11.8534
    endloop
  endfacet
  facet normal 0.743144 0 0.669131
    outer loop
      vertex -18.836 10 11.6825
      vertex -18.9899 8 11.8534
      vertex -18.836 8 11.6825
    endloop
  endfacet
  facet normal 0.994521 4.9848e-008 0.104539
    outer loop
      vertex -19.188 8 12.3856
      vertex -19.2 10 12.5
      vertex -19.2 8 12.5
    endloop
  endfacet
  facet normal 0.994522 4.49303e-007 -0.104531
    outer loop
      vertex -19.188 8 12.6144
      vertex -19.2 10 12.5
      vertex -19.176 10 12.7287
    endloop
  endfacet
  facet normal 0.994521 -4.98484e-008 -0.10454
    outer loop
      vertex -19.2 10 12.5
      vertex -19.188 8 12.6144
      vertex -19.2 8 12.5
    endloop
  endfacet
  facet normal -0.743148 0 -0.669127
    outer loop
      vertex -17.2101 8 13.1466
      vertex -17.364 10 13.3175
      vertex -17.2101 10 13.1466
    endloop
  endfacet
  facet normal -0.743148 -0 -0.669127
    outer loop
      vertex -17.364 10 13.3175
      vertex -17.2101 8 13.1466
      vertex -17.364 8 13.3175
    endloop
  endfacet
  facet normal 0 0 -1
    outer loop
      vertex -18.1 8 13.594
      vertex -17.985 10 13.594
      vertex -17.985 8 13.594
    endloop
  endfacet
  facet normal 0 0 -1
    outer loop
      vertex -18.215 10 13.594
      vertex -18.1 8 13.594
      vertex -18.215 8 13.594
    endloop
  endfacet
  facet normal 0 0 -1
    outer loop
      vertex -18.1 8 13.594
      vertex -18.215 10 13.594
      vertex -17.985 10 13.594
    endloop
  endfacet
  facet normal 0.587785 0 -0.809017
    outer loop
      vertex -18.836 8 13.3175
      vertex -18.65 10 13.4526
      vertex -18.65 8 13.4526
    endloop
  endfacet
  facet normal 0.587785 0 -0.809017
    outer loop
      vertex -18.65 10 13.4526
      vertex -18.836 8 13.3175
      vertex -18.836 10 13.3175
    endloop
  endfacet
  facet normal 0.743144 0 -0.669131
    outer loop
      vertex -18.836 8 13.3175
      vertex -18.9899 10 13.1466
      vertex -18.836 10 13.3175
    endloop
  endfacet
  facet normal 0.743144 0 -0.669131
    outer loop
      vertex -18.9899 10 13.1466
      vertex -18.836 8 13.3175
      vertex -18.9899 8 13.1466
    endloop
  endfacet
  facet normal 0.866027 0 -0.499997
    outer loop
      vertex -18.9899 8 13.1466
      vertex -19.1049 10 12.9474
      vertex -18.9899 10 13.1466
    endloop
  endfacet
  facet normal 0.866027 0 -0.499997
    outer loop
      vertex -19.1049 10 12.9474
      vertex -18.9899 8 13.1466
      vertex -19.1049 8 12.9474
    endloop
  endfacet
  facet normal 0.951057 0 -0.309016
    outer loop
      vertex -19.1049 8 12.9474
      vertex -19.176 10 12.7287
      vertex -19.1049 10 12.9474
    endloop
  endfacet
  facet normal 0.951057 0 -0.309016
    outer loop
      vertex -19.176 10 12.7287
      vertex -19.1049 8 12.9474
      vertex -19.176 8 12.7287
    endloop
  endfacet
  facet normal -0.587782 0 -0.80902
    outer loop
      vertex -17.55 8 13.4526
      vertex -17.364 10 13.3175
      vertex -17.364 8 13.3175
    endloop
  endfacet
  facet normal -0.587782 0 -0.80902
    outer loop
      vertex -17.364 10 13.3175
      vertex -17.55 8 13.4526
      vertex -17.55 10 13.4526
    endloop
  endfacet
  facet normal -0.406738 0 -0.913545
    outer loop
      vertex -17.7601 8 13.5462
      vertex -17.55 10 13.4526
      vertex -17.55 8 13.4526
    endloop
  endfacet
  facet normal -0.406738 0 -0.913545
    outer loop
      vertex -17.55 10 13.4526
      vertex -17.7601 8 13.5462
      vertex -17.7601 10 13.5462
    endloop
  endfacet
  facet normal -0.866023 0 -0.500003
    outer loop
      vertex -17.0951 8 12.9474
      vertex -17.2101 10 13.1466
      vertex -17.0951 10 12.9474
    endloop
  endfacet
  facet normal -0.866023 -0 -0.500003
    outer loop
      vertex -17.2101 10 13.1466
      vertex -17.0951 8 12.9474
      vertex -17.2101 8 13.1466
    endloop
  endfacet
  facet normal 0.207912 0 -0.978148
    outer loop
      vertex -18.4399 8 13.5462
      vertex -18.215 10 13.594
      vertex -18.215 8 13.594
    endloop
  endfacet
  facet normal 0.207912 0 -0.978148
    outer loop
      vertex -18.215 10 13.594
      vertex -18.4399 8 13.5462
      vertex -18.4399 10 13.5462
    endloop
  endfacet
  facet normal 0.406735 0 -0.913546
    outer loop
      vertex -18.65 8 13.4526
      vertex -18.4399 10 13.5462
      vertex -18.4399 8 13.5462
    endloop
  endfacet
  facet normal 0.406735 0 -0.913546
    outer loop
      vertex -18.4399 10 13.5462
      vertex -18.65 8 13.4526
      vertex -18.65 10 13.4526
    endloop
  endfacet
  facet normal 0.5 0 0.866026
    outer loop
      vertex -20.7414 8 10.975
      vertex -18.1 6 9.45
      vertex -18.1 8 9.45
    endloop
  endfacet
  facet normal 0.5 0 0.866026
    outer loop
      vertex -18.1 6 9.45
      vertex -20.7414 8 10.975
      vertex -20.7414 6 10.975
    endloop
  endfacet
  facet normal 1 -0 0
    outer loop
      vertex -20.7414 6 14.025
      vertex -20.7414 8 10.975
      vertex -20.7414 8 14.025
    endloop
  endfacet
  facet normal 1 0 0
    outer loop
      vertex -20.7414 8 10.975
      vertex -20.7414 6 14.025
      vertex -20.7414 6 10.975
    endloop
  endfacet
  facet normal 0 -1 0
    outer loop
      vertex -18.1 8 15.55
      vertex -18.4399 8 13.5462
      vertex -18.215 8 13.594
    endloop
  endfacet
  facet normal 0 -1 0
    outer loop
      vertex -18.1 8 15.55
      vertex -18.65 8 13.4526
      vertex -18.4399 8 13.5462
    endloop
  endfacet
  facet normal 1.03253e-006 -1 2.10657e-006
    outer loop
      vertex -20.7414 8 14.025
      vertex -18.836 8 13.3175
      vertex -18.65 8 13.4526
    endloop
  endfacet
  facet normal 1.87553e-007 -1 -1.68874e-007
    outer loop
      vertex -20.7414 8 14.025
      vertex -18.9899 8 13.1466
      vertex -18.836 8 13.3175
    endloop
  endfacet
  facet normal 2.11119e-007 -1 -1.21889e-007
    outer loop
      vertex -20.7414 8 14.025
      vertex -19.1049 8 12.9474
      vertex -18.9899 8 13.1466
    endloop
  endfacet
  facet normal 2.40026e-007 -1 -7.79889e-008
    outer loop
      vertex -20.7414 8 14.025
      vertex -19.176 8 12.7287
      vertex -19.1049 8 12.9474
    endloop
  endfacet
  facet normal 2.8022e-007 -1 -2.94508e-008
    outer loop
      vertex -20.7414 8 14.025
      vertex -19.188 8 12.6144
      vertex -19.176 8 12.7287
    endloop
  endfacet
  facet normal 2.80216e-007 -1 -2.94551e-008
    outer loop
      vertex -20.7414 8 14.025
      vertex -19.2 8 12.5
      vertex -19.188 8 12.6144
    endloop
  endfacet
  facet normal 3.09358e-007 -1 0
    outer loop
      vertex -20.7414 8 10.975
      vertex -19.2 8 12.5
      vertex -20.7414 8 14.025
    endloop
  endfacet
  facet normal 2.80216e-007 -1 2.94548e-008
    outer loop
      vertex -19.2 8 12.5
      vertex -20.7414 8 10.975
      vertex -19.188 8 12.3856
    endloop
  endfacet
  facet normal 2.8022e-007 -1 2.94508e-008
    outer loop
      vertex -19.188 8 12.3856
      vertex -20.7414 8 10.975
      vertex -19.176 8 12.2713
    endloop
  endfacet
  facet normal 2.40026e-007 -1 7.79889e-008
    outer loop
      vertex -19.176 8 12.2713
      vertex -20.7414 8 10.975
      vertex -19.1049 8 12.0526
    endloop
  endfacet
  facet normal 2.11119e-007 -1 1.21889e-007
    outer loop
      vertex -19.1049 8 12.0526
      vertex -20.7414 8 10.975
      vertex -18.9899 8 11.8534
    endloop
  endfacet
  facet normal 1.87553e-007 -1 1.68874e-007
    outer loop
      vertex -20.7414 8 10.975
      vertex -18.836 8 11.6825
      vertex -18.9899 8 11.8534
    endloop
  endfacet
  facet normal 1.03253e-006 -1 -2.10657e-006
    outer loop
      vertex -20.7414 8 10.975
      vertex -18.65 8 11.5474
      vertex -18.836 8 11.6825
    endloop
  endfacet
  facet normal 4.25468e-007 -1 1.11572e-007
    outer loop
      vertex -18.1 8 9.45
      vertex -18.65 8 11.5474
      vertex -20.7414 8 10.975
    endloop
  endfacet
  facet normal 0 -1 0
    outer loop
      vertex -18.65 8 11.5474
      vertex -18.1 8 9.45
      vertex -18.4399 8 11.4538
    endloop
  endfacet
  facet normal 0 -1 0
    outer loop
      vertex -18.4399 8 11.4538
      vertex -18.1 8 9.45
      vertex -18.215 8 11.406
    endloop
  endfacet
  facet normal 0 -1 0
    outer loop
      vertex -18.215 8 11.406
      vertex -18.1 8 9.45
      vertex -18.1 8 11.406
    endloop
  endfacet
  facet normal 4.25468e-007 -1 -1.11572e-007
    outer loop
      vertex -18.65 8 13.4526
      vertex -18.1 8 15.55
      vertex -20.7414 8 14.025
    endloop
  endfacet
  facet normal 0 -1 -0
    outer loop
      vertex -18.1 8 15.55
      vertex -18.215 8 13.594
      vertex -18.1 8 13.594
    endloop
  endfacet
  facet normal 0.5 0 -0.866026
    outer loop
      vertex -20.7414 6 14.025
      vertex -18.1 8 15.55
      vertex -18.1 6 15.55
    endloop
  endfacet
  facet normal 0.5 0 -0.866026
    outer loop
      vertex -18.1 8 15.55
      vertex -20.7414 6 14.025
      vertex -20.7414 8 14.025
    endloop
  endfacet
  facet normal -0.5 0 0.866025
    outer loop
      vertex -18.1 8 9.45
      vertex -15.4586 6 10.975
      vertex -15.4586 8 10.975
    endloop
  endfacet
  facet normal -0.5 0 0.866025
    outer loop
      vertex -15.4586 6 10.975
      vertex -18.1 8 9.45
      vertex -18.1 6 9.45
    endloop
  endfacet
  facet normal 0 -1 0
    outer loop
      vertex -18.1 8 9.45
      vertex -17.985 8 11.406
      vertex -18.1 8 11.406
    endloop
  endfacet
  facet normal 0 -1 -0
    outer loop
      vertex -17.985 8 11.406
      vertex -18.1 8 9.45
      vertex -15.4586 8 10.975
    endloop
  endfacet
  facet normal 0 -1 0
    outer loop
      vertex -17.985 8 13.594
      vertex -18.1 8 15.55
      vertex -18.1 8 13.594
    endloop
  endfacet
  facet normal 0 -1 0
    outer loop
      vertex -17.7601 8 13.5462
      vertex -18.1 8 15.55
      vertex -17.985 8 13.594
    endloop
  endfacet
  facet normal 0 -1 0
    outer loop
      vertex -17.55 8 13.4526
      vertex -18.1 8 15.55
      vertex -17.7601 8 13.5462
    endloop
  endfacet
  facet normal 0 -1 0
    outer loop
      vertex -18.1 8 15.55
      vertex -17.55 8 13.4526
      vertex -15.4586 8 14.025
    endloop
  endfacet
  facet normal 0 -1 0
    outer loop
      vertex -17.364 8 13.3175
      vertex -15.4586 8 14.025
      vertex -17.55 8 13.4526
    endloop
  endfacet
  facet normal 0 -1 0
    outer loop
      vertex -17.2101 8 13.1466
      vertex -15.4586 8 14.025
      vertex -17.364 8 13.3175
    endloop
  endfacet
  facet normal 0 -1 0
    outer loop
      vertex -17.0951 8 12.9474
      vertex -15.4586 8 14.025
      vertex -17.2101 8 13.1466
    endloop
  endfacet
  facet normal 0 -1 0
    outer loop
      vertex -17.024 8 12.7287
      vertex -15.4586 8 14.025
      vertex -17.0951 8 12.9474
    endloop
  endfacet
  facet normal 0 -1 0
    outer loop
      vertex -17 8 12.5
      vertex -15.4586 8 14.025
      vertex -17.024 8 12.7287
    endloop
  endfacet
  facet normal 0 -1 0
    outer loop
      vertex -15.4586 8 10.975
      vertex -17 8 12.5
      vertex -17.024 8 12.2713
    endloop
  endfacet
  facet normal 0 -1 0
    outer loop
      vertex -15.4586 8 10.975
      vertex -17.024 8 12.2713
      vertex -17.0951 8 12.0526
    endloop
  endfacet
  facet normal 0 -1 0
    outer loop
      vertex -15.4586 8 10.975
      vertex -17.0951 8 12.0526
      vertex -17.2101 8 11.8534
    endloop
  endfacet
  facet normal 0 -1 0
    outer loop
      vertex -17 8 12.5
      vertex -15.4586 8 10.975
      vertex -15.4586 8 14.025
    endloop
  endfacet
  facet normal 0 -1 0
    outer loop
      vertex -17.364 8 11.6825
      vertex -15.4586 8 10.975
      vertex -17.2101 8 11.8534
    endloop
  endfacet
  facet normal 0 -1 0
    outer loop
      vertex -17.55 8 11.5474
      vertex -15.4586 8 10.975
      vertex -17.364 8 11.6825
    endloop
  endfacet
  facet normal 0 -1 0
    outer loop
      vertex -17.7601 8 11.4538
      vertex -15.4586 8 10.975
      vertex -17.55 8 11.5474
    endloop
  endfacet
  facet normal 0 -1 0
    outer loop
      vertex -15.4586 8 10.975
      vertex -17.7601 8 11.4538
      vertex -17.985 8 11.406
    endloop
  endfacet
  facet normal -1 0 0
    outer loop
      vertex -15.4586 6 10.975
      vertex -15.4586 8 14.025
      vertex -15.4586 8 10.975
    endloop
  endfacet
  facet normal -1 -0 0
    outer loop
      vertex -15.4586 8 14.025
      vertex -15.4586 6 10.975
      vertex -15.4586 6 14.025
    endloop
  endfacet
  facet normal -0.5 0 -0.866025
    outer loop
      vertex -18.1 6 15.55
      vertex -15.4586 8 14.025
      vertex -15.4586 6 14.025
    endloop
  endfacet
  facet normal -0.5 0 -0.866025
    outer loop
      vertex -15.4586 8 14.025
      vertex -18.1 6 15.55
      vertex -18.1 8 15.55
    endloop
  endfacet
  facet normal 1 -0 0
    outer loop
      vertex 26.2 6 25
      vertex 26.2 10 0
      vertex 26.2 10 25
    endloop
  endfacet
  facet normal 1 0 0
    outer loop
      vertex 26.2 10 0
      vertex 26.2 6 25
      vertex 26.2 6 0
    endloop
  endfacet
  facet normal 0 -1 0
    outer loop
      vertex 12 6 25
      vertex 18.1 6 15.55
      vertex 26.2 6 25
    endloop
  endfacet
  facet normal 0 -1 0
    outer loop
      vertex 12 6 25
      vertex 15.4586 6 14.025
      vertex 18.1 6 15.55
    endloop
  endfacet
  facet normal 0 -1 0
    outer loop
      vertex 12 6 25
      vertex 15.4586 6 10.975
      vertex 15.4586 6 14.025
    endloop
  endfacet
  facet normal 0 -1 -0
    outer loop
      vertex 15.4586 6 10.975
      vertex 12 6 0
      vertex 18.1 6 9.45
    endloop
  endfacet
  facet normal 0 -1 0
    outer loop
      vertex 12 6 0
      vertex 15.4586 6 10.975
      vertex 12 6 25
    endloop
  endfacet
  facet normal 0 -1 0
    outer loop
      vertex 20.7414 6 14.025
      vertex 26.2 6 25
      vertex 18.1 6 15.55
    endloop
  endfacet
  facet normal 0 -1 0
    outer loop
      vertex 20.7414 6 10.975
      vertex 26.2 6 25
      vertex 20.7414 6 14.025
    endloop
  endfacet
  facet normal 0 -1 0
    outer loop
      vertex 26.2 6 0
      vertex 18.1 6 9.45
      vertex 12 6 0
    endloop
  endfacet
  facet normal 0 -1 0
    outer loop
      vertex 20.7414 6 10.975
      vertex 26.2 6 0
      vertex 26.2 6 25
    endloop
  endfacet
  facet normal 0 -1 0
    outer loop
      vertex 18.1 6 9.45
      vertex 26.2 6 0
      vertex 20.7414 6 10.975
    endloop
  endfacet
  facet normal -0.994521 0 0.104539
    outer loop
      vertex 19.176 8 12.2713
      vertex 19.2 10 12.5
      vertex 19.176 10 12.2713
    endloop
  endfacet
  facet normal -0.994521 0 0.104539
    outer loop
      vertex 19.2 10 12.5
      vertex 19.176 8 12.2713
      vertex 19.2 8 12.5
    endloop
  endfacet
  facet normal 0.994522 0 -0.104523
    outer loop
      vertex 17.024 10 12.7287
      vertex 17.024 8 12.7287
      vertex 17.012 8 12.6144
    endloop
  endfacet
  facet normal 0.207912 0 0.978148
    outer loop
      vertex 17.7601 10 11.4538
      vertex 17.985 8 11.406
      vertex 17.985 10 11.406
    endloop
  endfacet
  facet normal 0.207912 0 0.978148
    outer loop
      vertex 17.985 8 11.406
      vertex 17.7601 10 11.4538
      vertex 17.7601 8 11.4538
    endloop
  endfacet
  facet normal -0.587782 0 0.80902
    outer loop
      vertex 18.65 10 11.5474
      vertex 18.836 8 11.6825
      vertex 18.836 10 11.6825
    endloop
  endfacet
  facet normal -0.587782 0 0.80902
    outer loop
      vertex 18.836 8 11.6825
      vertex 18.65 10 11.5474
      vertex 18.65 8 11.5474
    endloop
  endfacet
  facet normal -0.20791 0 -0.978148
    outer loop
      vertex 18.215 8 13.594
      vertex 18.4399 10 13.5462
      vertex 18.4399 8 13.5462
    endloop
  endfacet
  facet normal -0.20791 0 -0.978148
    outer loop
      vertex 18.4399 10 13.5462
      vertex 18.215 8 13.594
      vertex 18.215 10 13.594
    endloop
  endfacet
  facet normal 0.866027 -0 0.499997
    outer loop
      vertex 17.0951 8 12.0526
      vertex 17.2101 10 11.8534
      vertex 17.0951 10 12.0526
    endloop
  endfacet
  facet normal 0.866027 0 0.499997
    outer loop
      vertex 17.2101 10 11.8534
      vertex 17.0951 8 12.0526
      vertex 17.2101 8 11.8534
    endloop
  endfacet
  facet normal 0.951054 -0 0.309024
    outer loop
      vertex 17.024 8 12.2713
      vertex 17.0951 10 12.0526
      vertex 17.024 10 12.2713
    endloop
  endfacet
  facet normal 0.951054 0 0.309024
    outer loop
      vertex 17.0951 10 12.0526
      vertex 17.024 8 12.2713
      vertex 17.0951 8 12.0526
    endloop
  endfacet
  facet normal -0.866023 0 0.500003
    outer loop
      vertex 18.9899 8 11.8534
      vertex 19.1049 10 12.0526
      vertex 18.9899 10 11.8534
    endloop
  endfacet
  facet normal -0.866023 0 0.500003
    outer loop
      vertex 19.1049 10 12.0526
      vertex 18.9899 8 11.8534
      vertex 19.1049 8 12.0526
    endloop
  endfacet
  facet normal -0.951059 0 0.309009
    outer loop
      vertex 19.1049 8 12.0526
      vertex 19.176 10 12.2713
      vertex 19.1049 10 12.0526
    endloop
  endfacet
  facet normal -0.951059 0 0.309009
    outer loop
      vertex 19.176 10 12.2713
      vertex 19.1049 8 12.0526
      vertex 19.176 8 12.2713
    endloop
  endfacet
  facet normal -0.743148 0 0.669127
    outer loop
      vertex 18.836 8 11.6825
      vertex 18.9899 10 11.8534
      vertex 18.836 10 11.6825
    endloop
  endfacet
  facet normal -0.743148 0 0.669127
    outer loop
      vertex 18.9899 10 11.8534
      vertex 18.836 8 11.6825
      vertex 18.9899 8 11.8534
    endloop
  endfacet
  facet normal -0.20791 0 0.978148
    outer loop
      vertex 18.215 10 11.406
      vertex 18.4399 8 11.4538
      vertex 18.4399 10 11.4538
    endloop
  endfacet
  facet normal -0.20791 0 0.978148
    outer loop
      vertex 18.4399 8 11.4538
      vertex 18.215 10 11.406
      vertex 18.215 8 11.406
    endloop
  endfacet
  facet normal 0 0 1
    outer loop
      vertex 18.215 10 11.406
      vertex 18.1 8 11.406
      vertex 18.215 8 11.406
    endloop
  endfacet
  facet normal -0 0 1
    outer loop
      vertex 17.985 10 11.406
      vertex 18.1 8 11.406
      vertex 18.215 10 11.406
    endloop
  endfacet
  facet normal 0 0 1
    outer loop
      vertex 18.1 8 11.406
      vertex 17.985 10 11.406
      vertex 17.985 8 11.406
    endloop
  endfacet
  facet normal 0 -1 6.74709e-006
    outer loop
      vertex 17.985 10 11.406
      vertex 18.65 10 11.5474
      vertex 17.55 10 11.5474
    endloop
  endfacet
  facet normal 0 -1 6.74709e-006
    outer loop
      vertex 18.65 10 11.5474
      vertex 17.985 10 11.406
      vertex 18.215 10 11.406
    endloop
  endfacet
  facet normal -0.406738 0 0.913545
    outer loop
      vertex 18.4399 10 11.4538
      vertex 18.65 8 11.5474
      vertex 18.65 10 11.5474
    endloop
  endfacet
  facet normal -0.406738 0 0.913545
    outer loop
      vertex 18.65 8 11.5474
      vertex 18.4399 10 11.4538
      vertex 18.4399 8 11.4538
    endloop
  endfacet
  facet normal 4.14709e-006 -1 1.95105e-005
    outer loop
      vertex 17.7601 10 11.4538
      vertex 17.985 10 11.406
      vertex 17.55 10 11.5474
    endloop
  endfacet
  facet normal 0.994522 0 0.104523
    outer loop
      vertex 17.012 8 12.3856
      vertex 17.024 10 12.2713
      vertex 17 10 12.5
    endloop
  endfacet
  facet normal 0.994522 0 0.104523
    outer loop
      vertex 17.024 10 12.2713
      vertex 17.012 8 12.3856
      vertex 17.024 8 12.2713
    endloop
  endfacet
  facet normal -0.994521 0 -0.10454
    outer loop
      vertex 19.2 8 12.5
      vertex 19.176 10 12.7287
      vertex 19.2 10 12.5
    endloop
  endfacet
  facet normal -0.994521 -0 -0.10454
    outer loop
      vertex 19.176 10 12.7287
      vertex 19.2 8 12.5
      vertex 19.176 8 12.7287
    endloop
  endfacet
  facet normal -0.951059 0 -0.309009
    outer loop
      vertex 19.176 8 12.7287
      vertex 19.1049 10 12.9474
      vertex 19.176 10 12.7287
    endloop
  endfacet
  facet normal -0.951059 -0 -0.309009
    outer loop
      vertex 19.1049 10 12.9474
      vertex 19.176 8 12.7287
      vertex 19.1049 8 12.9474
    endloop
  endfacet
  facet normal -4.14699e-006 -1 1.95102e-005
    outer loop
      vertex 18.4399 10 11.4538
      vertex 18.65 10 11.5474
      vertex 18.215 10 11.406
    endloop
  endfacet
  facet normal 0.587785 0 0.809017
    outer loop
      vertex 17.364 10 11.6825
      vertex 17.55 8 11.5474
      vertex 17.55 10 11.5474
    endloop
  endfacet
  facet normal 0.587785 0 0.809017
    outer loop
      vertex 17.55 8 11.5474
      vertex 17.364 10 11.6825
      vertex 17.364 8 11.6825
    endloop
  endfacet
  facet normal 0.406735 0 0.913546
    outer loop
      vertex 17.55 10 11.5474
      vertex 17.7601 8 11.4538
      vertex 17.7601 10 11.4538
    endloop
  endfacet
  facet normal 0.406735 0 0.913546
    outer loop
      vertex 17.7601 8 11.4538
      vertex 17.55 10 11.5474
      vertex 17.55 8 11.5474
    endloop
  endfacet
  facet normal 0.743144 -0 0.669131
    outer loop
      vertex 17.2101 8 11.8534
      vertex 17.364 10 11.6825
      vertex 17.2101 10 11.8534
    endloop
  endfacet
  facet normal 0.743144 0 0.669131
    outer loop
      vertex 17.364 10 11.6825
      vertex 17.2101 8 11.8534
      vertex 17.364 8 11.6825
    endloop
  endfacet
  facet normal 0.994523 4.98402e-008 0.104522
    outer loop
      vertex 17.012 8 12.3856
      vertex 17 10 12.5
      vertex 17 8 12.5
    endloop
  endfacet
  facet normal 0.994522 -2.49202e-008 -0.104523
    outer loop
      vertex 17.012 8 12.6144
      vertex 17 10 12.5
      vertex 17.024 10 12.7287
    endloop
  endfacet
  facet normal 0.994522 -4.98406e-008 -0.104523
    outer loop
      vertex 17 10 12.5
      vertex 17.012 8 12.6144
      vertex 17 8 12.5
    endloop
  endfacet
  facet normal -0.743148 0 -0.669127
    outer loop
      vertex 18.9899 8 13.1466
      vertex 18.836 10 13.3175
      vertex 18.9899 10 13.1466
    endloop
  endfacet
  facet normal -0.743148 -0 -0.669127
    outer loop
      vertex 18.836 10 13.3175
      vertex 18.9899 8 13.1466
      vertex 18.836 8 13.3175
    endloop
  endfacet
  facet normal 0 0 -1
    outer loop
      vertex 18.1 8 13.594
      vertex 18.215 10 13.594
      vertex 18.215 8 13.594
    endloop
  endfacet
  facet normal 0 0 -1
    outer loop
      vertex 17.985 10 13.594
      vertex 18.1 8 13.594
      vertex 17.985 8 13.594
    endloop
  endfacet
  facet normal 0 0 -1
    outer loop
      vertex 18.1 8 13.594
      vertex 17.985 10 13.594
      vertex 18.215 10 13.594
    endloop
  endfacet
  facet normal 0.587785 0 -0.809017
    outer loop
      vertex 17.364 8 13.3175
      vertex 17.55 10 13.4526
      vertex 17.55 8 13.4526
    endloop
  endfacet
  facet normal 0.587785 0 -0.809017
    outer loop
      vertex 17.55 10 13.4526
      vertex 17.364 8 13.3175
      vertex 17.364 10 13.3175
    endloop
  endfacet
  facet normal 0.743144 0 -0.669131
    outer loop
      vertex 17.364 8 13.3175
      vertex 17.2101 10 13.1466
      vertex 17.364 10 13.3175
    endloop
  endfacet
  facet normal 0.743144 0 -0.669131
    outer loop
      vertex 17.2101 10 13.1466
      vertex 17.364 8 13.3175
      vertex 17.2101 8 13.1466
    endloop
  endfacet
  facet normal 0.866027 0 -0.499997
    outer loop
      vertex 17.2101 8 13.1466
      vertex 17.0951 10 12.9474
      vertex 17.2101 10 13.1466
    endloop
  endfacet
  facet normal 0.866027 0 -0.499997
    outer loop
      vertex 17.0951 10 12.9474
      vertex 17.2101 8 13.1466
      vertex 17.0951 8 12.9474
    endloop
  endfacet
  facet normal 0.951054 0 -0.309024
    outer loop
      vertex 17.0951 8 12.9474
      vertex 17.024 10 12.7287
      vertex 17.0951 10 12.9474
    endloop
  endfacet
  facet normal 0.951054 0 -0.309024
    outer loop
      vertex 17.024 10 12.7287
      vertex 17.0951 8 12.9474
      vertex 17.024 8 12.7287
    endloop
  endfacet
  facet normal -0.587782 0 -0.80902
    outer loop
      vertex 18.65 8 13.4526
      vertex 18.836 10 13.3175
      vertex 18.836 8 13.3175
    endloop
  endfacet
  facet normal -0.587782 0 -0.80902
    outer loop
      vertex 18.836 10 13.3175
      vertex 18.65 8 13.4526
      vertex 18.65 10 13.4526
    endloop
  endfacet
  facet normal -0.406738 0 -0.913545
    outer loop
      vertex 18.4399 8 13.5462
      vertex 18.65 10 13.4526
      vertex 18.65 8 13.4526
    endloop
  endfacet
  facet normal -0.406738 0 -0.913545
    outer loop
      vertex 18.65 10 13.4526
      vertex 18.4399 8 13.5462
      vertex 18.4399 10 13.5462
    endloop
  endfacet
  facet normal -0.866023 0 -0.500003
    outer loop
      vertex 19.1049 8 12.9474
      vertex 18.9899 10 13.1466
      vertex 19.1049 10 12.9474
    endloop
  endfacet
  facet normal -0.866023 -0 -0.500003
    outer loop
      vertex 18.9899 10 13.1466
      vertex 19.1049 8 12.9474
      vertex 18.9899 8 13.1466
    endloop
  endfacet
  facet normal 0.207912 0 -0.978148
    outer loop
      vertex 17.7601 8 13.5462
      vertex 17.985 10 13.594
      vertex 17.985 8 13.594
    endloop
  endfacet
  facet normal 0.207912 0 -0.978148
    outer loop
      vertex 17.985 10 13.594
      vertex 17.7601 8 13.5462
      vertex 17.7601 10 13.5462
    endloop
  endfacet
  facet normal 0.406735 0 -0.913546
    outer loop
      vertex 17.55 8 13.4526
      vertex 17.7601 10 13.5462
      vertex 17.7601 8 13.5462
    endloop
  endfacet
  facet normal 0.406735 0 -0.913546
    outer loop
      vertex 17.7601 10 13.5462
      vertex 17.55 8 13.4526
      vertex 17.55 10 13.4526
    endloop
  endfacet
  facet normal 0.5 0 0.866025
    outer loop
      vertex 15.4586 8 10.975
      vertex 18.1 6 9.45
      vertex 18.1 8 9.45
    endloop
  endfacet
  facet normal 0.5 0 0.866025
    outer loop
      vertex 18.1 6 9.45
      vertex 15.4586 8 10.975
      vertex 15.4586 6 10.975
    endloop
  endfacet
  facet normal 1 -0 0
    outer loop
      vertex 15.4586 6 14.025
      vertex 15.4586 8 10.975
      vertex 15.4586 8 14.025
    endloop
  endfacet
  facet normal 1 0 0
    outer loop
      vertex 15.4586 8 10.975
      vertex 15.4586 6 14.025
      vertex 15.4586 6 10.975
    endloop
  endfacet
  facet normal 0 -1 0
    outer loop
      vertex 18.1 8 15.55
      vertex 17.7601 8 13.5462
      vertex 17.985 8 13.594
    endloop
  endfacet
  facet normal 0 -1 0
    outer loop
      vertex 18.1 8 15.55
      vertex 17.55 8 13.4526
      vertex 17.7601 8 13.5462
    endloop
  endfacet
  facet normal 1.03253e-006 -1 2.10657e-006
    outer loop
      vertex 15.4586 8 14.025
      vertex 17.364 8 13.3175
      vertex 17.55 8 13.4526
    endloop
  endfacet
  facet normal 1.87553e-007 -1 -1.68874e-007
    outer loop
      vertex 15.4586 8 14.025
      vertex 17.2101 8 13.1466
      vertex 17.364 8 13.3175
    endloop
  endfacet
  facet normal 2.11119e-007 -1 -1.21889e-007
    outer loop
      vertex 15.4586 8 14.025
      vertex 17.0951 8 12.9474
      vertex 17.2101 8 13.1466
    endloop
  endfacet
  facet normal 2.40025e-007 -1 -7.79907e-008
    outer loop
      vertex 15.4586 8 14.025
      vertex 17.024 8 12.7287
      vertex 17.0951 8 12.9474
    endloop
  endfacet
  facet normal 2.8022e-007 -1 -2.94508e-008
    outer loop
      vertex 15.4586 8 14.025
      vertex 17.012 8 12.6144
      vertex 17.024 8 12.7287
    endloop
  endfacet
  facet normal 2.8022e-007 -1 -2.94508e-008
    outer loop
      vertex 15.4586 8 14.025
      vertex 17 8 12.5
      vertex 17.012 8 12.6144
    endloop
  endfacet
  facet normal 3.09358e-007 -1 0
    outer loop
      vertex 15.4586 8 10.975
      vertex 17 8 12.5
      vertex 15.4586 8 14.025
    endloop
  endfacet
  facet normal 2.8022e-007 -1 2.94506e-008
    outer loop
      vertex 17 8 12.5
      vertex 15.4586 8 10.975
      vertex 17.012 8 12.3856
    endloop
  endfacet
  facet normal 2.8022e-007 -1 2.94508e-008
    outer loop
      vertex 17.012 8 12.3856
      vertex 15.4586 8 10.975
      vertex 17.024 8 12.2713
    endloop
  endfacet
  facet normal 2.40025e-007 -1 7.79907e-008
    outer loop
      vertex 17.024 8 12.2713
      vertex 15.4586 8 10.975
      vertex 17.0951 8 12.0526
    endloop
  endfacet
  facet normal 2.11119e-007 -1 1.21889e-007
    outer loop
      vertex 17.0951 8 12.0526
      vertex 15.4586 8 10.975
      vertex 17.2101 8 11.8534
    endloop
  endfacet
  facet normal 1.87553e-007 -1 1.68874e-007
    outer loop
      vertex 15.4586 8 10.975
      vertex 17.364 8 11.6825
      vertex 17.2101 8 11.8534
    endloop
  endfacet
  facet normal 1.03253e-006 -1 -2.10657e-006
    outer loop
      vertex 15.4586 8 10.975
      vertex 17.55 8 11.5474
      vertex 17.364 8 11.6825
    endloop
  endfacet
  facet normal 4.25468e-007 -1 1.11572e-007
    outer loop
      vertex 18.1 8 9.45
      vertex 17.55 8 11.5474
      vertex 15.4586 8 10.975
    endloop
  endfacet
  facet normal 0 -1 0
    outer loop
      vertex 17.55 8 11.5474
      vertex 18.1 8 9.45
      vertex 17.7601 8 11.4538
    endloop
  endfacet
  facet normal 0 -1 0
    outer loop
      vertex 17.7601 8 11.4538
      vertex 18.1 8 9.45
      vertex 17.985 8 11.406
    endloop
  endfacet
  facet normal 0 -1 0
    outer loop
      vertex 17.985 8 11.406
      vertex 18.1 8 9.45
      vertex 18.1 8 11.406
    endloop
  endfacet
  facet normal 4.25468e-007 -1 -1.11572e-007
    outer loop
      vertex 17.55 8 13.4526
      vertex 18.1 8 15.55
      vertex 15.4586 8 14.025
    endloop
  endfacet
  facet normal 0 -1 -0
    outer loop
      vertex 18.1 8 15.55
      vertex 17.985 8 13.594
      vertex 18.1 8 13.594
    endloop
  endfacet
  facet normal 0.5 0 -0.866025
    outer loop
      vertex 15.4586 6 14.025
      vertex 18.1 8 15.55
      vertex 18.1 6 15.55
    endloop
  endfacet
  facet normal 0.5 0 -0.866025
    outer loop
      vertex 18.1 8 15.55
      vertex 15.4586 6 14.025
      vertex 15.4586 8 14.025
    endloop
  endfacet
  facet normal -0.5 0 0.866026
    outer loop
      vertex 18.1 8 9.45
      vertex 20.7414 6 10.975
      vertex 20.7414 8 10.975
    endloop
  endfacet
  facet normal -0.5 0 0.866026
    outer loop
      vertex 20.7414 6 10.975
      vertex 18.1 8 9.45
      vertex 18.1 6 9.45
    endloop
  endfacet
  facet normal 0 -1 0
    outer loop
      vertex 18.1 8 9.45
      vertex 18.215 8 11.406
      vertex 18.1 8 11.406
    endloop
  endfacet
  facet normal 0 -1 -0
    outer loop
      vertex 18.215 8 11.406
      vertex 18.1 8 9.45
      vertex 20.7414 8 10.975
    endloop
  endfacet
  facet normal 0 -1 0
    outer loop
      vertex 18.215 8 13.594
      vertex 18.1 8 15.55
      vertex 18.1 8 13.594
    endloop
  endfacet
  facet normal 0 -1 0
    outer loop
      vertex 18.4399 8 13.5462
      vertex 18.1 8 15.55
      vertex 18.215 8 13.594
    endloop
  endfacet
  facet normal 0 -1 0
    outer loop
      vertex 18.65 8 13.4526
      vertex 18.1 8 15.55
      vertex 18.4399 8 13.5462
    endloop
  endfacet
  facet normal 0 -1 0
    outer loop
      vertex 18.1 8 15.55
      vertex 18.65 8 13.4526
      vertex 20.7414 8 14.025
    endloop
  endfacet
  facet normal 0 -1 0
    outer loop
      vertex 18.836 8 13.3175
      vertex 20.7414 8 14.025
      vertex 18.65 8 13.4526
    endloop
  endfacet
  facet normal 0 -1 0
    outer loop
      vertex 18.9899 8 13.1466
      vertex 20.7414 8 14.025
      vertex 18.836 8 13.3175
    endloop
  endfacet
  facet normal 0 -1 0
    outer loop
      vertex 19.1049 8 12.9474
      vertex 20.7414 8 14.025
      vertex 18.9899 8 13.1466
    endloop
  endfacet
  facet normal 0 -1 0
    outer loop
      vertex 19.176 8 12.7287
      vertex 20.7414 8 14.025
      vertex 19.1049 8 12.9474
    endloop
  endfacet
  facet normal 0 -1 0
    outer loop
      vertex 19.2 8 12.5
      vertex 20.7414 8 14.025
      vertex 19.176 8 12.7287
    endloop
  endfacet
  facet normal 0 -1 0
    outer loop
      vertex 20.7414 8 10.975
      vertex 19.2 8 12.5
      vertex 19.176 8 12.2713
    endloop
  endfacet
  facet normal 0 -1 0
    outer loop
      vertex 20.7414 8 10.975
      vertex 19.176 8 12.2713
      vertex 19.1049 8 12.0526
    endloop
  endfacet
  facet normal 0 -1 0
    outer loop
      vertex 20.7414 8 10.975
      vertex 19.1049 8 12.0526
      vertex 18.9899 8 11.8534
    endloop
  endfacet
  facet normal 0 -1 0
    outer loop
      vertex 19.2 8 12.5
      vertex 20.7414 8 10.975
      vertex 20.7414 8 14.025
    endloop
  endfacet
  facet normal 0 -1 0
    outer loop
      vertex 18.836 8 11.6825
      vertex 20.7414 8 10.975
      vertex 18.9899 8 11.8534
    endloop
  endfacet
  facet normal 0 -1 0
    outer loop
      vertex 18.65 8 11.5474
      vertex 20.7414 8 10.975
      vertex 18.836 8 11.6825
    endloop
  endfacet
  facet normal 0 -1 0
    outer loop
      vertex 18.4399 8 11.4538
      vertex 20.7414 8 10.975
      vertex 18.65 8 11.5474
    endloop
  endfacet
  facet normal 0 -1 0
    outer loop
      vertex 20.7414 8 10.975
      vertex 18.4399 8 11.4538
      vertex 18.215 8 11.406
    endloop
  endfacet
  facet normal -1 0 0
    outer loop
      vertex 20.7414 6 10.975
      vertex 20.7414 8 14.025
      vertex 20.7414 8 10.975
    endloop
  endfacet
  facet normal -1 -0 0
    outer loop
      vertex 20.7414 8 14.025
      vertex 20.7414 6 10.975
      vertex 20.7414 6 14.025
    endloop
  endfacet
  facet normal -0.5 0 -0.866026
    outer loop
      vertex 18.1 6 15.55
      vertex 20.7414 8 14.025
      vertex 20.7414 6 14.025
    endloop
  endfacet
  facet normal -0.5 0 -0.866026
    outer loop
      vertex 20.7414 8 14.025
      vertex 18.1 6 15.55
      vertex 18.1 8 15.55
    endloop
  endfacet
  facet normal 0 -1 0
    outer loop
      vertex -1.25434 -11.9343 0
      vertex 1.25434 -11.9343 25
      vertex -1.25434 -11.9343 25
    endloop
  endfacet
  facet normal 0 -1 -0
    outer loop
      vertex 1.25434 -11.9343 25
      vertex -1.25434 -11.9343 0
      vertex 1.25434 -11.9343 0
    endloop
  endfacet
  facet normal 0.866025 -0.5 0
    outer loop
      vertex 9.7082 -7.05342 25
      vertex 10.9625 -4.88084 0
      vertex 10.9625 -4.88084 25
    endloop
  endfacet
  facet normal 0.866025 -0.5 0
    outer loop
      vertex 10.9625 -4.88084 0
      vertex 9.7082 -7.05342 25
      vertex 9.7082 -7.05342 0
    endloop
  endfacet
  facet normal 0.994522 -0.104529 0
    outer loop
      vertex 11.7378 -2.49494 25
      vertex 12 0 0
      vertex 12 0 25
    endloop
  endfacet
  facet normal 0.994522 -0.104529 0
    outer loop
      vertex 12 0 0
      vertex 11.7378 -2.49494 25
      vertex 11.7378 -2.49494 0
    endloop
  endfacet
  facet normal 0.207912 -0.978148 0
    outer loop
      vertex 1.25434 -11.9343 0
      vertex 3.7082 -11.4127 25
      vertex 1.25434 -11.9343 25
    endloop
  endfacet
  facet normal 0.207912 -0.978148 0
    outer loop
      vertex 3.7082 -11.4127 25
      vertex 1.25434 -11.9343 0
      vertex 3.7082 -11.4127 0
    endloop
  endfacet
  facet normal 0.951057 -0.309017 0
    outer loop
      vertex 10.9625 -4.88084 25
      vertex 11.7378 -2.49494 0
      vertex 11.7378 -2.49494 25
    endloop
  endfacet
  facet normal 0.951057 -0.309017 0
    outer loop
      vertex 11.7378 -2.49494 0
      vertex 10.9625 -4.88084 25
      vertex 10.9625 -4.88084 0
    endloop
  endfacet
  facet normal -0.866025 -0.5 0
    outer loop
      vertex -9.7082 -7.05342 0
      vertex -10.9625 -4.88084 25
      vertex -10.9625 -4.88084 0
    endloop
  endfacet
  facet normal -0.866025 -0.5 0
    outer loop
      vertex -10.9625 -4.88084 25
      vertex -9.7082 -7.05342 0
      vertex -9.7082 -7.05342 25
    endloop
  endfacet
  facet normal 0.587785 -0.809017 0
    outer loop
      vertex 6 -10.3923 0
      vertex 8.02957 -8.91774 25
      vertex 6 -10.3923 25
    endloop
  endfacet
  facet normal 0.587785 -0.809017 0
    outer loop
      vertex 8.02957 -8.91774 25
      vertex 6 -10.3923 0
      vertex 8.02957 -8.91774 0
    endloop
  endfacet
  facet normal 0.406737 -0.913545 0
    outer loop
      vertex 3.7082 -11.4127 0
      vertex 6 -10.3923 25
      vertex 3.7082 -11.4127 25
    endloop
  endfacet
  facet normal 0.406737 -0.913545 0
    outer loop
      vertex 6 -10.3923 25
      vertex 3.7082 -11.4127 0
      vertex 6 -10.3923 0
    endloop
  endfacet
  facet normal -0.207912 -0.978148 0
    outer loop
      vertex -3.7082 -11.4127 0
      vertex -1.25434 -11.9343 25
      vertex -3.7082 -11.4127 25
    endloop
  endfacet
  facet normal -0.207912 -0.978148 -0
    outer loop
      vertex -1.25434 -11.9343 25
      vertex -3.7082 -11.4127 0
      vertex -1.25434 -11.9343 0
    endloop
  endfacet
  facet normal -0.743145 -0.669131 0
    outer loop
      vertex -8.02957 -8.91774 0
      vertex -9.7082 -7.05342 25
      vertex -9.7082 -7.05342 0
    endloop
  endfacet
  facet normal -0.743145 -0.669131 0
    outer loop
      vertex -9.7082 -7.05342 25
      vertex -8.02957 -8.91774 0
      vertex -8.02957 -8.91774 25
    endloop
  endfacet
  facet normal -0.951057 -0.309017 0
    outer loop
      vertex -10.9625 -4.88084 0
      vertex -11.7378 -2.49494 25
      vertex -11.7378 -2.49494 0
    endloop
  endfacet
  facet normal -0.951057 -0.309017 0
    outer loop
      vertex -11.7378 -2.49494 25
      vertex -10.9625 -4.88084 0
      vertex -10.9625 -4.88084 25
    endloop
  endfacet
  facet normal -0.994522 -0.104529 0
    outer loop
      vertex -11.7378 -2.49494 0
      vertex -12 0 25
      vertex -12 0 0
    endloop
  endfacet
  facet normal -0.994522 -0.104529 0
    outer loop
      vertex -12 0 25
      vertex -11.7378 -2.49494 0
      vertex -11.7378 -2.49494 25
    endloop
  endfacet
  facet normal 0.743145 -0.669131 0
    outer loop
      vertex 8.02957 -8.91774 25
      vertex 9.7082 -7.05342 0
      vertex 9.7082 -7.05342 25
    endloop
  endfacet
  facet normal 0.743145 -0.669131 0
    outer loop
      vertex 9.7082 -7.05342 0
      vertex 8.02957 -8.91774 25
      vertex 8.02957 -8.91774 0
    endloop
  endfacet
  facet normal -0.406737 -0.913545 0
    outer loop
      vertex -6 -10.3923 0
      vertex -3.7082 -11.4127 25
      vertex -6 -10.3923 25
    endloop
  endfacet
  facet normal -0.406737 -0.913545 -0
    outer loop
      vertex -3.7082 -11.4127 25
      vertex -6 -10.3923 0
      vertex -3.7082 -11.4127 0
    endloop
  endfacet
  facet normal -0.587785 -0.809017 0
    outer loop
      vertex -8.02957 -8.91774 0
      vertex -6 -10.3923 25
      vertex -8.02957 -8.91774 25
    endloop
  endfacet
  facet normal -0.587785 -0.809017 -0
    outer loop
      vertex -6 -10.3923 25
      vertex -8.02957 -8.91774 0
      vertex -6 -10.3923 0
    endloop
  endfacet
  facet normal -1 0 0
    outer loop
      vertex -12 0 0
      vertex -12 6 25
      vertex -12 6 0
    endloop
  endfacet
  facet normal -1 -0 0
    outer loop
      vertex -12 6 25
      vertex -12 0 0
      vertex -12 0 25
    endloop
  endfacet
  facet normal 1 -0 0
    outer loop
      vertex 12 0 25
      vertex 12 6 0
      vertex 12 6 25
    endloop
  endfacet
  facet normal 1 0 0
    outer loop
      vertex 12 6 0
      vertex 12 0 25
      vertex 12 0 0
    endloop
  endfacet
  facet normal 0 1 -0
    outer loop
      vertex 1.04528 -9.94522 0
      vertex -1.04528 -9.94522 25
      vertex 1.04528 -9.94522 25
    endloop
  endfacet
  facet normal 0 1 0
    outer loop
      vertex -1.04528 -9.94522 25
      vertex 1.04528 -9.94522 0
      vertex -1.04528 -9.94522 0
    endloop
  endfacet
  facet normal -0.994522 0.104529 0
    outer loop
      vertex 9.78148 -2.07912 0
      vertex 10 0 25
      vertex 10 0 0
    endloop
  endfacet
  facet normal -0.994522 0.104529 0
    outer loop
      vertex 10 0 25
      vertex 9.78148 -2.07912 0
      vertex 9.78148 -2.07912 25
    endloop
  endfacet
  facet normal -0.207911 0.978148 0
    outer loop
      vertex 3.09017 -9.51056 0
      vertex 1.04528 -9.94522 25
      vertex 3.09017 -9.51056 25
    endloop
  endfacet
  facet normal -0.207911 0.978148 0
    outer loop
      vertex 1.04528 -9.94522 25
      vertex 3.09017 -9.51056 0
      vertex 1.04528 -9.94522 0
    endloop
  endfacet
  facet normal -0.743145 0.669131 0
    outer loop
      vertex 6.69131 -7.43145 0
      vertex 8.09017 -5.87785 25
      vertex 8.09017 -5.87785 0
    endloop
  endfacet
  facet normal -0.743145 0.669131 0
    outer loop
      vertex 8.09017 -5.87785 25
      vertex 6.69131 -7.43145 0
      vertex 6.69131 -7.43145 25
    endloop
  endfacet
  facet normal -0.951057 0.309017 0
    outer loop
      vertex 9.13545 -4.06737 0
      vertex 9.78148 -2.07912 25
      vertex 9.78148 -2.07912 0
    endloop
  endfacet
  facet normal -0.951057 0.309017 0
    outer loop
      vertex 9.78148 -2.07912 25
      vertex 9.13545 -4.06737 0
      vertex 9.13545 -4.06737 25
    endloop
  endfacet
  facet normal -0.866026 0.5 0
    outer loop
      vertex 8.09017 -5.87785 0
      vertex 9.13545 -4.06737 25
      vertex 9.13545 -4.06737 0
    endloop
  endfacet
  facet normal -0.866026 0.5 0
    outer loop
      vertex 9.13545 -4.06737 25
      vertex 8.09017 -5.87785 0
      vertex 8.09017 -5.87785 25
    endloop
  endfacet
  facet normal 0.866026 0.5 0
    outer loop
      vertex -8.09017 -5.87785 25
      vertex -9.13545 -4.06737 0
      vertex -9.13545 -4.06737 25
    endloop
  endfacet
  facet normal 0.866026 0.5 0
    outer loop
      vertex -9.13545 -4.06737 0
      vertex -8.09017 -5.87785 25
      vertex -8.09017 -5.87785 0
    endloop
  endfacet
  facet normal -0.587785 0.809017 0
    outer loop
      vertex 6.69131 -7.43145 0
      vertex 5 -8.66025 25
      vertex 6.69131 -7.43145 25
    endloop
  endfacet
  facet normal -0.587785 0.809017 0
    outer loop
      vertex 5 -8.66025 25
      vertex 6.69131 -7.43145 0
      vertex 5 -8.66025 0
    endloop
  endfacet
  facet normal -0.406737 0.913545 0
    outer loop
      vertex 5 -8.66025 0
      vertex 3.09017 -9.51056 25
      vertex 5 -8.66025 25
    endloop
  endfacet
  facet normal -0.406737 0.913545 0
    outer loop
      vertex 3.09017 -9.51056 25
      vertex 5 -8.66025 0
      vertex 3.09017 -9.51056 0
    endloop
  endfacet
  facet normal 0.207911 0.978148 -0
    outer loop
      vertex -1.04528 -9.94522 0
      vertex -3.09017 -9.51056 25
      vertex -1.04528 -9.94522 25
    endloop
  endfacet
  facet normal 0.207911 0.978148 0
    outer loop
      vertex -3.09017 -9.51056 25
      vertex -1.04528 -9.94522 0
      vertex -3.09017 -9.51056 0
    endloop
  endfacet
  facet normal 0.406737 0.913545 -0
    outer loop
      vertex -3.09017 -9.51056 0
      vertex -5 -8.66025 25
      vertex -3.09017 -9.51056 25
    endloop
  endfacet
  facet normal 0.406737 0.913545 0
    outer loop
      vertex -5 -8.66025 25
      vertex -3.09017 -9.51056 0
      vertex -5 -8.66025 0
    endloop
  endfacet
  facet normal 0.743145 0.669131 0
    outer loop
      vertex -6.69131 -7.43145 25
      vertex -8.09017 -5.87785 0
      vertex -8.09017 -5.87785 25
    endloop
  endfacet
  facet normal 0.743145 0.669131 0
    outer loop
      vertex -8.09017 -5.87785 0
      vertex -6.69131 -7.43145 25
      vertex -6.69131 -7.43145 0
    endloop
  endfacet
  facet normal 0.951057 0.309017 0
    outer loop
      vertex -9.13545 -4.06737 25
      vertex -9.78148 -2.07912 0
      vertex -9.78148 -2.07912 25
    endloop
  endfacet
  facet normal 0.951057 0.309017 0
    outer loop
      vertex -9.78148 -2.07912 0
      vertex -9.13545 -4.06737 25
      vertex -9.13545 -4.06737 0
    endloop
  endfacet
  facet normal 0.994522 0.104529 0
    outer loop
      vertex -9.78148 -2.07912 25
      vertex -10 0 0
      vertex -10 0 25
    endloop
  endfacet
  facet normal 0.994522 0.104529 0
    outer loop
      vertex -10 0 0
      vertex -9.78148 -2.07912 25
      vertex -9.78148 -2.07912 0
    endloop
  endfacet
  facet normal 0.587785 0.809017 -0
    outer loop
      vertex -5 -8.66025 0
      vertex -6.69131 -7.43145 25
      vertex -5 -8.66025 25
    endloop
  endfacet
  facet normal 0.587785 0.809017 0
    outer loop
      vertex -6.69131 -7.43145 25
      vertex -5 -8.66025 0
      vertex -6.69131 -7.43145 0
    endloop
  endfacet
  facet normal 1 -0 0
    outer loop
      vertex -10 0 25
      vertex -10 10 0
      vertex -10 10 25
    endloop
  endfacet
  facet normal 1 0 0
    outer loop
      vertex -10 10 0
      vertex -10 0 25
      vertex -10 0 0
    endloop
  endfacet
  facet normal -1 0 0
    outer loop
      vertex 10 0 0
      vertex 10 10 25
      vertex 10 10 0
    endloop
  endfacet
  facet normal -1 -0 0
    outer loop
      vertex 10 10 25
      vertex 10 0 0
      vertex 10 0 25
    endloop
  endfacet
  facet normal 1 -0 0
    outer loop
      vertex 26.2 18 25
      vertex 26.2 22 0
      vertex 26.2 22 25
    endloop
  endfacet
  facet normal 1 0 0
    outer loop
      vertex 26.2 22 0
      vertex 26.2 18 25
      vertex 26.2 18 0
    endloop
  endfacet
  facet normal -0 0 1
    outer loop
      vertex 10 22 25
      vertex 26.2 18 25
      vertex 26.2 22 25
    endloop
  endfacet
  facet normal 0 0 1
    outer loop
      vertex 26.2 18 25
      vertex 10 22 25
      vertex 10 18 25
    endloop
  endfacet
  facet normal -1 0 0
    outer loop
      vertex 10 18 0
      vertex 10 22 25
      vertex 10 22 0
    endloop
  endfacet
  facet normal -1 -0 0
    outer loop
      vertex 10 22 25
      vertex 10 18 0
      vertex 10 18 25
    endloop
  endfacet
  facet normal 0 -1 0
    outer loop
      vertex 10 18 25
      vertex 17.985 18 13.594
      vertex 26.2 18 25
    endloop
  endfacet
  facet normal 0 -1 0
    outer loop
      vertex 10 18 25
      vertex 17.7601 18 13.5462
      vertex 17.985 18 13.594
    endloop
  endfacet
  facet normal 0 -1 0
    outer loop
      vertex 10 18 25
      vertex 17.55 18 13.4526
      vertex 17.7601 18 13.5462
    endloop
  endfacet
  facet normal 0 -1 0
    outer loop
      vertex 10 18 25
      vertex 17.364 18 13.3175
      vertex 17.55 18 13.4526
    endloop
  endfacet
  facet normal 0 -1 0
    outer loop
      vertex 10 18 25
      vertex 17.2101 18 13.1466
      vertex 17.364 18 13.3175
    endloop
  endfacet
  facet normal 0 -1 0
    outer loop
      vertex 10 18 25
      vertex 17.0951 18 12.9474
      vertex 17.2101 18 13.1466
    endloop
  endfacet
  facet normal 0 -1 0
    outer loop
      vertex 10 18 25
      vertex 17.024 18 12.7287
      vertex 17.0951 18 12.9474
    endloop
  endfacet
  facet normal 0 -1 0
    outer loop
      vertex 10 18 25
      vertex 17 18 12.5
      vertex 17.024 18 12.7287
    endloop
  endfacet
  facet normal 0 -1 0
    outer loop
      vertex 10 18 0
      vertex 17 18 12.5
      vertex 10 18 25
    endloop
  endfacet
  facet normal 0 -1 -0
    outer loop
      vertex 17 18 12.5
      vertex 10 18 0
      vertex 17.024 18 12.2713
    endloop
  endfacet
  facet normal 0 -1 -0
    outer loop
      vertex 17.55 18 11.5474
      vertex 10 18 0
      vertex 18.65 18 11.5474
    endloop
  endfacet
  facet normal 0 -1 -0
    outer loop
      vertex 17.364 18 11.6825
      vertex 10 18 0
      vertex 17.55 18 11.5474
    endloop
  endfacet
  facet normal 0 -1 -0
    outer loop
      vertex 17.2101 18 11.8534
      vertex 10 18 0
      vertex 17.364 18 11.6825
    endloop
  endfacet
  facet normal 0 -1 -0
    outer loop
      vertex 17.0951 18 12.0526
      vertex 10 18 0
      vertex 17.2101 18 11.8534
    endloop
  endfacet
  facet normal 0 -1 -0
    outer loop
      vertex 17.024 18 12.2713
      vertex 10 18 0
      vertex 17.0951 18 12.0526
    endloop
  endfacet
  facet normal 0 -1 0
    outer loop
      vertex 18.215 18 13.594
      vertex 26.2 18 25
      vertex 17.985 18 13.594
    endloop
  endfacet
  facet normal 0 -1 0
    outer loop
      vertex 18.4399 18 13.5462
      vertex 26.2 18 25
      vertex 18.215 18 13.594
    endloop
  endfacet
  facet normal 0 -1 0
    outer loop
      vertex 18.65 18 13.4526
      vertex 26.2 18 25
      vertex 18.4399 18 13.5462
    endloop
  endfacet
  facet normal 0 -1 0
    outer loop
      vertex 18.836 18 13.3175
      vertex 26.2 18 25
      vertex 18.65 18 13.4526
    endloop
  endfacet
  facet normal 0 -1 0
    outer loop
      vertex 18.9899 18 13.1466
      vertex 26.2 18 25
      vertex 18.836 18 13.3175
    endloop
  endfacet
  facet normal 0 -1 0
    outer loop
      vertex 19.1049 18 12.9474
      vertex 26.2 18 25
      vertex 18.9899 18 13.1466
    endloop
  endfacet
  facet normal 0 -1 0
    outer loop
      vertex 19.176 18 12.7287
      vertex 26.2 18 25
      vertex 19.1049 18 12.9474
    endloop
  endfacet
  facet normal 0 -1 0
    outer loop
      vertex 19.2 18 12.5
      vertex 26.2 18 25
      vertex 19.176 18 12.7287
    endloop
  endfacet
  facet normal 0 -1 0
    outer loop
      vertex 26.2 18 0
      vertex 19.2 18 12.5
      vertex 19.176 18 12.2713
    endloop
  endfacet
  facet normal 0 -1 0
    outer loop
      vertex 26.2 18 0
      vertex 19.176 18 12.2713
      vertex 19.1049 18 12.0526
    endloop
  endfacet
  facet normal 0 -1 0
    outer loop
      vertex 26.2 18 0
      vertex 18.65 18 11.5474
      vertex 10 18 0
    endloop
  endfacet
  facet normal 0 -1 0
    outer loop
      vertex 18.65 18 11.5474
      vertex 26.2 18 0
      vertex 18.836 18 11.6825
    endloop
  endfacet
  facet normal 0 -1 0
    outer loop
      vertex 19.2 18 12.5
      vertex 26.2 18 0
      vertex 26.2 18 25
    endloop
  endfacet
  facet normal 0 -1 0
    outer loop
      vertex 18.9899 18 11.8534
      vertex 26.2 18 0
      vertex 19.1049 18 12.0526
    endloop
  endfacet
  facet normal 0 -1 0
    outer loop
      vertex 18.836 18 11.6825
      vertex 26.2 18 0
      vertex 18.9899 18 11.8534
    endloop
  endfacet
  facet normal 0 0 -1
    outer loop
      vertex 10 18 0
      vertex 26.2 22 0
      vertex 26.2 18 0
    endloop
  endfacet
  facet normal -0 0 -1
    outer loop
      vertex 26.2 22 0
      vertex 10 18 0
      vertex 10 22 0
    endloop
  endfacet
  facet normal 0 1 0
    outer loop
      vertex 26.2 22 25
      vertex 18.1 22 15.55
      vertex 10 22 25
    endloop
  endfacet
  facet normal 0 1 0
    outer loop
      vertex 26.2 22 25
      vertex 20.7414 22 14.025
      vertex 18.1 22 15.55
    endloop
  endfacet
  facet normal 0 1 0
    outer loop
      vertex 26.2 22 25
      vertex 20.7414 22 10.975
      vertex 20.7414 22 14.025
    endloop
  endfacet
  facet normal 0 1 0
    outer loop
      vertex 20.7414 22 10.975
      vertex 26.2 22 0
      vertex 18.1 22 9.45
    endloop
  endfacet
  facet normal 0 1 -0
    outer loop
      vertex 26.2 22 0
      vertex 20.7414 22 10.975
      vertex 26.2 22 25
    endloop
  endfacet
  facet normal 0 1 -0
    outer loop
      vertex 15.4586 22 14.025
      vertex 10 22 25
      vertex 18.1 22 15.55
    endloop
  endfacet
  facet normal 0 1 -0
    outer loop
      vertex 15.4586 22 10.975
      vertex 10 22 25
      vertex 15.4586 22 14.025
    endloop
  endfacet
  facet normal 0 1 0
    outer loop
      vertex 10 22 0
      vertex 18.1 22 9.45
      vertex 26.2 22 0
    endloop
  endfacet
  facet normal 0 1 0
    outer loop
      vertex 15.4586 22 10.975
      vertex 10 22 0
      vertex 10 22 25
    endloop
  endfacet
  facet normal 0 1 0
    outer loop
      vertex 18.1 22 9.45
      vertex 10 22 0
      vertex 15.4586 22 10.975
    endloop
  endfacet
  facet normal 0.994522 -0 0.104531
    outer loop
      vertex 17 18 12.5
      vertex 17.024 20 12.2713
      vertex 17 20 12.5
    endloop
  endfacet
  facet normal 0.994522 0 0.104531
    outer loop
      vertex 17.024 20 12.2713
      vertex 17 18 12.5
      vertex 17.024 18 12.2713
    endloop
  endfacet
  facet normal -0.994522 -0 -0.104523
    outer loop
      vertex 19.176 20 12.7287
      vertex 19.188 20 12.6144
      vertex 19.176 18 12.7287
    endloop
  endfacet
  facet normal -0.207912 0 0.978148
    outer loop
      vertex 18.215 20 11.406
      vertex 18.4399 18 11.4538
      vertex 18.4399 20 11.4538
    endloop
  endfacet
  facet normal -0.207912 0 0.978148
    outer loop
      vertex 18.4399 18 11.4538
      vertex 18.215 20 11.406
      vertex 18.215 18 11.406
    endloop
  endfacet
  facet normal 0.587782 0 0.80902
    outer loop
      vertex 17.364 20 11.6825
      vertex 17.55 18 11.5474
      vertex 17.55 20 11.5474
    endloop
  endfacet
  facet normal 0.587782 0 0.80902
    outer loop
      vertex 17.55 18 11.5474
      vertex 17.364 20 11.6825
      vertex 17.364 18 11.6825
    endloop
  endfacet
  facet normal 0.20791 0 -0.978148
    outer loop
      vertex 17.7601 18 13.5462
      vertex 17.985 20 13.594
      vertex 17.985 18 13.594
    endloop
  endfacet
  facet normal 0.20791 0 -0.978148
    outer loop
      vertex 17.985 20 13.594
      vertex 17.7601 18 13.5462
      vertex 17.7601 20 13.5462
    endloop
  endfacet
  facet normal -0.866027 0 0.499997
    outer loop
      vertex 18.9899 18 11.8534
      vertex 19.1049 20 12.0526
      vertex 18.9899 20 11.8534
    endloop
  endfacet
  facet normal -0.866027 0 0.499997
    outer loop
      vertex 19.1049 20 12.0526
      vertex 18.9899 18 11.8534
      vertex 19.1049 18 12.0526
    endloop
  endfacet
  facet normal -0.951057 0 0.309016
    outer loop
      vertex 19.1049 18 12.0526
      vertex 19.176 20 12.2713
      vertex 19.1049 20 12.0526
    endloop
  endfacet
  facet normal -0.951057 0 0.309016
    outer loop
      vertex 19.176 20 12.2713
      vertex 19.1049 18 12.0526
      vertex 19.176 18 12.2713
    endloop
  endfacet
  facet normal 0.866023 -0 0.500003
    outer loop
      vertex 17.0951 18 12.0526
      vertex 17.2101 20 11.8534
      vertex 17.0951 20 12.0526
    endloop
  endfacet
  facet normal 0.866023 0 0.500003
    outer loop
      vertex 17.2101 20 11.8534
      vertex 17.0951 18 12.0526
      vertex 17.2101 18 11.8534
    endloop
  endfacet
  facet normal 0.951057 -0 0.309016
    outer loop
      vertex 17.024 18 12.2713
      vertex 17.0951 20 12.0526
      vertex 17.024 20 12.2713
    endloop
  endfacet
  facet normal 0.951057 0 0.309016
    outer loop
      vertex 17.0951 20 12.0526
      vertex 17.024 18 12.2713
      vertex 17.0951 18 12.0526
    endloop
  endfacet
  facet normal 0.743148 -0 0.669127
    outer loop
      vertex 17.2101 18 11.8534
      vertex 17.364 20 11.6825
      vertex 17.2101 20 11.8534
    endloop
  endfacet
  facet normal 0.743148 0 0.669127
    outer loop
      vertex 17.364 20 11.6825
      vertex 17.2101 18 11.8534
      vertex 17.364 18 11.6825
    endloop
  endfacet
  facet normal 0.20791 0 0.978148
    outer loop
      vertex 17.7601 20 11.4538
      vertex 17.985 18 11.406
      vertex 17.985 20 11.406
    endloop
  endfacet
  facet normal 0.20791 0 0.978148
    outer loop
      vertex 17.985 18 11.406
      vertex 17.7601 20 11.4538
      vertex 17.7601 18 11.4538
    endloop
  endfacet
  facet normal -0 0 1
    outer loop
      vertex 18.1 20 11.406
      vertex 18.215 18 11.406
      vertex 18.215 20 11.406
    endloop
  endfacet
  facet normal 0 0 1
    outer loop
      vertex 17.985 18 11.406
      vertex 18.1 20 11.406
      vertex 17.985 20 11.406
    endloop
  endfacet
  facet normal 0 0 1
    outer loop
      vertex 18.1 20 11.406
      vertex 17.985 18 11.406
      vertex 18.215 18 11.406
    endloop
  endfacet
  facet normal 0 1 -0
    outer loop
      vertex 18.215 18 11.406
      vertex 17.55 18 11.5474
      vertex 18.65 18 11.5474
    endloop
  endfacet
  facet normal 0 1 0
    outer loop
      vertex 17.55 18 11.5474
      vertex 18.215 18 11.406
      vertex 17.985 18 11.406
    endloop
  endfacet
  facet normal 0.406738 0 0.913545
    outer loop
      vertex 17.55 20 11.5474
      vertex 17.7601 18 11.4538
      vertex 17.7601 20 11.4538
    endloop
  endfacet
  facet normal 0.406738 0 0.913545
    outer loop
      vertex 17.7601 18 11.4538
      vertex 17.55 20 11.5474
      vertex 17.55 18 11.5474
    endloop
  endfacet
  facet normal 0 1 0
    outer loop
      vertex 18.65 18 11.5474
      vertex 18.4399 18 11.4538
      vertex 18.215 18 11.406
    endloop
  endfacet
  facet normal -0.994522 0 0.104523
    outer loop
      vertex 19.176 18 12.2713
      vertex 19.188 20 12.3856
      vertex 19.176 20 12.2713
    endloop
  endfacet
  facet normal -0.994522 -4.74225e-007 0.104532
    outer loop
      vertex 19.188 20 12.3856
      vertex 19.176 18 12.2713
      vertex 19.2 18 12.5
    endloop
  endfacet
  facet normal 0.994522 0 -0.104532
    outer loop
      vertex 17.024 18 12.7287
      vertex 17 20 12.5
      vertex 17.024 20 12.7287
    endloop
  endfacet
  facet normal 0.994522 0 -0.104532
    outer loop
      vertex 17 20 12.5
      vertex 17.024 18 12.7287
      vertex 17 18 12.5
    endloop
  endfacet
  facet normal 0.951057 0 -0.309016
    outer loop
      vertex 17.0951 18 12.9474
      vertex 17.024 20 12.7287
      vertex 17.0951 20 12.9474
    endloop
  endfacet
  facet normal 0.951057 0 -0.309016
    outer loop
      vertex 17.024 20 12.7287
      vertex 17.0951 18 12.9474
      vertex 17.024 18 12.7287
    endloop
  endfacet
  facet normal 0 1 0
    outer loop
      vertex 17.985 18 11.406
      vertex 17.7601 18 11.4538
      vertex 17.55 18 11.5474
    endloop
  endfacet
  facet normal -0.587785 0 0.809017
    outer loop
      vertex 18.65 20 11.5474
      vertex 18.836 18 11.6825
      vertex 18.836 20 11.6825
    endloop
  endfacet
  facet normal -0.587785 0 0.809017
    outer loop
      vertex 18.836 18 11.6825
      vertex 18.65 20 11.5474
      vertex 18.65 18 11.5474
    endloop
  endfacet
  facet normal -0.406735 0 0.913546
    outer loop
      vertex 18.4399 20 11.4538
      vertex 18.65 18 11.5474
      vertex 18.65 20 11.5474
    endloop
  endfacet
  facet normal -0.406735 0 0.913546
    outer loop
      vertex 18.65 18 11.5474
      vertex 18.4399 20 11.4538
      vertex 18.4399 18 11.4538
    endloop
  endfacet
  facet normal -0.743144 0 0.669131
    outer loop
      vertex 18.836 18 11.6825
      vertex 18.9899 20 11.8534
      vertex 18.836 20 11.6825
    endloop
  endfacet
  facet normal -0.743144 0 0.669131
    outer loop
      vertex 18.9899 20 11.8534
      vertex 18.836 18 11.6825
      vertex 18.9899 18 11.8534
    endloop
  endfacet
  facet normal -0.994521 -4.9848e-008 0.104539
    outer loop
      vertex 19.2 18 12.5
      vertex 19.2 20 12.5
      vertex 19.188 20 12.3856
    endloop
  endfacet
  facet normal -0.994521 4.98484e-008 -0.10454
    outer loop
      vertex 19.2 18 12.5
      vertex 19.188 20 12.6144
      vertex 19.2 20 12.5
    endloop
  endfacet
  facet normal -0.994522 -4.49303e-007 -0.104531
    outer loop
      vertex 19.188 20 12.6144
      vertex 19.2 18 12.5
      vertex 19.176 18 12.7287
    endloop
  endfacet
  facet normal 0.743148 0 -0.669127
    outer loop
      vertex 17.364 18 13.3175
      vertex 17.2101 20 13.1466
      vertex 17.364 20 13.3175
    endloop
  endfacet
  facet normal 0.743148 0 -0.669127
    outer loop
      vertex 17.2101 20 13.1466
      vertex 17.364 18 13.3175
      vertex 17.2101 18 13.1466
    endloop
  endfacet
  facet normal 0 0 -1
    outer loop
      vertex 18.215 18 13.594
      vertex 18.1 20 13.594
      vertex 18.215 20 13.594
    endloop
  endfacet
  facet normal 0 0 -1
    outer loop
      vertex 17.985 18 13.594
      vertex 18.1 20 13.594
      vertex 18.215 18 13.594
    endloop
  endfacet
  facet normal -0 0 -1
    outer loop
      vertex 18.1 20 13.594
      vertex 17.985 18 13.594
      vertex 17.985 20 13.594
    endloop
  endfacet
  facet normal -0.587785 0 -0.809017
    outer loop
      vertex 18.65 18 13.4526
      vertex 18.836 20 13.3175
      vertex 18.836 18 13.3175
    endloop
  endfacet
  facet normal -0.587785 0 -0.809017
    outer loop
      vertex 18.836 20 13.3175
      vertex 18.65 18 13.4526
      vertex 18.65 20 13.4526
    endloop
  endfacet
  facet normal -0.743144 0 -0.669131
    outer loop
      vertex 18.9899 18 13.1466
      vertex 18.836 20 13.3175
      vertex 18.9899 20 13.1466
    endloop
  endfacet
  facet normal -0.743144 -0 -0.669131
    outer loop
      vertex 18.836 20 13.3175
      vertex 18.9899 18 13.1466
      vertex 18.836 18 13.3175
    endloop
  endfacet
  facet normal -0.866027 0 -0.499997
    outer loop
      vertex 19.1049 18 12.9474
      vertex 18.9899 20 13.1466
      vertex 19.1049 20 12.9474
    endloop
  endfacet
  facet normal -0.866027 -0 -0.499997
    outer loop
      vertex 18.9899 20 13.1466
      vertex 19.1049 18 12.9474
      vertex 18.9899 18 13.1466
    endloop
  endfacet
  facet normal -0.951057 0 -0.309016
    outer loop
      vertex 19.176 18 12.7287
      vertex 19.1049 20 12.9474
      vertex 19.176 20 12.7287
    endloop
  endfacet
  facet normal -0.951057 -0 -0.309016
    outer loop
      vertex 19.1049 20 12.9474
      vertex 19.176 18 12.7287
      vertex 19.1049 18 12.9474
    endloop
  endfacet
  facet normal 0.587782 0 -0.80902
    outer loop
      vertex 17.364 18 13.3175
      vertex 17.55 20 13.4526
      vertex 17.55 18 13.4526
    endloop
  endfacet
  facet normal 0.587782 0 -0.80902
    outer loop
      vertex 17.55 20 13.4526
      vertex 17.364 18 13.3175
      vertex 17.364 20 13.3175
    endloop
  endfacet
  facet normal 0.406738 0 -0.913545
    outer loop
      vertex 17.55 18 13.4526
      vertex 17.7601 20 13.5462
      vertex 17.7601 18 13.5462
    endloop
  endfacet
  facet normal 0.406738 0 -0.913545
    outer loop
      vertex 17.7601 20 13.5462
      vertex 17.55 18 13.4526
      vertex 17.55 20 13.4526
    endloop
  endfacet
  facet normal 0.866023 0 -0.500003
    outer loop
      vertex 17.2101 18 13.1466
      vertex 17.0951 20 12.9474
      vertex 17.2101 20 13.1466
    endloop
  endfacet
  facet normal 0.866023 0 -0.500003
    outer loop
      vertex 17.0951 20 12.9474
      vertex 17.2101 18 13.1466
      vertex 17.0951 18 12.9474
    endloop
  endfacet
  facet normal -0.207912 0 -0.978148
    outer loop
      vertex 18.215 18 13.594
      vertex 18.4399 20 13.5462
      vertex 18.4399 18 13.5462
    endloop
  endfacet
  facet normal -0.207912 0 -0.978148
    outer loop
      vertex 18.4399 20 13.5462
      vertex 18.215 18 13.594
      vertex 18.215 20 13.594
    endloop
  endfacet
  facet normal -0.406735 0 -0.913546
    outer loop
      vertex 18.4399 18 13.5462
      vertex 18.65 20 13.4526
      vertex 18.65 18 13.4526
    endloop
  endfacet
  facet normal -0.406735 0 -0.913546
    outer loop
      vertex 18.65 20 13.4526
      vertex 18.4399 18 13.5462
      vertex 18.4399 20 13.5462
    endloop
  endfacet
  facet normal -0.5 0 0.866026
    outer loop
      vertex 18.1 22 9.45
      vertex 20.7414 20 10.975
      vertex 20.7414 22 10.975
    endloop
  endfacet
  facet normal -0.5 0 0.866026
    outer loop
      vertex 20.7414 20 10.975
      vertex 18.1 22 9.45
      vertex 18.1 20 9.45
    endloop
  endfacet
  facet normal -1 0 0
    outer loop
      vertex 20.7414 20 10.975
      vertex 20.7414 22 14.025
      vertex 20.7414 22 10.975
    endloop
  endfacet
  facet normal -1 -0 0
    outer loop
      vertex 20.7414 22 14.025
      vertex 20.7414 20 10.975
      vertex 20.7414 20 14.025
    endloop
  endfacet
  facet normal 0 1 0
    outer loop
      vertex 18.1 20 15.55
      vertex 18.4399 20 13.5462
      vertex 18.215 20 13.594
    endloop
  endfacet
  facet normal 0 1 0
    outer loop
      vertex 18.1 20 15.55
      vertex 18.65 20 13.4526
      vertex 18.4399 20 13.5462
    endloop
  endfacet
  facet normal 0 1 0
    outer loop
      vertex 20.7414 20 14.025
      vertex 18.836 20 13.3175
      vertex 18.65 20 13.4526
    endloop
  endfacet
  facet normal 0 1 0
    outer loop
      vertex 20.7414 20 14.025
      vertex 18.9899 20 13.1466
      vertex 18.836 20 13.3175
    endloop
  endfacet
  facet normal 0 1 0
    outer loop
      vertex 20.7414 20 14.025
      vertex 19.1049 20 12.9474
      vertex 18.9899 20 13.1466
    endloop
  endfacet
  facet normal 0 1 0
    outer loop
      vertex 20.7414 20 14.025
      vertex 19.176 20 12.7287
      vertex 19.1049 20 12.9474
    endloop
  endfacet
  facet normal 0 1 0
    outer loop
      vertex 20.7414 20 14.025
      vertex 19.188 20 12.6144
      vertex 19.176 20 12.7287
    endloop
  endfacet
  facet normal 0 1 0
    outer loop
      vertex 20.7414 20 14.025
      vertex 19.2 20 12.5
      vertex 19.188 20 12.6144
    endloop
  endfacet
  facet normal 0 1 -0
    outer loop
      vertex 20.7414 20 10.975
      vertex 19.2 20 12.5
      vertex 20.7414 20 14.025
    endloop
  endfacet
  facet normal 0 1 0
    outer loop
      vertex 19.2 20 12.5
      vertex 20.7414 20 10.975
      vertex 19.188 20 12.3856
    endloop
  endfacet
  facet normal 0 1 0
    outer loop
      vertex 19.188 20 12.3856
      vertex 20.7414 20 10.975
      vertex 19.176 20 12.2713
    endloop
  endfacet
  facet normal 0 1 0
    outer loop
      vertex 19.176 20 12.2713
      vertex 20.7414 20 10.975
      vertex 19.1049 20 12.0526
    endloop
  endfacet
  facet normal 0 1 0
    outer loop
      vertex 19.1049 20 12.0526
      vertex 20.7414 20 10.975
      vertex 18.9899 20 11.8534
    endloop
  endfacet
  facet normal 0 1 0
    outer loop
      vertex 20.7414 20 10.975
      vertex 18.836 20 11.6825
      vertex 18.9899 20 11.8534
    endloop
  endfacet
  facet normal 0 1 0
    outer loop
      vertex 20.7414 20 10.975
      vertex 18.65 20 11.5474
      vertex 18.836 20 11.6825
    endloop
  endfacet
  facet normal 0 1 0
    outer loop
      vertex 18.1 20 9.45
      vertex 18.65 20 11.5474
      vertex 20.7414 20 10.975
    endloop
  endfacet
  facet normal 0 1 0
    outer loop
      vertex 18.65 20 11.5474
      vertex 18.1 20 9.45
      vertex 18.4399 20 11.4538
    endloop
  endfacet
  facet normal 0 1 0
    outer loop
      vertex 18.4399 20 11.4538
      vertex 18.1 20 9.45
      vertex 18.215 20 11.406
    endloop
  endfacet
  facet normal 0 1 0
    outer loop
      vertex 18.215 20 11.406
      vertex 18.1 20 9.45
      vertex 18.1 20 11.406
    endloop
  endfacet
  facet normal 0 1 -0
    outer loop
      vertex 18.65 20 13.4526
      vertex 18.1 20 15.55
      vertex 20.7414 20 14.025
    endloop
  endfacet
  facet normal 0 1 0
    outer loop
      vertex 18.1 20 15.55
      vertex 18.215 20 13.594
      vertex 18.1 20 13.594
    endloop
  endfacet
  facet normal -0.5 0 -0.866026
    outer loop
      vertex 18.1 20 15.55
      vertex 20.7414 22 14.025
      vertex 20.7414 20 14.025
    endloop
  endfacet
  facet normal -0.5 0 -0.866026
    outer loop
      vertex 20.7414 22 14.025
      vertex 18.1 20 15.55
      vertex 18.1 22 15.55
    endloop
  endfacet
  facet normal 0.5 0 0.866025
    outer loop
      vertex 15.4586 22 10.975
      vertex 18.1 20 9.45
      vertex 18.1 22 9.45
    endloop
  endfacet
  facet normal 0.5 0 0.866025
    outer loop
      vertex 18.1 20 9.45
      vertex 15.4586 22 10.975
      vertex 15.4586 20 10.975
    endloop
  endfacet
  facet normal 0 1 -0
    outer loop
      vertex 18.1 20 9.45
      vertex 17.985 20 11.406
      vertex 18.1 20 11.406
    endloop
  endfacet
  facet normal 0 1 0
    outer loop
      vertex 17.985 20 11.406
      vertex 18.1 20 9.45
      vertex 15.4586 20 10.975
    endloop
  endfacet
  facet normal 0 1 0
    outer loop
      vertex 17.985 20 13.594
      vertex 18.1 20 15.55
      vertex 18.1 20 13.594
    endloop
  endfacet
  facet normal 0 1 0
    outer loop
      vertex 17.7601 20 13.5462
      vertex 18.1 20 15.55
      vertex 17.985 20 13.594
    endloop
  endfacet
  facet normal 0 1 0
    outer loop
      vertex 17.55 20 13.4526
      vertex 18.1 20 15.55
      vertex 17.7601 20 13.5462
    endloop
  endfacet
  facet normal 0 1 0
    outer loop
      vertex 18.1 20 15.55
      vertex 17.55 20 13.4526
      vertex 15.4586 20 14.025
    endloop
  endfacet
  facet normal 0 1 -0
    outer loop
      vertex 17.364 20 13.3175
      vertex 15.4586 20 14.025
      vertex 17.55 20 13.4526
    endloop
  endfacet
  facet normal 0 1 -0
    outer loop
      vertex 17.2101 20 13.1466
      vertex 15.4586 20 14.025
      vertex 17.364 20 13.3175
    endloop
  endfacet
  facet normal 0 1 -0
    outer loop
      vertex 17.0951 20 12.9474
      vertex 15.4586 20 14.025
      vertex 17.2101 20 13.1466
    endloop
  endfacet
  facet normal 0 1 -0
    outer loop
      vertex 17.024 20 12.7287
      vertex 15.4586 20 14.025
      vertex 17.0951 20 12.9474
    endloop
  endfacet
  facet normal 0 1 -0
    outer loop
      vertex 17 20 12.5
      vertex 15.4586 20 14.025
      vertex 17.024 20 12.7287
    endloop
  endfacet
  facet normal 0 1 0
    outer loop
      vertex 15.4586 20 10.975
      vertex 17 20 12.5
      vertex 17.024 20 12.2713
    endloop
  endfacet
  facet normal 0 1 0
    outer loop
      vertex 15.4586 20 10.975
      vertex 17.024 20 12.2713
      vertex 17.0951 20 12.0526
    endloop
  endfacet
  facet normal 0 1 0
    outer loop
      vertex 15.4586 20 10.975
      vertex 17.0951 20 12.0526
      vertex 17.2101 20 11.8534
    endloop
  endfacet
  facet normal 0 1 0
    outer loop
      vertex 17 20 12.5
      vertex 15.4586 20 10.975
      vertex 15.4586 20 14.025
    endloop
  endfacet
  facet normal 0 1 0
    outer loop
      vertex 17.364 20 11.6825
      vertex 15.4586 20 10.975
      vertex 17.2101 20 11.8534
    endloop
  endfacet
  facet normal 0 1 0
    outer loop
      vertex 17.55 20 11.5474
      vertex 15.4586 20 10.975
      vertex 17.364 20 11.6825
    endloop
  endfacet
  facet normal 0 1 0
    outer loop
      vertex 17.7601 20 11.4538
      vertex 15.4586 20 10.975
      vertex 17.55 20 11.5474
    endloop
  endfacet
  facet normal 0 1 0
    outer loop
      vertex 15.4586 20 10.975
      vertex 17.7601 20 11.4538
      vertex 17.985 20 11.406
    endloop
  endfacet
  facet normal 1 -0 0
    outer loop
      vertex 15.4586 20 14.025
      vertex 15.4586 22 10.975
      vertex 15.4586 22 14.025
    endloop
  endfacet
  facet normal 1 0 0
    outer loop
      vertex 15.4586 22 10.975
      vertex 15.4586 20 14.025
      vertex 15.4586 20 10.975
    endloop
  endfacet
  facet normal 0.5 0 -0.866025
    outer loop
      vertex 15.4586 20 14.025
      vertex 18.1 22 15.55
      vertex 18.1 20 15.55
    endloop
  endfacet
  facet normal 0.5 0 -0.866025
    outer loop
      vertex 18.1 22 15.55
      vertex 15.4586 20 14.025
      vertex 15.4586 22 14.025
    endloop
  endfacet
  facet normal -0 0 1
    outer loop
      vertex -26.2 22 25
      vertex 10 18 25
      vertex 10 22 25
    endloop
  endfacet
  facet normal 0 0 1
    outer loop
      vertex 10 18 25
      vertex -26.2 22 25
      vertex -26.2 18 25
    endloop
  endfacet
  facet normal -1 0 0
    outer loop
      vertex -26.2 18 0
      vertex -26.2 22 25
      vertex -26.2 22 0
    endloop
  endfacet
  facet normal -1 -0 0
    outer loop
      vertex -26.2 22 25
      vertex -26.2 18 0
      vertex -26.2 18 25
    endloop
  endfacet
  facet normal 0 -1 0
    outer loop
      vertex -17.985 18 13.594
      vertex -26.2 18 25
      vertex -18.215 18 13.594
    endloop
  endfacet
  facet normal 0 -1 0
    outer loop
      vertex -26.2 18 25
      vertex -18.4399 18 13.5462
      vertex -18.215 18 13.594
    endloop
  endfacet
  facet normal 0 -1 0
    outer loop
      vertex -26.2 18 25
      vertex -18.65 18 13.4526
      vertex -18.4399 18 13.5462
    endloop
  endfacet
  facet normal 0 -1 0
    outer loop
      vertex -26.2 18 25
      vertex -18.836 18 13.3175
      vertex -18.65 18 13.4526
    endloop
  endfacet
  facet normal 0 -1 0
    outer loop
      vertex -26.2 18 25
      vertex -18.9899 18 13.1466
      vertex -18.836 18 13.3175
    endloop
  endfacet
  facet normal 0 -1 0
    outer loop
      vertex -26.2 18 25
      vertex -19.1049 18 12.9474
      vertex -18.9899 18 13.1466
    endloop
  endfacet
  facet normal 0 -1 0
    outer loop
      vertex -26.2 18 25
      vertex -19.176 18 12.7287
      vertex -19.1049 18 12.9474
    endloop
  endfacet
  facet normal 0 -1 0
    outer loop
      vertex -26.2 18 25
      vertex -19.2 18 12.5
      vertex -19.176 18 12.7287
    endloop
  endfacet
  facet normal 0 -1 0
    outer loop
      vertex -26.2 18 0
      vertex -19.2 18 12.5
      vertex -26.2 18 25
    endloop
  endfacet
  facet normal 0 -1 -0
    outer loop
      vertex -19.2 18 12.5
      vertex -26.2 18 0
      vertex -19.176 18 12.2713
    endloop
  endfacet
  facet normal 0 -1 -0
    outer loop
      vertex -18.65 18 11.5474
      vertex -26.2 18 0
      vertex -17.55 18 11.5474
    endloop
  endfacet
  facet normal 0 -1 -0
    outer loop
      vertex -18.836 18 11.6825
      vertex -26.2 18 0
      vertex -18.65 18 11.5474
    endloop
  endfacet
  facet normal 0 -1 -0
    outer loop
      vertex -18.9899 18 11.8534
      vertex -26.2 18 0
      vertex -18.836 18 11.6825
    endloop
  endfacet
  facet normal 0 -1 -0
    outer loop
      vertex -19.1049 18 12.0526
      vertex -26.2 18 0
      vertex -18.9899 18 11.8534
    endloop
  endfacet
  facet normal 0 -1 -0
    outer loop
      vertex -19.176 18 12.2713
      vertex -26.2 18 0
      vertex -19.1049 18 12.0526
    endloop
  endfacet
  facet normal 0 -1 0
    outer loop
      vertex -17.7601 18 13.5462
      vertex -26.2 18 25
      vertex -17.985 18 13.594
    endloop
  endfacet
  facet normal 0 -1 0
    outer loop
      vertex -17.55 18 13.4526
      vertex -26.2 18 25
      vertex -17.7601 18 13.5462
    endloop
  endfacet
  facet normal 0 -1 0
    outer loop
      vertex -26.2 18 25
      vertex -17.55 18 13.4526
      vertex 10 18 25
    endloop
  endfacet
  facet normal 0 -1 0
    outer loop
      vertex -17.364 18 13.3175
      vertex 10 18 25
      vertex -17.55 18 13.4526
    endloop
  endfacet
  facet normal 0 -1 0
    outer loop
      vertex -17.2101 18 13.1466
      vertex 10 18 25
      vertex -17.364 18 13.3175
    endloop
  endfacet
  facet normal 0 -1 0
    outer loop
      vertex -17.0951 18 12.9474
      vertex 10 18 25
      vertex -17.2101 18 13.1466
    endloop
  endfacet
  facet normal 0 -1 0
    outer loop
      vertex -17.024 18 12.7287
      vertex 10 18 25
      vertex -17.0951 18 12.9474
    endloop
  endfacet
  facet normal 0 -1 0
    outer loop
      vertex -17 18 12.5
      vertex 10 18 25
      vertex -17.024 18 12.7287
    endloop
  endfacet
  facet normal 0 -1 0
    outer loop
      vertex 10 18 0
      vertex -17 18 12.5
      vertex -17.024 18 12.2713
    endloop
  endfacet
  facet normal 0 -1 0
    outer loop
      vertex 10 18 0
      vertex -17.024 18 12.2713
      vertex -17.0951 18 12.0526
    endloop
  endfacet
  facet normal 0 -1 0
    outer loop
      vertex 10 18 0
      vertex -17.0951 18 12.0526
      vertex -17.2101 18 11.8534
    endloop
  endfacet
  facet normal 0 -1 0
    outer loop
      vertex 10 18 0
      vertex -17.2101 18 11.8534
      vertex -17.364 18 11.6825
    endloop
  endfacet
  facet normal 0 -1 0
    outer loop
      vertex 10 18 0
      vertex -17.364 18 11.6825
      vertex -17.55 18 11.5474
    endloop
  endfacet
  facet normal 0 -1 0
    outer loop
      vertex 10 18 0
      vertex -17.55 18 11.5474
      vertex -26.2 18 0
    endloop
  endfacet
  facet normal 0 -1 0
    outer loop
      vertex -17 18 12.5
      vertex 10 18 0
      vertex 10 18 25
    endloop
  endfacet
  facet normal 0 0 -1
    outer loop
      vertex -26.2 18 0
      vertex 10 22 0
      vertex 10 18 0
    endloop
  endfacet
  facet normal -0 0 -1
    outer loop
      vertex 10 22 0
      vertex -26.2 18 0
      vertex -26.2 22 0
    endloop
  endfacet
  facet normal 0 1 0
    outer loop
      vertex 10 22 25
      vertex -18.1 22 15.55
      vertex -26.2 22 25
    endloop
  endfacet
  facet normal 0 1 0
    outer loop
      vertex 10 22 25
      vertex -15.4586 22 14.025
      vertex -18.1 22 15.55
    endloop
  endfacet
  facet normal 0 1 0
    outer loop
      vertex 10 22 25
      vertex -15.4586 22 10.975
      vertex -15.4586 22 14.025
    endloop
  endfacet
  facet normal 0 1 -0
    outer loop
      vertex 10 22 0
      vertex -15.4586 22 10.975
      vertex 10 22 25
    endloop
  endfacet
  facet normal 0 1 0
    outer loop
      vertex -15.4586 22 10.975
      vertex 10 22 0
      vertex -18.1 22 9.45
    endloop
  endfacet
  facet normal 0 1 -0
    outer loop
      vertex -20.7414 22 14.025
      vertex -26.2 22 25
      vertex -18.1 22 15.55
    endloop
  endfacet
  facet normal 0 1 -0
    outer loop
      vertex -20.7414 22 10.975
      vertex -26.2 22 25
      vertex -20.7414 22 14.025
    endloop
  endfacet
  facet normal 0 1 0
    outer loop
      vertex -20.7414 22 10.975
      vertex -26.2 22 0
      vertex -26.2 22 25
    endloop
  endfacet
  facet normal 0 1 0
    outer loop
      vertex -18.1 22 9.45
      vertex -26.2 22 0
      vertex -20.7414 22 10.975
    endloop
  endfacet
  facet normal 0 1 0
    outer loop
      vertex -26.2 22 0
      vertex -18.1 22 9.45
      vertex 10 22 0
    endloop
  endfacet
  facet normal 0.994521 -0 0.104539
    outer loop
      vertex -19.2 18 12.5
      vertex -19.176 20 12.2713
      vertex -19.2 20 12.5
    endloop
  endfacet
  facet normal 0.994521 0 0.104539
    outer loop
      vertex -19.176 20 12.2713
      vertex -19.2 18 12.5
      vertex -19.176 18 12.2713
    endloop
  endfacet
  facet normal -0.994522 -0 -0.104523
    outer loop
      vertex -17.024 20 12.7287
      vertex -17.012 20 12.6144
      vertex -17.024 18 12.7287
    endloop
  endfacet
  facet normal -0.207912 0 0.978148
    outer loop
      vertex -17.985 20 11.406
      vertex -17.7601 18 11.4538
      vertex -17.7601 20 11.4538
    endloop
  endfacet
  facet normal -0.207912 0 0.978148
    outer loop
      vertex -17.7601 18 11.4538
      vertex -17.985 20 11.406
      vertex -17.985 18 11.406
    endloop
  endfacet
  facet normal 0.587782 0 0.80902
    outer loop
      vertex -18.836 20 11.6825
      vertex -18.65 18 11.5474
      vertex -18.65 20 11.5474
    endloop
  endfacet
  facet normal 0.587782 0 0.80902
    outer loop
      vertex -18.65 18 11.5474
      vertex -18.836 20 11.6825
      vertex -18.836 18 11.6825
    endloop
  endfacet
  facet normal 0.20791 0 -0.978148
    outer loop
      vertex -18.4399 18 13.5462
      vertex -18.215 20 13.594
      vertex -18.215 18 13.594
    endloop
  endfacet
  facet normal 0.20791 0 -0.978148
    outer loop
      vertex -18.215 20 13.594
      vertex -18.4399 18 13.5462
      vertex -18.4399 20 13.5462
    endloop
  endfacet
  facet normal -0.866027 0 0.499997
    outer loop
      vertex -17.2101 18 11.8534
      vertex -17.0951 20 12.0526
      vertex -17.2101 20 11.8534
    endloop
  endfacet
  facet normal -0.866027 0 0.499997
    outer loop
      vertex -17.0951 20 12.0526
      vertex -17.2101 18 11.8534
      vertex -17.0951 18 12.0526
    endloop
  endfacet
  facet normal -0.951054 0 0.309024
    outer loop
      vertex -17.0951 18 12.0526
      vertex -17.024 20 12.2713
      vertex -17.0951 20 12.0526
    endloop
  endfacet
  facet normal -0.951054 0 0.309024
    outer loop
      vertex -17.024 20 12.2713
      vertex -17.0951 18 12.0526
      vertex -17.024 18 12.2713
    endloop
  endfacet
  facet normal 0.866023 -0 0.500003
    outer loop
      vertex -19.1049 18 12.0526
      vertex -18.9899 20 11.8534
      vertex -19.1049 20 12.0526
    endloop
  endfacet
  facet normal 0.866023 0 0.500003
    outer loop
      vertex -18.9899 20 11.8534
      vertex -19.1049 18 12.0526
      vertex -18.9899 18 11.8534
    endloop
  endfacet
  facet normal 0.951059 -0 0.309009
    outer loop
      vertex -19.176 18 12.2713
      vertex -19.1049 20 12.0526
      vertex -19.176 20 12.2713
    endloop
  endfacet
  facet normal 0.951059 0 0.309009
    outer loop
      vertex -19.1049 20 12.0526
      vertex -19.176 18 12.2713
      vertex -19.1049 18 12.0526
    endloop
  endfacet
  facet normal 0.743148 -0 0.669127
    outer loop
      vertex -18.9899 18 11.8534
      vertex -18.836 20 11.6825
      vertex -18.9899 20 11.8534
    endloop
  endfacet
  facet normal 0.743148 0 0.669127
    outer loop
      vertex -18.836 20 11.6825
      vertex -18.9899 18 11.8534
      vertex -18.836 18 11.6825
    endloop
  endfacet
  facet normal 0.20791 0 0.978148
    outer loop
      vertex -18.4399 20 11.4538
      vertex -18.215 18 11.406
      vertex -18.215 20 11.406
    endloop
  endfacet
  facet normal 0.20791 0 0.978148
    outer loop
      vertex -18.215 18 11.406
      vertex -18.4399 20 11.4538
      vertex -18.4399 18 11.4538
    endloop
  endfacet
  facet normal -0 0 1
    outer loop
      vertex -18.1 20 11.406
      vertex -17.985 18 11.406
      vertex -17.985 20 11.406
    endloop
  endfacet
  facet normal 0 0 1
    outer loop
      vertex -18.215 18 11.406
      vertex -18.1 20 11.406
      vertex -18.215 20 11.406
    endloop
  endfacet
  facet normal 0 0 1
    outer loop
      vertex -18.1 20 11.406
      vertex -18.215 18 11.406
      vertex -17.985 18 11.406
    endloop
  endfacet
  facet normal 0 1 -0
    outer loop
      vertex -17.985 18 11.406
      vertex -18.65 18 11.5474
      vertex -17.55 18 11.5474
    endloop
  endfacet
  facet normal 0 1 0
    outer loop
      vertex -18.65 18 11.5474
      vertex -17.985 18 11.406
      vertex -18.215 18 11.406
    endloop
  endfacet
  facet normal 0.406738 0 0.913545
    outer loop
      vertex -18.65 20 11.5474
      vertex -18.4399 18 11.4538
      vertex -18.4399 20 11.4538
    endloop
  endfacet
  facet normal 0.406738 0 0.913545
    outer loop
      vertex -18.4399 18 11.4538
      vertex -18.65 20 11.5474
      vertex -18.65 18 11.5474
    endloop
  endfacet
  facet normal 0 1 0
    outer loop
      vertex -17.55 18 11.5474
      vertex -17.7601 18 11.4538
      vertex -17.985 18 11.406
    endloop
  endfacet
  facet normal -0.994522 0 0.104523
    outer loop
      vertex -17.024 18 12.2713
      vertex -17.012 20 12.3856
      vertex -17.024 20 12.2713
    endloop
  endfacet
  facet normal -0.994522 0 0.104523
    outer loop
      vertex -17.012 20 12.3856
      vertex -17.024 18 12.2713
      vertex -17 18 12.5
    endloop
  endfacet
  facet normal 0.994521 0 -0.10454
    outer loop
      vertex -19.176 18 12.7287
      vertex -19.2 20 12.5
      vertex -19.176 20 12.7287
    endloop
  endfacet
  facet normal 0.994521 0 -0.10454
    outer loop
      vertex -19.2 20 12.5
      vertex -19.176 18 12.7287
      vertex -19.2 18 12.5
    endloop
  endfacet
  facet normal 0.951059 0 -0.309009
    outer loop
      vertex -19.1049 18 12.9474
      vertex -19.176 20 12.7287
      vertex -19.1049 20 12.9474
    endloop
  endfacet
  facet normal 0.951059 0 -0.309009
    outer loop
      vertex -19.176 20 12.7287
      vertex -19.1049 18 12.9474
      vertex -19.176 18 12.7287
    endloop
  endfacet
  facet normal 0 1 0
    outer loop
      vertex -18.215 18 11.406
      vertex -18.4399 18 11.4538
      vertex -18.65 18 11.5474
    endloop
  endfacet
  facet normal -0.587785 0 0.809017
    outer loop
      vertex -17.55 20 11.5474
      vertex -17.364 18 11.6825
      vertex -17.364 20 11.6825
    endloop
  endfacet
  facet normal -0.587785 0 0.809017
    outer loop
      vertex -17.364 18 11.6825
      vertex -17.55 20 11.5474
      vertex -17.55 18 11.5474
    endloop
  endfacet
  facet normal -0.406735 0 0.913546
    outer loop
      vertex -17.7601 20 11.4538
      vertex -17.55 18 11.5474
      vertex -17.55 20 11.5474
    endloop
  endfacet
  facet normal -0.406735 0 0.913546
    outer loop
      vertex -17.55 18 11.5474
      vertex -17.7601 20 11.4538
      vertex -17.7601 18 11.4538
    endloop
  endfacet
  facet normal -0.743144 0 0.669131
    outer loop
      vertex -17.364 18 11.6825
      vertex -17.2101 20 11.8534
      vertex -17.364 20 11.6825
    endloop
  endfacet
  facet normal -0.743144 0 0.669131
    outer loop
      vertex -17.2101 20 11.8534
      vertex -17.364 18 11.6825
      vertex -17.2101 18 11.8534
    endloop
  endfacet
  facet normal -0.994523 -4.98402e-008 0.104522
    outer loop
      vertex -17 18 12.5
      vertex -17 20 12.5
      vertex -17.012 20 12.3856
    endloop
  endfacet
  facet normal -0.994522 4.98406e-008 -0.104523
    outer loop
      vertex -17 18 12.5
      vertex -17.012 20 12.6144
      vertex -17 20 12.5
    endloop
  endfacet
  facet normal -0.994522 2.49202e-008 -0.104523
    outer loop
      vertex -17.012 20 12.6144
      vertex -17 18 12.5
      vertex -17.024 18 12.7287
    endloop
  endfacet
  facet normal 0.743148 0 -0.669127
    outer loop
      vertex -18.836 18 13.3175
      vertex -18.9899 20 13.1466
      vertex -18.836 20 13.3175
    endloop
  endfacet
  facet normal 0.743148 0 -0.669127
    outer loop
      vertex -18.9899 20 13.1466
      vertex -18.836 18 13.3175
      vertex -18.9899 18 13.1466
    endloop
  endfacet
  facet normal 0 0 -1
    outer loop
      vertex -17.985 18 13.594
      vertex -18.1 20 13.594
      vertex -17.985 20 13.594
    endloop
  endfacet
  facet normal 0 0 -1
    outer loop
      vertex -18.215 18 13.594
      vertex -18.1 20 13.594
      vertex -17.985 18 13.594
    endloop
  endfacet
  facet normal -0 0 -1
    outer loop
      vertex -18.1 20 13.594
      vertex -18.215 18 13.594
      vertex -18.215 20 13.594
    endloop
  endfacet
  facet normal -0.587785 0 -0.809017
    outer loop
      vertex -17.55 18 13.4526
      vertex -17.364 20 13.3175
      vertex -17.364 18 13.3175
    endloop
  endfacet
  facet normal -0.587785 0 -0.809017
    outer loop
      vertex -17.364 20 13.3175
      vertex -17.55 18 13.4526
      vertex -17.55 20 13.4526
    endloop
  endfacet
  facet normal -0.743144 0 -0.669131
    outer loop
      vertex -17.2101 18 13.1466
      vertex -17.364 20 13.3175
      vertex -17.2101 20 13.1466
    endloop
  endfacet
  facet normal -0.743144 -0 -0.669131
    outer loop
      vertex -17.364 20 13.3175
      vertex -17.2101 18 13.1466
      vertex -17.364 18 13.3175
    endloop
  endfacet
  facet normal -0.866027 0 -0.499997
    outer loop
      vertex -17.0951 18 12.9474
      vertex -17.2101 20 13.1466
      vertex -17.0951 20 12.9474
    endloop
  endfacet
  facet normal -0.866027 -0 -0.499997
    outer loop
      vertex -17.2101 20 13.1466
      vertex -17.0951 18 12.9474
      vertex -17.2101 18 13.1466
    endloop
  endfacet
  facet normal -0.951054 0 -0.309024
    outer loop
      vertex -17.024 18 12.7287
      vertex -17.0951 20 12.9474
      vertex -17.024 20 12.7287
    endloop
  endfacet
  facet normal -0.951054 -0 -0.309024
    outer loop
      vertex -17.0951 20 12.9474
      vertex -17.024 18 12.7287
      vertex -17.0951 18 12.9474
    endloop
  endfacet
  facet normal 0.587782 0 -0.80902
    outer loop
      vertex -18.836 18 13.3175
      vertex -18.65 20 13.4526
      vertex -18.65 18 13.4526
    endloop
  endfacet
  facet normal 0.587782 0 -0.80902
    outer loop
      vertex -18.65 20 13.4526
      vertex -18.836 18 13.3175
      vertex -18.836 20 13.3175
    endloop
  endfacet
  facet normal 0.406738 0 -0.913545
    outer loop
      vertex -18.65 18 13.4526
      vertex -18.4399 20 13.5462
      vertex -18.4399 18 13.5462
    endloop
  endfacet
  facet normal 0.406738 0 -0.913545
    outer loop
      vertex -18.4399 20 13.5462
      vertex -18.65 18 13.4526
      vertex -18.65 20 13.4526
    endloop
  endfacet
  facet normal 0.866023 0 -0.500003
    outer loop
      vertex -18.9899 18 13.1466
      vertex -19.1049 20 12.9474
      vertex -18.9899 20 13.1466
    endloop
  endfacet
  facet normal 0.866023 0 -0.500003
    outer loop
      vertex -19.1049 20 12.9474
      vertex -18.9899 18 13.1466
      vertex -19.1049 18 12.9474
    endloop
  endfacet
  facet normal -0.207912 0 -0.978148
    outer loop
      vertex -17.985 18 13.594
      vertex -17.7601 20 13.5462
      vertex -17.7601 18 13.5462
    endloop
  endfacet
  facet normal -0.207912 0 -0.978148
    outer loop
      vertex -17.7601 20 13.5462
      vertex -17.985 18 13.594
      vertex -17.985 20 13.594
    endloop
  endfacet
  facet normal -0.406735 0 -0.913546
    outer loop
      vertex -17.7601 18 13.5462
      vertex -17.55 20 13.4526
      vertex -17.55 18 13.4526
    endloop
  endfacet
  facet normal -0.406735 0 -0.913546
    outer loop
      vertex -17.55 20 13.4526
      vertex -17.7601 18 13.5462
      vertex -17.7601 20 13.5462
    endloop
  endfacet
  facet normal -0.5 0 0.866025
    outer loop
      vertex -18.1 22 9.45
      vertex -15.4586 20 10.975
      vertex -15.4586 22 10.975
    endloop
  endfacet
  facet normal -0.5 0 0.866025
    outer loop
      vertex -15.4586 20 10.975
      vertex -18.1 22 9.45
      vertex -18.1 20 9.45
    endloop
  endfacet
  facet normal -1 0 0
    outer loop
      vertex -15.4586 20 10.975
      vertex -15.4586 22 14.025
      vertex -15.4586 22 10.975
    endloop
  endfacet
  facet normal -1 -0 0
    outer loop
      vertex -15.4586 22 14.025
      vertex -15.4586 20 10.975
      vertex -15.4586 20 14.025
    endloop
  endfacet
  facet normal 0 1 0
    outer loop
      vertex -18.1 20 15.55
      vertex -17.7601 20 13.5462
      vertex -17.985 20 13.594
    endloop
  endfacet
  facet normal 0 1 0
    outer loop
      vertex -18.1 20 15.55
      vertex -17.55 20 13.4526
      vertex -17.7601 20 13.5462
    endloop
  endfacet
  facet normal 0 1 0
    outer loop
      vertex -15.4586 20 14.025
      vertex -17.364 20 13.3175
      vertex -17.55 20 13.4526
    endloop
  endfacet
  facet normal 0 1 0
    outer loop
      vertex -15.4586 20 14.025
      vertex -17.2101 20 13.1466
      vertex -17.364 20 13.3175
    endloop
  endfacet
  facet normal 0 1 0
    outer loop
      vertex -15.4586 20 14.025
      vertex -17.0951 20 12.9474
      vertex -17.2101 20 13.1466
    endloop
  endfacet
  facet normal 0 1 0
    outer loop
      vertex -15.4586 20 14.025
      vertex -17.024 20 12.7287
      vertex -17.0951 20 12.9474
    endloop
  endfacet
  facet normal 0 1 0
    outer loop
      vertex -15.4586 20 14.025
      vertex -17.012 20 12.6144
      vertex -17.024 20 12.7287
    endloop
  endfacet
  facet normal 0 1 0
    outer loop
      vertex -15.4586 20 14.025
      vertex -17 20 12.5
      vertex -17.012 20 12.6144
    endloop
  endfacet
  facet normal 0 1 -0
    outer loop
      vertex -15.4586 20 10.975
      vertex -17 20 12.5
      vertex -15.4586 20 14.025
    endloop
  endfacet
  facet normal 0 1 0
    outer loop
      vertex -17 20 12.5
      vertex -15.4586 20 10.975
      vertex -17.012 20 12.3856
    endloop
  endfacet
  facet normal 0 1 0
    outer loop
      vertex -17.012 20 12.3856
      vertex -15.4586 20 10.975
      vertex -17.024 20 12.2713
    endloop
  endfacet
  facet normal 0 1 0
    outer loop
      vertex -17.024 20 12.2713
      vertex -15.4586 20 10.975
      vertex -17.0951 20 12.0526
    endloop
  endfacet
  facet normal 0 1 0
    outer loop
      vertex -17.0951 20 12.0526
      vertex -15.4586 20 10.975
      vertex -17.2101 20 11.8534
    endloop
  endfacet
  facet normal 0 1 0
    outer loop
      vertex -15.4586 20 10.975
      vertex -17.364 20 11.6825
      vertex -17.2101 20 11.8534
    endloop
  endfacet
  facet normal 0 1 0
    outer loop
      vertex -15.4586 20 10.975
      vertex -17.55 20 11.5474
      vertex -17.364 20 11.6825
    endloop
  endfacet
  facet normal 0 1 0
    outer loop
      vertex -18.1 20 9.45
      vertex -17.55 20 11.5474
      vertex -15.4586 20 10.975
    endloop
  endfacet
  facet normal 0 1 0
    outer loop
      vertex -17.55 20 11.5474
      vertex -18.1 20 9.45
      vertex -17.7601 20 11.4538
    endloop
  endfacet
  facet normal 0 1 0
    outer loop
      vertex -17.7601 20 11.4538
      vertex -18.1 20 9.45
      vertex -17.985 20 11.406
    endloop
  endfacet
  facet normal 0 1 0
    outer loop
      vertex -17.985 20 11.406
      vertex -18.1 20 9.45
      vertex -18.1 20 11.406
    endloop
  endfacet
  facet normal 0 1 -0
    outer loop
      vertex -17.55 20 13.4526
      vertex -18.1 20 15.55
      vertex -15.4586 20 14.025
    endloop
  endfacet
  facet normal 0 1 0
    outer loop
      vertex -18.1 20 15.55
      vertex -17.985 20 13.594
      vertex -18.1 20 13.594
    endloop
  endfacet
  facet normal -0.5 0 -0.866025
    outer loop
      vertex -18.1 20 15.55
      vertex -15.4586 22 14.025
      vertex -15.4586 20 14.025
    endloop
  endfacet
  facet normal -0.5 0 -0.866025
    outer loop
      vertex -15.4586 22 14.025
      vertex -18.1 20 15.55
      vertex -18.1 22 15.55
    endloop
  endfacet
  facet normal 0.5 0 0.866026
    outer loop
      vertex -20.7414 22 10.975
      vertex -18.1 20 9.45
      vertex -18.1 22 9.45
    endloop
  endfacet
  facet normal 0.5 0 0.866026
    outer loop
      vertex -18.1 20 9.45
      vertex -20.7414 22 10.975
      vertex -20.7414 20 10.975
    endloop
  endfacet
  facet normal 0 1 -0
    outer loop
      vertex -18.1 20 9.45
      vertex -18.215 20 11.406
      vertex -18.1 20 11.406
    endloop
  endfacet
  facet normal 0 1 0
    outer loop
      vertex -18.215 20 11.406
      vertex -18.1 20 9.45
      vertex -20.7414 20 10.975
    endloop
  endfacet
  facet normal 0 1 0
    outer loop
      vertex -18.215 20 13.594
      vertex -18.1 20 15.55
      vertex -18.1 20 13.594
    endloop
  endfacet
  facet normal 0 1 0
    outer loop
      vertex -18.4399 20 13.5462
      vertex -18.1 20 15.55
      vertex -18.215 20 13.594
    endloop
  endfacet
  facet normal 0 1 0
    outer loop
      vertex -18.65 20 13.4526
      vertex -18.1 20 15.55
      vertex -18.4399 20 13.5462
    endloop
  endfacet
  facet normal 0 1 0
    outer loop
      vertex -18.1 20 15.55
      vertex -18.65 20 13.4526
      vertex -20.7414 20 14.025
    endloop
  endfacet
  facet normal 0 1 -0
    outer loop
      vertex -18.836 20 13.3175
      vertex -20.7414 20 14.025
      vertex -18.65 20 13.4526
    endloop
  endfacet
  facet normal 0 1 -0
    outer loop
      vertex -18.9899 20 13.1466
      vertex -20.7414 20 14.025
      vertex -18.836 20 13.3175
    endloop
  endfacet
  facet normal 0 1 -0
    outer loop
      vertex -19.1049 20 12.9474
      vertex -20.7414 20 14.025
      vertex -18.9899 20 13.1466
    endloop
  endfacet
  facet normal 0 1 -0
    outer loop
      vertex -19.176 20 12.7287
      vertex -20.7414 20 14.025
      vertex -19.1049 20 12.9474
    endloop
  endfacet
  facet normal 0 1 -0
    outer loop
      vertex -19.2 20 12.5
      vertex -20.7414 20 14.025
      vertex -19.176 20 12.7287
    endloop
  endfacet
  facet normal 0 1 0
    outer loop
      vertex -20.7414 20 10.975
      vertex -19.2 20 12.5
      vertex -19.176 20 12.2713
    endloop
  endfacet
  facet normal 0 1 0
    outer loop
      vertex -20.7414 20 10.975
      vertex -19.176 20 12.2713
      vertex -19.1049 20 12.0526
    endloop
  endfacet
  facet normal 0 1 0
    outer loop
      vertex -20.7414 20 10.975
      vertex -19.1049 20 12.0526
      vertex -18.9899 20 11.8534
    endloop
  endfacet
  facet normal 0 1 0
    outer loop
      vertex -19.2 20 12.5
      vertex -20.7414 20 10.975
      vertex -20.7414 20 14.025
    endloop
  endfacet
  facet normal 0 1 0
    outer loop
      vertex -18.836 20 11.6825
      vertex -20.7414 20 10.975
      vertex -18.9899 20 11.8534
    endloop
  endfacet
  facet normal 0 1 0
    outer loop
      vertex -18.65 20 11.5474
      vertex -20.7414 20 10.975
      vertex -18.836 20 11.6825
    endloop
  endfacet
  facet normal 0 1 0
    outer loop
      vertex -18.4399 20 11.4538
      vertex -20.7414 20 10.975
      vertex -18.65 20 11.5474
    endloop
  endfacet
  facet normal 0 1 0
    outer loop
      vertex -20.7414 20 10.975
      vertex -18.4399 20 11.4538
      vertex -18.215 20 11.406
    endloop
  endfacet
  facet normal 1 -0 0
    outer loop
      vertex -20.7414 20 14.025
      vertex -20.7414 22 10.975
      vertex -20.7414 22 14.025
    endloop
  endfacet
  facet normal 1 0 0
    outer loop
      vertex -20.7414 22 10.975
      vertex -20.7414 20 14.025
      vertex -20.7414 20 10.975
    endloop
  endfacet
  facet normal 0.5 0 -0.866026
    outer loop
      vertex -20.7414 20 14.025
      vertex -18.1 22 15.55
      vertex -18.1 20 15.55
    endloop
  endfacet
  facet normal 0.5 0 -0.866026
    outer loop
      vertex -18.1 22 15.55
      vertex -20.7414 20 14.025
      vertex -20.7414 22 14.025
    endloop
  endfacet
  facet normal 1 -0 0
    outer loop
      vertex 10 18 25
      vertex 10 22 0
      vertex 10 22 25
    endloop
  endfacet
  facet normal 1 0 0
    outer loop
      vertex 10 22 0
      vertex 10 18 25
      vertex 10 18 0
    endloop
  endfacet
  facet normal 1 -0 0
    outer loop
      vertex 26.2 30 25
      vertex 26.2 34 0
      vertex 26.2 34 25
    endloop
  endfacet
  facet normal 1 0 0
    outer loop
      vertex 26.2 34 0
      vertex 26.2 30 25
      vertex 26.2 30 0
    endloop
  endfacet
  facet normal -0 0 1
    outer loop
      vertex 10 34 25
      vertex 26.2 30 25
      vertex 26.2 34 25
    endloop
  endfacet
  facet normal 0 0 1
    outer loop
      vertex 26.2 30 25
      vertex 10 34 25
      vertex 10 30 25
    endloop
  endfacet
  facet normal -1 0 0
    outer loop
      vertex 10 30 0
      vertex 10 34 25
      vertex 10 34 0
    endloop
  endfacet
  facet normal -1 -0 0
    outer loop
      vertex 10 34 25
      vertex 10 30 0
      vertex 10 30 25
    endloop
  endfacet
  facet normal 0 -1 0
    outer loop
      vertex 10 30 25
      vertex 17.985 30 13.594
      vertex 26.2 30 25
    endloop
  endfacet
  facet normal 0 -1 0
    outer loop
      vertex 10 30 25
      vertex 17.7601 30 13.5462
      vertex 17.985 30 13.594
    endloop
  endfacet
  facet normal 0 -1 0
    outer loop
      vertex 10 30 25
      vertex 17.55 30 13.4526
      vertex 17.7601 30 13.5462
    endloop
  endfacet
  facet normal 0 -1 0
    outer loop
      vertex 10 30 25
      vertex 17.364 30 13.3175
      vertex 17.55 30 13.4526
    endloop
  endfacet
  facet normal 0 -1 0
    outer loop
      vertex 10 30 25
      vertex 17.2101 30 13.1466
      vertex 17.364 30 13.3175
    endloop
  endfacet
  facet normal 0 -1 0
    outer loop
      vertex 10 30 25
      vertex 17.0951 30 12.9474
      vertex 17.2101 30 13.1466
    endloop
  endfacet
  facet normal 0 -1 0
    outer loop
      vertex 10 30 25
      vertex 17.024 30 12.7287
      vertex 17.0951 30 12.9474
    endloop
  endfacet
  facet normal 0 -1 0
    outer loop
      vertex 10 30 25
      vertex 17 30 12.5
      vertex 17.024 30 12.7287
    endloop
  endfacet
  facet normal 0 -1 0
    outer loop
      vertex 10 30 0
      vertex 17 30 12.5
      vertex 10 30 25
    endloop
  endfacet
  facet normal 0 -1 -0
    outer loop
      vertex 17 30 12.5
      vertex 10 30 0
      vertex 17.024 30 12.2713
    endloop
  endfacet
  facet normal 0 -1 -0
    outer loop
      vertex 17.55 30 11.5474
      vertex 10 30 0
      vertex 18.65 30 11.5474
    endloop
  endfacet
  facet normal 0 -1 -0
    outer loop
      vertex 17.364 30 11.6825
      vertex 10 30 0
      vertex 17.55 30 11.5474
    endloop
  endfacet
  facet normal 0 -1 -0
    outer loop
      vertex 17.2101 30 11.8534
      vertex 10 30 0
      vertex 17.364 30 11.6825
    endloop
  endfacet
  facet normal 0 -1 -0
    outer loop
      vertex 17.0951 30 12.0526
      vertex 10 30 0
      vertex 17.2101 30 11.8534
    endloop
  endfacet
  facet normal 0 -1 -0
    outer loop
      vertex 17.024 30 12.2713
      vertex 10 30 0
      vertex 17.0951 30 12.0526
    endloop
  endfacet
  facet normal 0 -1 0
    outer loop
      vertex 18.215 30 13.594
      vertex 26.2 30 25
      vertex 17.985 30 13.594
    endloop
  endfacet
  facet normal 0 -1 0
    outer loop
      vertex 18.4399 30 13.5462
      vertex 26.2 30 25
      vertex 18.215 30 13.594
    endloop
  endfacet
  facet normal 0 -1 0
    outer loop
      vertex 18.65 30 13.4526
      vertex 26.2 30 25
      vertex 18.4399 30 13.5462
    endloop
  endfacet
  facet normal 0 -1 0
    outer loop
      vertex 18.836 30 13.3175
      vertex 26.2 30 25
      vertex 18.65 30 13.4526
    endloop
  endfacet
  facet normal 0 -1 0
    outer loop
      vertex 18.9899 30 13.1466
      vertex 26.2 30 25
      vertex 18.836 30 13.3175
    endloop
  endfacet
  facet normal 0 -1 0
    outer loop
      vertex 19.1049 30 12.9474
      vertex 26.2 30 25
      vertex 18.9899 30 13.1466
    endloop
  endfacet
  facet normal 0 -1 0
    outer loop
      vertex 19.176 30 12.7287
      vertex 26.2 30 25
      vertex 19.1049 30 12.9474
    endloop
  endfacet
  facet normal 0 -1 0
    outer loop
      vertex 19.2 30 12.5
      vertex 26.2 30 25
      vertex 19.176 30 12.7287
    endloop
  endfacet
  facet normal 0 -1 0
    outer loop
      vertex 26.2 30 0
      vertex 19.2 30 12.5
      vertex 19.176 30 12.2713
    endloop
  endfacet
  facet normal 0 -1 0
    outer loop
      vertex 26.2 30 0
      vertex 19.176 30 12.2713
      vertex 19.1049 30 12.0526
    endloop
  endfacet
  facet normal 0 -1 0
    outer loop
      vertex 26.2 30 0
      vertex 18.65 30 11.5474
      vertex 10 30 0
    endloop
  endfacet
  facet normal 0 -1 0
    outer loop
      vertex 18.65 30 11.5474
      vertex 26.2 30 0
      vertex 18.836 30 11.6825
    endloop
  endfacet
  facet normal 0 -1 0
    outer loop
      vertex 19.2 30 12.5
      vertex 26.2 30 0
      vertex 26.2 30 25
    endloop
  endfacet
  facet normal 0 -1 0
    outer loop
      vertex 18.9899 30 11.8534
      vertex 26.2 30 0
      vertex 19.1049 30 12.0526
    endloop
  endfacet
  facet normal 0 -1 0
    outer loop
      vertex 18.836 30 11.6825
      vertex 26.2 30 0
      vertex 18.9899 30 11.8534
    endloop
  endfacet
  facet normal 0 0 -1
    outer loop
      vertex 10 30 0
      vertex 26.2 34 0
      vertex 26.2 30 0
    endloop
  endfacet
  facet normal -0 0 -1
    outer loop
      vertex 26.2 34 0
      vertex 10 30 0
      vertex 10 34 0
    endloop
  endfacet
  facet normal 0 1 0
    outer loop
      vertex 26.2 34 25
      vertex 18.1 34 15.55
      vertex 10 34 25
    endloop
  endfacet
  facet normal 0 1 0
    outer loop
      vertex 26.2 34 25
      vertex 20.7414 34 14.025
      vertex 18.1 34 15.55
    endloop
  endfacet
  facet normal 0 1 0
    outer loop
      vertex 26.2 34 25
      vertex 20.7414 34 10.975
      vertex 20.7414 34 14.025
    endloop
  endfacet
  facet normal 0 1 0
    outer loop
      vertex 20.7414 34 10.975
      vertex 26.2 34 0
      vertex 18.1 34 9.45
    endloop
  endfacet
  facet normal 0 1 -0
    outer loop
      vertex 26.2 34 0
      vertex 20.7414 34 10.975
      vertex 26.2 34 25
    endloop
  endfacet
  facet normal 0 1 -0
    outer loop
      vertex 15.4586 34 14.025
      vertex 10 34 25
      vertex 18.1 34 15.55
    endloop
  endfacet
  facet normal 0 1 -0
    outer loop
      vertex 15.4586 34 10.975
      vertex 10 34 25
      vertex 15.4586 34 14.025
    endloop
  endfacet
  facet normal 0 1 0
    outer loop
      vertex 10 34 0
      vertex 18.1 34 9.45
      vertex 26.2 34 0
    endloop
  endfacet
  facet normal 0 1 0
    outer loop
      vertex 15.4586 34 10.975
      vertex 10 34 0
      vertex 10 34 25
    endloop
  endfacet
  facet normal 0 1 0
    outer loop
      vertex 18.1 34 9.45
      vertex 10 34 0
      vertex 15.4586 34 10.975
    endloop
  endfacet
  facet normal 0.994522 -0 0.104531
    outer loop
      vertex 17 30 12.5
      vertex 17.024 32 12.2713
      vertex 17 32 12.5
    endloop
  endfacet
  facet normal 0.994522 0 0.104531
    outer loop
      vertex 17.024 32 12.2713
      vertex 17 30 12.5
      vertex 17.024 30 12.2713
    endloop
  endfacet
  facet normal -0.994522 -0 -0.104523
    outer loop
      vertex 19.176 32 12.7287
      vertex 19.188 32 12.6144
      vertex 19.176 30 12.7287
    endloop
  endfacet
  facet normal -0.207912 0 0.978148
    outer loop
      vertex 18.215 32 11.406
      vertex 18.4399 30 11.4538
      vertex 18.4399 32 11.4538
    endloop
  endfacet
  facet normal -0.207912 0 0.978148
    outer loop
      vertex 18.4399 30 11.4538
      vertex 18.215 32 11.406
      vertex 18.215 30 11.406
    endloop
  endfacet
  facet normal 0.587782 0 0.80902
    outer loop
      vertex 17.364 32 11.6825
      vertex 17.55 30 11.5474
      vertex 17.55 32 11.5474
    endloop
  endfacet
  facet normal 0.587782 0 0.80902
    outer loop
      vertex 17.55 30 11.5474
      vertex 17.364 32 11.6825
      vertex 17.364 30 11.6825
    endloop
  endfacet
  facet normal 0.20791 0 -0.978148
    outer loop
      vertex 17.7601 30 13.5462
      vertex 17.985 32 13.594
      vertex 17.985 30 13.594
    endloop
  endfacet
  facet normal 0.20791 0 -0.978148
    outer loop
      vertex 17.985 32 13.594
      vertex 17.7601 30 13.5462
      vertex 17.7601 32 13.5462
    endloop
  endfacet
  facet normal -0.866027 0 0.499997
    outer loop
      vertex 18.9899 30 11.8534
      vertex 19.1049 32 12.0526
      vertex 18.9899 32 11.8534
    endloop
  endfacet
  facet normal -0.866027 0 0.499997
    outer loop
      vertex 19.1049 32 12.0526
      vertex 18.9899 30 11.8534
      vertex 19.1049 30 12.0526
    endloop
  endfacet
  facet normal -0.951057 0 0.309016
    outer loop
      vertex 19.1049 30 12.0526
      vertex 19.176 32 12.2713
      vertex 19.1049 32 12.0526
    endloop
  endfacet
  facet normal -0.951057 0 0.309016
    outer loop
      vertex 19.176 32 12.2713
      vertex 19.1049 30 12.0526
      vertex 19.176 30 12.2713
    endloop
  endfacet
  facet normal 0.866023 -0 0.500003
    outer loop
      vertex 17.0951 30 12.0526
      vertex 17.2101 32 11.8534
      vertex 17.0951 32 12.0526
    endloop
  endfacet
  facet normal 0.866023 0 0.500003
    outer loop
      vertex 17.2101 32 11.8534
      vertex 17.0951 30 12.0526
      vertex 17.2101 30 11.8534
    endloop
  endfacet
  facet normal 0.951057 -0 0.309016
    outer loop
      vertex 17.024 30 12.2713
      vertex 17.0951 32 12.0526
      vertex 17.024 32 12.2713
    endloop
  endfacet
  facet normal 0.951057 0 0.309016
    outer loop
      vertex 17.0951 32 12.0526
      vertex 17.024 30 12.2713
      vertex 17.0951 30 12.0526
    endloop
  endfacet
  facet normal 0.743148 -0 0.669127
    outer loop
      vertex 17.2101 30 11.8534
      vertex 17.364 32 11.6825
      vertex 17.2101 32 11.8534
    endloop
  endfacet
  facet normal 0.743148 0 0.669127
    outer loop
      vertex 17.364 32 11.6825
      vertex 17.2101 30 11.8534
      vertex 17.364 30 11.6825
    endloop
  endfacet
  facet normal 0.20791 0 0.978148
    outer loop
      vertex 17.7601 32 11.4538
      vertex 17.985 30 11.406
      vertex 17.985 32 11.406
    endloop
  endfacet
  facet normal 0.20791 0 0.978148
    outer loop
      vertex 17.985 30 11.406
      vertex 17.7601 32 11.4538
      vertex 17.7601 30 11.4538
    endloop
  endfacet
  facet normal -0 0 1
    outer loop
      vertex 18.1 32 11.406
      vertex 18.215 30 11.406
      vertex 18.215 32 11.406
    endloop
  endfacet
  facet normal 0 0 1
    outer loop
      vertex 17.985 30 11.406
      vertex 18.1 32 11.406
      vertex 17.985 32 11.406
    endloop
  endfacet
  facet normal 0 0 1
    outer loop
      vertex 18.1 32 11.406
      vertex 17.985 30 11.406
      vertex 18.215 30 11.406
    endloop
  endfacet
  facet normal 0 1 -0
    outer loop
      vertex 18.215 30 11.406
      vertex 17.55 30 11.5474
      vertex 18.65 30 11.5474
    endloop
  endfacet
  facet normal 0 1 0
    outer loop
      vertex 17.55 30 11.5474
      vertex 18.215 30 11.406
      vertex 17.985 30 11.406
    endloop
  endfacet
  facet normal 0.406738 0 0.913545
    outer loop
      vertex 17.55 32 11.5474
      vertex 17.7601 30 11.4538
      vertex 17.7601 32 11.4538
    endloop
  endfacet
  facet normal 0.406738 0 0.913545
    outer loop
      vertex 17.7601 30 11.4538
      vertex 17.55 32 11.5474
      vertex 17.55 30 11.5474
    endloop
  endfacet
  facet normal 0 1 0
    outer loop
      vertex 18.65 30 11.5474
      vertex 18.4399 30 11.4538
      vertex 18.215 30 11.406
    endloop
  endfacet
  facet normal -0.994522 0 0.104523
    outer loop
      vertex 19.176 30 12.2713
      vertex 19.188 32 12.3856
      vertex 19.176 32 12.2713
    endloop
  endfacet
  facet normal -0.994522 -4.74225e-007 0.104532
    outer loop
      vertex 19.188 32 12.3856
      vertex 19.176 30 12.2713
      vertex 19.2 30 12.5
    endloop
  endfacet
  facet normal 0.994522 0 -0.104532
    outer loop
      vertex 17.024 30 12.7287
      vertex 17 32 12.5
      vertex 17.024 32 12.7287
    endloop
  endfacet
  facet normal 0.994522 0 -0.104532
    outer loop
      vertex 17 32 12.5
      vertex 17.024 30 12.7287
      vertex 17 30 12.5
    endloop
  endfacet
  facet normal 0.951057 0 -0.309016
    outer loop
      vertex 17.0951 30 12.9474
      vertex 17.024 32 12.7287
      vertex 17.0951 32 12.9474
    endloop
  endfacet
  facet normal 0.951057 0 -0.309016
    outer loop
      vertex 17.024 32 12.7287
      vertex 17.0951 30 12.9474
      vertex 17.024 30 12.7287
    endloop
  endfacet
  facet normal 0 1 0
    outer loop
      vertex 17.985 30 11.406
      vertex 17.7601 30 11.4538
      vertex 17.55 30 11.5474
    endloop
  endfacet
  facet normal -0.587785 0 0.809017
    outer loop
      vertex 18.65 32 11.5474
      vertex 18.836 30 11.6825
      vertex 18.836 32 11.6825
    endloop
  endfacet
  facet normal -0.587785 0 0.809017
    outer loop
      vertex 18.836 30 11.6825
      vertex 18.65 32 11.5474
      vertex 18.65 30 11.5474
    endloop
  endfacet
  facet normal -0.406735 0 0.913546
    outer loop
      vertex 18.4399 32 11.4538
      vertex 18.65 30 11.5474
      vertex 18.65 32 11.5474
    endloop
  endfacet
  facet normal -0.406735 0 0.913546
    outer loop
      vertex 18.65 30 11.5474
      vertex 18.4399 32 11.4538
      vertex 18.4399 30 11.4538
    endloop
  endfacet
  facet normal -0.743144 0 0.669131
    outer loop
      vertex 18.836 30 11.6825
      vertex 18.9899 32 11.8534
      vertex 18.836 32 11.6825
    endloop
  endfacet
  facet normal -0.743144 0 0.669131
    outer loop
      vertex 18.9899 32 11.8534
      vertex 18.836 30 11.6825
      vertex 18.9899 30 11.8534
    endloop
  endfacet
  facet normal -0.994521 -4.9848e-008 0.104539
    outer loop
      vertex 19.2 30 12.5
      vertex 19.2 32 12.5
      vertex 19.188 32 12.3856
    endloop
  endfacet
  facet normal -0.994521 4.98484e-008 -0.10454
    outer loop
      vertex 19.2 30 12.5
      vertex 19.188 32 12.6144
      vertex 19.2 32 12.5
    endloop
  endfacet
  facet normal -0.994522 -4.49303e-007 -0.104531
    outer loop
      vertex 19.188 32 12.6144
      vertex 19.2 30 12.5
      vertex 19.176 30 12.7287
    endloop
  endfacet
  facet normal 0.743148 0 -0.669127
    outer loop
      vertex 17.364 30 13.3175
      vertex 17.2101 32 13.1466
      vertex 17.364 32 13.3175
    endloop
  endfacet
  facet normal 0.743148 0 -0.669127
    outer loop
      vertex 17.2101 32 13.1466
      vertex 17.364 30 13.3175
      vertex 17.2101 30 13.1466
    endloop
  endfacet
  facet normal 0 0 -1
    outer loop
      vertex 18.215 30 13.594
      vertex 18.1 32 13.594
      vertex 18.215 32 13.594
    endloop
  endfacet
  facet normal 0 0 -1
    outer loop
      vertex 17.985 30 13.594
      vertex 18.1 32 13.594
      vertex 18.215 30 13.594
    endloop
  endfacet
  facet normal -0 0 -1
    outer loop
      vertex 18.1 32 13.594
      vertex 17.985 30 13.594
      vertex 17.985 32 13.594
    endloop
  endfacet
  facet normal -0.587785 0 -0.809017
    outer loop
      vertex 18.65 30 13.4526
      vertex 18.836 32 13.3175
      vertex 18.836 30 13.3175
    endloop
  endfacet
  facet normal -0.587785 0 -0.809017
    outer loop
      vertex 18.836 32 13.3175
      vertex 18.65 30 13.4526
      vertex 18.65 32 13.4526
    endloop
  endfacet
  facet normal -0.743144 0 -0.669131
    outer loop
      vertex 18.9899 30 13.1466
      vertex 18.836 32 13.3175
      vertex 18.9899 32 13.1466
    endloop
  endfacet
  facet normal -0.743144 -0 -0.669131
    outer loop
      vertex 18.836 32 13.3175
      vertex 18.9899 30 13.1466
      vertex 18.836 30 13.3175
    endloop
  endfacet
  facet normal -0.866027 0 -0.499997
    outer loop
      vertex 19.1049 30 12.9474
      vertex 18.9899 32 13.1466
      vertex 19.1049 32 12.9474
    endloop
  endfacet
  facet normal -0.866027 -0 -0.499997
    outer loop
      vertex 18.9899 32 13.1466
      vertex 19.1049 30 12.9474
      vertex 18.9899 30 13.1466
    endloop
  endfacet
  facet normal -0.951057 0 -0.309016
    outer loop
      vertex 19.176 30 12.7287
      vertex 19.1049 32 12.9474
      vertex 19.176 32 12.7287
    endloop
  endfacet
  facet normal -0.951057 -0 -0.309016
    outer loop
      vertex 19.1049 32 12.9474
      vertex 19.176 30 12.7287
      vertex 19.1049 30 12.9474
    endloop
  endfacet
  facet normal 0.587782 0 -0.80902
    outer loop
      vertex 17.364 30 13.3175
      vertex 17.55 32 13.4526
      vertex 17.55 30 13.4526
    endloop
  endfacet
  facet normal 0.587782 0 -0.80902
    outer loop
      vertex 17.55 32 13.4526
      vertex 17.364 30 13.3175
      vertex 17.364 32 13.3175
    endloop
  endfacet
  facet normal 0.406738 0 -0.913545
    outer loop
      vertex 17.55 30 13.4526
      vertex 17.7601 32 13.5462
      vertex 17.7601 30 13.5462
    endloop
  endfacet
  facet normal 0.406738 0 -0.913545
    outer loop
      vertex 17.7601 32 13.5462
      vertex 17.55 30 13.4526
      vertex 17.55 32 13.4526
    endloop
  endfacet
  facet normal 0.866023 0 -0.500003
    outer loop
      vertex 17.2101 30 13.1466
      vertex 17.0951 32 12.9474
      vertex 17.2101 32 13.1466
    endloop
  endfacet
  facet normal 0.866023 0 -0.500003
    outer loop
      vertex 17.0951 32 12.9474
      vertex 17.2101 30 13.1466
      vertex 17.0951 30 12.9474
    endloop
  endfacet
  facet normal -0.207912 0 -0.978148
    outer loop
      vertex 18.215 30 13.594
      vertex 18.4399 32 13.5462
      vertex 18.4399 30 13.5462
    endloop
  endfacet
  facet normal -0.207912 0 -0.978148
    outer loop
      vertex 18.4399 32 13.5462
      vertex 18.215 30 13.594
      vertex 18.215 32 13.594
    endloop
  endfacet
  facet normal -0.406735 0 -0.913546
    outer loop
      vertex 18.4399 30 13.5462
      vertex 18.65 32 13.4526
      vertex 18.65 30 13.4526
    endloop
  endfacet
  facet normal -0.406735 0 -0.913546
    outer loop
      vertex 18.65 32 13.4526
      vertex 18.4399 30 13.5462
      vertex 18.4399 32 13.5462
    endloop
  endfacet
  facet normal -0.5 0 0.866026
    outer loop
      vertex 18.1 34 9.45
      vertex 20.7414 32 10.975
      vertex 20.7414 34 10.975
    endloop
  endfacet
  facet normal -0.5 0 0.866026
    outer loop
      vertex 20.7414 32 10.975
      vertex 18.1 34 9.45
      vertex 18.1 32 9.45
    endloop
  endfacet
  facet normal -1 0 0
    outer loop
      vertex 20.7414 32 10.975
      vertex 20.7414 34 14.025
      vertex 20.7414 34 10.975
    endloop
  endfacet
  facet normal -1 -0 0
    outer loop
      vertex 20.7414 34 14.025
      vertex 20.7414 32 10.975
      vertex 20.7414 32 14.025
    endloop
  endfacet
  facet normal 0 1 0
    outer loop
      vertex 18.1 32 15.55
      vertex 18.4399 32 13.5462
      vertex 18.215 32 13.594
    endloop
  endfacet
  facet normal 0 1 0
    outer loop
      vertex 18.1 32 15.55
      vertex 18.65 32 13.4526
      vertex 18.4399 32 13.5462
    endloop
  endfacet
  facet normal 0 1 0
    outer loop
      vertex 20.7414 32 14.025
      vertex 18.836 32 13.3175
      vertex 18.65 32 13.4526
    endloop
  endfacet
  facet normal 0 1 0
    outer loop
      vertex 20.7414 32 14.025
      vertex 18.9899 32 13.1466
      vertex 18.836 32 13.3175
    endloop
  endfacet
  facet normal 0 1 0
    outer loop
      vertex 20.7414 32 14.025
      vertex 19.1049 32 12.9474
      vertex 18.9899 32 13.1466
    endloop
  endfacet
  facet normal 0 1 0
    outer loop
      vertex 20.7414 32 14.025
      vertex 19.176 32 12.7287
      vertex 19.1049 32 12.9474
    endloop
  endfacet
  facet normal 0 1 0
    outer loop
      vertex 20.7414 32 14.025
      vertex 19.188 32 12.6144
      vertex 19.176 32 12.7287
    endloop
  endfacet
  facet normal 0 1 0
    outer loop
      vertex 20.7414 32 14.025
      vertex 19.2 32 12.5
      vertex 19.188 32 12.6144
    endloop
  endfacet
  facet normal 0 1 -0
    outer loop
      vertex 20.7414 32 10.975
      vertex 19.2 32 12.5
      vertex 20.7414 32 14.025
    endloop
  endfacet
  facet normal 0 1 0
    outer loop
      vertex 19.2 32 12.5
      vertex 20.7414 32 10.975
      vertex 19.188 32 12.3856
    endloop
  endfacet
  facet normal 0 1 0
    outer loop
      vertex 19.188 32 12.3856
      vertex 20.7414 32 10.975
      vertex 19.176 32 12.2713
    endloop
  endfacet
  facet normal 0 1 0
    outer loop
      vertex 19.176 32 12.2713
      vertex 20.7414 32 10.975
      vertex 19.1049 32 12.0526
    endloop
  endfacet
  facet normal 0 1 0
    outer loop
      vertex 19.1049 32 12.0526
      vertex 20.7414 32 10.975
      vertex 18.9899 32 11.8534
    endloop
  endfacet
  facet normal 0 1 0
    outer loop
      vertex 20.7414 32 10.975
      vertex 18.836 32 11.6825
      vertex 18.9899 32 11.8534
    endloop
  endfacet
  facet normal 0 1 0
    outer loop
      vertex 20.7414 32 10.975
      vertex 18.65 32 11.5474
      vertex 18.836 32 11.6825
    endloop
  endfacet
  facet normal 0 1 0
    outer loop
      vertex 18.1 32 9.45
      vertex 18.65 32 11.5474
      vertex 20.7414 32 10.975
    endloop
  endfacet
  facet normal 0 1 0
    outer loop
      vertex 18.65 32 11.5474
      vertex 18.1 32 9.45
      vertex 18.4399 32 11.4538
    endloop
  endfacet
  facet normal 0 1 0
    outer loop
      vertex 18.4399 32 11.4538
      vertex 18.1 32 9.45
      vertex 18.215 32 11.406
    endloop
  endfacet
  facet normal 0 1 0
    outer loop
      vertex 18.215 32 11.406
      vertex 18.1 32 9.45
      vertex 18.1 32 11.406
    endloop
  endfacet
  facet normal 0 1 -0
    outer loop
      vertex 18.65 32 13.4526
      vertex 18.1 32 15.55
      vertex 20.7414 32 14.025
    endloop
  endfacet
  facet normal 0 1 0
    outer loop
      vertex 18.1 32 15.55
      vertex 18.215 32 13.594
      vertex 18.1 32 13.594
    endloop
  endfacet
  facet normal -0.5 0 -0.866026
    outer loop
      vertex 18.1 32 15.55
      vertex 20.7414 34 14.025
      vertex 20.7414 32 14.025
    endloop
  endfacet
  facet normal -0.5 0 -0.866026
    outer loop
      vertex 20.7414 34 14.025
      vertex 18.1 32 15.55
      vertex 18.1 34 15.55
    endloop
  endfacet
  facet normal 0.5 0 0.866025
    outer loop
      vertex 15.4586 34 10.975
      vertex 18.1 32 9.45
      vertex 18.1 34 9.45
    endloop
  endfacet
  facet normal 0.5 0 0.866025
    outer loop
      vertex 18.1 32 9.45
      vertex 15.4586 34 10.975
      vertex 15.4586 32 10.975
    endloop
  endfacet
  facet normal 0 1 -0
    outer loop
      vertex 18.1 32 9.45
      vertex 17.985 32 11.406
      vertex 18.1 32 11.406
    endloop
  endfacet
  facet normal 0 1 0
    outer loop
      vertex 17.985 32 11.406
      vertex 18.1 32 9.45
      vertex 15.4586 32 10.975
    endloop
  endfacet
  facet normal 0 1 0
    outer loop
      vertex 17.985 32 13.594
      vertex 18.1 32 15.55
      vertex 18.1 32 13.594
    endloop
  endfacet
  facet normal 0 1 0
    outer loop
      vertex 17.7601 32 13.5462
      vertex 18.1 32 15.55
      vertex 17.985 32 13.594
    endloop
  endfacet
  facet normal 0 1 0
    outer loop
      vertex 17.55 32 13.4526
      vertex 18.1 32 15.55
      vertex 17.7601 32 13.5462
    endloop
  endfacet
  facet normal 0 1 0
    outer loop
      vertex 18.1 32 15.55
      vertex 17.55 32 13.4526
      vertex 15.4586 32 14.025
    endloop
  endfacet
  facet normal 0 1 -0
    outer loop
      vertex 17.364 32 13.3175
      vertex 15.4586 32 14.025
      vertex 17.55 32 13.4526
    endloop
  endfacet
  facet normal 0 1 -0
    outer loop
      vertex 17.2101 32 13.1466
      vertex 15.4586 32 14.025
      vertex 17.364 32 13.3175
    endloop
  endfacet
  facet normal 0 1 -0
    outer loop
      vertex 17.0951 32 12.9474
      vertex 15.4586 32 14.025
      vertex 17.2101 32 13.1466
    endloop
  endfacet
  facet normal 0 1 -0
    outer loop
      vertex 17.024 32 12.7287
      vertex 15.4586 32 14.025
      vertex 17.0951 32 12.9474
    endloop
  endfacet
  facet normal 0 1 -0
    outer loop
      vertex 17 32 12.5
      vertex 15.4586 32 14.025
      vertex 17.024 32 12.7287
    endloop
  endfacet
  facet normal 0 1 0
    outer loop
      vertex 15.4586 32 10.975
      vertex 17 32 12.5
      vertex 17.024 32 12.2713
    endloop
  endfacet
  facet normal 0 1 0
    outer loop
      vertex 15.4586 32 10.975
      vertex 17.024 32 12.2713
      vertex 17.0951 32 12.0526
    endloop
  endfacet
  facet normal 0 1 0
    outer loop
      vertex 15.4586 32 10.975
      vertex 17.0951 32 12.0526
      vertex 17.2101 32 11.8534
    endloop
  endfacet
  facet normal 0 1 0
    outer loop
      vertex 17 32 12.5
      vertex 15.4586 32 10.975
      vertex 15.4586 32 14.025
    endloop
  endfacet
  facet normal 0 1 0
    outer loop
      vertex 17.364 32 11.6825
      vertex 15.4586 32 10.975
      vertex 17.2101 32 11.8534
    endloop
  endfacet
  facet normal 0 1 0
    outer loop
      vertex 17.55 32 11.5474
      vertex 15.4586 32 10.975
      vertex 17.364 32 11.6825
    endloop
  endfacet
  facet normal 0 1 0
    outer loop
      vertex 17.7601 32 11.4538
      vertex 15.4586 32 10.975
      vertex 17.55 32 11.5474
    endloop
  endfacet
  facet normal 0 1 0
    outer loop
      vertex 15.4586 32 10.975
      vertex 17.7601 32 11.4538
      vertex 17.985 32 11.406
    endloop
  endfacet
  facet normal 1 -0 0
    outer loop
      vertex 15.4586 32 14.025
      vertex 15.4586 34 10.975
      vertex 15.4586 34 14.025
    endloop
  endfacet
  facet normal 1 0 0
    outer loop
      vertex 15.4586 34 10.975
      vertex 15.4586 32 14.025
      vertex 15.4586 32 10.975
    endloop
  endfacet
  facet normal 0.5 0 -0.866025
    outer loop
      vertex 15.4586 32 14.025
      vertex 18.1 34 15.55
      vertex 18.1 32 15.55
    endloop
  endfacet
  facet normal 0.5 0 -0.866025
    outer loop
      vertex 18.1 34 15.55
      vertex 15.4586 32 14.025
      vertex 15.4586 34 14.025
    endloop
  endfacet
  facet normal -0 0 1
    outer loop
      vertex -26.2 34 25
      vertex 10 30 25
      vertex 10 34 25
    endloop
  endfacet
  facet normal 0 0 1
    outer loop
      vertex 10 30 25
      vertex -26.2 34 25
      vertex -26.2 30 25
    endloop
  endfacet
  facet normal -1 0 0
    outer loop
      vertex -26.2 30 0
      vertex -26.2 34 25
      vertex -26.2 34 0
    endloop
  endfacet
  facet normal -1 -0 0
    outer loop
      vertex -26.2 34 25
      vertex -26.2 30 0
      vertex -26.2 30 25
    endloop
  endfacet
  facet normal 0 -1 0
    outer loop
      vertex -17.985 30 13.594
      vertex -26.2 30 25
      vertex -18.215 30 13.594
    endloop
  endfacet
  facet normal 0 -1 0
    outer loop
      vertex -26.2 30 25
      vertex -18.4399 30 13.5462
      vertex -18.215 30 13.594
    endloop
  endfacet
  facet normal 0 -1 0
    outer loop
      vertex -26.2 30 25
      vertex -18.65 30 13.4526
      vertex -18.4399 30 13.5462
    endloop
  endfacet
  facet normal 0 -1 0
    outer loop
      vertex -26.2 30 25
      vertex -18.836 30 13.3175
      vertex -18.65 30 13.4526
    endloop
  endfacet
  facet normal 0 -1 0
    outer loop
      vertex -26.2 30 25
      vertex -18.9899 30 13.1466
      vertex -18.836 30 13.3175
    endloop
  endfacet
  facet normal 0 -1 0
    outer loop
      vertex -26.2 30 25
      vertex -19.1049 30 12.9474
      vertex -18.9899 30 13.1466
    endloop
  endfacet
  facet normal 0 -1 0
    outer loop
      vertex -26.2 30 25
      vertex -19.176 30 12.7287
      vertex -19.1049 30 12.9474
    endloop
  endfacet
  facet normal 0 -1 0
    outer loop
      vertex -26.2 30 25
      vertex -19.2 30 12.5
      vertex -19.176 30 12.7287
    endloop
  endfacet
  facet normal 0 -1 0
    outer loop
      vertex -26.2 30 0
      vertex -19.2 30 12.5
      vertex -26.2 30 25
    endloop
  endfacet
  facet normal 0 -1 -0
    outer loop
      vertex -19.2 30 12.5
      vertex -26.2 30 0
      vertex -19.176 30 12.2713
    endloop
  endfacet
  facet normal 0 -1 -0
    outer loop
      vertex -18.65 30 11.5474
      vertex -26.2 30 0
      vertex -17.55 30 11.5474
    endloop
  endfacet
  facet normal 0 -1 -0
    outer loop
      vertex -18.836 30 11.6825
      vertex -26.2 30 0
      vertex -18.65 30 11.5474
    endloop
  endfacet
  facet normal 0 -1 -0
    outer loop
      vertex -18.9899 30 11.8534
      vertex -26.2 30 0
      vertex -18.836 30 11.6825
    endloop
  endfacet
  facet normal 0 -1 -0
    outer loop
      vertex -19.1049 30 12.0526
      vertex -26.2 30 0
      vertex -18.9899 30 11.8534
    endloop
  endfacet
  facet normal 0 -1 -0
    outer loop
      vertex -19.176 30 12.2713
      vertex -26.2 30 0
      vertex -19.1049 30 12.0526
    endloop
  endfacet
  facet normal 0 -1 0
    outer loop
      vertex -17.7601 30 13.5462
      vertex -26.2 30 25
      vertex -17.985 30 13.594
    endloop
  endfacet
  facet normal 0 -1 0
    outer loop
      vertex -17.55 30 13.4526
      vertex -26.2 30 25
      vertex -17.7601 30 13.5462
    endloop
  endfacet
  facet normal 0 -1 0
    outer loop
      vertex -26.2 30 25
      vertex -17.55 30 13.4526
      vertex 10 30 25
    endloop
  endfacet
  facet normal 0 -1 0
    outer loop
      vertex -17.364 30 13.3175
      vertex 10 30 25
      vertex -17.55 30 13.4526
    endloop
  endfacet
  facet normal 0 -1 0
    outer loop
      vertex -17.2101 30 13.1466
      vertex 10 30 25
      vertex -17.364 30 13.3175
    endloop
  endfacet
  facet normal 0 -1 0
    outer loop
      vertex -17.0951 30 12.9474
      vertex 10 30 25
      vertex -17.2101 30 13.1466
    endloop
  endfacet
  facet normal 0 -1 0
    outer loop
      vertex -17.024 30 12.7287
      vertex 10 30 25
      vertex -17.0951 30 12.9474
    endloop
  endfacet
  facet normal 0 -1 0
    outer loop
      vertex -17 30 12.5
      vertex 10 30 25
      vertex -17.024 30 12.7287
    endloop
  endfacet
  facet normal 0 -1 0
    outer loop
      vertex 10 30 0
      vertex -17 30 12.5
      vertex -17.024 30 12.2713
    endloop
  endfacet
  facet normal 0 -1 0
    outer loop
      vertex 10 30 0
      vertex -17.024 30 12.2713
      vertex -17.0951 30 12.0526
    endloop
  endfacet
  facet normal 0 -1 0
    outer loop
      vertex 10 30 0
      vertex -17.0951 30 12.0526
      vertex -17.2101 30 11.8534
    endloop
  endfacet
  facet normal 0 -1 0
    outer loop
      vertex 10 30 0
      vertex -17.2101 30 11.8534
      vertex -17.364 30 11.6825
    endloop
  endfacet
  facet normal 0 -1 0
    outer loop
      vertex 10 30 0
      vertex -17.364 30 11.6825
      vertex -17.55 30 11.5474
    endloop
  endfacet
  facet normal 0 -1 0
    outer loop
      vertex 10 30 0
      vertex -17.55 30 11.5474
      vertex -26.2 30 0
    endloop
  endfacet
  facet normal 0 -1 0
    outer loop
      vertex -17 30 12.5
      vertex 10 30 0
      vertex 10 30 25
    endloop
  endfacet
  facet normal 0 0 -1
    outer loop
      vertex -26.2 30 0
      vertex 10 34 0
      vertex 10 30 0
    endloop
  endfacet
  facet normal -0 0 -1
    outer loop
      vertex 10 34 0
      vertex -26.2 30 0
      vertex -26.2 34 0
    endloop
  endfacet
  facet normal 0 1 0
    outer loop
      vertex -26.2 34 25
      vertex -4.80644 34 15.275
      vertex -18.1 34 15.55
    endloop
  endfacet
  facet normal 0 1 0
    outer loop
      vertex -4.80644 34 15.275
      vertex -15.4586 34 14.025
      vertex -18.1 34 15.55
    endloop
  endfacet
  facet normal 0 1 0
    outer loop
      vertex -4.80644 34 15.275
      vertex -15.4586 34 10.975
      vertex -15.4586 34 14.025
    endloop
  endfacet
  facet normal 0 1 -0
    outer loop
      vertex -4.80644 34 9.725
      vertex -15.4586 34 10.975
      vertex -4.80644 34 15.275
    endloop
  endfacet
  facet normal 0 1 0
    outer loop
      vertex -4.80644 34 9.725
      vertex -18.1 34 9.45
      vertex -15.4586 34 10.975
    endloop
  endfacet
  facet normal 0 1 0
    outer loop
      vertex -26.2 34 0
      vertex -4.80644 34 9.725
      vertex 0 34 6.95
    endloop
  endfacet
  facet normal 0 1 0
    outer loop
      vertex 10 34 25
      vertex 9.53674e-007 34 18.05
      vertex -26.2 34 25
    endloop
  endfacet
  facet normal 0 1 0
    outer loop
      vertex 10 34 25
      vertex 4.80644 34 15.275
      vertex 9.53674e-007 34 18.05
    endloop
  endfacet
  facet normal 0 1 0
    outer loop
      vertex 10 34 25
      vertex 4.80644 34 9.725
      vertex 4.80644 34 15.275
    endloop
  endfacet
  facet normal 0 1 0
    outer loop
      vertex 4.80644 34 9.725
      vertex 10 34 0
      vertex 0 34 6.95
    endloop
  endfacet
  facet normal 0 1 -0
    outer loop
      vertex 10 34 0
      vertex 4.80644 34 9.725
      vertex 10 34 25
    endloop
  endfacet
  facet normal 0 1 -0
    outer loop
      vertex -4.80644 34 15.275
      vertex -26.2 34 25
      vertex 9.53674e-007 34 18.05
    endloop
  endfacet
  facet normal 0 1 -0
    outer loop
      vertex -20.7414 34 14.025
      vertex -26.2 34 25
      vertex -18.1 34 15.55
    endloop
  endfacet
  facet normal 0 1 -0
    outer loop
      vertex -20.7414 34 10.975
      vertex -26.2 34 25
      vertex -20.7414 34 14.025
    endloop
  endfacet
  facet normal 0 1 0
    outer loop
      vertex -26.2 34 0
      vertex 0 34 6.95
      vertex 10 34 0
    endloop
  endfacet
  facet normal 0 1 0
    outer loop
      vertex -20.7414 34 10.975
      vertex -26.2 34 0
      vertex -26.2 34 25
    endloop
  endfacet
  facet normal 0 1 0
    outer loop
      vertex -18.1 34 9.45
      vertex -26.2 34 0
      vertex -20.7414 34 10.975
    endloop
  endfacet
  facet normal 0 1 0
    outer loop
      vertex -4.80644 34 9.725
      vertex -26.2 34 0
      vertex -18.1 34 9.45
    endloop
  endfacet
  facet normal 0.994521 -0 0.104539
    outer loop
      vertex -19.2 30 12.5
      vertex -19.176 32 12.2713
      vertex -19.2 32 12.5
    endloop
  endfacet
  facet normal 0.994521 0 0.104539
    outer loop
      vertex -19.176 32 12.2713
      vertex -19.2 30 12.5
      vertex -19.176 30 12.2713
    endloop
  endfacet
  facet normal -0.994522 -0 -0.104523
    outer loop
      vertex -17.024 32 12.7287
      vertex -17.012 32 12.6144
      vertex -17.024 30 12.7287
    endloop
  endfacet
  facet normal -0.207912 0 0.978148
    outer loop
      vertex -17.985 32 11.406
      vertex -17.7601 30 11.4538
      vertex -17.7601 32 11.4538
    endloop
  endfacet
  facet normal -0.207912 0 0.978148
    outer loop
      vertex -17.7601 30 11.4538
      vertex -17.985 32 11.406
      vertex -17.985 30 11.406
    endloop
  endfacet
  facet normal 0.587782 0 0.80902
    outer loop
      vertex -18.836 32 11.6825
      vertex -18.65 30 11.5474
      vertex -18.65 32 11.5474
    endloop
  endfacet
  facet normal 0.587782 0 0.80902
    outer loop
      vertex -18.65 30 11.5474
      vertex -18.836 32 11.6825
      vertex -18.836 30 11.6825
    endloop
  endfacet
  facet normal 0.20791 0 -0.978148
    outer loop
      vertex -18.4399 30 13.5462
      vertex -18.215 32 13.594
      vertex -18.215 30 13.594
    endloop
  endfacet
  facet normal 0.20791 0 -0.978148
    outer loop
      vertex -18.215 32 13.594
      vertex -18.4399 30 13.5462
      vertex -18.4399 32 13.5462
    endloop
  endfacet
  facet normal -0.866027 0 0.499997
    outer loop
      vertex -17.2101 30 11.8534
      vertex -17.0951 32 12.0526
      vertex -17.2101 32 11.8534
    endloop
  endfacet
  facet normal -0.866027 0 0.499997
    outer loop
      vertex -17.0951 32 12.0526
      vertex -17.2101 30 11.8534
      vertex -17.0951 30 12.0526
    endloop
  endfacet
  facet normal -0.951054 0 0.309024
    outer loop
      vertex -17.0951 30 12.0526
      vertex -17.024 32 12.2713
      vertex -17.0951 32 12.0526
    endloop
  endfacet
  facet normal -0.951054 0 0.309024
    outer loop
      vertex -17.024 32 12.2713
      vertex -17.0951 30 12.0526
      vertex -17.024 30 12.2713
    endloop
  endfacet
  facet normal 0.866023 -0 0.500003
    outer loop
      vertex -19.1049 30 12.0526
      vertex -18.9899 32 11.8534
      vertex -19.1049 32 12.0526
    endloop
  endfacet
  facet normal 0.866023 0 0.500003
    outer loop
      vertex -18.9899 32 11.8534
      vertex -19.1049 30 12.0526
      vertex -18.9899 30 11.8534
    endloop
  endfacet
  facet normal 0.951059 -0 0.309009
    outer loop
      vertex -19.176 30 12.2713
      vertex -19.1049 32 12.0526
      vertex -19.176 32 12.2713
    endloop
  endfacet
  facet normal 0.951059 0 0.309009
    outer loop
      vertex -19.1049 32 12.0526
      vertex -19.176 30 12.2713
      vertex -19.1049 30 12.0526
    endloop
  endfacet
  facet normal 0.743148 -0 0.669127
    outer loop
      vertex -18.9899 30 11.8534
      vertex -18.836 32 11.6825
      vertex -18.9899 32 11.8534
    endloop
  endfacet
  facet normal 0.743148 0 0.669127
    outer loop
      vertex -18.836 32 11.6825
      vertex -18.9899 30 11.8534
      vertex -18.836 30 11.6825
    endloop
  endfacet
  facet normal 0.20791 0 0.978148
    outer loop
      vertex -18.4399 32 11.4538
      vertex -18.215 30 11.406
      vertex -18.215 32 11.406
    endloop
  endfacet
  facet normal 0.20791 0 0.978148
    outer loop
      vertex -18.215 30 11.406
      vertex -18.4399 32 11.4538
      vertex -18.4399 30 11.4538
    endloop
  endfacet
  facet normal -0 0 1
    outer loop
      vertex -18.1 32 11.406
      vertex -17.985 30 11.406
      vertex -17.985 32 11.406
    endloop
  endfacet
  facet normal 0 0 1
    outer loop
      vertex -18.215 30 11.406
      vertex -18.1 32 11.406
      vertex -18.215 32 11.406
    endloop
  endfacet
  facet normal 0 0 1
    outer loop
      vertex -18.1 32 11.406
      vertex -18.215 30 11.406
      vertex -17.985 30 11.406
    endloop
  endfacet
  facet normal 0 1 -0
    outer loop
      vertex -17.985 30 11.406
      vertex -18.65 30 11.5474
      vertex -17.55 30 11.5474
    endloop
  endfacet
  facet normal 0 1 0
    outer loop
      vertex -18.65 30 11.5474
      vertex -17.985 30 11.406
      vertex -18.215 30 11.406
    endloop
  endfacet
  facet normal 0.406738 0 0.913545
    outer loop
      vertex -18.65 32 11.5474
      vertex -18.4399 30 11.4538
      vertex -18.4399 32 11.4538
    endloop
  endfacet
  facet normal 0.406738 0 0.913545
    outer loop
      vertex -18.4399 30 11.4538
      vertex -18.65 32 11.5474
      vertex -18.65 30 11.5474
    endloop
  endfacet
  facet normal 0 1 0
    outer loop
      vertex -17.55 30 11.5474
      vertex -17.7601 30 11.4538
      vertex -17.985 30 11.406
    endloop
  endfacet
  facet normal -0.994522 0 0.104523
    outer loop
      vertex -17.024 30 12.2713
      vertex -17.012 32 12.3856
      vertex -17.024 32 12.2713
    endloop
  endfacet
  facet normal -0.994522 0 0.104523
    outer loop
      vertex -17.012 32 12.3856
      vertex -17.024 30 12.2713
      vertex -17 30 12.5
    endloop
  endfacet
  facet normal 0.994521 0 -0.10454
    outer loop
      vertex -19.176 30 12.7287
      vertex -19.2 32 12.5
      vertex -19.176 32 12.7287
    endloop
  endfacet
  facet normal 0.994521 0 -0.10454
    outer loop
      vertex -19.2 32 12.5
      vertex -19.176 30 12.7287
      vertex -19.2 30 12.5
    endloop
  endfacet
  facet normal 0.951059 0 -0.309009
    outer loop
      vertex -19.1049 30 12.9474
      vertex -19.176 32 12.7287
      vertex -19.1049 32 12.9474
    endloop
  endfacet
  facet normal 0.951059 0 -0.309009
    outer loop
      vertex -19.176 32 12.7287
      vertex -19.1049 30 12.9474
      vertex -19.176 30 12.7287
    endloop
  endfacet
  facet normal 0 1 0
    outer loop
      vertex -18.215 30 11.406
      vertex -18.4399 30 11.4538
      vertex -18.65 30 11.5474
    endloop
  endfacet
  facet normal -0.587785 0 0.809017
    outer loop
      vertex -17.55 32 11.5474
      vertex -17.364 30 11.6825
      vertex -17.364 32 11.6825
    endloop
  endfacet
  facet normal -0.587785 0 0.809017
    outer loop
      vertex -17.364 30 11.6825
      vertex -17.55 32 11.5474
      vertex -17.55 30 11.5474
    endloop
  endfacet
  facet normal -0.406735 0 0.913546
    outer loop
      vertex -17.7601 32 11.4538
      vertex -17.55 30 11.5474
      vertex -17.55 32 11.5474
    endloop
  endfacet
  facet normal -0.406735 0 0.913546
    outer loop
      vertex -17.55 30 11.5474
      vertex -17.7601 32 11.4538
      vertex -17.7601 30 11.4538
    endloop
  endfacet
  facet normal -0.743144 0 0.669131
    outer loop
      vertex -17.364 30 11.6825
      vertex -17.2101 32 11.8534
      vertex -17.364 32 11.6825
    endloop
  endfacet
  facet normal -0.743144 0 0.669131
    outer loop
      vertex -17.2101 32 11.8534
      vertex -17.364 30 11.6825
      vertex -17.2101 30 11.8534
    endloop
  endfacet
  facet normal -0.994523 -4.98402e-008 0.104522
    outer loop
      vertex -17 30 12.5
      vertex -17 32 12.5
      vertex -17.012 32 12.3856
    endloop
  endfacet
  facet normal -0.994522 4.98406e-008 -0.104523
    outer loop
      vertex -17 30 12.5
      vertex -17.012 32 12.6144
      vertex -17 32 12.5
    endloop
  endfacet
  facet normal -0.994522 2.49202e-008 -0.104523
    outer loop
      vertex -17.012 32 12.6144
      vertex -17 30 12.5
      vertex -17.024 30 12.7287
    endloop
  endfacet
  facet normal 0.743148 0 -0.669127
    outer loop
      vertex -18.836 30 13.3175
      vertex -18.9899 32 13.1466
      vertex -18.836 32 13.3175
    endloop
  endfacet
  facet normal 0.743148 0 -0.669127
    outer loop
      vertex -18.9899 32 13.1466
      vertex -18.836 30 13.3175
      vertex -18.9899 30 13.1466
    endloop
  endfacet
  facet normal 0 0 -1
    outer loop
      vertex -17.985 30 13.594
      vertex -18.1 32 13.594
      vertex -17.985 32 13.594
    endloop
  endfacet
  facet normal 0 0 -1
    outer loop
      vertex -18.215 30 13.594
      vertex -18.1 32 13.594
      vertex -17.985 30 13.594
    endloop
  endfacet
  facet normal -0 0 -1
    outer loop
      vertex -18.1 32 13.594
      vertex -18.215 30 13.594
      vertex -18.215 32 13.594
    endloop
  endfacet
  facet normal -0.587785 0 -0.809017
    outer loop
      vertex -17.55 30 13.4526
      vertex -17.364 32 13.3175
      vertex -17.364 30 13.3175
    endloop
  endfacet
  facet normal -0.587785 0 -0.809017
    outer loop
      vertex -17.364 32 13.3175
      vertex -17.55 30 13.4526
      vertex -17.55 32 13.4526
    endloop
  endfacet
  facet normal -0.743144 0 -0.669131
    outer loop
      vertex -17.2101 30 13.1466
      vertex -17.364 32 13.3175
      vertex -17.2101 32 13.1466
    endloop
  endfacet
  facet normal -0.743144 -0 -0.669131
    outer loop
      vertex -17.364 32 13.3175
      vertex -17.2101 30 13.1466
      vertex -17.364 30 13.3175
    endloop
  endfacet
  facet normal -0.866027 0 -0.499997
    outer loop
      vertex -17.0951 30 12.9474
      vertex -17.2101 32 13.1466
      vertex -17.0951 32 12.9474
    endloop
  endfacet
  facet normal -0.866027 -0 -0.499997
    outer loop
      vertex -17.2101 32 13.1466
      vertex -17.0951 30 12.9474
      vertex -17.2101 30 13.1466
    endloop
  endfacet
  facet normal -0.951054 0 -0.309024
    outer loop
      vertex -17.024 30 12.7287
      vertex -17.0951 32 12.9474
      vertex -17.024 32 12.7287
    endloop
  endfacet
  facet normal -0.951054 -0 -0.309024
    outer loop
      vertex -17.0951 32 12.9474
      vertex -17.024 30 12.7287
      vertex -17.0951 30 12.9474
    endloop
  endfacet
  facet normal 0.587782 0 -0.80902
    outer loop
      vertex -18.836 30 13.3175
      vertex -18.65 32 13.4526
      vertex -18.65 30 13.4526
    endloop
  endfacet
  facet normal 0.587782 0 -0.80902
    outer loop
      vertex -18.65 32 13.4526
      vertex -18.836 30 13.3175
      vertex -18.836 32 13.3175
    endloop
  endfacet
  facet normal 0.406738 0 -0.913545
    outer loop
      vertex -18.65 30 13.4526
      vertex -18.4399 32 13.5462
      vertex -18.4399 30 13.5462
    endloop
  endfacet
  facet normal 0.406738 0 -0.913545
    outer loop
      vertex -18.4399 32 13.5462
      vertex -18.65 30 13.4526
      vertex -18.65 32 13.4526
    endloop
  endfacet
  facet normal 0.866023 0 -0.500003
    outer loop
      vertex -18.9899 30 13.1466
      vertex -19.1049 32 12.9474
      vertex -18.9899 32 13.1466
    endloop
  endfacet
  facet normal 0.866023 0 -0.500003
    outer loop
      vertex -19.1049 32 12.9474
      vertex -18.9899 30 13.1466
      vertex -19.1049 30 12.9474
    endloop
  endfacet
  facet normal -0.207912 0 -0.978148
    outer loop
      vertex -17.985 30 13.594
      vertex -17.7601 32 13.5462
      vertex -17.7601 30 13.5462
    endloop
  endfacet
  facet normal -0.207912 0 -0.978148
    outer loop
      vertex -17.7601 32 13.5462
      vertex -17.985 30 13.594
      vertex -17.985 32 13.594
    endloop
  endfacet
  facet normal -0.406735 0 -0.913546
    outer loop
      vertex -17.7601 30 13.5462
      vertex -17.55 32 13.4526
      vertex -17.55 30 13.4526
    endloop
  endfacet
  facet normal -0.406735 0 -0.913546
    outer loop
      vertex -17.55 32 13.4526
      vertex -17.7601 30 13.5462
      vertex -17.7601 32 13.5462
    endloop
  endfacet
  facet normal -0.5 0 0.866025
    outer loop
      vertex -18.1 34 9.45
      vertex -15.4586 32 10.975
      vertex -15.4586 34 10.975
    endloop
  endfacet
  facet normal -0.5 0 0.866025
    outer loop
      vertex -15.4586 32 10.975
      vertex -18.1 34 9.45
      vertex -18.1 32 9.45
    endloop
  endfacet
  facet normal -1 0 0
    outer loop
      vertex -15.4586 32 10.975
      vertex -15.4586 34 14.025
      vertex -15.4586 34 10.975
    endloop
  endfacet
  facet normal -1 -0 0
    outer loop
      vertex -15.4586 34 14.025
      vertex -15.4586 32 10.975
      vertex -15.4586 32 14.025
    endloop
  endfacet
  facet normal 0 1 0
    outer loop
      vertex -18.1 32 15.55
      vertex -17.7601 32 13.5462
      vertex -17.985 32 13.594
    endloop
  endfacet
  facet normal 0 1 0
    outer loop
      vertex -18.1 32 15.55
      vertex -17.55 32 13.4526
      vertex -17.7601 32 13.5462
    endloop
  endfacet
  facet normal 0 1 0
    outer loop
      vertex -15.4586 32 14.025
      vertex -17.364 32 13.3175
      vertex -17.55 32 13.4526
    endloop
  endfacet
  facet normal 0 1 0
    outer loop
      vertex -15.4586 32 14.025
      vertex -17.2101 32 13.1466
      vertex -17.364 32 13.3175
    endloop
  endfacet
  facet normal 0 1 0
    outer loop
      vertex -15.4586 32 14.025
      vertex -17.0951 32 12.9474
      vertex -17.2101 32 13.1466
    endloop
  endfacet
  facet normal 0 1 0
    outer loop
      vertex -15.4586 32 14.025
      vertex -17.024 32 12.7287
      vertex -17.0951 32 12.9474
    endloop
  endfacet
  facet normal 0 1 0
    outer loop
      vertex -15.4586 32 14.025
      vertex -17.012 32 12.6144
      vertex -17.024 32 12.7287
    endloop
  endfacet
  facet normal 0 1 0
    outer loop
      vertex -15.4586 32 14.025
      vertex -17 32 12.5
      vertex -17.012 32 12.6144
    endloop
  endfacet
  facet normal 0 1 -0
    outer loop
      vertex -15.4586 32 10.975
      vertex -17 32 12.5
      vertex -15.4586 32 14.025
    endloop
  endfacet
  facet normal 0 1 0
    outer loop
      vertex -17 32 12.5
      vertex -15.4586 32 10.975
      vertex -17.012 32 12.3856
    endloop
  endfacet
  facet normal 0 1 0
    outer loop
      vertex -17.012 32 12.3856
      vertex -15.4586 32 10.975
      vertex -17.024 32 12.2713
    endloop
  endfacet
  facet normal 0 1 0
    outer loop
      vertex -17.024 32 12.2713
      vertex -15.4586 32 10.975
      vertex -17.0951 32 12.0526
    endloop
  endfacet
  facet normal 0 1 0
    outer loop
      vertex -17.0951 32 12.0526
      vertex -15.4586 32 10.975
      vertex -17.2101 32 11.8534
    endloop
  endfacet
  facet normal 0 1 0
    outer loop
      vertex -15.4586 32 10.975
      vertex -17.364 32 11.6825
      vertex -17.2101 32 11.8534
    endloop
  endfacet
  facet normal 0 1 0
    outer loop
      vertex -15.4586 32 10.975
      vertex -17.55 32 11.5474
      vertex -17.364 32 11.6825
    endloop
  endfacet
  facet normal 0 1 0
    outer loop
      vertex -18.1 32 9.45
      vertex -17.55 32 11.5474
      vertex -15.4586 32 10.975
    endloop
  endfacet
  facet normal 0 1 0
    outer loop
      vertex -17.55 32 11.5474
      vertex -18.1 32 9.45
      vertex -17.7601 32 11.4538
    endloop
  endfacet
  facet normal 0 1 0
    outer loop
      vertex -17.7601 32 11.4538
      vertex -18.1 32 9.45
      vertex -17.985 32 11.406
    endloop
  endfacet
  facet normal 0 1 0
    outer loop
      vertex -17.985 32 11.406
      vertex -18.1 32 9.45
      vertex -18.1 32 11.406
    endloop
  endfacet
  facet normal 0 1 -0
    outer loop
      vertex -17.55 32 13.4526
      vertex -18.1 32 15.55
      vertex -15.4586 32 14.025
    endloop
  endfacet
  facet normal 0 1 0
    outer loop
      vertex -18.1 32 15.55
      vertex -17.985 32 13.594
      vertex -18.1 32 13.594
    endloop
  endfacet
  facet normal -0.5 0 -0.866025
    outer loop
      vertex -18.1 32 15.55
      vertex -15.4586 34 14.025
      vertex -15.4586 32 14.025
    endloop
  endfacet
  facet normal -0.5 0 -0.866025
    outer loop
      vertex -15.4586 34 14.025
      vertex -18.1 32 15.55
      vertex -18.1 34 15.55
    endloop
  endfacet
  facet normal 0.5 0 0.866026
    outer loop
      vertex -20.7414 34 10.975
      vertex -18.1 32 9.45
      vertex -18.1 34 9.45
    endloop
  endfacet
  facet normal 0.5 0 0.866026
    outer loop
      vertex -18.1 32 9.45
      vertex -20.7414 34 10.975
      vertex -20.7414 32 10.975
    endloop
  endfacet
  facet normal 0 1 -0
    outer loop
      vertex -18.1 32 9.45
      vertex -18.215 32 11.406
      vertex -18.1 32 11.406
    endloop
  endfacet
  facet normal 0 1 0
    outer loop
      vertex -18.215 32 11.406
      vertex -18.1 32 9.45
      vertex -20.7414 32 10.975
    endloop
  endfacet
  facet normal 0 1 0
    outer loop
      vertex -18.215 32 13.594
      vertex -18.1 32 15.55
      vertex -18.1 32 13.594
    endloop
  endfacet
  facet normal 0 1 0
    outer loop
      vertex -18.4399 32 13.5462
      vertex -18.1 32 15.55
      vertex -18.215 32 13.594
    endloop
  endfacet
  facet normal 0 1 0
    outer loop
      vertex -18.65 32 13.4526
      vertex -18.1 32 15.55
      vertex -18.4399 32 13.5462
    endloop
  endfacet
  facet normal 0 1 0
    outer loop
      vertex -18.1 32 15.55
      vertex -18.65 32 13.4526
      vertex -20.7414 32 14.025
    endloop
  endfacet
  facet normal 0 1 -0
    outer loop
      vertex -18.836 32 13.3175
      vertex -20.7414 32 14.025
      vertex -18.65 32 13.4526
    endloop
  endfacet
  facet normal 0 1 -0
    outer loop
      vertex -18.9899 32 13.1466
      vertex -20.7414 32 14.025
      vertex -18.836 32 13.3175
    endloop
  endfacet
  facet normal 0 1 -0
    outer loop
      vertex -19.1049 32 12.9474
      vertex -20.7414 32 14.025
      vertex -18.9899 32 13.1466
    endloop
  endfacet
  facet normal 0 1 -0
    outer loop
      vertex -19.176 32 12.7287
      vertex -20.7414 32 14.025
      vertex -19.1049 32 12.9474
    endloop
  endfacet
  facet normal 0 1 -0
    outer loop
      vertex -19.2 32 12.5
      vertex -20.7414 32 14.025
      vertex -19.176 32 12.7287
    endloop
  endfacet
  facet normal 0 1 0
    outer loop
      vertex -20.7414 32 10.975
      vertex -19.2 32 12.5
      vertex -19.176 32 12.2713
    endloop
  endfacet
  facet normal 0 1 0
    outer loop
      vertex -20.7414 32 10.975
      vertex -19.176 32 12.2713
      vertex -19.1049 32 12.0526
    endloop
  endfacet
  facet normal 0 1 0
    outer loop
      vertex -20.7414 32 10.975
      vertex -19.1049 32 12.0526
      vertex -18.9899 32 11.8534
    endloop
  endfacet
  facet normal 0 1 0
    outer loop
      vertex -19.2 32 12.5
      vertex -20.7414 32 10.975
      vertex -20.7414 32 14.025
    endloop
  endfacet
  facet normal 0 1 0
    outer loop
      vertex -18.836 32 11.6825
      vertex -20.7414 32 10.975
      vertex -18.9899 32 11.8534
    endloop
  endfacet
  facet normal 0 1 0
    outer loop
      vertex -18.65 32 11.5474
      vertex -20.7414 32 10.975
      vertex -18.836 32 11.6825
    endloop
  endfacet
  facet normal 0 1 0
    outer loop
      vertex -18.4399 32 11.4538
      vertex -20.7414 32 10.975
      vertex -18.65 32 11.5474
    endloop
  endfacet
  facet normal 0 1 0
    outer loop
      vertex -20.7414 32 10.975
      vertex -18.4399 32 11.4538
      vertex -18.215 32 11.406
    endloop
  endfacet
  facet normal 1 -0 0
    outer loop
      vertex -20.7414 32 14.025
      vertex -20.7414 34 10.975
      vertex -20.7414 34 14.025
    endloop
  endfacet
  facet normal 1 0 0
    outer loop
      vertex -20.7414 34 10.975
      vertex -20.7414 32 14.025
      vertex -20.7414 32 10.975
    endloop
  endfacet
  facet normal 0.5 0 -0.866026
    outer loop
      vertex -20.7414 32 14.025
      vertex -18.1 34 15.55
      vertex -18.1 32 15.55
    endloop
  endfacet
  facet normal 0.5 0 -0.866026
    outer loop
      vertex -18.1 34 15.55
      vertex -20.7414 32 14.025
      vertex -20.7414 34 14.025
    endloop
  endfacet
  facet normal 1 -0 0
    outer loop
      vertex 10 30 25
      vertex 10 34 0
      vertex 10 34 25
    endloop
  endfacet
  facet normal 1 0 0
    outer loop
      vertex 10 34 0
      vertex 10 30 25
      vertex 10 30 0
    endloop
  endfacet
  facet normal -0.5 0 0.866025
    outer loop
      vertex 0 34 6.95
      vertex 4.80644 32 9.725
      vertex 4.80644 34 9.725
    endloop
  endfacet
  facet normal -0.5 0 0.866025
    outer loop
      vertex 4.80644 32 9.725
      vertex 0 34 6.95
      vertex -2.44921e-016 32 6.95
    endloop
  endfacet
  facet normal -1 0 0
    outer loop
      vertex 4.80644 32 9.725
      vertex 4.80644 34 15.275
      vertex 4.80644 34 9.725
    endloop
  endfacet
  facet normal -1 -0 0
    outer loop
      vertex 4.80644 34 15.275
      vertex 4.80644 32 9.725
      vertex 4.80644 32 15.275
    endloop
  endfacet
  facet normal 0 1 0
    outer loop
      vertex 9.53674e-007 32 18.05
      vertex -4.80644 32 9.725
      vertex -4.80644 32 15.275
    endloop
  endfacet
  facet normal -0 1 0
    outer loop
      vertex -4.80644 32 9.725
      vertex 9.53674e-007 32 18.05
      vertex -2.44921e-016 32 6.95
    endloop
  endfacet
  facet normal 0 1 0
    outer loop
      vertex 9.53674e-007 32 18.05
      vertex 4.80644 32 9.725
      vertex -2.44921e-016 32 6.95
    endloop
  endfacet
  facet normal -0.5 0 -0.866025
    outer loop
      vertex 9.53674e-007 32 18.05
      vertex 4.80644 34 15.275
      vertex 4.80644 32 15.275
    endloop
  endfacet
  facet normal -0.5 0 -0.866025
    outer loop
      vertex 4.80644 34 15.275
      vertex 9.53674e-007 32 18.05
      vertex 9.53674e-007 34 18.05
    endloop
  endfacet
  facet normal 0 1 0
    outer loop
      vertex 4.80644 32 15.275
      vertex 4.80644 32 9.725
      vertex 9.53674e-007 32 18.05
    endloop
  endfacet
  facet normal 0.5 0 0.866025
    outer loop
      vertex -4.80644 34 9.725
      vertex -2.44921e-016 32 6.95
      vertex 0 34 6.95
    endloop
  endfacet
  facet normal 0.5 0 0.866025
    outer loop
      vertex -2.44921e-016 32 6.95
      vertex -4.80644 34 9.725
      vertex -4.80644 32 9.725
    endloop
  endfacet
  facet normal 1 -0 0
    outer loop
      vertex -4.80644 32 15.275
      vertex -4.80644 34 9.725
      vertex -4.80644 34 15.275
    endloop
  endfacet
  facet normal 1 0 0
    outer loop
      vertex -4.80644 34 9.725
      vertex -4.80644 32 15.275
      vertex -4.80644 32 9.725
    endloop
  endfacet
  facet normal 0.5 0 -0.866025
    outer loop
      vertex -4.80644 32 15.275
      vertex 9.53674e-007 34 18.05
      vertex 9.53674e-007 32 18.05
    endloop
  endfacet
  facet normal 0.5 0 -0.866025
    outer loop
      vertex 9.53674e-007 34 18.05
      vertex -4.80644 32 15.275
      vertex -4.80644 34 15.275
    endloop
  endfacet
  facet normal 1 -0 0
    outer loop
      vertex 26.2 42 25
      vertex 26.2 46 0
      vertex 26.2 46 25
    endloop
  endfacet
  facet normal 1 0 0
    outer loop
      vertex 26.2 46 0
      vertex 26.2 42 25
      vertex 26.2 42 0
    endloop
  endfacet
  facet normal -0 0 1
    outer loop
      vertex 10 46 25
      vertex 26.2 42 25
      vertex 26.2 46 25
    endloop
  endfacet
  facet normal 0 0 1
    outer loop
      vertex 26.2 42 25
      vertex 10 46 25
      vertex 10 42 25
    endloop
  endfacet
  facet normal -1 0 0
    outer loop
      vertex 10 42 0
      vertex 10 46 25
      vertex 10 46 0
    endloop
  endfacet
  facet normal -1 -0 0
    outer loop
      vertex 10 46 25
      vertex 10 42 0
      vertex 10 42 25
    endloop
  endfacet
  facet normal 0 -1 0
    outer loop
      vertex 10 42 25
      vertex 17.985 42 13.594
      vertex 26.2 42 25
    endloop
  endfacet
  facet normal 0 -1 0
    outer loop
      vertex 10 42 25
      vertex 17.7601 42 13.5462
      vertex 17.985 42 13.594
    endloop
  endfacet
  facet normal 0 -1 0
    outer loop
      vertex 10 42 25
      vertex 17.55 42 13.4526
      vertex 17.7601 42 13.5462
    endloop
  endfacet
  facet normal 0 -1 0
    outer loop
      vertex 10 42 25
      vertex 17.364 42 13.3175
      vertex 17.55 42 13.4526
    endloop
  endfacet
  facet normal 0 -1 0
    outer loop
      vertex 10 42 25
      vertex 17.2101 42 13.1466
      vertex 17.364 42 13.3175
    endloop
  endfacet
  facet normal 0 -1 0
    outer loop
      vertex 10 42 25
      vertex 17.0951 42 12.9474
      vertex 17.2101 42 13.1466
    endloop
  endfacet
  facet normal 0 -1 0
    outer loop
      vertex 10 42 25
      vertex 17.024 42 12.7287
      vertex 17.0951 42 12.9474
    endloop
  endfacet
  facet normal 0 -1 0
    outer loop
      vertex 10 42 25
      vertex 17 42 12.5
      vertex 17.024 42 12.7287
    endloop
  endfacet
  facet normal 0 -1 0
    outer loop
      vertex 10 42 0
      vertex 17 42 12.5
      vertex 10 42 25
    endloop
  endfacet
  facet normal 0 -1 -0
    outer loop
      vertex 17 42 12.5
      vertex 10 42 0
      vertex 17.024 42 12.2713
    endloop
  endfacet
  facet normal 0 -1 -0
    outer loop
      vertex 17.55 42 11.5474
      vertex 10 42 0
      vertex 18.65 42 11.5474
    endloop
  endfacet
  facet normal 0 -1 -0
    outer loop
      vertex 17.364 42 11.6825
      vertex 10 42 0
      vertex 17.55 42 11.5474
    endloop
  endfacet
  facet normal 0 -1 -0
    outer loop
      vertex 17.2101 42 11.8534
      vertex 10 42 0
      vertex 17.364 42 11.6825
    endloop
  endfacet
  facet normal 0 -1 -0
    outer loop
      vertex 17.0951 42 12.0526
      vertex 10 42 0
      vertex 17.2101 42 11.8534
    endloop
  endfacet
  facet normal 0 -1 -0
    outer loop
      vertex 17.024 42 12.2713
      vertex 10 42 0
      vertex 17.0951 42 12.0526
    endloop
  endfacet
  facet normal 0 -1 0
    outer loop
      vertex 18.215 42 13.594
      vertex 26.2 42 25
      vertex 17.985 42 13.594
    endloop
  endfacet
  facet normal 0 -1 0
    outer loop
      vertex 18.4399 42 13.5462
      vertex 26.2 42 25
      vertex 18.215 42 13.594
    endloop
  endfacet
  facet normal 0 -1 0
    outer loop
      vertex 18.65 42 13.4526
      vertex 26.2 42 25
      vertex 18.4399 42 13.5462
    endloop
  endfacet
  facet normal 0 -1 0
    outer loop
      vertex 18.836 42 13.3175
      vertex 26.2 42 25
      vertex 18.65 42 13.4526
    endloop
  endfacet
  facet normal 0 -1 0
    outer loop
      vertex 18.9899 42 13.1466
      vertex 26.2 42 25
      vertex 18.836 42 13.3175
    endloop
  endfacet
  facet normal 0 -1 0
    outer loop
      vertex 19.1049 42 12.9474
      vertex 26.2 42 25
      vertex 18.9899 42 13.1466
    endloop
  endfacet
  facet normal 0 -1 0
    outer loop
      vertex 19.176 42 12.7287
      vertex 26.2 42 25
      vertex 19.1049 42 12.9474
    endloop
  endfacet
  facet normal 0 -1 0
    outer loop
      vertex 19.2 42 12.5
      vertex 26.2 42 25
      vertex 19.176 42 12.7287
    endloop
  endfacet
  facet normal 0 -1 0
    outer loop
      vertex 26.2 42 0
      vertex 19.2 42 12.5
      vertex 19.176 42 12.2713
    endloop
  endfacet
  facet normal 0 -1 0
    outer loop
      vertex 26.2 42 0
      vertex 19.176 42 12.2713
      vertex 19.1049 42 12.0526
    endloop
  endfacet
  facet normal 0 -1 0
    outer loop
      vertex 26.2 42 0
      vertex 18.65 42 11.5474
      vertex 10 42 0
    endloop
  endfacet
  facet normal 0 -1 0
    outer loop
      vertex 18.65 42 11.5474
      vertex 26.2 42 0
      vertex 18.836 42 11.6825
    endloop
  endfacet
  facet normal 0 -1 0
    outer loop
      vertex 19.2 42 12.5
      vertex 26.2 42 0
      vertex 26.2 42 25
    endloop
  endfacet
  facet normal 0 -1 0
    outer loop
      vertex 18.9899 42 11.8534
      vertex 26.2 42 0
      vertex 19.1049 42 12.0526
    endloop
  endfacet
  facet normal 0 -1 0
    outer loop
      vertex 18.836 42 11.6825
      vertex 26.2 42 0
      vertex 18.9899 42 11.8534
    endloop
  endfacet
  facet normal 0 0 -1
    outer loop
      vertex 10 42 0
      vertex 26.2 46 0
      vertex 26.2 42 0
    endloop
  endfacet
  facet normal -0 0 -1
    outer loop
      vertex 26.2 46 0
      vertex 10 42 0
      vertex 10 46 0
    endloop
  endfacet
  facet normal 0 1 0
    outer loop
      vertex 26.2 46 25
      vertex 18.1 46 15.55
      vertex 10 46 25
    endloop
  endfacet
  facet normal 0 1 0
    outer loop
      vertex 26.2 46 25
      vertex 20.7414 46 14.025
      vertex 18.1 46 15.55
    endloop
  endfacet
  facet normal 0 1 0
    outer loop
      vertex 26.2 46 25
      vertex 20.7414 46 10.975
      vertex 20.7414 46 14.025
    endloop
  endfacet
  facet normal 0 1 0
    outer loop
      vertex 20.7414 46 10.975
      vertex 26.2 46 0
      vertex 18.1 46 9.45
    endloop
  endfacet
  facet normal 0 1 -0
    outer loop
      vertex 26.2 46 0
      vertex 20.7414 46 10.975
      vertex 26.2 46 25
    endloop
  endfacet
  facet normal 0 1 -0
    outer loop
      vertex 15.4586 46 14.025
      vertex 10 46 25
      vertex 18.1 46 15.55
    endloop
  endfacet
  facet normal 0 1 -0
    outer loop
      vertex 15.4586 46 10.975
      vertex 10 46 25
      vertex 15.4586 46 14.025
    endloop
  endfacet
  facet normal 0 1 0
    outer loop
      vertex 10 46 0
      vertex 18.1 46 9.45
      vertex 26.2 46 0
    endloop
  endfacet
  facet normal 0 1 0
    outer loop
      vertex 15.4586 46 10.975
      vertex 10 46 0
      vertex 10 46 25
    endloop
  endfacet
  facet normal 0 1 0
    outer loop
      vertex 18.1 46 9.45
      vertex 10 46 0
      vertex 15.4586 46 10.975
    endloop
  endfacet
  facet normal 0.994522 -0 0.104531
    outer loop
      vertex 17 42 12.5
      vertex 17.024 44 12.2713
      vertex 17 44 12.5
    endloop
  endfacet
  facet normal 0.994522 0 0.104531
    outer loop
      vertex 17.024 44 12.2713
      vertex 17 42 12.5
      vertex 17.024 42 12.2713
    endloop
  endfacet
  facet normal -0.994522 -0 -0.104523
    outer loop
      vertex 19.176 44 12.7287
      vertex 19.188 44 12.6144
      vertex 19.176 42 12.7287
    endloop
  endfacet
  facet normal -0.207912 0 0.978148
    outer loop
      vertex 18.215 44 11.406
      vertex 18.4399 42 11.4538
      vertex 18.4399 44 11.4538
    endloop
  endfacet
  facet normal -0.207912 0 0.978148
    outer loop
      vertex 18.4399 42 11.4538
      vertex 18.215 44 11.406
      vertex 18.215 42 11.406
    endloop
  endfacet
  facet normal 0.587782 0 0.80902
    outer loop
      vertex 17.364 44 11.6825
      vertex 17.55 42 11.5474
      vertex 17.55 44 11.5474
    endloop
  endfacet
  facet normal 0.587782 0 0.80902
    outer loop
      vertex 17.55 42 11.5474
      vertex 17.364 44 11.6825
      vertex 17.364 42 11.6825
    endloop
  endfacet
  facet normal 0.20791 0 -0.978148
    outer loop
      vertex 17.7601 42 13.5462
      vertex 17.985 44 13.594
      vertex 17.985 42 13.594
    endloop
  endfacet
  facet normal 0.20791 0 -0.978148
    outer loop
      vertex 17.985 44 13.594
      vertex 17.7601 42 13.5462
      vertex 17.7601 44 13.5462
    endloop
  endfacet
  facet normal -0.866027 0 0.499997
    outer loop
      vertex 18.9899 42 11.8534
      vertex 19.1049 44 12.0526
      vertex 18.9899 44 11.8534
    endloop
  endfacet
  facet normal -0.866027 0 0.499997
    outer loop
      vertex 19.1049 44 12.0526
      vertex 18.9899 42 11.8534
      vertex 19.1049 42 12.0526
    endloop
  endfacet
  facet normal -0.951057 0 0.309016
    outer loop
      vertex 19.1049 42 12.0526
      vertex 19.176 44 12.2713
      vertex 19.1049 44 12.0526
    endloop
  endfacet
  facet normal -0.951057 0 0.309016
    outer loop
      vertex 19.176 44 12.2713
      vertex 19.1049 42 12.0526
      vertex 19.176 42 12.2713
    endloop
  endfacet
  facet normal 0.866023 -0 0.500003
    outer loop
      vertex 17.0951 42 12.0526
      vertex 17.2101 44 11.8534
      vertex 17.0951 44 12.0526
    endloop
  endfacet
  facet normal 0.866023 0 0.500003
    outer loop
      vertex 17.2101 44 11.8534
      vertex 17.0951 42 12.0526
      vertex 17.2101 42 11.8534
    endloop
  endfacet
  facet normal 0.951057 -0 0.309016
    outer loop
      vertex 17.024 42 12.2713
      vertex 17.0951 44 12.0526
      vertex 17.024 44 12.2713
    endloop
  endfacet
  facet normal 0.951057 0 0.309016
    outer loop
      vertex 17.0951 44 12.0526
      vertex 17.024 42 12.2713
      vertex 17.0951 42 12.0526
    endloop
  endfacet
  facet normal 0.743148 -0 0.669127
    outer loop
      vertex 17.2101 42 11.8534
      vertex 17.364 44 11.6825
      vertex 17.2101 44 11.8534
    endloop
  endfacet
  facet normal 0.743148 0 0.669127
    outer loop
      vertex 17.364 44 11.6825
      vertex 17.2101 42 11.8534
      vertex 17.364 42 11.6825
    endloop
  endfacet
  facet normal 0.20791 0 0.978148
    outer loop
      vertex 17.7601 44 11.4538
      vertex 17.985 42 11.406
      vertex 17.985 44 11.406
    endloop
  endfacet
  facet normal 0.20791 0 0.978148
    outer loop
      vertex 17.985 42 11.406
      vertex 17.7601 44 11.4538
      vertex 17.7601 42 11.4538
    endloop
  endfacet
  facet normal -0 0 1
    outer loop
      vertex 18.1 44 11.406
      vertex 18.215 42 11.406
      vertex 18.215 44 11.406
    endloop
  endfacet
  facet normal 0 0 1
    outer loop
      vertex 17.985 42 11.406
      vertex 18.1 44 11.406
      vertex 17.985 44 11.406
    endloop
  endfacet
  facet normal 0 0 1
    outer loop
      vertex 18.1 44 11.406
      vertex 17.985 42 11.406
      vertex 18.215 42 11.406
    endloop
  endfacet
  facet normal 0 1 -0
    outer loop
      vertex 18.215 42 11.406
      vertex 17.55 42 11.5474
      vertex 18.65 42 11.5474
    endloop
  endfacet
  facet normal 0 1 0
    outer loop
      vertex 17.55 42 11.5474
      vertex 18.215 42 11.406
      vertex 17.985 42 11.406
    endloop
  endfacet
  facet normal 0.406738 0 0.913545
    outer loop
      vertex 17.55 44 11.5474
      vertex 17.7601 42 11.4538
      vertex 17.7601 44 11.4538
    endloop
  endfacet
  facet normal 0.406738 0 0.913545
    outer loop
      vertex 17.7601 42 11.4538
      vertex 17.55 44 11.5474
      vertex 17.55 42 11.5474
    endloop
  endfacet
  facet normal 0 1 0
    outer loop
      vertex 18.65 42 11.5474
      vertex 18.4399 42 11.4538
      vertex 18.215 42 11.406
    endloop
  endfacet
  facet normal -0.994522 0 0.104523
    outer loop
      vertex 19.176 42 12.2713
      vertex 19.188 44 12.3856
      vertex 19.176 44 12.2713
    endloop
  endfacet
  facet normal -0.994522 -4.74225e-007 0.104532
    outer loop
      vertex 19.188 44 12.3856
      vertex 19.176 42 12.2713
      vertex 19.2 42 12.5
    endloop
  endfacet
  facet normal 0.994522 0 -0.104532
    outer loop
      vertex 17.024 42 12.7287
      vertex 17 44 12.5
      vertex 17.024 44 12.7287
    endloop
  endfacet
  facet normal 0.994522 0 -0.104532
    outer loop
      vertex 17 44 12.5
      vertex 17.024 42 12.7287
      vertex 17 42 12.5
    endloop
  endfacet
  facet normal 0.951057 0 -0.309016
    outer loop
      vertex 17.0951 42 12.9474
      vertex 17.024 44 12.7287
      vertex 17.0951 44 12.9474
    endloop
  endfacet
  facet normal 0.951057 0 -0.309016
    outer loop
      vertex 17.024 44 12.7287
      vertex 17.0951 42 12.9474
      vertex 17.024 42 12.7287
    endloop
  endfacet
  facet normal 0 1 0
    outer loop
      vertex 17.985 42 11.406
      vertex 17.7601 42 11.4538
      vertex 17.55 42 11.5474
    endloop
  endfacet
  facet normal -0.587785 0 0.809017
    outer loop
      vertex 18.65 44 11.5474
      vertex 18.836 42 11.6825
      vertex 18.836 44 11.6825
    endloop
  endfacet
  facet normal -0.587785 0 0.809017
    outer loop
      vertex 18.836 42 11.6825
      vertex 18.65 44 11.5474
      vertex 18.65 42 11.5474
    endloop
  endfacet
  facet normal -0.406735 0 0.913546
    outer loop
      vertex 18.4399 44 11.4538
      vertex 18.65 42 11.5474
      vertex 18.65 44 11.5474
    endloop
  endfacet
  facet normal -0.406735 0 0.913546
    outer loop
      vertex 18.65 42 11.5474
      vertex 18.4399 44 11.4538
      vertex 18.4399 42 11.4538
    endloop
  endfacet
  facet normal -0.743144 0 0.669131
    outer loop
      vertex 18.836 42 11.6825
      vertex 18.9899 44 11.8534
      vertex 18.836 44 11.6825
    endloop
  endfacet
  facet normal -0.743144 0 0.669131
    outer loop
      vertex 18.9899 44 11.8534
      vertex 18.836 42 11.6825
      vertex 18.9899 42 11.8534
    endloop
  endfacet
  facet normal -0.994521 -4.9848e-008 0.104539
    outer loop
      vertex 19.2 42 12.5
      vertex 19.2 44 12.5
      vertex 19.188 44 12.3856
    endloop
  endfacet
  facet normal -0.994521 4.98484e-008 -0.10454
    outer loop
      vertex 19.2 42 12.5
      vertex 19.188 44 12.6144
      vertex 19.2 44 12.5
    endloop
  endfacet
  facet normal -0.994522 -4.49303e-007 -0.104531
    outer loop
      vertex 19.188 44 12.6144
      vertex 19.2 42 12.5
      vertex 19.176 42 12.7287
    endloop
  endfacet
  facet normal 0.743148 0 -0.669127
    outer loop
      vertex 17.364 42 13.3175
      vertex 17.2101 44 13.1466
      vertex 17.364 44 13.3175
    endloop
  endfacet
  facet normal 0.743148 0 -0.669127
    outer loop
      vertex 17.2101 44 13.1466
      vertex 17.364 42 13.3175
      vertex 17.2101 42 13.1466
    endloop
  endfacet
  facet normal 0 0 -1
    outer loop
      vertex 18.215 42 13.594
      vertex 18.1 44 13.594
      vertex 18.215 44 13.594
    endloop
  endfacet
  facet normal 0 0 -1
    outer loop
      vertex 17.985 42 13.594
      vertex 18.1 44 13.594
      vertex 18.215 42 13.594
    endloop
  endfacet
  facet normal -0 0 -1
    outer loop
      vertex 18.1 44 13.594
      vertex 17.985 42 13.594
      vertex 17.985 44 13.594
    endloop
  endfacet
  facet normal -0.587785 0 -0.809017
    outer loop
      vertex 18.65 42 13.4526
      vertex 18.836 44 13.3175
      vertex 18.836 42 13.3175
    endloop
  endfacet
  facet normal -0.587785 0 -0.809017
    outer loop
      vertex 18.836 44 13.3175
      vertex 18.65 42 13.4526
      vertex 18.65 44 13.4526
    endloop
  endfacet
  facet normal -0.743144 0 -0.669131
    outer loop
      vertex 18.9899 42 13.1466
      vertex 18.836 44 13.3175
      vertex 18.9899 44 13.1466
    endloop
  endfacet
  facet normal -0.743144 -0 -0.669131
    outer loop
      vertex 18.836 44 13.3175
      vertex 18.9899 42 13.1466
      vertex 18.836 42 13.3175
    endloop
  endfacet
  facet normal -0.866027 0 -0.499997
    outer loop
      vertex 19.1049 42 12.9474
      vertex 18.9899 44 13.1466
      vertex 19.1049 44 12.9474
    endloop
  endfacet
  facet normal -0.866027 -0 -0.499997
    outer loop
      vertex 18.9899 44 13.1466
      vertex 19.1049 42 12.9474
      vertex 18.9899 42 13.1466
    endloop
  endfacet
  facet normal -0.951057 0 -0.309016
    outer loop
      vertex 19.176 42 12.7287
      vertex 19.1049 44 12.9474
      vertex 19.176 44 12.7287
    endloop
  endfacet
  facet normal -0.951057 -0 -0.309016
    outer loop
      vertex 19.1049 44 12.9474
      vertex 19.176 42 12.7287
      vertex 19.1049 42 12.9474
    endloop
  endfacet
  facet normal 0.587782 0 -0.80902
    outer loop
      vertex 17.364 42 13.3175
      vertex 17.55 44 13.4526
      vertex 17.55 42 13.4526
    endloop
  endfacet
  facet normal 0.587782 0 -0.80902
    outer loop
      vertex 17.55 44 13.4526
      vertex 17.364 42 13.3175
      vertex 17.364 44 13.3175
    endloop
  endfacet
  facet normal 0.406738 0 -0.913545
    outer loop
      vertex 17.55 42 13.4526
      vertex 17.7601 44 13.5462
      vertex 17.7601 42 13.5462
    endloop
  endfacet
  facet normal 0.406738 0 -0.913545
    outer loop
      vertex 17.7601 44 13.5462
      vertex 17.55 42 13.4526
      vertex 17.55 44 13.4526
    endloop
  endfacet
  facet normal 0.866023 0 -0.500003
    outer loop
      vertex 17.2101 42 13.1466
      vertex 17.0951 44 12.9474
      vertex 17.2101 44 13.1466
    endloop
  endfacet
  facet normal 0.866023 0 -0.500003
    outer loop
      vertex 17.0951 44 12.9474
      vertex 17.2101 42 13.1466
      vertex 17.0951 42 12.9474
    endloop
  endfacet
  facet normal -0.207912 0 -0.978148
    outer loop
      vertex 18.215 42 13.594
      vertex 18.4399 44 13.5462
      vertex 18.4399 42 13.5462
    endloop
  endfacet
  facet normal -0.207912 0 -0.978148
    outer loop
      vertex 18.4399 44 13.5462
      vertex 18.215 42 13.594
      vertex 18.215 44 13.594
    endloop
  endfacet
  facet normal -0.406735 0 -0.913546
    outer loop
      vertex 18.4399 42 13.5462
      vertex 18.65 44 13.4526
      vertex 18.65 42 13.4526
    endloop
  endfacet
  facet normal -0.406735 0 -0.913546
    outer loop
      vertex 18.65 44 13.4526
      vertex 18.4399 42 13.5462
      vertex 18.4399 44 13.5462
    endloop
  endfacet
  facet normal -0.5 0 0.866026
    outer loop
      vertex 18.1 46 9.45
      vertex 20.7414 44 10.975
      vertex 20.7414 46 10.975
    endloop
  endfacet
  facet normal -0.5 0 0.866026
    outer loop
      vertex 20.7414 44 10.975
      vertex 18.1 46 9.45
      vertex 18.1 44 9.45
    endloop
  endfacet
  facet normal -1 0 0
    outer loop
      vertex 20.7414 44 10.975
      vertex 20.7414 46 14.025
      vertex 20.7414 46 10.975
    endloop
  endfacet
  facet normal -1 -0 0
    outer loop
      vertex 20.7414 46 14.025
      vertex 20.7414 44 10.975
      vertex 20.7414 44 14.025
    endloop
  endfacet
  facet normal 0 1 0
    outer loop
      vertex 18.1 44 15.55
      vertex 18.4399 44 13.5462
      vertex 18.215 44 13.594
    endloop
  endfacet
  facet normal 0 1 0
    outer loop
      vertex 18.1 44 15.55
      vertex 18.65 44 13.4526
      vertex 18.4399 44 13.5462
    endloop
  endfacet
  facet normal 0 1 0
    outer loop
      vertex 20.7414 44 14.025
      vertex 18.836 44 13.3175
      vertex 18.65 44 13.4526
    endloop
  endfacet
  facet normal 0 1 0
    outer loop
      vertex 20.7414 44 14.025
      vertex 18.9899 44 13.1466
      vertex 18.836 44 13.3175
    endloop
  endfacet
  facet normal 0 1 0
    outer loop
      vertex 20.7414 44 14.025
      vertex 19.1049 44 12.9474
      vertex 18.9899 44 13.1466
    endloop
  endfacet
  facet normal 0 1 0
    outer loop
      vertex 20.7414 44 14.025
      vertex 19.176 44 12.7287
      vertex 19.1049 44 12.9474
    endloop
  endfacet
  facet normal 0 1 0
    outer loop
      vertex 20.7414 44 14.025
      vertex 19.188 44 12.6144
      vertex 19.176 44 12.7287
    endloop
  endfacet
  facet normal 0 1 0
    outer loop
      vertex 20.7414 44 14.025
      vertex 19.2 44 12.5
      vertex 19.188 44 12.6144
    endloop
  endfacet
  facet normal 0 1 -0
    outer loop
      vertex 20.7414 44 10.975
      vertex 19.2 44 12.5
      vertex 20.7414 44 14.025
    endloop
  endfacet
  facet normal 0 1 0
    outer loop
      vertex 19.2 44 12.5
      vertex 20.7414 44 10.975
      vertex 19.188 44 12.3856
    endloop
  endfacet
  facet normal 0 1 0
    outer loop
      vertex 19.188 44 12.3856
      vertex 20.7414 44 10.975
      vertex 19.176 44 12.2713
    endloop
  endfacet
  facet normal 0 1 0
    outer loop
      vertex 19.176 44 12.2713
      vertex 20.7414 44 10.975
      vertex 19.1049 44 12.0526
    endloop
  endfacet
  facet normal 0 1 0
    outer loop
      vertex 19.1049 44 12.0526
      vertex 20.7414 44 10.975
      vertex 18.9899 44 11.8534
    endloop
  endfacet
  facet normal 0 1 0
    outer loop
      vertex 20.7414 44 10.975
      vertex 18.836 44 11.6825
      vertex 18.9899 44 11.8534
    endloop
  endfacet
  facet normal 0 1 0
    outer loop
      vertex 20.7414 44 10.975
      vertex 18.65 44 11.5474
      vertex 18.836 44 11.6825
    endloop
  endfacet
  facet normal 0 1 0
    outer loop
      vertex 18.1 44 9.45
      vertex 18.65 44 11.5474
      vertex 20.7414 44 10.975
    endloop
  endfacet
  facet normal 0 1 0
    outer loop
      vertex 18.65 44 11.5474
      vertex 18.1 44 9.45
      vertex 18.4399 44 11.4538
    endloop
  endfacet
  facet normal 0 1 0
    outer loop
      vertex 18.4399 44 11.4538
      vertex 18.1 44 9.45
      vertex 18.215 44 11.406
    endloop
  endfacet
  facet normal 0 1 0
    outer loop
      vertex 18.215 44 11.406
      vertex 18.1 44 9.45
      vertex 18.1 44 11.406
    endloop
  endfacet
  facet normal 0 1 -0
    outer loop
      vertex 18.65 44 13.4526
      vertex 18.1 44 15.55
      vertex 20.7414 44 14.025
    endloop
  endfacet
  facet normal 0 1 0
    outer loop
      vertex 18.1 44 15.55
      vertex 18.215 44 13.594
      vertex 18.1 44 13.594
    endloop
  endfacet
  facet normal -0.5 0 -0.866026
    outer loop
      vertex 18.1 44 15.55
      vertex 20.7414 46 14.025
      vertex 20.7414 44 14.025
    endloop
  endfacet
  facet normal -0.5 0 -0.866026
    outer loop
      vertex 20.7414 46 14.025
      vertex 18.1 44 15.55
      vertex 18.1 46 15.55
    endloop
  endfacet
  facet normal 0.5 0 0.866025
    outer loop
      vertex 15.4586 46 10.975
      vertex 18.1 44 9.45
      vertex 18.1 46 9.45
    endloop
  endfacet
  facet normal 0.5 0 0.866025
    outer loop
      vertex 18.1 44 9.45
      vertex 15.4586 46 10.975
      vertex 15.4586 44 10.975
    endloop
  endfacet
  facet normal 0 1 -0
    outer loop
      vertex 18.1 44 9.45
      vertex 17.985 44 11.406
      vertex 18.1 44 11.406
    endloop
  endfacet
  facet normal 0 1 0
    outer loop
      vertex 17.985 44 11.406
      vertex 18.1 44 9.45
      vertex 15.4586 44 10.975
    endloop
  endfacet
  facet normal 0 1 0
    outer loop
      vertex 17.985 44 13.594
      vertex 18.1 44 15.55
      vertex 18.1 44 13.594
    endloop
  endfacet
  facet normal 0 1 0
    outer loop
      vertex 17.7601 44 13.5462
      vertex 18.1 44 15.55
      vertex 17.985 44 13.594
    endloop
  endfacet
  facet normal 0 1 0
    outer loop
      vertex 17.55 44 13.4526
      vertex 18.1 44 15.55
      vertex 17.7601 44 13.5462
    endloop
  endfacet
  facet normal 0 1 0
    outer loop
      vertex 18.1 44 15.55
      vertex 17.55 44 13.4526
      vertex 15.4586 44 14.025
    endloop
  endfacet
  facet normal 0 1 -0
    outer loop
      vertex 17.364 44 13.3175
      vertex 15.4586 44 14.025
      vertex 17.55 44 13.4526
    endloop
  endfacet
  facet normal 0 1 -0
    outer loop
      vertex 17.2101 44 13.1466
      vertex 15.4586 44 14.025
      vertex 17.364 44 13.3175
    endloop
  endfacet
  facet normal 0 1 -0
    outer loop
      vertex 17.0951 44 12.9474
      vertex 15.4586 44 14.025
      vertex 17.2101 44 13.1466
    endloop
  endfacet
  facet normal 0 1 -0
    outer loop
      vertex 17.024 44 12.7287
      vertex 15.4586 44 14.025
      vertex 17.0951 44 12.9474
    endloop
  endfacet
  facet normal 0 1 -0
    outer loop
      vertex 17 44 12.5
      vertex 15.4586 44 14.025
      vertex 17.024 44 12.7287
    endloop
  endfacet
  facet normal 0 1 0
    outer loop
      vertex 15.4586 44 10.975
      vertex 17 44 12.5
      vertex 17.024 44 12.2713
    endloop
  endfacet
  facet normal 0 1 0
    outer loop
      vertex 15.4586 44 10.975
      vertex 17.024 44 12.2713
      vertex 17.0951 44 12.0526
    endloop
  endfacet
  facet normal 0 1 0
    outer loop
      vertex 15.4586 44 10.975
      vertex 17.0951 44 12.0526
      vertex 17.2101 44 11.8534
    endloop
  endfacet
  facet normal 0 1 0
    outer loop
      vertex 17 44 12.5
      vertex 15.4586 44 10.975
      vertex 15.4586 44 14.025
    endloop
  endfacet
  facet normal 0 1 0
    outer loop
      vertex 17.364 44 11.6825
      vertex 15.4586 44 10.975
      vertex 17.2101 44 11.8534
    endloop
  endfacet
  facet normal 0 1 0
    outer loop
      vertex 17.55 44 11.5474
      vertex 15.4586 44 10.975
      vertex 17.364 44 11.6825
    endloop
  endfacet
  facet normal 0 1 0
    outer loop
      vertex 17.7601 44 11.4538
      vertex 15.4586 44 10.975
      vertex 17.55 44 11.5474
    endloop
  endfacet
  facet normal 0 1 0
    outer loop
      vertex 15.4586 44 10.975
      vertex 17.7601 44 11.4538
      vertex 17.985 44 11.406
    endloop
  endfacet
  facet normal 1 -0 0
    outer loop
      vertex 15.4586 44 14.025
      vertex 15.4586 46 10.975
      vertex 15.4586 46 14.025
    endloop
  endfacet
  facet normal 1 0 0
    outer loop
      vertex 15.4586 46 10.975
      vertex 15.4586 44 14.025
      vertex 15.4586 44 10.975
    endloop
  endfacet
  facet normal 0.5 0 -0.866025
    outer loop
      vertex 15.4586 44 14.025
      vertex 18.1 46 15.55
      vertex 18.1 44 15.55
    endloop
  endfacet
  facet normal 0.5 0 -0.866025
    outer loop
      vertex 18.1 46 15.55
      vertex 15.4586 44 14.025
      vertex 15.4586 46 14.025
    endloop
  endfacet
  facet normal 1 -0 0
    outer loop
      vertex -10 42 25
      vertex -10 46 0
      vertex -10 46 25
    endloop
  endfacet
  facet normal 1 0 0
    outer loop
      vertex -10 46 0
      vertex -10 42 25
      vertex -10 42 0
    endloop
  endfacet
  facet normal -0 0 1
    outer loop
      vertex -26.2 46 25
      vertex -10 42 25
      vertex -10 46 25
    endloop
  endfacet
  facet normal 0 0 1
    outer loop
      vertex -10 42 25
      vertex -26.2 46 25
      vertex -26.2 42 25
    endloop
  endfacet
  facet normal -1 0 0
    outer loop
      vertex -26.2 42 0
      vertex -26.2 46 25
      vertex -26.2 46 0
    endloop
  endfacet
  facet normal -1 -0 0
    outer loop
      vertex -26.2 46 25
      vertex -26.2 42 0
      vertex -26.2 42 25
    endloop
  endfacet
  facet normal 0 -1 0
    outer loop
      vertex -26.2 42 25
      vertex -18.215 42 13.594
      vertex -10 42 25
    endloop
  endfacet
  facet normal 0 -1 0
    outer loop
      vertex -26.2 42 25
      vertex -18.4399 42 13.5462
      vertex -18.215 42 13.594
    endloop
  endfacet
  facet normal 0 -1 0
    outer loop
      vertex -26.2 42 25
      vertex -18.65 42 13.4526
      vertex -18.4399 42 13.5462
    endloop
  endfacet
  facet normal 0 -1 0
    outer loop
      vertex -26.2 42 25
      vertex -18.836 42 13.3175
      vertex -18.65 42 13.4526
    endloop
  endfacet
  facet normal 0 -1 0
    outer loop
      vertex -26.2 42 25
      vertex -18.9899 42 13.1466
      vertex -18.836 42 13.3175
    endloop
  endfacet
  facet normal 0 -1 0
    outer loop
      vertex -26.2 42 25
      vertex -19.1049 42 12.9474
      vertex -18.9899 42 13.1466
    endloop
  endfacet
  facet normal 0 -1 0
    outer loop
      vertex -26.2 42 25
      vertex -19.176 42 12.7287
      vertex -19.1049 42 12.9474
    endloop
  endfacet
  facet normal 0 -1 0
    outer loop
      vertex -26.2 42 25
      vertex -19.2 42 12.5
      vertex -19.176 42 12.7287
    endloop
  endfacet
  facet normal 0 -1 0
    outer loop
      vertex -26.2 42 0
      vertex -19.2 42 12.5
      vertex -26.2 42 25
    endloop
  endfacet
  facet normal 0 -1 -0
    outer loop
      vertex -19.2 42 12.5
      vertex -26.2 42 0
      vertex -19.176 42 12.2713
    endloop
  endfacet
  facet normal 0 -1 -0
    outer loop
      vertex -18.65 42 11.5474
      vertex -26.2 42 0
      vertex -17.55 42 11.5474
    endloop
  endfacet
  facet normal 0 -1 -0
    outer loop
      vertex -18.836 42 11.6825
      vertex -26.2 42 0
      vertex -18.65 42 11.5474
    endloop
  endfacet
  facet normal 0 -1 -0
    outer loop
      vertex -18.9899 42 11.8534
      vertex -26.2 42 0
      vertex -18.836 42 11.6825
    endloop
  endfacet
  facet normal 0 -1 -0
    outer loop
      vertex -19.1049 42 12.0526
      vertex -26.2 42 0
      vertex -18.9899 42 11.8534
    endloop
  endfacet
  facet normal 0 -1 -0
    outer loop
      vertex -19.176 42 12.2713
      vertex -26.2 42 0
      vertex -19.1049 42 12.0526
    endloop
  endfacet
  facet normal 0 -1 0
    outer loop
      vertex -17.985 42 13.594
      vertex -10 42 25
      vertex -18.215 42 13.594
    endloop
  endfacet
  facet normal 0 -1 0
    outer loop
      vertex -17.7601 42 13.5462
      vertex -10 42 25
      vertex -17.985 42 13.594
    endloop
  endfacet
  facet normal 0 -1 0
    outer loop
      vertex -17.55 42 13.4526
      vertex -10 42 25
      vertex -17.7601 42 13.5462
    endloop
  endfacet
  facet normal 0 -1 0
    outer loop
      vertex -17.364 42 13.3175
      vertex -10 42 25
      vertex -17.55 42 13.4526
    endloop
  endfacet
  facet normal 0 -1 0
    outer loop
      vertex -17.2101 42 13.1466
      vertex -10 42 25
      vertex -17.364 42 13.3175
    endloop
  endfacet
  facet normal 0 -1 0
    outer loop
      vertex -17.0951 42 12.9474
      vertex -10 42 25
      vertex -17.2101 42 13.1466
    endloop
  endfacet
  facet normal 0 -1 0
    outer loop
      vertex -17.024 42 12.7287
      vertex -10 42 25
      vertex -17.0951 42 12.9474
    endloop
  endfacet
  facet normal 0 -1 0
    outer loop
      vertex -17 42 12.5
      vertex -10 42 25
      vertex -17.024 42 12.7287
    endloop
  endfacet
  facet normal 0 -1 0
    outer loop
      vertex -10 42 0
      vertex -17 42 12.5
      vertex -17.024 42 12.2713
    endloop
  endfacet
  facet normal 0 -1 0
    outer loop
      vertex -10 42 0
      vertex -17.024 42 12.2713
      vertex -17.0951 42 12.0526
    endloop
  endfacet
  facet normal 0 -1 0
    outer loop
      vertex -10 42 0
      vertex -17.55 42 11.5474
      vertex -26.2 42 0
    endloop
  endfacet
  facet normal 0 -1 0
    outer loop
      vertex -17.55 42 11.5474
      vertex -10 42 0
      vertex -17.364 42 11.6825
    endloop
  endfacet
  facet normal 0 -1 0
    outer loop
      vertex -17 42 12.5
      vertex -10 42 0
      vertex -10 42 25
    endloop
  endfacet
  facet normal 0 -1 0
    outer loop
      vertex -17.2101 42 11.8534
      vertex -10 42 0
      vertex -17.0951 42 12.0526
    endloop
  endfacet
  facet normal 0 -1 0
    outer loop
      vertex -17.364 42 11.6825
      vertex -10 42 0
      vertex -17.2101 42 11.8534
    endloop
  endfacet
  facet normal 0 0 -1
    outer loop
      vertex -26.2 42 0
      vertex -10 46 0
      vertex -10 42 0
    endloop
  endfacet
  facet normal -0 0 -1
    outer loop
      vertex -10 46 0
      vertex -26.2 42 0
      vertex -26.2 46 0
    endloop
  endfacet
  facet normal 0 1 0
    outer loop
      vertex -10 46 25
      vertex -18.1 46 15.55
      vertex -26.2 46 25
    endloop
  endfacet
  facet normal 0 1 0
    outer loop
      vertex -10 46 25
      vertex -15.4586 46 14.025
      vertex -18.1 46 15.55
    endloop
  endfacet
  facet normal 0 1 0
    outer loop
      vertex -10 46 25
      vertex -15.4586 46 10.975
      vertex -15.4586 46 14.025
    endloop
  endfacet
  facet normal 0 1 0
    outer loop
      vertex -15.4586 46 10.975
      vertex -10 46 0
      vertex -18.1 46 9.45
    endloop
  endfacet
  facet normal 0 1 -0
    outer loop
      vertex -10 46 0
      vertex -15.4586 46 10.975
      vertex -10 46 25
    endloop
  endfacet
  facet normal 0 1 -0
    outer loop
      vertex -20.7414 46 14.025
      vertex -26.2 46 25
      vertex -18.1 46 15.55
    endloop
  endfacet
  facet normal 0 1 -0
    outer loop
      vertex -20.7414 46 10.975
      vertex -26.2 46 25
      vertex -20.7414 46 14.025
    endloop
  endfacet
  facet normal 0 1 0
    outer loop
      vertex -26.2 46 0
      vertex -18.1 46 9.45
      vertex -10 46 0
    endloop
  endfacet
  facet normal 0 1 0
    outer loop
      vertex -20.7414 46 10.975
      vertex -26.2 46 0
      vertex -26.2 46 25
    endloop
  endfacet
  facet normal 0 1 0
    outer loop
      vertex -18.1 46 9.45
      vertex -26.2 46 0
      vertex -20.7414 46 10.975
    endloop
  endfacet
  facet normal 0.994521 -0 0.104539
    outer loop
      vertex -19.2 42 12.5
      vertex -19.176 44 12.2713
      vertex -19.2 44 12.5
    endloop
  endfacet
  facet normal 0.994521 0 0.104539
    outer loop
      vertex -19.176 44 12.2713
      vertex -19.2 42 12.5
      vertex -19.176 42 12.2713
    endloop
  endfacet
  facet normal -0.994522 -0 -0.104523
    outer loop
      vertex -17.024 44 12.7287
      vertex -17.012 44 12.6144
      vertex -17.024 42 12.7287
    endloop
  endfacet
  facet normal -0.207912 0 0.978148
    outer loop
      vertex -17.985 44 11.406
      vertex -17.7601 42 11.4538
      vertex -17.7601 44 11.4538
    endloop
  endfacet
  facet normal -0.207912 0 0.978148
    outer loop
      vertex -17.7601 42 11.4538
      vertex -17.985 44 11.406
      vertex -17.985 42 11.406
    endloop
  endfacet
  facet normal 0.587782 0 0.80902
    outer loop
      vertex -18.836 44 11.6825
      vertex -18.65 42 11.5474
      vertex -18.65 44 11.5474
    endloop
  endfacet
  facet normal 0.587782 0 0.80902
    outer loop
      vertex -18.65 42 11.5474
      vertex -18.836 44 11.6825
      vertex -18.836 42 11.6825
    endloop
  endfacet
  facet normal 0.20791 0 -0.978148
    outer loop
      vertex -18.4399 42 13.5462
      vertex -18.215 44 13.594
      vertex -18.215 42 13.594
    endloop
  endfacet
  facet normal 0.20791 0 -0.978148
    outer loop
      vertex -18.215 44 13.594
      vertex -18.4399 42 13.5462
      vertex -18.4399 44 13.5462
    endloop
  endfacet
  facet normal -0.866027 0 0.499997
    outer loop
      vertex -17.2101 42 11.8534
      vertex -17.0951 44 12.0526
      vertex -17.2101 44 11.8534
    endloop
  endfacet
  facet normal -0.866027 0 0.499997
    outer loop
      vertex -17.0951 44 12.0526
      vertex -17.2101 42 11.8534
      vertex -17.0951 42 12.0526
    endloop
  endfacet
  facet normal -0.951054 0 0.309024
    outer loop
      vertex -17.0951 42 12.0526
      vertex -17.024 44 12.2713
      vertex -17.0951 44 12.0526
    endloop
  endfacet
  facet normal -0.951054 0 0.309024
    outer loop
      vertex -17.024 44 12.2713
      vertex -17.0951 42 12.0526
      vertex -17.024 42 12.2713
    endloop
  endfacet
  facet normal 0.866023 -0 0.500003
    outer loop
      vertex -19.1049 42 12.0526
      vertex -18.9899 44 11.8534
      vertex -19.1049 44 12.0526
    endloop
  endfacet
  facet normal 0.866023 0 0.500003
    outer loop
      vertex -18.9899 44 11.8534
      vertex -19.1049 42 12.0526
      vertex -18.9899 42 11.8534
    endloop
  endfacet
  facet normal 0.951059 -0 0.309009
    outer loop
      vertex -19.176 42 12.2713
      vertex -19.1049 44 12.0526
      vertex -19.176 44 12.2713
    endloop
  endfacet
  facet normal 0.951059 0 0.309009
    outer loop
      vertex -19.1049 44 12.0526
      vertex -19.176 42 12.2713
      vertex -19.1049 42 12.0526
    endloop
  endfacet
  facet normal 0.743148 -0 0.669127
    outer loop
      vertex -18.9899 42 11.8534
      vertex -18.836 44 11.6825
      vertex -18.9899 44 11.8534
    endloop
  endfacet
  facet normal 0.743148 0 0.669127
    outer loop
      vertex -18.836 44 11.6825
      vertex -18.9899 42 11.8534
      vertex -18.836 42 11.6825
    endloop
  endfacet
  facet normal 0.20791 0 0.978148
    outer loop
      vertex -18.4399 44 11.4538
      vertex -18.215 42 11.406
      vertex -18.215 44 11.406
    endloop
  endfacet
  facet normal 0.20791 0 0.978148
    outer loop
      vertex -18.215 42 11.406
      vertex -18.4399 44 11.4538
      vertex -18.4399 42 11.4538
    endloop
  endfacet
  facet normal -0 0 1
    outer loop
      vertex -18.1 44 11.406
      vertex -17.985 42 11.406
      vertex -17.985 44 11.406
    endloop
  endfacet
  facet normal 0 0 1
    outer loop
      vertex -18.215 42 11.406
      vertex -18.1 44 11.406
      vertex -18.215 44 11.406
    endloop
  endfacet
  facet normal 0 0 1
    outer loop
      vertex -18.1 44 11.406
      vertex -18.215 42 11.406
      vertex -17.985 42 11.406
    endloop
  endfacet
  facet normal 0 1 -0
    outer loop
      vertex -17.985 42 11.406
      vertex -18.65 42 11.5474
      vertex -17.55 42 11.5474
    endloop
  endfacet
  facet normal 0 1 0
    outer loop
      vertex -18.65 42 11.5474
      vertex -17.985 42 11.406
      vertex -18.215 42 11.406
    endloop
  endfacet
  facet normal 0.406738 0 0.913545
    outer loop
      vertex -18.65 44 11.5474
      vertex -18.4399 42 11.4538
      vertex -18.4399 44 11.4538
    endloop
  endfacet
  facet normal 0.406738 0 0.913545
    outer loop
      vertex -18.4399 42 11.4538
      vertex -18.65 44 11.5474
      vertex -18.65 42 11.5474
    endloop
  endfacet
  facet normal 0 1 0
    outer loop
      vertex -17.55 42 11.5474
      vertex -17.7601 42 11.4538
      vertex -17.985 42 11.406
    endloop
  endfacet
  facet normal -0.994522 0 0.104523
    outer loop
      vertex -17.024 42 12.2713
      vertex -17.012 44 12.3856
      vertex -17.024 44 12.2713
    endloop
  endfacet
  facet normal -0.994522 0 0.104523
    outer loop
      vertex -17.012 44 12.3856
      vertex -17.024 42 12.2713
      vertex -17 42 12.5
    endloop
  endfacet
  facet normal 0.994521 0 -0.10454
    outer loop
      vertex -19.176 42 12.7287
      vertex -19.2 44 12.5
      vertex -19.176 44 12.7287
    endloop
  endfacet
  facet normal 0.994521 0 -0.10454
    outer loop
      vertex -19.2 44 12.5
      vertex -19.176 42 12.7287
      vertex -19.2 42 12.5
    endloop
  endfacet
  facet normal 0.951059 0 -0.309009
    outer loop
      vertex -19.1049 42 12.9474
      vertex -19.176 44 12.7287
      vertex -19.1049 44 12.9474
    endloop
  endfacet
  facet normal 0.951059 0 -0.309009
    outer loop
      vertex -19.176 44 12.7287
      vertex -19.1049 42 12.9474
      vertex -19.176 42 12.7287
    endloop
  endfacet
  facet normal 0 1 0
    outer loop
      vertex -18.215 42 11.406
      vertex -18.4399 42 11.4538
      vertex -18.65 42 11.5474
    endloop
  endfacet
  facet normal -0.587785 0 0.809017
    outer loop
      vertex -17.55 44 11.5474
      vertex -17.364 42 11.6825
      vertex -17.364 44 11.6825
    endloop
  endfacet
  facet normal -0.587785 0 0.809017
    outer loop
      vertex -17.364 42 11.6825
      vertex -17.55 44 11.5474
      vertex -17.55 42 11.5474
    endloop
  endfacet
  facet normal -0.406735 0 0.913546
    outer loop
      vertex -17.7601 44 11.4538
      vertex -17.55 42 11.5474
      vertex -17.55 44 11.5474
    endloop
  endfacet
  facet normal -0.406735 0 0.913546
    outer loop
      vertex -17.55 42 11.5474
      vertex -17.7601 44 11.4538
      vertex -17.7601 42 11.4538
    endloop
  endfacet
  facet normal -0.743144 0 0.669131
    outer loop
      vertex -17.364 42 11.6825
      vertex -17.2101 44 11.8534
      vertex -17.364 44 11.6825
    endloop
  endfacet
  facet normal -0.743144 0 0.669131
    outer loop
      vertex -17.2101 44 11.8534
      vertex -17.364 42 11.6825
      vertex -17.2101 42 11.8534
    endloop
  endfacet
  facet normal -0.994523 -4.98402e-008 0.104522
    outer loop
      vertex -17 42 12.5
      vertex -17 44 12.5
      vertex -17.012 44 12.3856
    endloop
  endfacet
  facet normal -0.994522 4.98406e-008 -0.104523
    outer loop
      vertex -17 42 12.5
      vertex -17.012 44 12.6144
      vertex -17 44 12.5
    endloop
  endfacet
  facet normal -0.994522 2.49202e-008 -0.104523
    outer loop
      vertex -17.012 44 12.6144
      vertex -17 42 12.5
      vertex -17.024 42 12.7287
    endloop
  endfacet
  facet normal 0.743148 0 -0.669127
    outer loop
      vertex -18.836 42 13.3175
      vertex -18.9899 44 13.1466
      vertex -18.836 44 13.3175
    endloop
  endfacet
  facet normal 0.743148 0 -0.669127
    outer loop
      vertex -18.9899 44 13.1466
      vertex -18.836 42 13.3175
      vertex -18.9899 42 13.1466
    endloop
  endfacet
  facet normal 0 0 -1
    outer loop
      vertex -17.985 42 13.594
      vertex -18.1 44 13.594
      vertex -17.985 44 13.594
    endloop
  endfacet
  facet normal 0 0 -1
    outer loop
      vertex -18.215 42 13.594
      vertex -18.1 44 13.594
      vertex -17.985 42 13.594
    endloop
  endfacet
  facet normal -0 0 -1
    outer loop
      vertex -18.1 44 13.594
      vertex -18.215 42 13.594
      vertex -18.215 44 13.594
    endloop
  endfacet
  facet normal -0.587785 0 -0.809017
    outer loop
      vertex -17.55 42 13.4526
      vertex -17.364 44 13.3175
      vertex -17.364 42 13.3175
    endloop
  endfacet
  facet normal -0.587785 0 -0.809017
    outer loop
      vertex -17.364 44 13.3175
      vertex -17.55 42 13.4526
      vertex -17.55 44 13.4526
    endloop
  endfacet
  facet normal -0.743144 0 -0.669131
    outer loop
      vertex -17.2101 42 13.1466
      vertex -17.364 44 13.3175
      vertex -17.2101 44 13.1466
    endloop
  endfacet
  facet normal -0.743144 -0 -0.669131
    outer loop
      vertex -17.364 44 13.3175
      vertex -17.2101 42 13.1466
      vertex -17.364 42 13.3175
    endloop
  endfacet
  facet normal -0.866027 0 -0.499997
    outer loop
      vertex -17.0951 42 12.9474
      vertex -17.2101 44 13.1466
      vertex -17.0951 44 12.9474
    endloop
  endfacet
  facet normal -0.866027 -0 -0.499997
    outer loop
      vertex -17.2101 44 13.1466
      vertex -17.0951 42 12.9474
      vertex -17.2101 42 13.1466
    endloop
  endfacet
  facet normal -0.951054 0 -0.309024
    outer loop
      vertex -17.024 42 12.7287
      vertex -17.0951 44 12.9474
      vertex -17.024 44 12.7287
    endloop
  endfacet
  facet normal -0.951054 -0 -0.309024
    outer loop
      vertex -17.0951 44 12.9474
      vertex -17.024 42 12.7287
      vertex -17.0951 42 12.9474
    endloop
  endfacet
  facet normal 0.587782 0 -0.80902
    outer loop
      vertex -18.836 42 13.3175
      vertex -18.65 44 13.4526
      vertex -18.65 42 13.4526
    endloop
  endfacet
  facet normal 0.587782 0 -0.80902
    outer loop
      vertex -18.65 44 13.4526
      vertex -18.836 42 13.3175
      vertex -18.836 44 13.3175
    endloop
  endfacet
  facet normal 0.406738 0 -0.913545
    outer loop
      vertex -18.65 42 13.4526
      vertex -18.4399 44 13.5462
      vertex -18.4399 42 13.5462
    endloop
  endfacet
  facet normal 0.406738 0 -0.913545
    outer loop
      vertex -18.4399 44 13.5462
      vertex -18.65 42 13.4526
      vertex -18.65 44 13.4526
    endloop
  endfacet
  facet normal 0.866023 0 -0.500003
    outer loop
      vertex -18.9899 42 13.1466
      vertex -19.1049 44 12.9474
      vertex -18.9899 44 13.1466
    endloop
  endfacet
  facet normal 0.866023 0 -0.500003
    outer loop
      vertex -19.1049 44 12.9474
      vertex -18.9899 42 13.1466
      vertex -19.1049 42 12.9474
    endloop
  endfacet
  facet normal -0.207912 0 -0.978148
    outer loop
      vertex -17.985 42 13.594
      vertex -17.7601 44 13.5462
      vertex -17.7601 42 13.5462
    endloop
  endfacet
  facet normal -0.207912 0 -0.978148
    outer loop
      vertex -17.7601 44 13.5462
      vertex -17.985 42 13.594
      vertex -17.985 44 13.594
    endloop
  endfacet
  facet normal -0.406735 0 -0.913546
    outer loop
      vertex -17.7601 42 13.5462
      vertex -17.55 44 13.4526
      vertex -17.55 42 13.4526
    endloop
  endfacet
  facet normal -0.406735 0 -0.913546
    outer loop
      vertex -17.55 44 13.4526
      vertex -17.7601 42 13.5462
      vertex -17.7601 44 13.5462
    endloop
  endfacet
  facet normal -0.5 0 0.866025
    outer loop
      vertex -18.1 46 9.45
      vertex -15.4586 44 10.975
      vertex -15.4586 46 10.975
    endloop
  endfacet
  facet normal -0.5 0 0.866025
    outer loop
      vertex -15.4586 44 10.975
      vertex -18.1 46 9.45
      vertex -18.1 44 9.45
    endloop
  endfacet
  facet normal -1 0 0
    outer loop
      vertex -15.4586 44 10.975
      vertex -15.4586 46 14.025
      vertex -15.4586 46 10.975
    endloop
  endfacet
  facet normal -1 -0 0
    outer loop
      vertex -15.4586 46 14.025
      vertex -15.4586 44 10.975
      vertex -15.4586 44 14.025
    endloop
  endfacet
  facet normal 0 1 0
    outer loop
      vertex -18.1 44 15.55
      vertex -17.7601 44 13.5462
      vertex -17.985 44 13.594
    endloop
  endfacet
  facet normal 0 1 0
    outer loop
      vertex -18.1 44 15.55
      vertex -17.55 44 13.4526
      vertex -17.7601 44 13.5462
    endloop
  endfacet
  facet normal 0 1 0
    outer loop
      vertex -15.4586 44 14.025
      vertex -17.364 44 13.3175
      vertex -17.55 44 13.4526
    endloop
  endfacet
  facet normal 0 1 0
    outer loop
      vertex -15.4586 44 14.025
      vertex -17.2101 44 13.1466
      vertex -17.364 44 13.3175
    endloop
  endfacet
  facet normal 0 1 0
    outer loop
      vertex -15.4586 44 14.025
      vertex -17.0951 44 12.9474
      vertex -17.2101 44 13.1466
    endloop
  endfacet
  facet normal 0 1 0
    outer loop
      vertex -15.4586 44 14.025
      vertex -17.024 44 12.7287
      vertex -17.0951 44 12.9474
    endloop
  endfacet
  facet normal 0 1 0
    outer loop
      vertex -15.4586 44 14.025
      vertex -17.012 44 12.6144
      vertex -17.024 44 12.7287
    endloop
  endfacet
  facet normal 0 1 0
    outer loop
      vertex -15.4586 44 14.025
      vertex -17 44 12.5
      vertex -17.012 44 12.6144
    endloop
  endfacet
  facet normal 0 1 -0
    outer loop
      vertex -15.4586 44 10.975
      vertex -17 44 12.5
      vertex -15.4586 44 14.025
    endloop
  endfacet
  facet normal 0 1 0
    outer loop
      vertex -17 44 12.5
      vertex -15.4586 44 10.975
      vertex -17.012 44 12.3856
    endloop
  endfacet
  facet normal 0 1 0
    outer loop
      vertex -17.012 44 12.3856
      vertex -15.4586 44 10.975
      vertex -17.024 44 12.2713
    endloop
  endfacet
  facet normal 0 1 0
    outer loop
      vertex -17.024 44 12.2713
      vertex -15.4586 44 10.975
      vertex -17.0951 44 12.0526
    endloop
  endfacet
  facet normal 0 1 0
    outer loop
      vertex -17.0951 44 12.0526
      vertex -15.4586 44 10.975
      vertex -17.2101 44 11.8534
    endloop
  endfacet
  facet normal 0 1 0
    outer loop
      vertex -15.4586 44 10.975
      vertex -17.364 44 11.6825
      vertex -17.2101 44 11.8534
    endloop
  endfacet
  facet normal 0 1 0
    outer loop
      vertex -15.4586 44 10.975
      vertex -17.55 44 11.5474
      vertex -17.364 44 11.6825
    endloop
  endfacet
  facet normal 0 1 0
    outer loop
      vertex -18.1 44 9.45
      vertex -17.55 44 11.5474
      vertex -15.4586 44 10.975
    endloop
  endfacet
  facet normal 0 1 0
    outer loop
      vertex -17.55 44 11.5474
      vertex -18.1 44 9.45
      vertex -17.7601 44 11.4538
    endloop
  endfacet
  facet normal 0 1 0
    outer loop
      vertex -17.7601 44 11.4538
      vertex -18.1 44 9.45
      vertex -17.985 44 11.406
    endloop
  endfacet
  facet normal 0 1 0
    outer loop
      vertex -17.985 44 11.406
      vertex -18.1 44 9.45
      vertex -18.1 44 11.406
    endloop
  endfacet
  facet normal 0 1 -0
    outer loop
      vertex -17.55 44 13.4526
      vertex -18.1 44 15.55
      vertex -15.4586 44 14.025
    endloop
  endfacet
  facet normal 0 1 0
    outer loop
      vertex -18.1 44 15.55
      vertex -17.985 44 13.594
      vertex -18.1 44 13.594
    endloop
  endfacet
  facet normal -0.5 0 -0.866025
    outer loop
      vertex -18.1 44 15.55
      vertex -15.4586 46 14.025
      vertex -15.4586 44 14.025
    endloop
  endfacet
  facet normal -0.5 0 -0.866025
    outer loop
      vertex -15.4586 46 14.025
      vertex -18.1 44 15.55
      vertex -18.1 46 15.55
    endloop
  endfacet
  facet normal 0.5 0 0.866026
    outer loop
      vertex -20.7414 46 10.975
      vertex -18.1 44 9.45
      vertex -18.1 46 9.45
    endloop
  endfacet
  facet normal 0.5 0 0.866026
    outer loop
      vertex -18.1 44 9.45
      vertex -20.7414 46 10.975
      vertex -20.7414 44 10.975
    endloop
  endfacet
  facet normal 0 1 -0
    outer loop
      vertex -18.1 44 9.45
      vertex -18.215 44 11.406
      vertex -18.1 44 11.406
    endloop
  endfacet
  facet normal 0 1 0
    outer loop
      vertex -18.215 44 11.406
      vertex -18.1 44 9.45
      vertex -20.7414 44 10.975
    endloop
  endfacet
  facet normal 0 1 0
    outer loop
      vertex -18.215 44 13.594
      vertex -18.1 44 15.55
      vertex -18.1 44 13.594
    endloop
  endfacet
  facet normal 0 1 0
    outer loop
      vertex -18.4399 44 13.5462
      vertex -18.1 44 15.55
      vertex -18.215 44 13.594
    endloop
  endfacet
  facet normal 0 1 0
    outer loop
      vertex -18.65 44 13.4526
      vertex -18.1 44 15.55
      vertex -18.4399 44 13.5462
    endloop
  endfacet
  facet normal 0 1 0
    outer loop
      vertex -18.1 44 15.55
      vertex -18.65 44 13.4526
      vertex -20.7414 44 14.025
    endloop
  endfacet
  facet normal 0 1 -0
    outer loop
      vertex -18.836 44 13.3175
      vertex -20.7414 44 14.025
      vertex -18.65 44 13.4526
    endloop
  endfacet
  facet normal 0 1 -0
    outer loop
      vertex -18.9899 44 13.1466
      vertex -20.7414 44 14.025
      vertex -18.836 44 13.3175
    endloop
  endfacet
  facet normal 0 1 -0
    outer loop
      vertex -19.1049 44 12.9474
      vertex -20.7414 44 14.025
      vertex -18.9899 44 13.1466
    endloop
  endfacet
  facet normal 0 1 -0
    outer loop
      vertex -19.176 44 12.7287
      vertex -20.7414 44 14.025
      vertex -19.1049 44 12.9474
    endloop
  endfacet
  facet normal 0 1 -0
    outer loop
      vertex -19.2 44 12.5
      vertex -20.7414 44 14.025
      vertex -19.176 44 12.7287
    endloop
  endfacet
  facet normal 0 1 0
    outer loop
      vertex -20.7414 44 10.975
      vertex -19.2 44 12.5
      vertex -19.176 44 12.2713
    endloop
  endfacet
  facet normal 0 1 0
    outer loop
      vertex -20.7414 44 10.975
      vertex -19.176 44 12.2713
      vertex -19.1049 44 12.0526
    endloop
  endfacet
  facet normal 0 1 0
    outer loop
      vertex -20.7414 44 10.975
      vertex -19.1049 44 12.0526
      vertex -18.9899 44 11.8534
    endloop
  endfacet
  facet normal 0 1 0
    outer loop
      vertex -19.2 44 12.5
      vertex -20.7414 44 10.975
      vertex -20.7414 44 14.025
    endloop
  endfacet
  facet normal 0 1 0
    outer loop
      vertex -18.836 44 11.6825
      vertex -20.7414 44 10.975
      vertex -18.9899 44 11.8534
    endloop
  endfacet
  facet normal 0 1 0
    outer loop
      vertex -18.65 44 11.5474
      vertex -20.7414 44 10.975
      vertex -18.836 44 11.6825
    endloop
  endfacet
  facet normal 0 1 0
    outer loop
      vertex -18.4399 44 11.4538
      vertex -20.7414 44 10.975
      vertex -18.65 44 11.5474
    endloop
  endfacet
  facet normal 0 1 0
    outer loop
      vertex -20.7414 44 10.975
      vertex -18.4399 44 11.4538
      vertex -18.215 44 11.406
    endloop
  endfacet
  facet normal 1 -0 0
    outer loop
      vertex -20.7414 44 14.025
      vertex -20.7414 46 10.975
      vertex -20.7414 46 14.025
    endloop
  endfacet
  facet normal 1 0 0
    outer loop
      vertex -20.7414 46 10.975
      vertex -20.7414 44 14.025
      vertex -20.7414 44 10.975
    endloop
  endfacet
  facet normal 0.5 0 -0.866026
    outer loop
      vertex -20.7414 44 14.025
      vertex -18.1 46 15.55
      vertex -18.1 44 15.55
    endloop
  endfacet
  facet normal 0.5 0 -0.866026
    outer loop
      vertex -18.1 46 15.55
      vertex -20.7414 44 14.025
      vertex -20.7414 46 14.025
    endloop
  endfacet
  facet normal -1 0 0
    outer loop
      vertex -10 42 0
      vertex -10 46 25
      vertex -10 46 0
    endloop
  endfacet
  facet normal -1 -0 0
    outer loop
      vertex -10 46 25
      vertex -10 42 0
      vertex -10 42 25
    endloop
  endfacet
  facet normal -0 0 1
    outer loop
      vertex -10 46 25
      vertex 10 42 25
      vertex 10 46 25
    endloop
  endfacet
  facet normal 0 0 1
    outer loop
      vertex 10 42 25
      vertex -10 46 25
      vertex -10 42 25
    endloop
  endfacet
  facet normal 1 -0 0
    outer loop
      vertex 10 42 25
      vertex 10 46 0
      vertex 10 46 25
    endloop
  endfacet
  facet normal 1 0 0
    outer loop
      vertex 10 46 0
      vertex 10 42 25
      vertex 10 42 0
    endloop
  endfacet
  facet normal 0 1 0
    outer loop
      vertex 10 46 25
      vertex 0.250868 46 14.8869
      vertex -10 46 25
    endloop
  endfacet
  facet normal 0 1 0
    outer loop
      vertex 10 46 25
      vertex 0.74164 46 14.7825
      vertex 0.250868 46 14.8869
    endloop
  endfacet
  facet normal 0 1 0
    outer loop
      vertex 10 46 25
      vertex 1.2 46 14.5785
      vertex 0.74164 46 14.7825
    endloop
  endfacet
  facet normal 0 1 0
    outer loop
      vertex 10 46 25
      vertex 1.60591 46 14.2835
      vertex 1.2 46 14.5785
    endloop
  endfacet
  facet normal 0 1 0
    outer loop
      vertex 10 46 25
      vertex 1.94164 46 13.9107
      vertex 1.60591 46 14.2835
    endloop
  endfacet
  facet normal 0 1 0
    outer loop
      vertex 10 46 25
      vertex 2.19251 46 13.4762
      vertex 1.94164 46 13.9107
    endloop
  endfacet
  facet normal 0 1 0
    outer loop
      vertex 10 46 25
      vertex 2.34755 46 12.999
      vertex 2.19251 46 13.4762
    endloop
  endfacet
  facet normal 0 1 0
    outer loop
      vertex 10 46 25
      vertex 2.4 46 12.5
      vertex 2.34755 46 12.999
    endloop
  endfacet
  facet normal 0 1 -0
    outer loop
      vertex 10 46 0
      vertex 2.4 46 12.5
      vertex 10 46 25
    endloop
  endfacet
  facet normal 0 1 0
    outer loop
      vertex 2.4 46 12.5
      vertex 10 46 0
      vertex 2.34755 46 12.001
    endloop
  endfacet
  facet normal 0 1 0
    outer loop
      vertex 2.19251 46 11.5238
      vertex 10 46 0
      vertex -2.19251 46 11.5238
    endloop
  endfacet
  facet normal 0 1 0
    outer loop
      vertex 2.34755 46 12.001
      vertex 10 46 0
      vertex 2.19251 46 11.5238
    endloop
  endfacet
  facet normal 0 1 -0
    outer loop
      vertex -0.250869 46 14.8869
      vertex -10 46 25
      vertex 0.250868 46 14.8869
    endloop
  endfacet
  facet normal 0 1 -0
    outer loop
      vertex -0.741641 46 14.7825
      vertex -10 46 25
      vertex -0.250869 46 14.8869
    endloop
  endfacet
  facet normal 0 1 -0
    outer loop
      vertex -1.2 46 14.5785
      vertex -10 46 25
      vertex -0.741641 46 14.7825
    endloop
  endfacet
  facet normal 0 1 -0
    outer loop
      vertex -1.60591 46 14.2835
      vertex -10 46 25
      vertex -1.2 46 14.5785
    endloop
  endfacet
  facet normal 0 1 -0
    outer loop
      vertex -1.94164 46 13.9107
      vertex -10 46 25
      vertex -1.60591 46 14.2835
    endloop
  endfacet
  facet normal 0 1 -0
    outer loop
      vertex -2.19251 46 13.4762
      vertex -10 46 25
      vertex -1.94164 46 13.9107
    endloop
  endfacet
  facet normal 0 1 -0
    outer loop
      vertex -2.34756 46 12.999
      vertex -10 46 25
      vertex -2.19251 46 13.4762
    endloop
  endfacet
  facet normal 0 1 -0
    outer loop
      vertex -2.4 46 12.5
      vertex -10 46 25
      vertex -2.34756 46 12.999
    endloop
  endfacet
  facet normal 0 1 0
    outer loop
      vertex -10 46 0
      vertex -2.4 46 12.5
      vertex -2.34756 46 12.001
    endloop
  endfacet
  facet normal 0 1 0
    outer loop
      vertex -10 46 0
      vertex -2.34756 46 12.001
      vertex -2.19251 46 11.5238
    endloop
  endfacet
  facet normal 0 1 0
    outer loop
      vertex -2.4 46 12.5
      vertex -10 46 0
      vertex -10 46 25
    endloop
  endfacet
  facet normal 0 1 0
    outer loop
      vertex -10 46 0
      vertex -2.19251 46 11.5238
      vertex 10 46 0
    endloop
  endfacet
  facet normal 0 0 -1
    outer loop
      vertex -10 42 0
      vertex 10 46 0
      vertex 10 42 0
    endloop
  endfacet
  facet normal -0 0 -1
    outer loop
      vertex 10 46 0
      vertex -10 42 0
      vertex -10 46 0
    endloop
  endfacet
  facet normal 0 -1 0
    outer loop
      vertex -10 42 25
      vertex -9.53674e-007 42 18.05
      vertex 10 42 25
    endloop
  endfacet
  facet normal 0 -1 0
    outer loop
      vertex -10 42 25
      vertex -4.80644 42 15.275
      vertex -9.53674e-007 42 18.05
    endloop
  endfacet
  facet normal 0 -1 0
    outer loop
      vertex -10 42 25
      vertex -4.80644 42 9.725
      vertex -4.80644 42 15.275
    endloop
  endfacet
  facet normal 0 -1 -0
    outer loop
      vertex -4.80644 42 9.725
      vertex -10 42 0
      vertex -4.89843e-016 42 6.95
    endloop
  endfacet
  facet normal 0 -1 0
    outer loop
      vertex -10 42 0
      vertex -4.80644 42 9.725
      vertex -10 42 25
    endloop
  endfacet
  facet normal 0 -1 0
    outer loop
      vertex 4.80644 42 15.275
      vertex 10 42 25
      vertex -9.53674e-007 42 18.05
    endloop
  endfacet
  facet normal 0 -1 0
    outer loop
      vertex 4.80644 42 9.725
      vertex 10 42 25
      vertex 4.80644 42 15.275
    endloop
  endfacet
  facet normal 0 -1 0
    outer loop
      vertex 10 42 0
      vertex -4.89843e-016 42 6.95
      vertex -10 42 0
    endloop
  endfacet
  facet normal 0 -1 0
    outer loop
      vertex 4.80644 42 9.725
      vertex 10 42 0
      vertex 10 42 25
    endloop
  endfacet
  facet normal 0 -1 0
    outer loop
      vertex -4.89843e-016 42 6.95
      vertex 10 42 0
      vertex 4.80644 42 9.725
    endloop
  endfacet
  facet normal -0.994522 0 0.104528
    outer loop
      vertex 2.34755 44 12.001
      vertex 2.4 46 12.5
      vertex 2.34755 46 12.001
    endloop
  endfacet
  facet normal -0.994522 0 0.104528
    outer loop
      vertex 2.4 46 12.5
      vertex 2.34755 44 12.001
      vertex 2.4 44 12.5
    endloop
  endfacet
  facet normal 0.994522 -0 0.104528
    outer loop
      vertex -2.4 44 12.5
      vertex -2.34756 46 12.001
      vertex -2.4 46 12.5
    endloop
  endfacet
  facet normal 0.994522 0 0.104528
    outer loop
      vertex -2.34756 46 12.001
      vertex -2.4 44 12.5
      vertex -2.34756 44 12.001
    endloop
  endfacet
  facet normal 0 0 1
    outer loop
      vertex 0.250868 46 10.1131
      vertex -2.71767e-007 44 10.1131
      vertex 0.250868 44 10.1131
    endloop
  endfacet
  facet normal -0 0 1
    outer loop
      vertex -0.250869 46 10.1131
      vertex -2.71767e-007 44 10.1131
      vertex 0.250868 46 10.1131
    endloop
  endfacet
  facet normal 0 0 1
    outer loop
      vertex -2.71767e-007 44 10.1131
      vertex -0.250869 46 10.1131
      vertex -0.250869 44 10.1131
    endloop
  endfacet
  facet normal -0.406737 0 0.913545
    outer loop
      vertex 0.74164 46 10.2175
      vertex 1.2 44 10.4215
      vertex 1.2 46 10.4215
    endloop
  endfacet
  facet normal -0.406737 0 0.913545
    outer loop
      vertex 1.2 44 10.4215
      vertex 0.74164 46 10.2175
      vertex 0.74164 44 10.2175
    endloop
  endfacet
  facet normal 0 0 -1
    outer loop
      vertex -6.81907e-007 44 14.8869
      vertex 0.250868 46 14.8869
      vertex 0.250868 44 14.8869
    endloop
  endfacet
  facet normal 0 0 -1
    outer loop
      vertex -0.250869 46 14.8869
      vertex -6.81907e-007 44 14.8869
      vertex -0.250869 44 14.8869
    endloop
  endfacet
  facet normal 0 0 -1
    outer loop
      vertex -6.81907e-007 44 14.8869
      vertex -0.250869 46 14.8869
      vertex 0.250868 46 14.8869
    endloop
  endfacet
  facet normal -0.743145 0 0.66913
    outer loop
      vertex 1.60591 44 10.7165
      vertex 1.94164 46 11.0893
      vertex 1.60591 46 10.7165
    endloop
  endfacet
  facet normal -0.743145 0 0.66913
    outer loop
      vertex 1.94164 46 11.0893
      vertex 1.60591 44 10.7165
      vertex 1.94164 44 11.0893
    endloop
  endfacet
  facet normal -0.951056 0 0.309017
    outer loop
      vertex 2.19251 44 11.5238
      vertex 2.34755 46 12.001
      vertex 2.19251 46 11.5238
    endloop
  endfacet
  facet normal -0.951056 0 0.309017
    outer loop
      vertex 2.34755 46 12.001
      vertex 2.19251 44 11.5238
      vertex 2.34755 44 12.001
    endloop
  endfacet
  facet normal -0 -1 0
    outer loop
      vertex 1.94164 46 11.0893
      vertex 2.19251 46 11.5238
      vertex 1.60591 46 10.7165
    endloop
  endfacet
  facet normal 0.587785 0 0.809017
    outer loop
      vertex -1.60591 46 10.7165
      vertex -1.2 44 10.4215
      vertex -1.2 46 10.4215
    endloop
  endfacet
  facet normal 0.587785 0 0.809017
    outer loop
      vertex -1.2 44 10.4215
      vertex -1.60591 46 10.7165
      vertex -1.60591 44 10.7165
    endloop
  endfacet
  facet normal 0 -1 0
    outer loop
      vertex -0.250869 46 10.1131
      vertex 2.19251 46 11.5238
      vertex -2.19251 46 11.5238
    endloop
  endfacet
  facet normal 0 -1 0
    outer loop
      vertex 2.19251 46 11.5238
      vertex -0.250869 46 10.1131
      vertex 0.250868 46 10.1131
    endloop
  endfacet
  facet normal 0.406737 0 0.913545
    outer loop
      vertex -1.2 46 10.4215
      vertex -0.741641 44 10.2175
      vertex -0.741641 46 10.2175
    endloop
  endfacet
  facet normal 0.406737 0 0.913545
    outer loop
      vertex -0.741641 44 10.2175
      vertex -1.2 46 10.4215
      vertex -1.2 44 10.4215
    endloop
  endfacet
  facet normal 0.207911 0 0.978148
    outer loop
      vertex -0.741641 46 10.2175
      vertex -0.250869 44 10.1131
      vertex -0.250869 46 10.1131
    endloop
  endfacet
  facet normal 0.207911 0 0.978148
    outer loop
      vertex -0.250869 44 10.1131
      vertex -0.741641 46 10.2175
      vertex -0.741641 44 10.2175
    endloop
  endfacet
  facet normal -0.866025 0 -0.500001
    outer loop
      vertex 2.19251 44 13.4762
      vertex 1.94164 46 13.9107
      vertex 2.19251 46 13.4762
    endloop
  endfacet
  facet normal -0.866025 -0 -0.500001
    outer loop
      vertex 1.94164 46 13.9107
      vertex 2.19251 44 13.4762
      vertex 1.94164 44 13.9107
    endloop
  endfacet
  facet normal -0.866025 0 0.500001
    outer loop
      vertex 1.94164 44 11.0893
      vertex 2.19251 46 11.5238
      vertex 1.94164 46 11.0893
    endloop
  endfacet
  facet normal -0.866025 0 0.500001
    outer loop
      vertex 2.19251 46 11.5238
      vertex 1.94164 44 11.0893
      vertex 2.19251 44 11.5238
    endloop
  endfacet
  facet normal -0.207911 0 0.978148
    outer loop
      vertex 0.250868 46 10.1131
      vertex 0.74164 44 10.2175
      vertex 0.74164 46 10.2175
    endloop
  endfacet
  facet normal -0.207911 0 0.978148
    outer loop
      vertex 0.74164 44 10.2175
      vertex 0.250868 46 10.1131
      vertex 0.250868 44 10.1131
    endloop
  endfacet
  facet normal -0 -1 0
    outer loop
      vertex 0.74164 46 10.2175
      vertex 2.19251 46 11.5238
      vertex 0.250868 46 10.1131
    endloop
  endfacet
  facet normal -0.587785 0 0.809017
    outer loop
      vertex 1.2 46 10.4215
      vertex 1.60591 44 10.7165
      vertex 1.60591 46 10.7165
    endloop
  endfacet
  facet normal -0.587785 0 0.809017
    outer loop
      vertex 1.60591 44 10.7165
      vertex 1.2 46 10.4215
      vertex 1.2 44 10.4215
    endloop
  endfacet
  facet normal 0.866025 -0 0.500001
    outer loop
      vertex -2.19251 44 11.5238
      vertex -1.94164 46 11.0893
      vertex -2.19251 46 11.5238
    endloop
  endfacet
  facet normal 0.866025 0 0.500001
    outer loop
      vertex -1.94164 46 11.0893
      vertex -2.19251 44 11.5238
      vertex -1.94164 44 11.0893
    endloop
  endfacet
  facet normal 0.951056 -0 0.309017
    outer loop
      vertex -2.34756 44 12.001
      vertex -2.19251 46 11.5238
      vertex -2.34756 46 12.001
    endloop
  endfacet
  facet normal 0.951056 0 0.309017
    outer loop
      vertex -2.19251 46 11.5238
      vertex -2.34756 44 12.001
      vertex -2.19251 44 11.5238
    endloop
  endfacet
  facet normal 0.743145 -0 0.66913
    outer loop
      vertex -1.94164 44 11.0893
      vertex -1.60591 46 10.7165
      vertex -1.94164 46 11.0893
    endloop
  endfacet
  facet normal 0.743145 0 0.66913
    outer loop
      vertex -1.60591 46 10.7165
      vertex -1.94164 44 11.0893
      vertex -1.60591 44 10.7165
    endloop
  endfacet
  facet normal 0 -1 0
    outer loop
      vertex -1.60591 46 10.7165
      vertex -1.2 46 10.4215
      vertex -2.19251 46 11.5238
    endloop
  endfacet
  facet normal -0.994522 0 -0.104528
    outer loop
      vertex 2.4 44 12.5
      vertex 2.34755 46 12.999
      vertex 2.4 46 12.5
    endloop
  endfacet
  facet normal -0.994522 -0 -0.104528
    outer loop
      vertex 2.34755 46 12.999
      vertex 2.4 44 12.5
      vertex 2.34755 44 12.999
    endloop
  endfacet
  facet normal -0.207911 0 -0.978148
    outer loop
      vertex 0.250868 44 14.8869
      vertex 0.74164 46 14.7825
      vertex 0.74164 44 14.7825
    endloop
  endfacet
  facet normal -0.207911 0 -0.978148
    outer loop
      vertex 0.74164 46 14.7825
      vertex 0.250868 44 14.8869
      vertex 0.250868 46 14.8869
    endloop
  endfacet
  facet normal -0 -1 0
    outer loop
      vertex 1.2 46 10.4215
      vertex 2.19251 46 11.5238
      vertex 0.74164 46 10.2175
    endloop
  endfacet
  facet normal -0 -1 0
    outer loop
      vertex 1.60591 46 10.7165
      vertex 2.19251 46 11.5238
      vertex 1.2 46 10.4215
    endloop
  endfacet
  facet normal 0 -1 0
    outer loop
      vertex -1.2 46 10.4215
      vertex -0.741641 46 10.2175
      vertex -2.19251 46 11.5238
    endloop
  endfacet
  facet normal 0 -1 0
    outer loop
      vertex -0.741641 46 10.2175
      vertex -0.250869 46 10.1131
      vertex -2.19251 46 11.5238
    endloop
  endfacet
  facet normal 0 -1 0
    outer loop
      vertex -1.94164 46 11.0893
      vertex -1.60591 46 10.7165
      vertex -2.19251 46 11.5238
    endloop
  endfacet
  facet normal -0.587785 0 -0.809017
    outer loop
      vertex 1.2 44 14.5785
      vertex 1.60591 46 14.2835
      vertex 1.60591 44 14.2835
    endloop
  endfacet
  facet normal -0.587785 0 -0.809017
    outer loop
      vertex 1.60591 46 14.2835
      vertex 1.2 44 14.5785
      vertex 1.2 46 14.5785
    endloop
  endfacet
  facet normal -0.743145 0 -0.66913
    outer loop
      vertex 1.94164 44 13.9107
      vertex 1.60591 46 14.2835
      vertex 1.94164 46 13.9107
    endloop
  endfacet
  facet normal -0.743145 -0 -0.66913
    outer loop
      vertex 1.60591 46 14.2835
      vertex 1.94164 44 13.9107
      vertex 1.60591 44 14.2835
    endloop
  endfacet
  facet normal -0.951056 0 -0.309017
    outer loop
      vertex 2.34755 44 12.999
      vertex 2.19251 46 13.4762
      vertex 2.34755 46 12.999
    endloop
  endfacet
  facet normal -0.951056 -0 -0.309017
    outer loop
      vertex 2.19251 46 13.4762
      vertex 2.34755 44 12.999
      vertex 2.19251 44 13.4762
    endloop
  endfacet
  facet normal 0.406737 0 -0.913545
    outer loop
      vertex -1.2 44 14.5785
      vertex -0.741641 46 14.7825
      vertex -0.741641 44 14.7825
    endloop
  endfacet
  facet normal 0.406737 0 -0.913545
    outer loop
      vertex -0.741641 46 14.7825
      vertex -1.2 44 14.5785
      vertex -1.2 46 14.5785
    endloop
  endfacet
  facet normal 0.866025 0 -0.500001
    outer loop
      vertex -1.94164 44 13.9107
      vertex -2.19251 46 13.4762
      vertex -1.94164 46 13.9107
    endloop
  endfacet
  facet normal 0.866025 0 -0.500001
    outer loop
      vertex -2.19251 46 13.4762
      vertex -1.94164 44 13.9107
      vertex -2.19251 44 13.4762
    endloop
  endfacet
  facet normal -0.406737 0 -0.913545
    outer loop
      vertex 0.74164 44 14.7825
      vertex 1.2 46 14.5785
      vertex 1.2 44 14.5785
    endloop
  endfacet
  facet normal -0.406737 0 -0.913545
    outer loop
      vertex 1.2 46 14.5785
      vertex 0.74164 44 14.7825
      vertex 0.74164 46 14.7825
    endloop
  endfacet
  facet normal 0.207911 0 -0.978148
    outer loop
      vertex -0.741641 44 14.7825
      vertex -0.250869 46 14.8869
      vertex -0.250869 44 14.8869
    endloop
  endfacet
  facet normal 0.207911 0 -0.978148
    outer loop
      vertex -0.250869 46 14.8869
      vertex -0.741641 44 14.7825
      vertex -0.741641 46 14.7825
    endloop
  endfacet
  facet normal 0.587785 0 -0.809017
    outer loop
      vertex -1.60591 44 14.2835
      vertex -1.2 46 14.5785
      vertex -1.2 44 14.5785
    endloop
  endfacet
  facet normal 0.587785 0 -0.809017
    outer loop
      vertex -1.2 46 14.5785
      vertex -1.60591 44 14.2835
      vertex -1.60591 46 14.2835
    endloop
  endfacet
  facet normal 0.743145 0 -0.66913
    outer loop
      vertex -1.60591 44 14.2835
      vertex -1.94164 46 13.9107
      vertex -1.60591 46 14.2835
    endloop
  endfacet
  facet normal 0.743145 0 -0.66913
    outer loop
      vertex -1.94164 46 13.9107
      vertex -1.60591 44 14.2835
      vertex -1.94164 44 13.9107
    endloop
  endfacet
  facet normal 0.951056 0 -0.309017
    outer loop
      vertex -2.19251 44 13.4762
      vertex -2.34756 46 12.999
      vertex -2.19251 46 13.4762
    endloop
  endfacet
  facet normal 0.951056 0 -0.309017
    outer loop
      vertex -2.34756 46 12.999
      vertex -2.19251 44 13.4762
      vertex -2.34756 44 12.999
    endloop
  endfacet
  facet normal 0.994522 0 -0.104528
    outer loop
      vertex -2.34756 44 12.999
      vertex -2.4 46 12.5
      vertex -2.34756 46 12.999
    endloop
  endfacet
  facet normal 0.994522 0 -0.104528
    outer loop
      vertex -2.4 46 12.5
      vertex -2.34756 44 12.999
      vertex -2.4 44 12.5
    endloop
  endfacet
  facet normal 0.5 -1.60032e-016 0.866025
    outer loop
      vertex -4.80644 44 9.725
      vertex -4.89843e-016 42 6.95
      vertex -1.49966e-031 44 6.95
    endloop
  endfacet
  facet normal 0.5 0 0.866025
    outer loop
      vertex -4.89843e-016 42 6.95
      vertex -4.80644 44 9.725
      vertex -4.80644 42 9.725
    endloop
  endfacet
  facet normal 1 -0 0
    outer loop
      vertex -4.80644 42 15.275
      vertex -4.80644 44 9.725
      vertex -4.80644 44 15.275
    endloop
  endfacet
  facet normal 1 0 0
    outer loop
      vertex -4.80644 44 9.725
      vertex -4.80644 42 15.275
      vertex -4.80644 42 9.725
    endloop
  endfacet
  facet normal 0 -1 0
    outer loop
      vertex -1.49966e-031 44 6.95
      vertex 0.250868 44 10.1131
      vertex -2.71767e-007 44 10.1131
    endloop
  endfacet
  facet normal 0 -1 -0
    outer loop
      vertex 0.250868 44 10.1131
      vertex -1.49966e-031 44 6.95
      vertex 4.80644 44 9.725
    endloop
  endfacet
  facet normal 0 -1 0
    outer loop
      vertex 0.250868 44 14.8869
      vertex -9.53674e-007 44 18.05
      vertex -6.81907e-007 44 14.8869
    endloop
  endfacet
  facet normal 0 -1 0
    outer loop
      vertex 0.74164 44 14.7825
      vertex -9.53674e-007 44 18.05
      vertex 0.250868 44 14.8869
    endloop
  endfacet
  facet normal 0 -1 0
    outer loop
      vertex 1.2 44 14.5785
      vertex -9.53674e-007 44 18.05
      vertex 0.74164 44 14.7825
    endloop
  endfacet
  facet normal 0 -1 0
    outer loop
      vertex -9.53674e-007 44 18.05
      vertex 1.2 44 14.5785
      vertex 4.80644 44 15.275
    endloop
  endfacet
  facet normal 0 -1 0
    outer loop
      vertex 1.60591 44 14.2835
      vertex 4.80644 44 15.275
      vertex 1.2 44 14.5785
    endloop
  endfacet
  facet normal 0 -1 0
    outer loop
      vertex 1.94164 44 13.9107
      vertex 4.80644 44 15.275
      vertex 1.60591 44 14.2835
    endloop
  endfacet
  facet normal 0 -1 0
    outer loop
      vertex 2.19251 44 13.4762
      vertex 4.80644 44 15.275
      vertex 1.94164 44 13.9107
    endloop
  endfacet
  facet normal 0 -1 0
    outer loop
      vertex 2.34755 44 12.999
      vertex 4.80644 44 15.275
      vertex 2.19251 44 13.4762
    endloop
  endfacet
  facet normal 0 -1 0
    outer loop
      vertex 2.4 44 12.5
      vertex 4.80644 44 15.275
      vertex 2.34755 44 12.999
    endloop
  endfacet
  facet normal 0 -1 0
    outer loop
      vertex 4.80644 44 9.725
      vertex 2.4 44 12.5
      vertex 2.34755 44 12.001
    endloop
  endfacet
  facet normal 0 -1 0
    outer loop
      vertex 4.80644 44 9.725
      vertex 2.34755 44 12.001
      vertex 2.19251 44 11.5238
    endloop
  endfacet
  facet normal 0 -1 0
    outer loop
      vertex 4.80644 44 9.725
      vertex 2.19251 44 11.5238
      vertex 1.94164 44 11.0893
    endloop
  endfacet
  facet normal 0 -1 0
    outer loop
      vertex 2.4 44 12.5
      vertex 4.80644 44 9.725
      vertex 4.80644 44 15.275
    endloop
  endfacet
  facet normal 0 -1 0
    outer loop
      vertex 1.60591 44 10.7165
      vertex 4.80644 44 9.725
      vertex 1.94164 44 11.0893
    endloop
  endfacet
  facet normal 0 -1 0
    outer loop
      vertex 1.2 44 10.4215
      vertex 4.80644 44 9.725
      vertex 1.60591 44 10.7165
    endloop
  endfacet
  facet normal 0 -1 0
    outer loop
      vertex 0.74164 44 10.2175
      vertex 4.80644 44 9.725
      vertex 1.2 44 10.4215
    endloop
  endfacet
  facet normal 0 -1 0
    outer loop
      vertex 4.80644 44 9.725
      vertex 0.74164 44 10.2175
      vertex 0.250868 44 10.1131
    endloop
  endfacet
  facet normal 0 -1 0
    outer loop
      vertex -9.53674e-007 44 18.05
      vertex -0.741641 44 14.7825
      vertex -0.250869 44 14.8869
    endloop
  endfacet
  facet normal 0 -1 0
    outer loop
      vertex -9.53674e-007 44 18.05
      vertex -1.2 44 14.5785
      vertex -0.741641 44 14.7825
    endloop
  endfacet
  facet normal 0 -1 0
    outer loop
      vertex -9.53674e-007 44 18.05
      vertex -1.60591 44 14.2835
      vertex -1.2 44 14.5785
    endloop
  endfacet
  facet normal 0 -1 0
    outer loop
      vertex -9.53674e-007 44 18.05
      vertex -1.94164 44 13.9107
      vertex -1.60591 44 14.2835
    endloop
  endfacet
  facet normal 0 -1 0
    outer loop
      vertex -9.53674e-007 44 18.05
      vertex -2.19251 44 13.4762
      vertex -1.94164 44 13.9107
    endloop
  endfacet
  facet normal 0 -1 0
    outer loop
      vertex -4.80644 44 9.725
      vertex -2.19251 44 13.4762
      vertex -9.53674e-007 44 18.05
    endloop
  endfacet
  facet normal 0 -1 0
    outer loop
      vertex -4.80644 44 9.725
      vertex -2.34756 44 12.999
      vertex -2.19251 44 13.4762
    endloop
  endfacet
  facet normal 0 -1 0
    outer loop
      vertex -4.80644 44 9.725
      vertex -2.4 44 12.5
      vertex -2.34756 44 12.999
    endloop
  endfacet
  facet normal 0 -1 0
    outer loop
      vertex -4.80644 44 9.725
      vertex -2.34756 44 12.001
      vertex -2.4 44 12.5
    endloop
  endfacet
  facet normal 0 -1 0
    outer loop
      vertex -4.80644 44 9.725
      vertex -2.19251 44 11.5238
      vertex -2.34756 44 12.001
    endloop
  endfacet
  facet normal 0 -1 0
    outer loop
      vertex -4.80644 44 9.725
      vertex -1.94164 44 11.0893
      vertex -2.19251 44 11.5238
    endloop
  endfacet
  facet normal 0 -1 0
    outer loop
      vertex -4.80644 44 9.725
      vertex -1.60591 44 10.7165
      vertex -1.94164 44 11.0893
    endloop
  endfacet
  facet normal 0 -1 0
    outer loop
      vertex -4.80644 44 9.725
      vertex -1.2 44 10.4215
      vertex -1.60591 44 10.7165
    endloop
  endfacet
  facet normal 0 -1 0
    outer loop
      vertex -1.49966e-031 44 6.95
      vertex -1.2 44 10.4215
      vertex -4.80644 44 9.725
    endloop
  endfacet
  facet normal 0 -1 0
    outer loop
      vertex -1.2 44 10.4215
      vertex -1.49966e-031 44 6.95
      vertex -0.741641 44 10.2175
    endloop
  endfacet
  facet normal 0 -1 0
    outer loop
      vertex -0.741641 44 10.2175
      vertex -1.49966e-031 44 6.95
      vertex -0.250869 44 10.1131
    endloop
  endfacet
  facet normal 0 -1 0
    outer loop
      vertex -0.250869 44 10.1131
      vertex -1.49966e-031 44 6.95
      vertex -2.71767e-007 44 10.1131
    endloop
  endfacet
  facet normal 0 -1 -0
    outer loop
      vertex -9.53674e-007 44 18.05
      vertex -0.250869 44 14.8869
      vertex -6.81907e-007 44 14.8869
    endloop
  endfacet
  facet normal 0.5 0 -0.866025
    outer loop
      vertex -4.80644 42 15.275
      vertex -9.53674e-007 44 18.05
      vertex -9.53674e-007 42 18.05
    endloop
  endfacet
  facet normal 0.5 0 -0.866025
    outer loop
      vertex -9.53674e-007 44 18.05
      vertex -4.80644 42 15.275
      vertex -4.80644 44 15.275
    endloop
  endfacet
  facet normal 0 -1 0
    outer loop
      vertex -9.53674e-007 44 18.05
      vertex -4.80644 44 15.275
      vertex -4.80644 44 9.725
    endloop
  endfacet
  facet normal -0.5 0 0.866025
    outer loop
      vertex -1.49966e-031 44 6.95
      vertex 4.80644 42 9.725
      vertex 4.80644 44 9.725
    endloop
  endfacet
  facet normal -0.5 1.60032e-016 0.866025
    outer loop
      vertex 4.80644 42 9.725
      vertex -1.49966e-031 44 6.95
      vertex -4.89843e-016 42 6.95
    endloop
  endfacet
  facet normal -1 0 0
    outer loop
      vertex 4.80644 42 9.725
      vertex 4.80644 44 15.275
      vertex 4.80644 44 9.725
    endloop
  endfacet
  facet normal -1 -0 0
    outer loop
      vertex 4.80644 44 15.275
      vertex 4.80644 42 9.725
      vertex 4.80644 42 15.275
    endloop
  endfacet
  facet normal -0.5 0 -0.866025
    outer loop
      vertex -9.53674e-007 42 18.05
      vertex 4.80644 44 15.275
      vertex 4.80644 42 15.275
    endloop
  endfacet
  facet normal -0.5 0 -0.866025
    outer loop
      vertex 4.80644 44 15.275
      vertex -9.53674e-007 42 18.05
      vertex -9.53674e-007 44 18.05
    endloop
  endfacet
  facet normal 1 -0 0
    outer loop
      vertex 26.2 54 25
      vertex 26.2 58 0
      vertex 26.2 58 25
    endloop
  endfacet
  facet normal 1 0 0
    outer loop
      vertex 26.2 58 0
      vertex 26.2 54 25
      vertex 26.2 54 0
    endloop
  endfacet
  facet normal -0 0 1
    outer loop
      vertex 10 58 25
      vertex 26.2 54 25
      vertex 26.2 58 25
    endloop
  endfacet
  facet normal 0 0 1
    outer loop
      vertex 26.2 54 25
      vertex 10 58 25
      vertex 10 54 25
    endloop
  endfacet
  facet normal -1 0 0
    outer loop
      vertex 10 54 0
      vertex 10 58 25
      vertex 10 58 0
    endloop
  endfacet
  facet normal -1 -0 0
    outer loop
      vertex 10 58 25
      vertex 10 54 0
      vertex 10 54 25
    endloop
  endfacet
  facet normal 0 -1 0
    outer loop
      vertex 10 54 25
      vertex 17.985 54 13.594
      vertex 26.2 54 25
    endloop
  endfacet
  facet normal 0 -1 0
    outer loop
      vertex 10 54 25
      vertex 17.7601 54 13.5462
      vertex 17.985 54 13.594
    endloop
  endfacet
  facet normal 0 -1 0
    outer loop
      vertex 10 54 25
      vertex 17.55 54 13.4526
      vertex 17.7601 54 13.5462
    endloop
  endfacet
  facet normal 0 -1 0
    outer loop
      vertex 10 54 25
      vertex 17.364 54 13.3175
      vertex 17.55 54 13.4526
    endloop
  endfacet
  facet normal 0 -1 0
    outer loop
      vertex 10 54 25
      vertex 17.2101 54 13.1466
      vertex 17.364 54 13.3175
    endloop
  endfacet
  facet normal 0 -1 0
    outer loop
      vertex 10 54 25
      vertex 17.0951 54 12.9474
      vertex 17.2101 54 13.1466
    endloop
  endfacet
  facet normal 0 -1 0
    outer loop
      vertex 10 54 25
      vertex 17.024 54 12.7287
      vertex 17.0951 54 12.9474
    endloop
  endfacet
  facet normal 0 -1 0
    outer loop
      vertex 10 54 25
      vertex 17 54 12.5
      vertex 17.024 54 12.7287
    endloop
  endfacet
  facet normal 0 -1 0
    outer loop
      vertex 10 54 0
      vertex 17 54 12.5
      vertex 10 54 25
    endloop
  endfacet
  facet normal 0 -1 -0
    outer loop
      vertex 17 54 12.5
      vertex 10 54 0
      vertex 17.024 54 12.2713
    endloop
  endfacet
  facet normal 0 -1 -0
    outer loop
      vertex 17.55 54 11.5474
      vertex 10 54 0
      vertex 18.65 54 11.5474
    endloop
  endfacet
  facet normal 0 -1 -0
    outer loop
      vertex 17.364 54 11.6825
      vertex 10 54 0
      vertex 17.55 54 11.5474
    endloop
  endfacet
  facet normal 0 -1 -0
    outer loop
      vertex 17.2101 54 11.8534
      vertex 10 54 0
      vertex 17.364 54 11.6825
    endloop
  endfacet
  facet normal 0 -1 -0
    outer loop
      vertex 17.0951 54 12.0526
      vertex 10 54 0
      vertex 17.2101 54 11.8534
    endloop
  endfacet
  facet normal 0 -1 -0
    outer loop
      vertex 17.024 54 12.2713
      vertex 10 54 0
      vertex 17.0951 54 12.0526
    endloop
  endfacet
  facet normal 0 -1 0
    outer loop
      vertex 18.215 54 13.594
      vertex 26.2 54 25
      vertex 17.985 54 13.594
    endloop
  endfacet
  facet normal 0 -1 0
    outer loop
      vertex 18.4399 54 13.5462
      vertex 26.2 54 25
      vertex 18.215 54 13.594
    endloop
  endfacet
  facet normal 0 -1 0
    outer loop
      vertex 18.65 54 13.4526
      vertex 26.2 54 25
      vertex 18.4399 54 13.5462
    endloop
  endfacet
  facet normal 0 -1 0
    outer loop
      vertex 18.836 54 13.3175
      vertex 26.2 54 25
      vertex 18.65 54 13.4526
    endloop
  endfacet
  facet normal 0 -1 0
    outer loop
      vertex 18.9899 54 13.1466
      vertex 26.2 54 25
      vertex 18.836 54 13.3175
    endloop
  endfacet
  facet normal 0 -1 0
    outer loop
      vertex 19.1049 54 12.9474
      vertex 26.2 54 25
      vertex 18.9899 54 13.1466
    endloop
  endfacet
  facet normal 0 -1 0
    outer loop
      vertex 19.176 54 12.7287
      vertex 26.2 54 25
      vertex 19.1049 54 12.9474
    endloop
  endfacet
  facet normal 0 -1 0
    outer loop
      vertex 19.2 54 12.5
      vertex 26.2 54 25
      vertex 19.176 54 12.7287
    endloop
  endfacet
  facet normal 0 -1 0
    outer loop
      vertex 26.2 54 0
      vertex 19.2 54 12.5
      vertex 19.176 54 12.2713
    endloop
  endfacet
  facet normal 0 -1 0
    outer loop
      vertex 26.2 54 0
      vertex 19.176 54 12.2713
      vertex 19.1049 54 12.0526
    endloop
  endfacet
  facet normal 0 -1 0
    outer loop
      vertex 26.2 54 0
      vertex 18.65 54 11.5474
      vertex 10 54 0
    endloop
  endfacet
  facet normal 0 -1 0
    outer loop
      vertex 18.65 54 11.5474
      vertex 26.2 54 0
      vertex 18.836 54 11.6825
    endloop
  endfacet
  facet normal 0 -1 0
    outer loop
      vertex 19.2 54 12.5
      vertex 26.2 54 0
      vertex 26.2 54 25
    endloop
  endfacet
  facet normal 0 -1 0
    outer loop
      vertex 18.9899 54 11.8534
      vertex 26.2 54 0
      vertex 19.1049 54 12.0526
    endloop
  endfacet
  facet normal 0 -1 0
    outer loop
      vertex 18.836 54 11.6825
      vertex 26.2 54 0
      vertex 18.9899 54 11.8534
    endloop
  endfacet
  facet normal 0 0 -1
    outer loop
      vertex 10 54 0
      vertex 26.2 58 0
      vertex 26.2 54 0
    endloop
  endfacet
  facet normal -0 0 -1
    outer loop
      vertex 26.2 58 0
      vertex 10 54 0
      vertex 10 58 0
    endloop
  endfacet
  facet normal 0 1 0
    outer loop
      vertex 26.2 58 25
      vertex 18.1 58 15.55
      vertex 10 58 25
    endloop
  endfacet
  facet normal 0 1 0
    outer loop
      vertex 26.2 58 25
      vertex 20.7414 58 14.025
      vertex 18.1 58 15.55
    endloop
  endfacet
  facet normal 0 1 0
    outer loop
      vertex 26.2 58 25
      vertex 20.7414 58 10.975
      vertex 20.7414 58 14.025
    endloop
  endfacet
  facet normal 0 1 0
    outer loop
      vertex 20.7414 58 10.975
      vertex 26.2 58 0
      vertex 18.1 58 9.45
    endloop
  endfacet
  facet normal 0 1 -0
    outer loop
      vertex 26.2 58 0
      vertex 20.7414 58 10.975
      vertex 26.2 58 25
    endloop
  endfacet
  facet normal 0 1 -0
    outer loop
      vertex 15.4586 58 14.025
      vertex 10 58 25
      vertex 18.1 58 15.55
    endloop
  endfacet
  facet normal 0 1 -0
    outer loop
      vertex 15.4586 58 10.975
      vertex 10 58 25
      vertex 15.4586 58 14.025
    endloop
  endfacet
  facet normal 0 1 0
    outer loop
      vertex 10 58 0
      vertex 18.1 58 9.45
      vertex 26.2 58 0
    endloop
  endfacet
  facet normal 0 1 0
    outer loop
      vertex 15.4586 58 10.975
      vertex 10 58 0
      vertex 10 58 25
    endloop
  endfacet
  facet normal 0 1 0
    outer loop
      vertex 18.1 58 9.45
      vertex 10 58 0
      vertex 15.4586 58 10.975
    endloop
  endfacet
  facet normal 0.994522 -0 0.104531
    outer loop
      vertex 17 54 12.5
      vertex 17.024 56 12.2713
      vertex 17 56 12.5
    endloop
  endfacet
  facet normal 0.994522 0 0.104531
    outer loop
      vertex 17.024 56 12.2713
      vertex 17 54 12.5
      vertex 17.024 54 12.2713
    endloop
  endfacet
  facet normal -0.994522 -0 -0.104523
    outer loop
      vertex 19.176 56 12.7287
      vertex 19.188 56 12.6144
      vertex 19.176 54 12.7287
    endloop
  endfacet
  facet normal -0.207912 0 0.978148
    outer loop
      vertex 18.215 56 11.406
      vertex 18.4399 54 11.4538
      vertex 18.4399 56 11.4538
    endloop
  endfacet
  facet normal -0.207912 0 0.978148
    outer loop
      vertex 18.4399 54 11.4538
      vertex 18.215 56 11.406
      vertex 18.215 54 11.406
    endloop
  endfacet
  facet normal 0.587782 0 0.80902
    outer loop
      vertex 17.364 56 11.6825
      vertex 17.55 54 11.5474
      vertex 17.55 56 11.5474
    endloop
  endfacet
  facet normal 0.587782 0 0.80902
    outer loop
      vertex 17.55 54 11.5474
      vertex 17.364 56 11.6825
      vertex 17.364 54 11.6825
    endloop
  endfacet
  facet normal 0.20791 0 -0.978148
    outer loop
      vertex 17.7601 54 13.5462
      vertex 17.985 56 13.594
      vertex 17.985 54 13.594
    endloop
  endfacet
  facet normal 0.20791 0 -0.978148
    outer loop
      vertex 17.985 56 13.594
      vertex 17.7601 54 13.5462
      vertex 17.7601 56 13.5462
    endloop
  endfacet
  facet normal -0.866027 0 0.499997
    outer loop
      vertex 18.9899 54 11.8534
      vertex 19.1049 56 12.0526
      vertex 18.9899 56 11.8534
    endloop
  endfacet
  facet normal -0.866027 0 0.499997
    outer loop
      vertex 19.1049 56 12.0526
      vertex 18.9899 54 11.8534
      vertex 19.1049 54 12.0526
    endloop
  endfacet
  facet normal -0.951057 0 0.309016
    outer loop
      vertex 19.1049 54 12.0526
      vertex 19.176 56 12.2713
      vertex 19.1049 56 12.0526
    endloop
  endfacet
  facet normal -0.951057 0 0.309016
    outer loop
      vertex 19.176 56 12.2713
      vertex 19.1049 54 12.0526
      vertex 19.176 54 12.2713
    endloop
  endfacet
  facet normal 0.866023 -0 0.500003
    outer loop
      vertex 17.0951 54 12.0526
      vertex 17.2101 56 11.8534
      vertex 17.0951 56 12.0526
    endloop
  endfacet
  facet normal 0.866023 0 0.500003
    outer loop
      vertex 17.2101 56 11.8534
      vertex 17.0951 54 12.0526
      vertex 17.2101 54 11.8534
    endloop
  endfacet
  facet normal 0.951057 -0 0.309016
    outer loop
      vertex 17.024 54 12.2713
      vertex 17.0951 56 12.0526
      vertex 17.024 56 12.2713
    endloop
  endfacet
  facet normal 0.951057 0 0.309016
    outer loop
      vertex 17.0951 56 12.0526
      vertex 17.024 54 12.2713
      vertex 17.0951 54 12.0526
    endloop
  endfacet
  facet normal 0.743148 -0 0.669127
    outer loop
      vertex 17.2101 54 11.8534
      vertex 17.364 56 11.6825
      vertex 17.2101 56 11.8534
    endloop
  endfacet
  facet normal 0.743148 0 0.669127
    outer loop
      vertex 17.364 56 11.6825
      vertex 17.2101 54 11.8534
      vertex 17.364 54 11.6825
    endloop
  endfacet
  facet normal 0.20791 0 0.978148
    outer loop
      vertex 17.7601 56 11.4538
      vertex 17.985 54 11.406
      vertex 17.985 56 11.406
    endloop
  endfacet
  facet normal 0.20791 0 0.978148
    outer loop
      vertex 17.985 54 11.406
      vertex 17.7601 56 11.4538
      vertex 17.7601 54 11.4538
    endloop
  endfacet
  facet normal -0 0 1
    outer loop
      vertex 18.1 56 11.406
      vertex 18.215 54 11.406
      vertex 18.215 56 11.406
    endloop
  endfacet
  facet normal 0 0 1
    outer loop
      vertex 17.985 54 11.406
      vertex 18.1 56 11.406
      vertex 17.985 56 11.406
    endloop
  endfacet
  facet normal 0 0 1
    outer loop
      vertex 18.1 56 11.406
      vertex 17.985 54 11.406
      vertex 18.215 54 11.406
    endloop
  endfacet
  facet normal 0 1 -0
    outer loop
      vertex 18.215 54 11.406
      vertex 17.55 54 11.5474
      vertex 18.65 54 11.5474
    endloop
  endfacet
  facet normal 0 1 0
    outer loop
      vertex 17.55 54 11.5474
      vertex 18.215 54 11.406
      vertex 17.985 54 11.406
    endloop
  endfacet
  facet normal 0.406738 0 0.913545
    outer loop
      vertex 17.55 56 11.5474
      vertex 17.7601 54 11.4538
      vertex 17.7601 56 11.4538
    endloop
  endfacet
  facet normal 0.406738 0 0.913545
    outer loop
      vertex 17.7601 54 11.4538
      vertex 17.55 56 11.5474
      vertex 17.55 54 11.5474
    endloop
  endfacet
  facet normal 0 1 0
    outer loop
      vertex 18.65 54 11.5474
      vertex 18.4399 54 11.4538
      vertex 18.215 54 11.406
    endloop
  endfacet
  facet normal -0.994522 0 0.104523
    outer loop
      vertex 19.176 54 12.2713
      vertex 19.188 56 12.3856
      vertex 19.176 56 12.2713
    endloop
  endfacet
  facet normal -0.994522 -4.74225e-007 0.104532
    outer loop
      vertex 19.188 56 12.3856
      vertex 19.176 54 12.2713
      vertex 19.2 54 12.5
    endloop
  endfacet
  facet normal 0.994522 0 -0.104532
    outer loop
      vertex 17.024 54 12.7287
      vertex 17 56 12.5
      vertex 17.024 56 12.7287
    endloop
  endfacet
  facet normal 0.994522 0 -0.104532
    outer loop
      vertex 17 56 12.5
      vertex 17.024 54 12.7287
      vertex 17 54 12.5
    endloop
  endfacet
  facet normal 0.951057 0 -0.309016
    outer loop
      vertex 17.0951 54 12.9474
      vertex 17.024 56 12.7287
      vertex 17.0951 56 12.9474
    endloop
  endfacet
  facet normal 0.951057 0 -0.309016
    outer loop
      vertex 17.024 56 12.7287
      vertex 17.0951 54 12.9474
      vertex 17.024 54 12.7287
    endloop
  endfacet
  facet normal 0 1 0
    outer loop
      vertex 17.985 54 11.406
      vertex 17.7601 54 11.4538
      vertex 17.55 54 11.5474
    endloop
  endfacet
  facet normal -0.587785 0 0.809017
    outer loop
      vertex 18.65 56 11.5474
      vertex 18.836 54 11.6825
      vertex 18.836 56 11.6825
    endloop
  endfacet
  facet normal -0.587785 0 0.809017
    outer loop
      vertex 18.836 54 11.6825
      vertex 18.65 56 11.5474
      vertex 18.65 54 11.5474
    endloop
  endfacet
  facet normal -0.406735 0 0.913546
    outer loop
      vertex 18.4399 56 11.4538
      vertex 18.65 54 11.5474
      vertex 18.65 56 11.5474
    endloop
  endfacet
  facet normal -0.406735 0 0.913546
    outer loop
      vertex 18.65 54 11.5474
      vertex 18.4399 56 11.4538
      vertex 18.4399 54 11.4538
    endloop
  endfacet
  facet normal -0.743144 0 0.669131
    outer loop
      vertex 18.836 54 11.6825
      vertex 18.9899 56 11.8534
      vertex 18.836 56 11.6825
    endloop
  endfacet
  facet normal -0.743144 0 0.669131
    outer loop
      vertex 18.9899 56 11.8534
      vertex 18.836 54 11.6825
      vertex 18.9899 54 11.8534
    endloop
  endfacet
  facet normal -0.994521 -4.9848e-008 0.104539
    outer loop
      vertex 19.2 54 12.5
      vertex 19.2 56 12.5
      vertex 19.188 56 12.3856
    endloop
  endfacet
  facet normal -0.994521 4.98484e-008 -0.10454
    outer loop
      vertex 19.2 54 12.5
      vertex 19.188 56 12.6144
      vertex 19.2 56 12.5
    endloop
  endfacet
  facet normal -0.994522 -4.49303e-007 -0.104531
    outer loop
      vertex 19.188 56 12.6144
      vertex 19.2 54 12.5
      vertex 19.176 54 12.7287
    endloop
  endfacet
  facet normal 0.743148 0 -0.669127
    outer loop
      vertex 17.364 54 13.3175
      vertex 17.2101 56 13.1466
      vertex 17.364 56 13.3175
    endloop
  endfacet
  facet normal 0.743148 0 -0.669127
    outer loop
      vertex 17.2101 56 13.1466
      vertex 17.364 54 13.3175
      vertex 17.2101 54 13.1466
    endloop
  endfacet
  facet normal 0 0 -1
    outer loop
      vertex 18.215 54 13.594
      vertex 18.1 56 13.594
      vertex 18.215 56 13.594
    endloop
  endfacet
  facet normal 0 0 -1
    outer loop
      vertex 17.985 54 13.594
      vertex 18.1 56 13.594
      vertex 18.215 54 13.594
    endloop
  endfacet
  facet normal -0 0 -1
    outer loop
      vertex 18.1 56 13.594
      vertex 17.985 54 13.594
      vertex 17.985 56 13.594
    endloop
  endfacet
  facet normal -0.587785 0 -0.809017
    outer loop
      vertex 18.65 54 13.4526
      vertex 18.836 56 13.3175
      vertex 18.836 54 13.3175
    endloop
  endfacet
  facet normal -0.587785 0 -0.809017
    outer loop
      vertex 18.836 56 13.3175
      vertex 18.65 54 13.4526
      vertex 18.65 56 13.4526
    endloop
  endfacet
  facet normal -0.743144 0 -0.669131
    outer loop
      vertex 18.9899 54 13.1466
      vertex 18.836 56 13.3175
      vertex 18.9899 56 13.1466
    endloop
  endfacet
  facet normal -0.743144 -0 -0.669131
    outer loop
      vertex 18.836 56 13.3175
      vertex 18.9899 54 13.1466
      vertex 18.836 54 13.3175
    endloop
  endfacet
  facet normal -0.866027 0 -0.499997
    outer loop
      vertex 19.1049 54 12.9474
      vertex 18.9899 56 13.1466
      vertex 19.1049 56 12.9474
    endloop
  endfacet
  facet normal -0.866027 -0 -0.499997
    outer loop
      vertex 18.9899 56 13.1466
      vertex 19.1049 54 12.9474
      vertex 18.9899 54 13.1466
    endloop
  endfacet
  facet normal -0.951057 0 -0.309016
    outer loop
      vertex 19.176 54 12.7287
      vertex 19.1049 56 12.9474
      vertex 19.176 56 12.7287
    endloop
  endfacet
  facet normal -0.951057 -0 -0.309016
    outer loop
      vertex 19.1049 56 12.9474
      vertex 19.176 54 12.7287
      vertex 19.1049 54 12.9474
    endloop
  endfacet
  facet normal 0.587782 0 -0.80902
    outer loop
      vertex 17.364 54 13.3175
      vertex 17.55 56 13.4526
      vertex 17.55 54 13.4526
    endloop
  endfacet
  facet normal 0.587782 0 -0.80902
    outer loop
      vertex 17.55 56 13.4526
      vertex 17.364 54 13.3175
      vertex 17.364 56 13.3175
    endloop
  endfacet
  facet normal 0.406738 0 -0.913545
    outer loop
      vertex 17.55 54 13.4526
      vertex 17.7601 56 13.5462
      vertex 17.7601 54 13.5462
    endloop
  endfacet
  facet normal 0.406738 0 -0.913545
    outer loop
      vertex 17.7601 56 13.5462
      vertex 17.55 54 13.4526
      vertex 17.55 56 13.4526
    endloop
  endfacet
  facet normal 0.866023 0 -0.500003
    outer loop
      vertex 17.2101 54 13.1466
      vertex 17.0951 56 12.9474
      vertex 17.2101 56 13.1466
    endloop
  endfacet
  facet normal 0.866023 0 -0.500003
    outer loop
      vertex 17.0951 56 12.9474
      vertex 17.2101 54 13.1466
      vertex 17.0951 54 12.9474
    endloop
  endfacet
  facet normal -0.207912 0 -0.978148
    outer loop
      vertex 18.215 54 13.594
      vertex 18.4399 56 13.5462
      vertex 18.4399 54 13.5462
    endloop
  endfacet
  facet normal -0.207912 0 -0.978148
    outer loop
      vertex 18.4399 56 13.5462
      vertex 18.215 54 13.594
      vertex 18.215 56 13.594
    endloop
  endfacet
  facet normal -0.406735 0 -0.913546
    outer loop
      vertex 18.4399 54 13.5462
      vertex 18.65 56 13.4526
      vertex 18.65 54 13.4526
    endloop
  endfacet
  facet normal -0.406735 0 -0.913546
    outer loop
      vertex 18.65 56 13.4526
      vertex 18.4399 54 13.5462
      vertex 18.4399 56 13.5462
    endloop
  endfacet
  facet normal -0.5 0 0.866026
    outer loop
      vertex 18.1 58 9.45
      vertex 20.7414 56 10.975
      vertex 20.7414 58 10.975
    endloop
  endfacet
  facet normal -0.5 0 0.866026
    outer loop
      vertex 20.7414 56 10.975
      vertex 18.1 58 9.45
      vertex 18.1 56 9.45
    endloop
  endfacet
  facet normal -1 0 0
    outer loop
      vertex 20.7414 56 10.975
      vertex 20.7414 58 14.025
      vertex 20.7414 58 10.975
    endloop
  endfacet
  facet normal -1 -0 0
    outer loop
      vertex 20.7414 58 14.025
      vertex 20.7414 56 10.975
      vertex 20.7414 56 14.025
    endloop
  endfacet
  facet normal 0 1 0
    outer loop
      vertex 18.1 56 15.55
      vertex 18.4399 56 13.5462
      vertex 18.215 56 13.594
    endloop
  endfacet
  facet normal 0 1 0
    outer loop
      vertex 18.1 56 15.55
      vertex 18.65 56 13.4526
      vertex 18.4399 56 13.5462
    endloop
  endfacet
  facet normal 0 1 0
    outer loop
      vertex 20.7414 56 14.025
      vertex 18.836 56 13.3175
      vertex 18.65 56 13.4526
    endloop
  endfacet
  facet normal 0 1 0
    outer loop
      vertex 20.7414 56 14.025
      vertex 18.9899 56 13.1466
      vertex 18.836 56 13.3175
    endloop
  endfacet
  facet normal 0 1 0
    outer loop
      vertex 20.7414 56 14.025
      vertex 19.1049 56 12.9474
      vertex 18.9899 56 13.1466
    endloop
  endfacet
  facet normal 0 1 0
    outer loop
      vertex 20.7414 56 14.025
      vertex 19.176 56 12.7287
      vertex 19.1049 56 12.9474
    endloop
  endfacet
  facet normal 0 1 0
    outer loop
      vertex 20.7414 56 14.025
      vertex 19.188 56 12.6144
      vertex 19.176 56 12.7287
    endloop
  endfacet
  facet normal 0 1 0
    outer loop
      vertex 20.7414 56 14.025
      vertex 19.2 56 12.5
      vertex 19.188 56 12.6144
    endloop
  endfacet
  facet normal 0 1 -0
    outer loop
      vertex 20.7414 56 10.975
      vertex 19.2 56 12.5
      vertex 20.7414 56 14.025
    endloop
  endfacet
  facet normal 0 1 0
    outer loop
      vertex 19.2 56 12.5
      vertex 20.7414 56 10.975
      vertex 19.188 56 12.3856
    endloop
  endfacet
  facet normal 0 1 0
    outer loop
      vertex 19.188 56 12.3856
      vertex 20.7414 56 10.975
      vertex 19.176 56 12.2713
    endloop
  endfacet
  facet normal 0 1 0
    outer loop
      vertex 19.176 56 12.2713
      vertex 20.7414 56 10.975
      vertex 19.1049 56 12.0526
    endloop
  endfacet
  facet normal 0 1 0
    outer loop
      vertex 19.1049 56 12.0526
      vertex 20.7414 56 10.975
      vertex 18.9899 56 11.8534
    endloop
  endfacet
  facet normal 0 1 0
    outer loop
      vertex 20.7414 56 10.975
      vertex 18.836 56 11.6825
      vertex 18.9899 56 11.8534
    endloop
  endfacet
  facet normal 0 1 0
    outer loop
      vertex 20.7414 56 10.975
      vertex 18.65 56 11.5474
      vertex 18.836 56 11.6825
    endloop
  endfacet
  facet normal 0 1 0
    outer loop
      vertex 18.1 56 9.45
      vertex 18.65 56 11.5474
      vertex 20.7414 56 10.975
    endloop
  endfacet
  facet normal 0 1 0
    outer loop
      vertex 18.65 56 11.5474
      vertex 18.1 56 9.45
      vertex 18.4399 56 11.4538
    endloop
  endfacet
  facet normal 0 1 0
    outer loop
      vertex 18.4399 56 11.4538
      vertex 18.1 56 9.45
      vertex 18.215 56 11.406
    endloop
  endfacet
  facet normal 0 1 0
    outer loop
      vertex 18.215 56 11.406
      vertex 18.1 56 9.45
      vertex 18.1 56 11.406
    endloop
  endfacet
  facet normal 0 1 -0
    outer loop
      vertex 18.65 56 13.4526
      vertex 18.1 56 15.55
      vertex 20.7414 56 14.025
    endloop
  endfacet
  facet normal 0 1 0
    outer loop
      vertex 18.1 56 15.55
      vertex 18.215 56 13.594
      vertex 18.1 56 13.594
    endloop
  endfacet
  facet normal -0.5 0 -0.866026
    outer loop
      vertex 18.1 56 15.55
      vertex 20.7414 58 14.025
      vertex 20.7414 56 14.025
    endloop
  endfacet
  facet normal -0.5 0 -0.866026
    outer loop
      vertex 20.7414 58 14.025
      vertex 18.1 56 15.55
      vertex 18.1 58 15.55
    endloop
  endfacet
  facet normal 0.5 0 0.866025
    outer loop
      vertex 15.4586 58 10.975
      vertex 18.1 56 9.45
      vertex 18.1 58 9.45
    endloop
  endfacet
  facet normal 0.5 0 0.866025
    outer loop
      vertex 18.1 56 9.45
      vertex 15.4586 58 10.975
      vertex 15.4586 56 10.975
    endloop
  endfacet
  facet normal 0 1 -0
    outer loop
      vertex 18.1 56 9.45
      vertex 17.985 56 11.406
      vertex 18.1 56 11.406
    endloop
  endfacet
  facet normal 0 1 0
    outer loop
      vertex 17.985 56 11.406
      vertex 18.1 56 9.45
      vertex 15.4586 56 10.975
    endloop
  endfacet
  facet normal 0 1 0
    outer loop
      vertex 17.985 56 13.594
      vertex 18.1 56 15.55
      vertex 18.1 56 13.594
    endloop
  endfacet
  facet normal 0 1 0
    outer loop
      vertex 17.7601 56 13.5462
      vertex 18.1 56 15.55
      vertex 17.985 56 13.594
    endloop
  endfacet
  facet normal 0 1 0
    outer loop
      vertex 17.55 56 13.4526
      vertex 18.1 56 15.55
      vertex 17.7601 56 13.5462
    endloop
  endfacet
  facet normal 0 1 0
    outer loop
      vertex 18.1 56 15.55
      vertex 17.55 56 13.4526
      vertex 15.4586 56 14.025
    endloop
  endfacet
  facet normal 0 1 -0
    outer loop
      vertex 17.364 56 13.3175
      vertex 15.4586 56 14.025
      vertex 17.55 56 13.4526
    endloop
  endfacet
  facet normal 0 1 -0
    outer loop
      vertex 17.2101 56 13.1466
      vertex 15.4586 56 14.025
      vertex 17.364 56 13.3175
    endloop
  endfacet
  facet normal 0 1 -0
    outer loop
      vertex 17.0951 56 12.9474
      vertex 15.4586 56 14.025
      vertex 17.2101 56 13.1466
    endloop
  endfacet
  facet normal 0 1 -0
    outer loop
      vertex 17.024 56 12.7287
      vertex 15.4586 56 14.025
      vertex 17.0951 56 12.9474
    endloop
  endfacet
  facet normal 0 1 -0
    outer loop
      vertex 17 56 12.5
      vertex 15.4586 56 14.025
      vertex 17.024 56 12.7287
    endloop
  endfacet
  facet normal 0 1 0
    outer loop
      vertex 15.4586 56 10.975
      vertex 17 56 12.5
      vertex 17.024 56 12.2713
    endloop
  endfacet
  facet normal 0 1 0
    outer loop
      vertex 15.4586 56 10.975
      vertex 17.024 56 12.2713
      vertex 17.0951 56 12.0526
    endloop
  endfacet
  facet normal 0 1 0
    outer loop
      vertex 15.4586 56 10.975
      vertex 17.0951 56 12.0526
      vertex 17.2101 56 11.8534
    endloop
  endfacet
  facet normal 0 1 0
    outer loop
      vertex 17 56 12.5
      vertex 15.4586 56 10.975
      vertex 15.4586 56 14.025
    endloop
  endfacet
  facet normal 0 1 0
    outer loop
      vertex 17.364 56 11.6825
      vertex 15.4586 56 10.975
      vertex 17.2101 56 11.8534
    endloop
  endfacet
  facet normal 0 1 0
    outer loop
      vertex 17.55 56 11.5474
      vertex 15.4586 56 10.975
      vertex 17.364 56 11.6825
    endloop
  endfacet
  facet normal 0 1 0
    outer loop
      vertex 17.7601 56 11.4538
      vertex 15.4586 56 10.975
      vertex 17.55 56 11.5474
    endloop
  endfacet
  facet normal 0 1 0
    outer loop
      vertex 15.4586 56 10.975
      vertex 17.7601 56 11.4538
      vertex 17.985 56 11.406
    endloop
  endfacet
  facet normal 1 -0 0
    outer loop
      vertex 15.4586 56 14.025
      vertex 15.4586 58 10.975
      vertex 15.4586 58 14.025
    endloop
  endfacet
  facet normal 1 0 0
    outer loop
      vertex 15.4586 58 10.975
      vertex 15.4586 56 14.025
      vertex 15.4586 56 10.975
    endloop
  endfacet
  facet normal 0.5 0 -0.866025
    outer loop
      vertex 15.4586 56 14.025
      vertex 18.1 58 15.55
      vertex 18.1 56 15.55
    endloop
  endfacet
  facet normal 0.5 0 -0.866025
    outer loop
      vertex 18.1 58 15.55
      vertex 15.4586 56 14.025
      vertex 15.4586 58 14.025
    endloop
  endfacet
  facet normal 1 -0 0
    outer loop
      vertex -10 54 25
      vertex -10 58 0
      vertex -10 58 25
    endloop
  endfacet
  facet normal 1 0 0
    outer loop
      vertex -10 58 0
      vertex -10 54 25
      vertex -10 54 0
    endloop
  endfacet
  facet normal -0 0 1
    outer loop
      vertex -26.2 58 25
      vertex -10 54 25
      vertex -10 58 25
    endloop
  endfacet
  facet normal 0 0 1
    outer loop
      vertex -10 54 25
      vertex -26.2 58 25
      vertex -26.2 54 25
    endloop
  endfacet
  facet normal -1 0 0
    outer loop
      vertex -26.2 54 0
      vertex -26.2 58 25
      vertex -26.2 58 0
    endloop
  endfacet
  facet normal -1 -0 0
    outer loop
      vertex -26.2 58 25
      vertex -26.2 54 0
      vertex -26.2 54 25
    endloop
  endfacet
  facet normal 0 -1 0
    outer loop
      vertex -26.2 54 25
      vertex -18.215 54 13.594
      vertex -10 54 25
    endloop
  endfacet
  facet normal 0 -1 0
    outer loop
      vertex -26.2 54 25
      vertex -18.4399 54 13.5462
      vertex -18.215 54 13.594
    endloop
  endfacet
  facet normal 0 -1 0
    outer loop
      vertex -26.2 54 25
      vertex -18.65 54 13.4526
      vertex -18.4399 54 13.5462
    endloop
  endfacet
  facet normal 0 -1 0
    outer loop
      vertex -26.2 54 25
      vertex -18.836 54 13.3175
      vertex -18.65 54 13.4526
    endloop
  endfacet
  facet normal 0 -1 0
    outer loop
      vertex -26.2 54 25
      vertex -18.9899 54 13.1466
      vertex -18.836 54 13.3175
    endloop
  endfacet
  facet normal 0 -1 0
    outer loop
      vertex -26.2 54 25
      vertex -19.1049 54 12.9474
      vertex -18.9899 54 13.1466
    endloop
  endfacet
  facet normal 0 -1 0
    outer loop
      vertex -26.2 54 25
      vertex -19.176 54 12.7287
      vertex -19.1049 54 12.9474
    endloop
  endfacet
  facet normal 0 -1 0
    outer loop
      vertex -26.2 54 25
      vertex -19.2 54 12.5
      vertex -19.176 54 12.7287
    endloop
  endfacet
  facet normal 0 -1 0
    outer loop
      vertex -26.2 54 0
      vertex -19.2 54 12.5
      vertex -26.2 54 25
    endloop
  endfacet
  facet normal 0 -1 -0
    outer loop
      vertex -19.2 54 12.5
      vertex -26.2 54 0
      vertex -19.176 54 12.2713
    endloop
  endfacet
  facet normal 0 -1 -0
    outer loop
      vertex -18.65 54 11.5474
      vertex -26.2 54 0
      vertex -17.55 54 11.5474
    endloop
  endfacet
  facet normal 0 -1 -0
    outer loop
      vertex -18.836 54 11.6825
      vertex -26.2 54 0
      vertex -18.65 54 11.5474
    endloop
  endfacet
  facet normal 0 -1 -0
    outer loop
      vertex -18.9899 54 11.8534
      vertex -26.2 54 0
      vertex -18.836 54 11.6825
    endloop
  endfacet
  facet normal 0 -1 -0
    outer loop
      vertex -19.1049 54 12.0526
      vertex -26.2 54 0
      vertex -18.9899 54 11.8534
    endloop
  endfacet
  facet normal 0 -1 -0
    outer loop
      vertex -19.176 54 12.2713
      vertex -26.2 54 0
      vertex -19.1049 54 12.0526
    endloop
  endfacet
  facet normal 0 -1 0
    outer loop
      vertex -17.985 54 13.594
      vertex -10 54 25
      vertex -18.215 54 13.594
    endloop
  endfacet
  facet normal 0 -1 0
    outer loop
      vertex -17.7601 54 13.5462
      vertex -10 54 25
      vertex -17.985 54 13.594
    endloop
  endfacet
  facet normal 0 -1 0
    outer loop
      vertex -17.55 54 13.4526
      vertex -10 54 25
      vertex -17.7601 54 13.5462
    endloop
  endfacet
  facet normal 0 -1 0
    outer loop
      vertex -17.364 54 13.3175
      vertex -10 54 25
      vertex -17.55 54 13.4526
    endloop
  endfacet
  facet normal 0 -1 0
    outer loop
      vertex -17.2101 54 13.1466
      vertex -10 54 25
      vertex -17.364 54 13.3175
    endloop
  endfacet
  facet normal 0 -1 0
    outer loop
      vertex -17.0951 54 12.9474
      vertex -10 54 25
      vertex -17.2101 54 13.1466
    endloop
  endfacet
  facet normal 0 -1 0
    outer loop
      vertex -17.024 54 12.7287
      vertex -10 54 25
      vertex -17.0951 54 12.9474
    endloop
  endfacet
  facet normal 0 -1 0
    outer loop
      vertex -17 54 12.5
      vertex -10 54 25
      vertex -17.024 54 12.7287
    endloop
  endfacet
  facet normal 0 -1 0
    outer loop
      vertex -10 54 0
      vertex -17 54 12.5
      vertex -17.024 54 12.2713
    endloop
  endfacet
  facet normal 0 -1 0
    outer loop
      vertex -10 54 0
      vertex -17.024 54 12.2713
      vertex -17.0951 54 12.0526
    endloop
  endfacet
  facet normal 0 -1 0
    outer loop
      vertex -10 54 0
      vertex -17.55 54 11.5474
      vertex -26.2 54 0
    endloop
  endfacet
  facet normal 0 -1 0
    outer loop
      vertex -17.55 54 11.5474
      vertex -10 54 0
      vertex -17.364 54 11.6825
    endloop
  endfacet
  facet normal 0 -1 0
    outer loop
      vertex -17 54 12.5
      vertex -10 54 0
      vertex -10 54 25
    endloop
  endfacet
  facet normal 0 -1 0
    outer loop
      vertex -17.2101 54 11.8534
      vertex -10 54 0
      vertex -17.0951 54 12.0526
    endloop
  endfacet
  facet normal 0 -1 0
    outer loop
      vertex -17.364 54 11.6825
      vertex -10 54 0
      vertex -17.2101 54 11.8534
    endloop
  endfacet
  facet normal 0 0 -1
    outer loop
      vertex -26.2 54 0
      vertex -10 58 0
      vertex -10 54 0
    endloop
  endfacet
  facet normal -0 0 -1
    outer loop
      vertex -10 58 0
      vertex -26.2 54 0
      vertex -26.2 58 0
    endloop
  endfacet
  facet normal 0 1 0
    outer loop
      vertex -10 58 25
      vertex -18.1 58 15.55
      vertex -26.2 58 25
    endloop
  endfacet
  facet normal 0 1 0
    outer loop
      vertex -10 58 25
      vertex -15.4586 58 14.025
      vertex -18.1 58 15.55
    endloop
  endfacet
  facet normal 0 1 0
    outer loop
      vertex -10 58 25
      vertex -15.4586 58 10.975
      vertex -15.4586 58 14.025
    endloop
  endfacet
  facet normal 0 1 0
    outer loop
      vertex -15.4586 58 10.975
      vertex -10 58 0
      vertex -18.1 58 9.45
    endloop
  endfacet
  facet normal 0 1 -0
    outer loop
      vertex -10 58 0
      vertex -15.4586 58 10.975
      vertex -10 58 25
    endloop
  endfacet
  facet normal 0 1 -0
    outer loop
      vertex -20.7414 58 14.025
      vertex -26.2 58 25
      vertex -18.1 58 15.55
    endloop
  endfacet
  facet normal 0 1 -0
    outer loop
      vertex -20.7414 58 10.975
      vertex -26.2 58 25
      vertex -20.7414 58 14.025
    endloop
  endfacet
  facet normal 0 1 0
    outer loop
      vertex -26.2 58 0
      vertex -18.1 58 9.45
      vertex -10 58 0
    endloop
  endfacet
  facet normal 0 1 0
    outer loop
      vertex -20.7414 58 10.975
      vertex -26.2 58 0
      vertex -26.2 58 25
    endloop
  endfacet
  facet normal 0 1 0
    outer loop
      vertex -18.1 58 9.45
      vertex -26.2 58 0
      vertex -20.7414 58 10.975
    endloop
  endfacet
  facet normal 0.994521 -0 0.104539
    outer loop
      vertex -19.2 54 12.5
      vertex -19.176 56 12.2713
      vertex -19.2 56 12.5
    endloop
  endfacet
  facet normal 0.994521 0 0.104539
    outer loop
      vertex -19.176 56 12.2713
      vertex -19.2 54 12.5
      vertex -19.176 54 12.2713
    endloop
  endfacet
  facet normal -0.994522 -0 -0.104523
    outer loop
      vertex -17.024 56 12.7287
      vertex -17.012 56 12.6144
      vertex -17.024 54 12.7287
    endloop
  endfacet
  facet normal -0.207912 0 0.978148
    outer loop
      vertex -17.985 56 11.406
      vertex -17.7601 54 11.4538
      vertex -17.7601 56 11.4538
    endloop
  endfacet
  facet normal -0.207912 0 0.978148
    outer loop
      vertex -17.7601 54 11.4538
      vertex -17.985 56 11.406
      vertex -17.985 54 11.406
    endloop
  endfacet
  facet normal 0.587782 0 0.80902
    outer loop
      vertex -18.836 56 11.6825
      vertex -18.65 54 11.5474
      vertex -18.65 56 11.5474
    endloop
  endfacet
  facet normal 0.587782 0 0.80902
    outer loop
      vertex -18.65 54 11.5474
      vertex -18.836 56 11.6825
      vertex -18.836 54 11.6825
    endloop
  endfacet
  facet normal 0.20791 0 -0.978148
    outer loop
      vertex -18.4399 54 13.5462
      vertex -18.215 56 13.594
      vertex -18.215 54 13.594
    endloop
  endfacet
  facet normal 0.20791 0 -0.978148
    outer loop
      vertex -18.215 56 13.594
      vertex -18.4399 54 13.5462
      vertex -18.4399 56 13.5462
    endloop
  endfacet
  facet normal -0.866027 0 0.499997
    outer loop
      vertex -17.2101 54 11.8534
      vertex -17.0951 56 12.0526
      vertex -17.2101 56 11.8534
    endloop
  endfacet
  facet normal -0.866027 0 0.499997
    outer loop
      vertex -17.0951 56 12.0526
      vertex -17.2101 54 11.8534
      vertex -17.0951 54 12.0526
    endloop
  endfacet
  facet normal -0.951054 0 0.309024
    outer loop
      vertex -17.0951 54 12.0526
      vertex -17.024 56 12.2713
      vertex -17.0951 56 12.0526
    endloop
  endfacet
  facet normal -0.951054 0 0.309024
    outer loop
      vertex -17.024 56 12.2713
      vertex -17.0951 54 12.0526
      vertex -17.024 54 12.2713
    endloop
  endfacet
  facet normal 0.866023 -0 0.500003
    outer loop
      vertex -19.1049 54 12.0526
      vertex -18.9899 56 11.8534
      vertex -19.1049 56 12.0526
    endloop
  endfacet
  facet normal 0.866023 0 0.500003
    outer loop
      vertex -18.9899 56 11.8534
      vertex -19.1049 54 12.0526
      vertex -18.9899 54 11.8534
    endloop
  endfacet
  facet normal 0.951059 -0 0.309009
    outer loop
      vertex -19.176 54 12.2713
      vertex -19.1049 56 12.0526
      vertex -19.176 56 12.2713
    endloop
  endfacet
  facet normal 0.951059 0 0.309009
    outer loop
      vertex -19.1049 56 12.0526
      vertex -19.176 54 12.2713
      vertex -19.1049 54 12.0526
    endloop
  endfacet
  facet normal 0.743148 -0 0.669127
    outer loop
      vertex -18.9899 54 11.8534
      vertex -18.836 56 11.6825
      vertex -18.9899 56 11.8534
    endloop
  endfacet
  facet normal 0.743148 0 0.669127
    outer loop
      vertex -18.836 56 11.6825
      vertex -18.9899 54 11.8534
      vertex -18.836 54 11.6825
    endloop
  endfacet
  facet normal 0.20791 0 0.978148
    outer loop
      vertex -18.4399 56 11.4538
      vertex -18.215 54 11.406
      vertex -18.215 56 11.406
    endloop
  endfacet
  facet normal 0.20791 0 0.978148
    outer loop
      vertex -18.215 54 11.406
      vertex -18.4399 56 11.4538
      vertex -18.4399 54 11.4538
    endloop
  endfacet
  facet normal -0 0 1
    outer loop
      vertex -18.1 56 11.406
      vertex -17.985 54 11.406
      vertex -17.985 56 11.406
    endloop
  endfacet
  facet normal 0 0 1
    outer loop
      vertex -18.215 54 11.406
      vertex -18.1 56 11.406
      vertex -18.215 56 11.406
    endloop
  endfacet
  facet normal 0 0 1
    outer loop
      vertex -18.1 56 11.406
      vertex -18.215 54 11.406
      vertex -17.985 54 11.406
    endloop
  endfacet
  facet normal 0 1 -0
    outer loop
      vertex -17.985 54 11.406
      vertex -18.65 54 11.5474
      vertex -17.55 54 11.5474
    endloop
  endfacet
  facet normal 0 1 0
    outer loop
      vertex -18.65 54 11.5474
      vertex -17.985 54 11.406
      vertex -18.215 54 11.406
    endloop
  endfacet
  facet normal 0.406738 0 0.913545
    outer loop
      vertex -18.65 56 11.5474
      vertex -18.4399 54 11.4538
      vertex -18.4399 56 11.4538
    endloop
  endfacet
  facet normal 0.406738 0 0.913545
    outer loop
      vertex -18.4399 54 11.4538
      vertex -18.65 56 11.5474
      vertex -18.65 54 11.5474
    endloop
  endfacet
  facet normal 0 1 0
    outer loop
      vertex -17.55 54 11.5474
      vertex -17.7601 54 11.4538
      vertex -17.985 54 11.406
    endloop
  endfacet
  facet normal -0.994522 0 0.104523
    outer loop
      vertex -17.024 54 12.2713
      vertex -17.012 56 12.3856
      vertex -17.024 56 12.2713
    endloop
  endfacet
  facet normal -0.994522 0 0.104523
    outer loop
      vertex -17.012 56 12.3856
      vertex -17.024 54 12.2713
      vertex -17 54 12.5
    endloop
  endfacet
  facet normal 0.994521 0 -0.10454
    outer loop
      vertex -19.176 54 12.7287
      vertex -19.2 56 12.5
      vertex -19.176 56 12.7287
    endloop
  endfacet
  facet normal 0.994521 0 -0.10454
    outer loop
      vertex -19.2 56 12.5
      vertex -19.176 54 12.7287
      vertex -19.2 54 12.5
    endloop
  endfacet
  facet normal 0.951059 0 -0.309009
    outer loop
      vertex -19.1049 54 12.9474
      vertex -19.176 56 12.7287
      vertex -19.1049 56 12.9474
    endloop
  endfacet
  facet normal 0.951059 0 -0.309009
    outer loop
      vertex -19.176 56 12.7287
      vertex -19.1049 54 12.9474
      vertex -19.176 54 12.7287
    endloop
  endfacet
  facet normal 0 1 0
    outer loop
      vertex -18.215 54 11.406
      vertex -18.4399 54 11.4538
      vertex -18.65 54 11.5474
    endloop
  endfacet
  facet normal -0.587785 0 0.809017
    outer loop
      vertex -17.55 56 11.5474
      vertex -17.364 54 11.6825
      vertex -17.364 56 11.6825
    endloop
  endfacet
  facet normal -0.587785 0 0.809017
    outer loop
      vertex -17.364 54 11.6825
      vertex -17.55 56 11.5474
      vertex -17.55 54 11.5474
    endloop
  endfacet
  facet normal -0.406735 0 0.913546
    outer loop
      vertex -17.7601 56 11.4538
      vertex -17.55 54 11.5474
      vertex -17.55 56 11.5474
    endloop
  endfacet
  facet normal -0.406735 0 0.913546
    outer loop
      vertex -17.55 54 11.5474
      vertex -17.7601 56 11.4538
      vertex -17.7601 54 11.4538
    endloop
  endfacet
  facet normal -0.743144 0 0.669131
    outer loop
      vertex -17.364 54 11.6825
      vertex -17.2101 56 11.8534
      vertex -17.364 56 11.6825
    endloop
  endfacet
  facet normal -0.743144 0 0.669131
    outer loop
      vertex -17.2101 56 11.8534
      vertex -17.364 54 11.6825
      vertex -17.2101 54 11.8534
    endloop
  endfacet
  facet normal -0.994523 -4.98402e-008 0.104522
    outer loop
      vertex -17 54 12.5
      vertex -17 56 12.5
      vertex -17.012 56 12.3856
    endloop
  endfacet
  facet normal -0.994522 4.98406e-008 -0.104523
    outer loop
      vertex -17 54 12.5
      vertex -17.012 56 12.6144
      vertex -17 56 12.5
    endloop
  endfacet
  facet normal -0.994522 2.49202e-008 -0.104523
    outer loop
      vertex -17.012 56 12.6144
      vertex -17 54 12.5
      vertex -17.024 54 12.7287
    endloop
  endfacet
  facet normal 0.743148 0 -0.669127
    outer loop
      vertex -18.836 54 13.3175
      vertex -18.9899 56 13.1466
      vertex -18.836 56 13.3175
    endloop
  endfacet
  facet normal 0.743148 0 -0.669127
    outer loop
      vertex -18.9899 56 13.1466
      vertex -18.836 54 13.3175
      vertex -18.9899 54 13.1466
    endloop
  endfacet
  facet normal 0 0 -1
    outer loop
      vertex -17.985 54 13.594
      vertex -18.1 56 13.594
      vertex -17.985 56 13.594
    endloop
  endfacet
  facet normal 0 0 -1
    outer loop
      vertex -18.215 54 13.594
      vertex -18.1 56 13.594
      vertex -17.985 54 13.594
    endloop
  endfacet
  facet normal -0 0 -1
    outer loop
      vertex -18.1 56 13.594
      vertex -18.215 54 13.594
      vertex -18.215 56 13.594
    endloop
  endfacet
  facet normal -0.587785 0 -0.809017
    outer loop
      vertex -17.55 54 13.4526
      vertex -17.364 56 13.3175
      vertex -17.364 54 13.3175
    endloop
  endfacet
  facet normal -0.587785 0 -0.809017
    outer loop
      vertex -17.364 56 13.3175
      vertex -17.55 54 13.4526
      vertex -17.55 56 13.4526
    endloop
  endfacet
  facet normal -0.743144 0 -0.669131
    outer loop
      vertex -17.2101 54 13.1466
      vertex -17.364 56 13.3175
      vertex -17.2101 56 13.1466
    endloop
  endfacet
  facet normal -0.743144 -0 -0.669131
    outer loop
      vertex -17.364 56 13.3175
      vertex -17.2101 54 13.1466
      vertex -17.364 54 13.3175
    endloop
  endfacet
  facet normal -0.866027 0 -0.499997
    outer loop
      vertex -17.0951 54 12.9474
      vertex -17.2101 56 13.1466
      vertex -17.0951 56 12.9474
    endloop
  endfacet
  facet normal -0.866027 -0 -0.499997
    outer loop
      vertex -17.2101 56 13.1466
      vertex -17.0951 54 12.9474
      vertex -17.2101 54 13.1466
    endloop
  endfacet
  facet normal -0.951054 0 -0.309024
    outer loop
      vertex -17.024 54 12.7287
      vertex -17.0951 56 12.9474
      vertex -17.024 56 12.7287
    endloop
  endfacet
  facet normal -0.951054 -0 -0.309024
    outer loop
      vertex -17.0951 56 12.9474
      vertex -17.024 54 12.7287
      vertex -17.0951 54 12.9474
    endloop
  endfacet
  facet normal 0.587782 0 -0.80902
    outer loop
      vertex -18.836 54 13.3175
      vertex -18.65 56 13.4526
      vertex -18.65 54 13.4526
    endloop
  endfacet
  facet normal 0.587782 0 -0.80902
    outer loop
      vertex -18.65 56 13.4526
      vertex -18.836 54 13.3175
      vertex -18.836 56 13.3175
    endloop
  endfacet
  facet normal 0.406738 0 -0.913545
    outer loop
      vertex -18.65 54 13.4526
      vertex -18.4399 56 13.5462
      vertex -18.4399 54 13.5462
    endloop
  endfacet
  facet normal 0.406738 0 -0.913545
    outer loop
      vertex -18.4399 56 13.5462
      vertex -18.65 54 13.4526
      vertex -18.65 56 13.4526
    endloop
  endfacet
  facet normal 0.866023 0 -0.500003
    outer loop
      vertex -18.9899 54 13.1466
      vertex -19.1049 56 12.9474
      vertex -18.9899 56 13.1466
    endloop
  endfacet
  facet normal 0.866023 0 -0.500003
    outer loop
      vertex -19.1049 56 12.9474
      vertex -18.9899 54 13.1466
      vertex -19.1049 54 12.9474
    endloop
  endfacet
  facet normal -0.207912 0 -0.978148
    outer loop
      vertex -17.985 54 13.594
      vertex -17.7601 56 13.5462
      vertex -17.7601 54 13.5462
    endloop
  endfacet
  facet normal -0.207912 0 -0.978148
    outer loop
      vertex -17.7601 56 13.5462
      vertex -17.985 54 13.594
      vertex -17.985 56 13.594
    endloop
  endfacet
  facet normal -0.406735 0 -0.913546
    outer loop
      vertex -17.7601 54 13.5462
      vertex -17.55 56 13.4526
      vertex -17.55 54 13.4526
    endloop
  endfacet
  facet normal -0.406735 0 -0.913546
    outer loop
      vertex -17.55 56 13.4526
      vertex -17.7601 54 13.5462
      vertex -17.7601 56 13.5462
    endloop
  endfacet
  facet normal -0.5 0 0.866025
    outer loop
      vertex -18.1 58 9.45
      vertex -15.4586 56 10.975
      vertex -15.4586 58 10.975
    endloop
  endfacet
  facet normal -0.5 0 0.866025
    outer loop
      vertex -15.4586 56 10.975
      vertex -18.1 58 9.45
      vertex -18.1 56 9.45
    endloop
  endfacet
  facet normal -1 0 0
    outer loop
      vertex -15.4586 56 10.975
      vertex -15.4586 58 14.025
      vertex -15.4586 58 10.975
    endloop
  endfacet
  facet normal -1 -0 0
    outer loop
      vertex -15.4586 58 14.025
      vertex -15.4586 56 10.975
      vertex -15.4586 56 14.025
    endloop
  endfacet
  facet normal 0 1 0
    outer loop
      vertex -18.1 56 15.55
      vertex -17.7601 56 13.5462
      vertex -17.985 56 13.594
    endloop
  endfacet
  facet normal 0 1 0
    outer loop
      vertex -18.1 56 15.55
      vertex -17.55 56 13.4526
      vertex -17.7601 56 13.5462
    endloop
  endfacet
  facet normal 0 1 0
    outer loop
      vertex -15.4586 56 14.025
      vertex -17.364 56 13.3175
      vertex -17.55 56 13.4526
    endloop
  endfacet
  facet normal 0 1 0
    outer loop
      vertex -15.4586 56 14.025
      vertex -17.2101 56 13.1466
      vertex -17.364 56 13.3175
    endloop
  endfacet
  facet normal 0 1 0
    outer loop
      vertex -15.4586 56 14.025
      vertex -17.0951 56 12.9474
      vertex -17.2101 56 13.1466
    endloop
  endfacet
  facet normal 0 1 0
    outer loop
      vertex -15.4586 56 14.025
      vertex -17.024 56 12.7287
      vertex -17.0951 56 12.9474
    endloop
  endfacet
  facet normal 0 1 0
    outer loop
      vertex -15.4586 56 14.025
      vertex -17.012 56 12.6144
      vertex -17.024 56 12.7287
    endloop
  endfacet
  facet normal 0 1 0
    outer loop
      vertex -15.4586 56 14.025
      vertex -17 56 12.5
      vertex -17.012 56 12.6144
    endloop
  endfacet
  facet normal 0 1 -0
    outer loop
      vertex -15.4586 56 10.975
      vertex -17 56 12.5
      vertex -15.4586 56 14.025
    endloop
  endfacet
  facet normal 0 1 0
    outer loop
      vertex -17 56 12.5
      vertex -15.4586 56 10.975
      vertex -17.012 56 12.3856
    endloop
  endfacet
  facet normal 0 1 0
    outer loop
      vertex -17.012 56 12.3856
      vertex -15.4586 56 10.975
      vertex -17.024 56 12.2713
    endloop
  endfacet
  facet normal 0 1 0
    outer loop
      vertex -17.024 56 12.2713
      vertex -15.4586 56 10.975
      vertex -17.0951 56 12.0526
    endloop
  endfacet
  facet normal 0 1 0
    outer loop
      vertex -17.0951 56 12.0526
      vertex -15.4586 56 10.975
      vertex -17.2101 56 11.8534
    endloop
  endfacet
  facet normal 0 1 0
    outer loop
      vertex -15.4586 56 10.975
      vertex -17.364 56 11.6825
      vertex -17.2101 56 11.8534
    endloop
  endfacet
  facet normal 0 1 0
    outer loop
      vertex -15.4586 56 10.975
      vertex -17.55 56 11.5474
      vertex -17.364 56 11.6825
    endloop
  endfacet
  facet normal 0 1 0
    outer loop
      vertex -18.1 56 9.45
      vertex -17.55 56 11.5474
      vertex -15.4586 56 10.975
    endloop
  endfacet
  facet normal 0 1 0
    outer loop
      vertex -17.55 56 11.5474
      vertex -18.1 56 9.45
      vertex -17.7601 56 11.4538
    endloop
  endfacet
  facet normal 0 1 0
    outer loop
      vertex -17.7601 56 11.4538
      vertex -18.1 56 9.45
      vertex -17.985 56 11.406
    endloop
  endfacet
  facet normal 0 1 0
    outer loop
      vertex -17.985 56 11.406
      vertex -18.1 56 9.45
      vertex -18.1 56 11.406
    endloop
  endfacet
  facet normal 0 1 -0
    outer loop
      vertex -17.55 56 13.4526
      vertex -18.1 56 15.55
      vertex -15.4586 56 14.025
    endloop
  endfacet
  facet normal 0 1 0
    outer loop
      vertex -18.1 56 15.55
      vertex -17.985 56 13.594
      vertex -18.1 56 13.594
    endloop
  endfacet
  facet normal -0.5 0 -0.866025
    outer loop
      vertex -18.1 56 15.55
      vertex -15.4586 58 14.025
      vertex -15.4586 56 14.025
    endloop
  endfacet
  facet normal -0.5 0 -0.866025
    outer loop
      vertex -15.4586 58 14.025
      vertex -18.1 56 15.55
      vertex -18.1 58 15.55
    endloop
  endfacet
  facet normal 0.5 0 0.866026
    outer loop
      vertex -20.7414 58 10.975
      vertex -18.1 56 9.45
      vertex -18.1 58 9.45
    endloop
  endfacet
  facet normal 0.5 0 0.866026
    outer loop
      vertex -18.1 56 9.45
      vertex -20.7414 58 10.975
      vertex -20.7414 56 10.975
    endloop
  endfacet
  facet normal 0 1 -0
    outer loop
      vertex -18.1 56 9.45
      vertex -18.215 56 11.406
      vertex -18.1 56 11.406
    endloop
  endfacet
  facet normal 0 1 0
    outer loop
      vertex -18.215 56 11.406
      vertex -18.1 56 9.45
      vertex -20.7414 56 10.975
    endloop
  endfacet
  facet normal 0 1 0
    outer loop
      vertex -18.215 56 13.594
      vertex -18.1 56 15.55
      vertex -18.1 56 13.594
    endloop
  endfacet
  facet normal 0 1 0
    outer loop
      vertex -18.4399 56 13.5462
      vertex -18.1 56 15.55
      vertex -18.215 56 13.594
    endloop
  endfacet
  facet normal 0 1 0
    outer loop
      vertex -18.65 56 13.4526
      vertex -18.1 56 15.55
      vertex -18.4399 56 13.5462
    endloop
  endfacet
  facet normal 0 1 0
    outer loop
      vertex -18.1 56 15.55
      vertex -18.65 56 13.4526
      vertex -20.7414 56 14.025
    endloop
  endfacet
  facet normal 0 1 -0
    outer loop
      vertex -18.836 56 13.3175
      vertex -20.7414 56 14.025
      vertex -18.65 56 13.4526
    endloop
  endfacet
  facet normal 0 1 -0
    outer loop
      vertex -18.9899 56 13.1466
      vertex -20.7414 56 14.025
      vertex -18.836 56 13.3175
    endloop
  endfacet
  facet normal 0 1 -0
    outer loop
      vertex -19.1049 56 12.9474
      vertex -20.7414 56 14.025
      vertex -18.9899 56 13.1466
    endloop
  endfacet
  facet normal 0 1 -0
    outer loop
      vertex -19.176 56 12.7287
      vertex -20.7414 56 14.025
      vertex -19.1049 56 12.9474
    endloop
  endfacet
  facet normal 0 1 -0
    outer loop
      vertex -19.2 56 12.5
      vertex -20.7414 56 14.025
      vertex -19.176 56 12.7287
    endloop
  endfacet
  facet normal 0 1 0
    outer loop
      vertex -20.7414 56 10.975
      vertex -19.2 56 12.5
      vertex -19.176 56 12.2713
    endloop
  endfacet
  facet normal 0 1 0
    outer loop
      vertex -20.7414 56 10.975
      vertex -19.176 56 12.2713
      vertex -19.1049 56 12.0526
    endloop
  endfacet
  facet normal 0 1 0
    outer loop
      vertex -20.7414 56 10.975
      vertex -19.1049 56 12.0526
      vertex -18.9899 56 11.8534
    endloop
  endfacet
  facet normal 0 1 0
    outer loop
      vertex -19.2 56 12.5
      vertex -20.7414 56 10.975
      vertex -20.7414 56 14.025
    endloop
  endfacet
  facet normal 0 1 0
    outer loop
      vertex -18.836 56 11.6825
      vertex -20.7414 56 10.975
      vertex -18.9899 56 11.8534
    endloop
  endfacet
  facet normal 0 1 0
    outer loop
      vertex -18.65 56 11.5474
      vertex -20.7414 56 10.975
      vertex -18.836 56 11.6825
    endloop
  endfacet
  facet normal 0 1 0
    outer loop
      vertex -18.4399 56 11.4538
      vertex -20.7414 56 10.975
      vertex -18.65 56 11.5474
    endloop
  endfacet
  facet normal 0 1 0
    outer loop
      vertex -20.7414 56 10.975
      vertex -18.4399 56 11.4538
      vertex -18.215 56 11.406
    endloop
  endfacet
  facet normal 1 -0 0
    outer loop
      vertex -20.7414 56 14.025
      vertex -20.7414 58 10.975
      vertex -20.7414 58 14.025
    endloop
  endfacet
  facet normal 1 0 0
    outer loop
      vertex -20.7414 58 10.975
      vertex -20.7414 56 14.025
      vertex -20.7414 56 10.975
    endloop
  endfacet
  facet normal 0.5 0 -0.866026
    outer loop
      vertex -20.7414 56 14.025
      vertex -18.1 58 15.55
      vertex -18.1 56 15.55
    endloop
  endfacet
  facet normal 0.5 0 -0.866026
    outer loop
      vertex -18.1 58 15.55
      vertex -20.7414 56 14.025
      vertex -20.7414 58 14.025
    endloop
  endfacet
  facet normal -1 0 0
    outer loop
      vertex -10 54 0
      vertex -10 58 25
      vertex -10 58 0
    endloop
  endfacet
  facet normal -1 -0 0
    outer loop
      vertex -10 58 25
      vertex -10 54 0
      vertex -10 54 25
    endloop
  endfacet
  facet normal -0 0 1
    outer loop
      vertex -10 58 25
      vertex 10 54 25
      vertex 10 58 25
    endloop
  endfacet
  facet normal 0 0 1
    outer loop
      vertex 10 54 25
      vertex -10 58 25
      vertex -10 54 25
    endloop
  endfacet
  facet normal 1 -0 0
    outer loop
      vertex 10 54 25
      vertex 10 58 0
      vertex 10 58 25
    endloop
  endfacet
  facet normal 1 0 0
    outer loop
      vertex 10 58 0
      vertex 10 54 25
      vertex 10 54 0
    endloop
  endfacet
  facet normal 0 0 -1
    outer loop
      vertex -10 54 0
      vertex 10 58 0
      vertex 10 54 0
    endloop
  endfacet
  facet normal -0 0 -1
    outer loop
      vertex 10 58 0
      vertex -10 54 0
      vertex -10 58 0
    endloop
  endfacet
  facet normal 0 -1 0
    outer loop
      vertex -10 54 25
      vertex -0.250869 54 14.8869
      vertex 10 54 25
    endloop
  endfacet
  facet normal 0 -1 0
    outer loop
      vertex -10 54 25
      vertex -0.741641 54 14.7825
      vertex -0.250869 54 14.8869
    endloop
  endfacet
  facet normal 0 -1 0
    outer loop
      vertex -10 54 25
      vertex -1.2 54 14.5785
      vertex -0.741641 54 14.7825
    endloop
  endfacet
  facet normal 0 -1 0
    outer loop
      vertex -10 54 25
      vertex -1.60591 54 14.2835
      vertex -1.2 54 14.5785
    endloop
  endfacet
  facet normal 0 -1 0
    outer loop
      vertex -10 54 25
      vertex -1.94164 54 13.9107
      vertex -1.60591 54 14.2835
    endloop
  endfacet
  facet normal 0 -1 0
    outer loop
      vertex -10 54 25
      vertex -2.19251 54 13.4762
      vertex -1.94164 54 13.9107
    endloop
  endfacet
  facet normal 0 -1 0
    outer loop
      vertex -10 54 25
      vertex -2.34756 54 12.999
      vertex -2.19251 54 13.4762
    endloop
  endfacet
  facet normal 0 -1 0
    outer loop
      vertex -10 54 25
      vertex -2.4 54 12.5
      vertex -2.34756 54 12.999
    endloop
  endfacet
  facet normal 0 -1 0
    outer loop
      vertex -10 54 0
      vertex -2.4 54 12.5
      vertex -10 54 25
    endloop
  endfacet
  facet normal 0 -1 -0
    outer loop
      vertex -2.4 54 12.5
      vertex -10 54 0
      vertex -2.34756 54 12.001
    endloop
  endfacet
  facet normal 0 -1 -0
    outer loop
      vertex -2.34756 54 12.001
      vertex -10 54 0
      vertex -2.19251 54 11.5238
    endloop
  endfacet
  facet normal 0 -1 -0
    outer loop
      vertex -0.250869 54 10.1131
      vertex -10 54 0
      vertex 0.250868 54 10.1131
    endloop
  endfacet
  facet normal 0 -1 -0
    outer loop
      vertex -0.741641 54 10.2175
      vertex -10 54 0
      vertex -0.250869 54 10.1131
    endloop
  endfacet
  facet normal 0 -1 -0
    outer loop
      vertex -1.2 54 10.4215
      vertex -10 54 0
      vertex -0.741641 54 10.2175
    endloop
  endfacet
  facet normal 0 -1 -0
    outer loop
      vertex -1.60591 54 10.7165
      vertex -10 54 0
      vertex -1.2 54 10.4215
    endloop
  endfacet
  facet normal 0 -1 -0
    outer loop
      vertex -1.94164 54 11.0893
      vertex -10 54 0
      vertex -1.60591 54 10.7165
    endloop
  endfacet
  facet normal 0 -1 -0
    outer loop
      vertex -2.19251 54 11.5238
      vertex -10 54 0
      vertex -1.94164 54 11.0893
    endloop
  endfacet
  facet normal 0 -1 0
    outer loop
      vertex 0.250868 54 14.8869
      vertex 10 54 25
      vertex -0.250869 54 14.8869
    endloop
  endfacet
  facet normal 0 -1 0
    outer loop
      vertex 0.74164 54 14.7825
      vertex 10 54 25
      vertex 0.250868 54 14.8869
    endloop
  endfacet
  facet normal 0 -1 0
    outer loop
      vertex 1.2 54 14.5785
      vertex 10 54 25
      vertex 0.74164 54 14.7825
    endloop
  endfacet
  facet normal 0 -1 0
    outer loop
      vertex 1.60591 54 14.2835
      vertex 10 54 25
      vertex 1.2 54 14.5785
    endloop
  endfacet
  facet normal 0 -1 0
    outer loop
      vertex 1.94164 54 13.9107
      vertex 10 54 25
      vertex 1.60591 54 14.2835
    endloop
  endfacet
  facet normal 0 -1 0
    outer loop
      vertex 2.19251 54 13.4762
      vertex 10 54 25
      vertex 1.94164 54 13.9107
    endloop
  endfacet
  facet normal 0 -1 0
    outer loop
      vertex 2.34755 54 12.999
      vertex 10 54 25
      vertex 2.19251 54 13.4762
    endloop
  endfacet
  facet normal 0 -1 0
    outer loop
      vertex 2.4 54 12.5
      vertex 10 54 25
      vertex 2.34755 54 12.999
    endloop
  endfacet
  facet normal 0 -1 0
    outer loop
      vertex 10 54 0
      vertex 2.4 54 12.5
      vertex 2.34755 54 12.001
    endloop
  endfacet
  facet normal 0 -1 0
    outer loop
      vertex 10 54 0
      vertex 2.34755 54 12.001
      vertex 2.19251 54 11.5238
    endloop
  endfacet
  facet normal 0 -1 0
    outer loop
      vertex 10 54 0
      vertex 2.19251 54 11.5238
      vertex 1.94164 54 11.0893
    endloop
  endfacet
  facet normal 0 -1 0
    outer loop
      vertex 10 54 0
      vertex 0.250868 54 10.1131
      vertex -10 54 0
    endloop
  endfacet
  facet normal 0 -1 0
    outer loop
      vertex 0.250868 54 10.1131
      vertex 10 54 0
      vertex 0.74164 54 10.2175
    endloop
  endfacet
  facet normal 0 -1 0
    outer loop
      vertex 0.74164 54 10.2175
      vertex 10 54 0
      vertex 1.2 54 10.4215
    endloop
  endfacet
  facet normal 0 -1 0
    outer loop
      vertex 2.4 54 12.5
      vertex 10 54 0
      vertex 10 54 25
    endloop
  endfacet
  facet normal 0 -1 0
    outer loop
      vertex 1.60591 54 10.7165
      vertex 10 54 0
      vertex 1.94164 54 11.0893
    endloop
  endfacet
  facet normal 0 -1 0
    outer loop
      vertex 1.2 54 10.4215
      vertex 10 54 0
      vertex 1.60591 54 10.7165
    endloop
  endfacet
  facet normal 0 1 0
    outer loop
      vertex 10 58 25
      vertex 0.250868 58 14.8869
      vertex -10 58 25
    endloop
  endfacet
  facet normal 0 1 0
    outer loop
      vertex 10 58 25
      vertex 0.74164 58 14.7825
      vertex 0.250868 58 14.8869
    endloop
  endfacet
  facet normal 0 1 0
    outer loop
      vertex 10 58 25
      vertex 1.2 58 14.5785
      vertex 0.74164 58 14.7825
    endloop
  endfacet
  facet normal 0 1 0
    outer loop
      vertex 10 58 25
      vertex 1.60591 58 14.2835
      vertex 1.2 58 14.5785
    endloop
  endfacet
  facet normal 0 1 0
    outer loop
      vertex 10 58 25
      vertex 1.94164 58 13.9107
      vertex 1.60591 58 14.2835
    endloop
  endfacet
  facet normal 0 1 0
    outer loop
      vertex 10 58 25
      vertex 2.19251 58 13.4762
      vertex 1.94164 58 13.9107
    endloop
  endfacet
  facet normal 0 1 0
    outer loop
      vertex 10 58 25
      vertex 2.34755 58 12.999
      vertex 2.19251 58 13.4762
    endloop
  endfacet
  facet normal 0 1 0
    outer loop
      vertex 10 58 25
      vertex 2.4 58 12.5
      vertex 2.34755 58 12.999
    endloop
  endfacet
  facet normal 0 1 -0
    outer loop
      vertex 10 58 0
      vertex 2.4 58 12.5
      vertex 10 58 25
    endloop
  endfacet
  facet normal 0 1 0
    outer loop
      vertex 2.4 58 12.5
      vertex 10 58 0
      vertex 2.34755 58 12.001
    endloop
  endfacet
  facet normal 0 1 0
    outer loop
      vertex 2.19251 58 11.5238
      vertex 10 58 0
      vertex -2.19251 58 11.5238
    endloop
  endfacet
  facet normal 0 1 0
    outer loop
      vertex 2.34755 58 12.001
      vertex 10 58 0
      vertex 2.19251 58 11.5238
    endloop
  endfacet
  facet normal 0 1 -0
    outer loop
      vertex -0.250869 58 14.8869
      vertex -10 58 25
      vertex 0.250868 58 14.8869
    endloop
  endfacet
  facet normal 0 1 -0
    outer loop
      vertex -0.741641 58 14.7825
      vertex -10 58 25
      vertex -0.250869 58 14.8869
    endloop
  endfacet
  facet normal 0 1 -0
    outer loop
      vertex -1.2 58 14.5785
      vertex -10 58 25
      vertex -0.741641 58 14.7825
    endloop
  endfacet
  facet normal 0 1 -0
    outer loop
      vertex -1.60591 58 14.2835
      vertex -10 58 25
      vertex -1.2 58 14.5785
    endloop
  endfacet
  facet normal 0 1 -0
    outer loop
      vertex -1.94164 58 13.9107
      vertex -10 58 25
      vertex -1.60591 58 14.2835
    endloop
  endfacet
  facet normal 0 1 -0
    outer loop
      vertex -2.19251 58 13.4762
      vertex -10 58 25
      vertex -1.94164 58 13.9107
    endloop
  endfacet
  facet normal 0 1 -0
    outer loop
      vertex -2.34756 58 12.999
      vertex -10 58 25
      vertex -2.19251 58 13.4762
    endloop
  endfacet
  facet normal 0 1 -0
    outer loop
      vertex -2.4 58 12.5
      vertex -10 58 25
      vertex -2.34756 58 12.999
    endloop
  endfacet
  facet normal 0 1 0
    outer loop
      vertex -10 58 0
      vertex -2.4 58 12.5
      vertex -2.34756 58 12.001
    endloop
  endfacet
  facet normal 0 1 0
    outer loop
      vertex -10 58 0
      vertex -2.34756 58 12.001
      vertex -2.19251 58 11.5238
    endloop
  endfacet
  facet normal 0 1 0
    outer loop
      vertex -2.4 58 12.5
      vertex -10 58 0
      vertex -10 58 25
    endloop
  endfacet
  facet normal 0 1 0
    outer loop
      vertex -10 58 0
      vertex -2.19251 58 11.5238
      vertex 10 58 0
    endloop
  endfacet
  facet normal -0.994522 0 0.104528
    outer loop
      vertex 2.34755 54 12.001
      vertex 2.4 58 12.5
      vertex 2.34755 58 12.001
    endloop
  endfacet
  facet normal -0.994522 0 0.104528
    outer loop
      vertex 2.4 58 12.5
      vertex 2.34755 54 12.001
      vertex 2.4 54 12.5
    endloop
  endfacet
  facet normal 0.994522 -0 0.104528
    outer loop
      vertex -2.4 54 12.5
      vertex -2.34756 58 12.001
      vertex -2.4 58 12.5
    endloop
  endfacet
  facet normal 0.994522 0 0.104528
    outer loop
      vertex -2.34756 58 12.001
      vertex -2.4 54 12.5
      vertex -2.34756 54 12.001
    endloop
  endfacet
  facet normal -0 0 1
    outer loop
      vertex -0.250869 58 10.1131
      vertex 0.250868 54 10.1131
      vertex 0.250868 58 10.1131
    endloop
  endfacet
  facet normal 0 0 1
    outer loop
      vertex 0.250868 54 10.1131
      vertex -0.250869 58 10.1131
      vertex -0.250869 54 10.1131
    endloop
  endfacet
  facet normal -0.406737 0 0.913545
    outer loop
      vertex 0.74164 58 10.2175
      vertex 1.2 54 10.4215
      vertex 1.2 58 10.4215
    endloop
  endfacet
  facet normal -0.406737 0 0.913545
    outer loop
      vertex 1.2 54 10.4215
      vertex 0.74164 58 10.2175
      vertex 0.74164 54 10.2175
    endloop
  endfacet
  facet normal 0 0 -1
    outer loop
      vertex -0.250869 54 14.8869
      vertex 0.250868 58 14.8869
      vertex 0.250868 54 14.8869
    endloop
  endfacet
  facet normal -0 0 -1
    outer loop
      vertex 0.250868 58 14.8869
      vertex -0.250869 54 14.8869
      vertex -0.250869 58 14.8869
    endloop
  endfacet
  facet normal -0.743145 0 0.66913
    outer loop
      vertex 1.60591 54 10.7165
      vertex 1.94164 58 11.0893
      vertex 1.60591 58 10.7165
    endloop
  endfacet
  facet normal -0.743145 0 0.66913
    outer loop
      vertex 1.94164 58 11.0893
      vertex 1.60591 54 10.7165
      vertex 1.94164 54 11.0893
    endloop
  endfacet
  facet normal -0.951056 0 0.309017
    outer loop
      vertex 2.19251 54 11.5238
      vertex 2.34755 58 12.001
      vertex 2.19251 58 11.5238
    endloop
  endfacet
  facet normal -0.951056 0 0.309017
    outer loop
      vertex 2.34755 58 12.001
      vertex 2.19251 54 11.5238
      vertex 2.34755 54 12.001
    endloop
  endfacet
  facet normal -0 -1 0
    outer loop
      vertex 1.94164 58 11.0893
      vertex 2.19251 58 11.5238
      vertex 1.60591 58 10.7165
    endloop
  endfacet
  facet normal 0.587785 0 0.809017
    outer loop
      vertex -1.60591 58 10.7165
      vertex -1.2 54 10.4215
      vertex -1.2 58 10.4215
    endloop
  endfacet
  facet normal 0.587785 0 0.809017
    outer loop
      vertex -1.2 54 10.4215
      vertex -1.60591 58 10.7165
      vertex -1.60591 54 10.7165
    endloop
  endfacet
  facet normal 0 -1 0
    outer loop
      vertex -0.250869 58 10.1131
      vertex 2.19251 58 11.5238
      vertex -2.19251 58 11.5238
    endloop
  endfacet
  facet normal 0 -1 0
    outer loop
      vertex 2.19251 58 11.5238
      vertex -0.250869 58 10.1131
      vertex 0.250868 58 10.1131
    endloop
  endfacet
  facet normal 0.406737 0 0.913545
    outer loop
      vertex -1.2 58 10.4215
      vertex -0.741641 54 10.2175
      vertex -0.741641 58 10.2175
    endloop
  endfacet
  facet normal 0.406737 0 0.913545
    outer loop
      vertex -0.741641 54 10.2175
      vertex -1.2 58 10.4215
      vertex -1.2 54 10.4215
    endloop
  endfacet
  facet normal 0.207911 0 0.978148
    outer loop
      vertex -0.741641 58 10.2175
      vertex -0.250869 54 10.1131
      vertex -0.250869 58 10.1131
    endloop
  endfacet
  facet normal 0.207911 0 0.978148
    outer loop
      vertex -0.250869 54 10.1131
      vertex -0.741641 58 10.2175
      vertex -0.741641 54 10.2175
    endloop
  endfacet
  facet normal -0.866025 0 -0.500001
    outer loop
      vertex 2.19251 54 13.4762
      vertex 1.94164 58 13.9107
      vertex 2.19251 58 13.4762
    endloop
  endfacet
  facet normal -0.866025 -0 -0.500001
    outer loop
      vertex 1.94164 58 13.9107
      vertex 2.19251 54 13.4762
      vertex 1.94164 54 13.9107
    endloop
  endfacet
  facet normal -0.866025 0 0.500001
    outer loop
      vertex 1.94164 54 11.0893
      vertex 2.19251 58 11.5238
      vertex 1.94164 58 11.0893
    endloop
  endfacet
  facet normal -0.866025 0 0.500001
    outer loop
      vertex 2.19251 58 11.5238
      vertex 1.94164 54 11.0893
      vertex 2.19251 54 11.5238
    endloop
  endfacet
  facet normal -0.207911 0 0.978148
    outer loop
      vertex 0.250868 58 10.1131
      vertex 0.74164 54 10.2175
      vertex 0.74164 58 10.2175
    endloop
  endfacet
  facet normal -0.207911 0 0.978148
    outer loop
      vertex 0.74164 54 10.2175
      vertex 0.250868 58 10.1131
      vertex 0.250868 54 10.1131
    endloop
  endfacet
  facet normal -0 -1 0
    outer loop
      vertex 0.74164 58 10.2175
      vertex 2.19251 58 11.5238
      vertex 0.250868 58 10.1131
    endloop
  endfacet
  facet normal -0.587785 0 0.809017
    outer loop
      vertex 1.2 58 10.4215
      vertex 1.60591 54 10.7165
      vertex 1.60591 58 10.7165
    endloop
  endfacet
  facet normal -0.587785 0 0.809017
    outer loop
      vertex 1.60591 54 10.7165
      vertex 1.2 58 10.4215
      vertex 1.2 54 10.4215
    endloop
  endfacet
  facet normal 0.866025 -0 0.500001
    outer loop
      vertex -2.19251 54 11.5238
      vertex -1.94164 58 11.0893
      vertex -2.19251 58 11.5238
    endloop
  endfacet
  facet normal 0.866025 0 0.500001
    outer loop
      vertex -1.94164 58 11.0893
      vertex -2.19251 54 11.5238
      vertex -1.94164 54 11.0893
    endloop
  endfacet
  facet normal 0.951056 -0 0.309017
    outer loop
      vertex -2.34756 54 12.001
      vertex -2.19251 58 11.5238
      vertex -2.34756 58 12.001
    endloop
  endfacet
  facet normal 0.951056 0 0.309017
    outer loop
      vertex -2.19251 58 11.5238
      vertex -2.34756 54 12.001
      vertex -2.19251 54 11.5238
    endloop
  endfacet
  facet normal 0.743145 -0 0.66913
    outer loop
      vertex -1.94164 54 11.0893
      vertex -1.60591 58 10.7165
      vertex -1.94164 58 11.0893
    endloop
  endfacet
  facet normal 0.743145 0 0.66913
    outer loop
      vertex -1.60591 58 10.7165
      vertex -1.94164 54 11.0893
      vertex -1.60591 54 10.7165
    endloop
  endfacet
  facet normal 0 -1 0
    outer loop
      vertex -1.60591 58 10.7165
      vertex -1.2 58 10.4215
      vertex -2.19251 58 11.5238
    endloop
  endfacet
  facet normal -0.994522 0 -0.104528
    outer loop
      vertex 2.4 54 12.5
      vertex 2.34755 58 12.999
      vertex 2.4 58 12.5
    endloop
  endfacet
  facet normal -0.994522 -0 -0.104528
    outer loop
      vertex 2.34755 58 12.999
      vertex 2.4 54 12.5
      vertex 2.34755 54 12.999
    endloop
  endfacet
  facet normal -0.207911 0 -0.978148
    outer loop
      vertex 0.250868 54 14.8869
      vertex 0.74164 58 14.7825
      vertex 0.74164 54 14.7825
    endloop
  endfacet
  facet normal -0.207911 0 -0.978148
    outer loop
      vertex 0.74164 58 14.7825
      vertex 0.250868 54 14.8869
      vertex 0.250868 58 14.8869
    endloop
  endfacet
  facet normal -0 -1 0
    outer loop
      vertex 1.2 58 10.4215
      vertex 2.19251 58 11.5238
      vertex 0.74164 58 10.2175
    endloop
  endfacet
  facet normal -0 -1 0
    outer loop
      vertex 1.60591 58 10.7165
      vertex 2.19251 58 11.5238
      vertex 1.2 58 10.4215
    endloop
  endfacet
  facet normal 0 -1 0
    outer loop
      vertex -1.2 58 10.4215
      vertex -0.741641 58 10.2175
      vertex -2.19251 58 11.5238
    endloop
  endfacet
  facet normal 0 -1 0
    outer loop
      vertex -0.741641 58 10.2175
      vertex -0.250869 58 10.1131
      vertex -2.19251 58 11.5238
    endloop
  endfacet
  facet normal 0 -1 0
    outer loop
      vertex -1.94164 58 11.0893
      vertex -1.60591 58 10.7165
      vertex -2.19251 58 11.5238
    endloop
  endfacet
  facet normal -0.587785 0 -0.809017
    outer loop
      vertex 1.2 54 14.5785
      vertex 1.60591 58 14.2835
      vertex 1.60591 54 14.2835
    endloop
  endfacet
  facet normal -0.587785 0 -0.809017
    outer loop
      vertex 1.60591 58 14.2835
      vertex 1.2 54 14.5785
      vertex 1.2 58 14.5785
    endloop
  endfacet
  facet normal -0.743145 0 -0.66913
    outer loop
      vertex 1.94164 54 13.9107
      vertex 1.60591 58 14.2835
      vertex 1.94164 58 13.9107
    endloop
  endfacet
  facet normal -0.743145 -0 -0.66913
    outer loop
      vertex 1.60591 58 14.2835
      vertex 1.94164 54 13.9107
      vertex 1.60591 54 14.2835
    endloop
  endfacet
  facet normal -0.951056 0 -0.309017
    outer loop
      vertex 2.34755 54 12.999
      vertex 2.19251 58 13.4762
      vertex 2.34755 58 12.999
    endloop
  endfacet
  facet normal -0.951056 -0 -0.309017
    outer loop
      vertex 2.19251 58 13.4762
      vertex 2.34755 54 12.999
      vertex 2.19251 54 13.4762
    endloop
  endfacet
  facet normal 0.587785 0 -0.809017
    outer loop
      vertex -1.60591 54 14.2835
      vertex -1.2 58 14.5785
      vertex -1.2 54 14.5785
    endloop
  endfacet
  facet normal 0.587785 0 -0.809017
    outer loop
      vertex -1.2 58 14.5785
      vertex -1.60591 54 14.2835
      vertex -1.60591 58 14.2835
    endloop
  endfacet
  facet normal 0.866025 0 -0.500001
    outer loop
      vertex -1.94164 54 13.9107
      vertex -2.19251 58 13.4762
      vertex -1.94164 58 13.9107
    endloop
  endfacet
  facet normal 0.866025 0 -0.500001
    outer loop
      vertex -2.19251 58 13.4762
      vertex -1.94164 54 13.9107
      vertex -2.19251 54 13.4762
    endloop
  endfacet
  facet normal 0.743145 0 -0.66913
    outer loop
      vertex -1.60591 54 14.2835
      vertex -1.94164 58 13.9107
      vertex -1.60591 58 14.2835
    endloop
  endfacet
  facet normal 0.743145 0 -0.66913
    outer loop
      vertex -1.94164 58 13.9107
      vertex -1.60591 54 14.2835
      vertex -1.94164 54 13.9107
    endloop
  endfacet
  facet normal -0.406737 0 -0.913545
    outer loop
      vertex 0.74164 54 14.7825
      vertex 1.2 58 14.5785
      vertex 1.2 54 14.5785
    endloop
  endfacet
  facet normal -0.406737 0 -0.913545
    outer loop
      vertex 1.2 58 14.5785
      vertex 0.74164 54 14.7825
      vertex 0.74164 58 14.7825
    endloop
  endfacet
  facet normal 0.207911 0 -0.978148
    outer loop
      vertex -0.741641 54 14.7825
      vertex -0.250869 58 14.8869
      vertex -0.250869 54 14.8869
    endloop
  endfacet
  facet normal 0.207911 0 -0.978148
    outer loop
      vertex -0.250869 58 14.8869
      vertex -0.741641 54 14.7825
      vertex -0.741641 58 14.7825
    endloop
  endfacet
  facet normal 0.951056 0 -0.309017
    outer loop
      vertex -2.19251 54 13.4762
      vertex -2.34756 58 12.999
      vertex -2.19251 58 13.4762
    endloop
  endfacet
  facet normal 0.951056 0 -0.309017
    outer loop
      vertex -2.34756 58 12.999
      vertex -2.19251 54 13.4762
      vertex -2.34756 54 12.999
    endloop
  endfacet
  facet normal 0.994522 0 -0.104528
    outer loop
      vertex -2.34756 54 12.999
      vertex -2.4 58 12.5
      vertex -2.34756 58 12.999
    endloop
  endfacet
  facet normal 0.994522 0 -0.104528
    outer loop
      vertex -2.4 58 12.5
      vertex -2.34756 54 12.999
      vertex -2.4 54 12.5
    endloop
  endfacet
  facet normal 0.406737 0 -0.913545
    outer loop
      vertex -1.2 54 14.5785
      vertex -0.741641 58 14.7825
      vertex -0.741641 54 14.7825
    endloop
  endfacet
  facet normal 0.406737 0 -0.913545
    outer loop
      vertex -0.741641 58 14.7825
      vertex -1.2 54 14.5785
      vertex -1.2 58 14.5785
    endloop
  endfacet
endsolid OpenSCAD_Model
