solid OpenSCAD_Model
  facet normal -1 0 0
    outer loop
      vertex -22.45 2.25 0
      vertex -22.45 6.25 25
      vertex -22.45 6.25 0
    endloop
  endfacet
  facet normal -1 -0 0
    outer loop
      vertex -22.45 6.25 25
      vertex -22.45 2.25 0
      vertex -22.45 2.25 25
    endloop
  endfacet
  facet normal -0 0 1
    outer loop
      vertex -8.25 2.25 25
      vertex -6.25 0 25
      vertex -6.25 6.25 25
    endloop
  endfacet
  facet normal 0 -0 1
    outer loop
      vertex -8.06972 -1.71527 25
      vertex -6.25 0 25
      vertex -8.25 0 25
    endloop
  endfacet
  facet normal 0 0 1
    outer loop
      vertex -6.25 0 25
      vertex -7.53675 -3.35558 25
      vertex -6.67439 -4.84923 25
    endloop
  endfacet
  facet normal 0 0 1
    outer loop
      vertex -6.25 0 25
      vertex -8.25 2.25 25
      vertex -8.25 0 25
    endloop
  endfacet
  facet normal -0 0 1
    outer loop
      vertex -22.45 6.25 25
      vertex -8.25 2.25 25
      vertex -6.25 6.25 25
    endloop
  endfacet
  facet normal 0 0 1
    outer loop
      vertex -8.25 2.25 25
      vertex -22.45 6.25 25
      vertex -22.45 2.25 25
    endloop
  endfacet
  facet normal 0 0 1
    outer loop
      vertex 22.45 6.25 25
      vertex 8.25 2.25 25
      vertex 22.45 2.25 25
    endloop
  endfacet
  facet normal 0 0 1
    outer loop
      vertex 6.25 0 25
      vertex 8.25 0 25
      vertex 8.25 2.25 25
    endloop
  endfacet
  facet normal 0 0 1
    outer loop
      vertex 8.25 0 25
      vertex 6.25 0 25
      vertex 8.06972 -1.71527 25
    endloop
  endfacet
  facet normal -0 0 1
    outer loop
      vertex 6.11342 -1.29945 25
      vertex 8.06972 -1.71527 25
      vertex 6.25 0 25
    endloop
  endfacet
  facet normal -0 0 1
    outer loop
      vertex 6.25 6.25 25
      vertex 8.25 2.25 25
      vertex 22.45 6.25 25
    endloop
  endfacet
  facet normal 0 0 1
    outer loop
      vertex 6.25 0 25
      vertex 8.25 2.25 25
      vertex 6.25 6.25 25
    endloop
  endfacet
  facet normal 0 0 1
    outer loop
      vertex 8.06972 -1.71527 25
      vertex 6.11342 -1.29945 25
      vertex 7.53675 -3.35558 25
    endloop
  endfacet
  facet normal -0 0 1
    outer loop
      vertex 5.70966 -2.5421 25
      vertex 7.53675 -3.35558 25
      vertex 6.11342 -1.29945 25
    endloop
  endfacet
  facet normal 0 0 1
    outer loop
      vertex 7.53675 -3.35558 25
      vertex 5.70966 -2.5421 25
      vertex 6.67439 -4.84923 25
    endloop
  endfacet
  facet normal -0 0 1
    outer loop
      vertex 5.05636 -3.67366 25
      vertex 6.67439 -4.84923 25
      vertex 5.70966 -2.5421 25
    endloop
  endfacet
  facet normal 0 0 1
    outer loop
      vertex 6.67439 -4.84923 25
      vertex 5.05636 -3.67366 25
      vertex 5.52033 -6.13094 25
    endloop
  endfacet
  facet normal -0 0 1
    outer loop
      vertex 4.18207 -4.64465 25
      vertex 5.52033 -6.13094 25
      vertex 5.05636 -3.67366 25
    endloop
  endfacet
  facet normal 0 0 1
    outer loop
      vertex 4.18207 -4.64465 25
      vertex 4.125 -7.14471 25
      vertex 5.52033 -6.13094 25
    endloop
  endfacet
  facet normal -0 0 1
    outer loop
      vertex 3.125 -5.41266 25
      vertex 4.125 -7.14471 25
      vertex 4.18207 -4.64465 25
    endloop
  endfacet
  facet normal 0 0 1
    outer loop
      vertex 3.125 -5.41266 25
      vertex 2.54939 -7.84622 25
      vertex 4.125 -7.14471 25
    endloop
  endfacet
  facet normal -0 0 1
    outer loop
      vertex 1.93136 -5.9441 25
      vertex 2.54939 -7.84622 25
      vertex 3.125 -5.41266 25
    endloop
  endfacet
  facet normal 0 0 1
    outer loop
      vertex 1.93136 -5.9441 25
      vertex 0.862359 -8.20481 25
      vertex 2.54939 -7.84622 25
    endloop
  endfacet
  facet normal -0 0 1
    outer loop
      vertex 0.653302 -6.21576 25
      vertex 0.862359 -8.20481 25
      vertex 1.93136 -5.9441 25
    endloop
  endfacet
  facet normal -0 0 1
    outer loop
      vertex -0.653302 -6.21576 25
      vertex 0.862359 -8.20481 25
      vertex 0.653302 -6.21576 25
    endloop
  endfacet
  facet normal 0 0 1
    outer loop
      vertex -0.653302 -6.21576 25
      vertex -0.862359 -8.20481 25
      vertex 0.862359 -8.20481 25
    endloop
  endfacet
  facet normal 0 0 1
    outer loop
      vertex -1.93136 -5.9441 25
      vertex -0.862359 -8.20481 25
      vertex -0.653302 -6.21576 25
    endloop
  endfacet
  facet normal 0 0 1
    outer loop
      vertex -1.93136 -5.9441 25
      vertex -2.54939 -7.84622 25
      vertex -0.862359 -8.20481 25
    endloop
  endfacet
  facet normal 0 0 1
    outer loop
      vertex -3.125 -5.41266 25
      vertex -2.54939 -7.84622 25
      vertex -1.93136 -5.9441 25
    endloop
  endfacet
  facet normal 0 0 1
    outer loop
      vertex -3.125 -5.41266 25
      vertex -4.125 -7.14471 25
      vertex -2.54939 -7.84622 25
    endloop
  endfacet
  facet normal 0 0 1
    outer loop
      vertex -4.18207 -4.64465 25
      vertex -4.125 -7.14471 25
      vertex -3.125 -5.41266 25
    endloop
  endfacet
  facet normal 0 0 1
    outer loop
      vertex -5.52033 -6.13094 25
      vertex -4.18207 -4.64465 25
      vertex -5.05636 -3.67366 25
    endloop
  endfacet
  facet normal 0 0 1
    outer loop
      vertex -4.18207 -4.64465 25
      vertex -5.52033 -6.13094 25
      vertex -4.125 -7.14471 25
    endloop
  endfacet
  facet normal 0 0 1
    outer loop
      vertex -6.67439 -4.84923 25
      vertex -5.05636 -3.67366 25
      vertex -5.70966 -2.5421 25
    endloop
  endfacet
  facet normal 0 0 1
    outer loop
      vertex -6.67439 -4.84923 25
      vertex -5.70966 -2.5421 25
      vertex -6.11342 -1.29945 25
    endloop
  endfacet
  facet normal 0 0 1
    outer loop
      vertex -5.05636 -3.67366 25
      vertex -6.67439 -4.84923 25
      vertex -5.52033 -6.13094 25
    endloop
  endfacet
  facet normal 0 0 1
    outer loop
      vertex -6.67439 -4.84923 25
      vertex -6.11342 -1.29945 25
      vertex -6.25 0 25
    endloop
  endfacet
  facet normal 0 0 1
    outer loop
      vertex -6.25 0 25
      vertex -8.06972 -1.71527 25
      vertex -7.53675 -3.35558 25
    endloop
  endfacet
  facet normal 0 0 -1
    outer loop
      vertex 6.25 0 0
      vertex 8.25 0 0
      vertex 8.06972 -1.71527 0
    endloop
  endfacet
  facet normal 0 0 -1
    outer loop
      vertex 8.25 2.25 0
      vertex 22.45 6.25 0
      vertex 22.45 2.25 0
    endloop
  endfacet
  facet normal 0 0 -1
    outer loop
      vertex 6.11342 -1.29945 0
      vertex 8.06972 -1.71527 0
      vertex 7.53675 -3.35558 0
    endloop
  endfacet
  facet normal 0 0 -1
    outer loop
      vertex 5.70966 -2.5421 0
      vertex 7.53675 -3.35558 0
      vertex 6.67439 -4.84923 0
    endloop
  endfacet
  facet normal 0 0 -1
    outer loop
      vertex 8.06972 -1.71527 0
      vertex 6.11342 -1.29945 0
      vertex 6.25 0 0
    endloop
  endfacet
  facet normal 0 0 -1
    outer loop
      vertex 8.25 2.25 0
      vertex 6.25 6.25 0
      vertex 22.45 6.25 0
    endloop
  endfacet
  facet normal 0 0 -1
    outer loop
      vertex 6.25 6.25 0
      vertex 8.25 2.25 0
      vertex 6.25 0 0
    endloop
  endfacet
  facet normal 0 0 -1
    outer loop
      vertex 8.25 0 0
      vertex 6.25 0 0
      vertex 8.25 2.25 0
    endloop
  endfacet
  facet normal 0 0 -1
    outer loop
      vertex 7.53675 -3.35558 0
      vertex 5.70966 -2.5421 0
      vertex 6.11342 -1.29945 0
    endloop
  endfacet
  facet normal 0 0 -1
    outer loop
      vertex 5.05636 -3.67366 0
      vertex 6.67439 -4.84923 0
      vertex 5.52033 -6.13094 0
    endloop
  endfacet
  facet normal 0 0 -1
    outer loop
      vertex 6.67439 -4.84923 0
      vertex 5.05636 -3.67366 0
      vertex 5.70966 -2.5421 0
    endloop
  endfacet
  facet normal 0 0 -1
    outer loop
      vertex 5.52033 -6.13094 0
      vertex 4.18207 -4.64465 0
      vertex 5.05636 -3.67366 0
    endloop
  endfacet
  facet normal 0 0 -1
    outer loop
      vertex 4.125 -7.14471 0
      vertex 4.18207 -4.64465 0
      vertex 5.52033 -6.13094 0
    endloop
  endfacet
  facet normal 0 0 -1
    outer loop
      vertex 4.125 -7.14471 0
      vertex 3.125 -5.41266 0
      vertex 4.18207 -4.64465 0
    endloop
  endfacet
  facet normal 0 0 -1
    outer loop
      vertex 2.54939 -7.84622 0
      vertex 3.125 -5.41266 0
      vertex 4.125 -7.14471 0
    endloop
  endfacet
  facet normal 0 0 -1
    outer loop
      vertex 2.54939 -7.84622 0
      vertex 1.93136 -5.9441 0
      vertex 3.125 -5.41266 0
    endloop
  endfacet
  facet normal 0 0 -1
    outer loop
      vertex 0.862359 -8.20481 0
      vertex 1.93136 -5.9441 0
      vertex 2.54939 -7.84622 0
    endloop
  endfacet
  facet normal 0 0 -1
    outer loop
      vertex 0.862359 -8.20481 0
      vertex 0.653302 -6.21576 0
      vertex 1.93136 -5.9441 0
    endloop
  endfacet
  facet normal 0 0 -1
    outer loop
      vertex 0.862359 -8.20481 0
      vertex -0.653302 -6.21576 0
      vertex 0.653302 -6.21576 0
    endloop
  endfacet
  facet normal 0 0 -1
    outer loop
      vertex -0.862359 -8.20481 0
      vertex -0.653302 -6.21576 0
      vertex 0.862359 -8.20481 0
    endloop
  endfacet
  facet normal 0 0 -1
    outer loop
      vertex -0.862359 -8.20481 0
      vertex -1.93136 -5.9441 0
      vertex -0.653302 -6.21576 0
    endloop
  endfacet
  facet normal 0 0 -1
    outer loop
      vertex -2.54939 -7.84622 0
      vertex -1.93136 -5.9441 0
      vertex -0.862359 -8.20481 0
    endloop
  endfacet
  facet normal 0 0 -1
    outer loop
      vertex -2.54939 -7.84622 0
      vertex -3.125 -5.41266 0
      vertex -1.93136 -5.9441 0
    endloop
  endfacet
  facet normal 0 0 -1
    outer loop
      vertex -4.125 -7.14471 0
      vertex -3.125 -5.41266 0
      vertex -2.54939 -7.84622 0
    endloop
  endfacet
  facet normal 0 0 -1
    outer loop
      vertex -4.125 -7.14471 0
      vertex -4.18207 -4.64465 0
      vertex -3.125 -5.41266 0
    endloop
  endfacet
  facet normal 0 0 -1
    outer loop
      vertex -5.52033 -6.13094 0
      vertex -4.18207 -4.64465 0
      vertex -4.125 -7.14471 0
    endloop
  endfacet
  facet normal -0 0 -1
    outer loop
      vertex -4.18207 -4.64465 0
      vertex -5.52033 -6.13094 0
      vertex -5.05636 -3.67366 0
    endloop
  endfacet
  facet normal 0 0 -1
    outer loop
      vertex -6.67439 -4.84923 0
      vertex -5.05636 -3.67366 0
      vertex -5.52033 -6.13094 0
    endloop
  endfacet
  facet normal -0 0 -1
    outer loop
      vertex -5.05636 -3.67366 0
      vertex -6.67439 -4.84923 0
      vertex -5.70966 -2.5421 0
    endloop
  endfacet
  facet normal 0 0 -1
    outer loop
      vertex -7.53675 -3.35558 0
      vertex -5.70966 -2.5421 0
      vertex -6.67439 -4.84923 0
    endloop
  endfacet
  facet normal -0 0 -1
    outer loop
      vertex -5.70966 -2.5421 0
      vertex -7.53675 -3.35558 0
      vertex -6.11342 -1.29945 0
    endloop
  endfacet
  facet normal 0 0 -1
    outer loop
      vertex -8.06972 -1.71527 0
      vertex -6.11342 -1.29945 0
      vertex -7.53675 -3.35558 0
    endloop
  endfacet
  facet normal -0 0 -1
    outer loop
      vertex -6.11342 -1.29945 0
      vertex -8.06972 -1.71527 0
      vertex -6.25 0 0
    endloop
  endfacet
  facet normal -0 0 -1
    outer loop
      vertex -6.25 0 0
      vertex -8.06972 -1.71527 0
      vertex -8.25 0 0
    endloop
  endfacet
  facet normal 0 0 -1
    outer loop
      vertex -8.25 2.25 0
      vertex -6.25 0 0
      vertex -8.25 0 0
    endloop
  endfacet
  facet normal 0 0 -1
    outer loop
      vertex -6.25 0 0
      vertex -8.25 2.25 0
      vertex -6.25 6.25 0
    endloop
  endfacet
  facet normal 0 0 -1
    outer loop
      vertex -22.45 6.25 0
      vertex -8.25 2.25 0
      vertex -22.45 2.25 0
    endloop
  endfacet
  facet normal 0 0 -1
    outer loop
      vertex -8.25 2.25 0
      vertex -22.45 6.25 0
      vertex -6.25 6.25 0
    endloop
  endfacet
  facet normal 0 -1 0
    outer loop
      vertex -22.45 2.25 25
      vertex -14.35 2.25 15.55
      vertex -8.25 2.25 25
    endloop
  endfacet
  facet normal 0 -1 0
    outer loop
      vertex -22.45 2.25 25
      vertex -16.9914 2.25 14.025
      vertex -14.35 2.25 15.55
    endloop
  endfacet
  facet normal 0 -1 0
    outer loop
      vertex -22.45 2.25 25
      vertex -16.9914 2.25 10.975
      vertex -16.9914 2.25 14.025
    endloop
  endfacet
  facet normal 0 -1 -0
    outer loop
      vertex -16.9914 2.25 10.975
      vertex -22.45 2.25 0
      vertex -14.35 2.25 9.45
    endloop
  endfacet
  facet normal 0 -1 0
    outer loop
      vertex -22.45 2.25 0
      vertex -16.9914 2.25 10.975
      vertex -22.45 2.25 25
    endloop
  endfacet
  facet normal 0 -1 0
    outer loop
      vertex -11.7086 2.25 14.025
      vertex -8.25 2.25 25
      vertex -14.35 2.25 15.55
    endloop
  endfacet
  facet normal 0 -1 0
    outer loop
      vertex -11.7086 2.25 10.975
      vertex -8.25 2.25 25
      vertex -11.7086 2.25 14.025
    endloop
  endfacet
  facet normal 0 -1 0
    outer loop
      vertex -8.25 2.25 0
      vertex -14.35 2.25 9.45
      vertex -22.45 2.25 0
    endloop
  endfacet
  facet normal 0 -1 0
    outer loop
      vertex -11.7086 2.25 10.975
      vertex -8.25 2.25 0
      vertex -8.25 2.25 25
    endloop
  endfacet
  facet normal 0 -1 0
    outer loop
      vertex -14.35 2.25 9.45
      vertex -8.25 2.25 0
      vertex -11.7086 2.25 10.975
    endloop
  endfacet
  facet normal 0 1 0
    outer loop
      vertex 22.45 6.25 25
      vertex 14.465 6.25 13.594
      vertex 6.25 6.25 25
    endloop
  endfacet
  facet normal 0 1 0
    outer loop
      vertex 22.45 6.25 25
      vertex 14.6899 6.25 13.5462
      vertex 14.465 6.25 13.594
    endloop
  endfacet
  facet normal 0 1 0
    outer loop
      vertex 22.45 6.25 25
      vertex 14.9 6.25 13.4526
      vertex 14.6899 6.25 13.5462
    endloop
  endfacet
  facet normal 0 1 0
    outer loop
      vertex 22.45 6.25 25
      vertex 15.086 6.25 13.3175
      vertex 14.9 6.25 13.4526
    endloop
  endfacet
  facet normal 0 1 0
    outer loop
      vertex 22.45 6.25 25
      vertex 15.2399 6.25 13.1466
      vertex 15.086 6.25 13.3175
    endloop
  endfacet
  facet normal 0 1 0
    outer loop
      vertex 22.45 6.25 25
      vertex 15.3549 6.25 12.9474
      vertex 15.2399 6.25 13.1466
    endloop
  endfacet
  facet normal 0 1 0
    outer loop
      vertex 22.45 6.25 25
      vertex 15.426 6.25 12.7287
      vertex 15.3549 6.25 12.9474
    endloop
  endfacet
  facet normal 0 1 0
    outer loop
      vertex 22.45 6.25 25
      vertex 15.45 6.25 12.5
      vertex 15.426 6.25 12.7287
    endloop
  endfacet
  facet normal 0 1 -0
    outer loop
      vertex 22.45 6.25 0
      vertex 15.45 6.25 12.5
      vertex 22.45 6.25 25
    endloop
  endfacet
  facet normal 0 1 0
    outer loop
      vertex 15.45 6.25 12.5
      vertex 22.45 6.25 0
      vertex 15.426 6.25 12.2713
    endloop
  endfacet
  facet normal 0 1 0
    outer loop
      vertex 14.9 6.25 11.5474
      vertex 22.45 6.25 0
      vertex 13.8 6.25 11.5474
    endloop
  endfacet
  facet normal 0 1 0
    outer loop
      vertex 15.086 6.25 11.6825
      vertex 22.45 6.25 0
      vertex 14.9 6.25 11.5474
    endloop
  endfacet
  facet normal 0 1 0
    outer loop
      vertex 15.2399 6.25 11.8534
      vertex 22.45 6.25 0
      vertex 15.086 6.25 11.6825
    endloop
  endfacet
  facet normal 0 1 0
    outer loop
      vertex 15.3549 6.25 12.0526
      vertex 22.45 6.25 0
      vertex 15.2399 6.25 11.8534
    endloop
  endfacet
  facet normal 0 1 0
    outer loop
      vertex 15.426 6.25 12.2713
      vertex 22.45 6.25 0
      vertex 15.3549 6.25 12.0526
    endloop
  endfacet
  facet normal 0 1 -0
    outer loop
      vertex 14.235 6.25 13.594
      vertex 6.25 6.25 25
      vertex 14.465 6.25 13.594
    endloop
  endfacet
  facet normal 0 1 -0
    outer loop
      vertex 14.0101 6.25 13.5462
      vertex 6.25 6.25 25
      vertex 14.235 6.25 13.594
    endloop
  endfacet
  facet normal 0 1 -0
    outer loop
      vertex 13.8 6.25 13.4526
      vertex 6.25 6.25 25
      vertex 14.0101 6.25 13.5462
    endloop
  endfacet
  facet normal 0 1 -0
    outer loop
      vertex 13.614 6.25 13.3175
      vertex 6.25 6.25 25
      vertex 13.8 6.25 13.4526
    endloop
  endfacet
  facet normal 0 1 -0
    outer loop
      vertex 13.4601 6.25 13.1466
      vertex 6.25 6.25 25
      vertex 13.614 6.25 13.3175
    endloop
  endfacet
  facet normal 0 1 -0
    outer loop
      vertex 13.3451 6.25 12.9474
      vertex 6.25 6.25 25
      vertex 13.4601 6.25 13.1466
    endloop
  endfacet
  facet normal 0 1 -0
    outer loop
      vertex 13.274 6.25 12.7287
      vertex 6.25 6.25 25
      vertex 13.3451 6.25 12.9474
    endloop
  endfacet
  facet normal 0 1 -0
    outer loop
      vertex 13.25 6.25 12.5
      vertex 6.25 6.25 25
      vertex 13.274 6.25 12.7287
    endloop
  endfacet
  facet normal 0 1 0
    outer loop
      vertex 6.25 6.25 0
      vertex 13.25 6.25 12.5
      vertex 13.274 6.25 12.2713
    endloop
  endfacet
  facet normal 0 1 0
    outer loop
      vertex 6.25 6.25 0
      vertex 13.274 6.25 12.2713
      vertex 13.3451 6.25 12.0526
    endloop
  endfacet
  facet normal 0 1 0
    outer loop
      vertex 6.25 6.25 0
      vertex 13.8 6.25 11.5474
      vertex 22.45 6.25 0
    endloop
  endfacet
  facet normal 0 1 0
    outer loop
      vertex 13.8 6.25 11.5474
      vertex 6.25 6.25 0
      vertex 13.614 6.25 11.6825
    endloop
  endfacet
  facet normal 0 1 0
    outer loop
      vertex 13.25 6.25 12.5
      vertex 6.25 6.25 0
      vertex 6.25 6.25 25
    endloop
  endfacet
  facet normal 0 1 0
    outer loop
      vertex 13.4601 6.25 11.8534
      vertex 6.25 6.25 0
      vertex 13.3451 6.25 12.0526
    endloop
  endfacet
  facet normal 0 1 0
    outer loop
      vertex 13.614 6.25 11.6825
      vertex 6.25 6.25 0
      vertex 13.4601 6.25 11.8534
    endloop
  endfacet
  facet normal 0 1 0
    outer loop
      vertex -6.25 6.25 25
      vertex -14.235 6.25 13.594
      vertex -22.45 6.25 25
    endloop
  endfacet
  facet normal 0 1 0
    outer loop
      vertex -6.25 6.25 25
      vertex -14.0101 6.25 13.5462
      vertex -14.235 6.25 13.594
    endloop
  endfacet
  facet normal 0 1 0
    outer loop
      vertex -6.25 6.25 25
      vertex -13.8 6.25 13.4526
      vertex -14.0101 6.25 13.5462
    endloop
  endfacet
  facet normal 0 1 0
    outer loop
      vertex -6.25 6.25 25
      vertex -13.614 6.25 13.3175
      vertex -13.8 6.25 13.4526
    endloop
  endfacet
  facet normal 0 1 0
    outer loop
      vertex -6.25 6.25 25
      vertex -13.4601 6.25 13.1466
      vertex -13.614 6.25 13.3175
    endloop
  endfacet
  facet normal 0 1 0
    outer loop
      vertex -6.25 6.25 25
      vertex -13.3451 6.25 12.9474
      vertex -13.4601 6.25 13.1466
    endloop
  endfacet
  facet normal 0 1 0
    outer loop
      vertex -6.25 6.25 25
      vertex -13.274 6.25 12.7287
      vertex -13.3451 6.25 12.9474
    endloop
  endfacet
  facet normal 0 1 0
    outer loop
      vertex -6.25 6.25 25
      vertex -13.25 6.25 12.5
      vertex -13.274 6.25 12.7287
    endloop
  endfacet
  facet normal 0 1 -0
    outer loop
      vertex -6.25 6.25 0
      vertex -13.25 6.25 12.5
      vertex -6.25 6.25 25
    endloop
  endfacet
  facet normal 0 1 0
    outer loop
      vertex -13.25 6.25 12.5
      vertex -6.25 6.25 0
      vertex -13.274 6.25 12.2713
    endloop
  endfacet
  facet normal 0 1 0
    outer loop
      vertex -13.8 6.25 11.5474
      vertex -6.25 6.25 0
      vertex -14.9 6.25 11.5474
    endloop
  endfacet
  facet normal 0 1 0
    outer loop
      vertex -13.614 6.25 11.6825
      vertex -6.25 6.25 0
      vertex -13.8 6.25 11.5474
    endloop
  endfacet
  facet normal 0 1 0
    outer loop
      vertex -13.4601 6.25 11.8534
      vertex -6.25 6.25 0
      vertex -13.614 6.25 11.6825
    endloop
  endfacet
  facet normal 0 1 0
    outer loop
      vertex -13.3451 6.25 12.0526
      vertex -6.25 6.25 0
      vertex -13.4601 6.25 11.8534
    endloop
  endfacet
  facet normal 0 1 0
    outer loop
      vertex -13.274 6.25 12.2713
      vertex -6.25 6.25 0
      vertex -13.3451 6.25 12.0526
    endloop
  endfacet
  facet normal 0 1 -0
    outer loop
      vertex -14.465 6.25 13.594
      vertex -22.45 6.25 25
      vertex -14.235 6.25 13.594
    endloop
  endfacet
  facet normal 0 1 -0
    outer loop
      vertex -14.6899 6.25 13.5462
      vertex -22.45 6.25 25
      vertex -14.465 6.25 13.594
    endloop
  endfacet
  facet normal 0 1 -0
    outer loop
      vertex -14.9 6.25 13.4526
      vertex -22.45 6.25 25
      vertex -14.6899 6.25 13.5462
    endloop
  endfacet
  facet normal 0 1 -0
    outer loop
      vertex -15.086 6.25 13.3175
      vertex -22.45 6.25 25
      vertex -14.9 6.25 13.4526
    endloop
  endfacet
  facet normal 0 1 -0
    outer loop
      vertex -15.2399 6.25 13.1466
      vertex -22.45 6.25 25
      vertex -15.086 6.25 13.3175
    endloop
  endfacet
  facet normal 0 1 -0
    outer loop
      vertex -15.3549 6.25 12.9474
      vertex -22.45 6.25 25
      vertex -15.2399 6.25 13.1466
    endloop
  endfacet
  facet normal 0 1 -0
    outer loop
      vertex -15.426 6.25 12.7287
      vertex -22.45 6.25 25
      vertex -15.3549 6.25 12.9474
    endloop
  endfacet
  facet normal 0 1 -0
    outer loop
      vertex -15.45 6.25 12.5
      vertex -22.45 6.25 25
      vertex -15.426 6.25 12.7287
    endloop
  endfacet
  facet normal 0 1 0
    outer loop
      vertex -22.45 6.25 0
      vertex -15.45 6.25 12.5
      vertex -15.426 6.25 12.2713
    endloop
  endfacet
  facet normal 0 1 0
    outer loop
      vertex -22.45 6.25 0
      vertex -15.426 6.25 12.2713
      vertex -15.3549 6.25 12.0526
    endloop
  endfacet
  facet normal 0 1 0
    outer loop
      vertex -22.45 6.25 0
      vertex -14.9 6.25 11.5474
      vertex -6.25 6.25 0
    endloop
  endfacet
  facet normal 0 1 0
    outer loop
      vertex -14.9 6.25 11.5474
      vertex -22.45 6.25 0
      vertex -15.086 6.25 11.6825
    endloop
  endfacet
  facet normal 0 1 0
    outer loop
      vertex -15.45 6.25 12.5
      vertex -22.45 6.25 0
      vertex -22.45 6.25 25
    endloop
  endfacet
  facet normal 0 1 0
    outer loop
      vertex -15.2399 6.25 11.8534
      vertex -22.45 6.25 0
      vertex -15.3549 6.25 12.0526
    endloop
  endfacet
  facet normal 0 1 0
    outer loop
      vertex -15.086 6.25 11.6825
      vertex -22.45 6.25 0
      vertex -15.2399 6.25 11.8534
    endloop
  endfacet
  facet normal -0.994522 0 0.104531
    outer loop
      vertex -13.274 4.25 12.2713
      vertex -13.25 6.25 12.5
      vertex -13.274 6.25 12.2713
    endloop
  endfacet
  facet normal -0.994522 0 0.104531
    outer loop
      vertex -13.25 6.25 12.5
      vertex -13.274 4.25 12.2713
      vertex -13.25 4.25 12.5
    endloop
  endfacet
  facet normal 0.994522 0 -0.104532
    outer loop
      vertex -15.426 6.25 12.7287
      vertex -15.426 4.25 12.7287
      vertex -15.438 4.25 12.6144
    endloop
  endfacet
  facet normal 0.207911 0 0.978148
    outer loop
      vertex -14.6899 6.25 11.4538
      vertex -14.465 4.25 11.406
      vertex -14.465 6.25 11.406
    endloop
  endfacet
  facet normal 0.207911 0 0.978148
    outer loop
      vertex -14.465 4.25 11.406
      vertex -14.6899 6.25 11.4538
      vertex -14.6899 4.25 11.4538
    endloop
  endfacet
  facet normal -0.587784 0 0.809018
    outer loop
      vertex -13.8 6.25 11.5474
      vertex -13.614 4.25 11.6825
      vertex -13.614 6.25 11.6825
    endloop
  endfacet
  facet normal -0.587784 0 0.809018
    outer loop
      vertex -13.614 4.25 11.6825
      vertex -13.8 6.25 11.5474
      vertex -13.8 4.25 11.5474
    endloop
  endfacet
  facet normal -0.20791 0 -0.978148
    outer loop
      vertex -14.235 4.25 13.594
      vertex -14.0101 6.25 13.5462
      vertex -14.0101 4.25 13.5462
    endloop
  endfacet
  facet normal -0.20791 0 -0.978148
    outer loop
      vertex -14.0101 6.25 13.5462
      vertex -14.235 4.25 13.594
      vertex -14.235 6.25 13.594
    endloop
  endfacet
  facet normal 0.866025 -0 0.5
    outer loop
      vertex -15.3549 4.25 12.0526
      vertex -15.2399 6.25 11.8534
      vertex -15.3549 6.25 12.0526
    endloop
  endfacet
  facet normal 0.866025 0 0.5
    outer loop
      vertex -15.2399 6.25 11.8534
      vertex -15.3549 4.25 12.0526
      vertex -15.2399 4.25 11.8534
    endloop
  endfacet
  facet normal 0.951057 -0 0.309016
    outer loop
      vertex -15.426 4.25 12.2713
      vertex -15.3549 6.25 12.0526
      vertex -15.426 6.25 12.2713
    endloop
  endfacet
  facet normal 0.951057 0 0.309016
    outer loop
      vertex -15.3549 6.25 12.0526
      vertex -15.426 4.25 12.2713
      vertex -15.3549 4.25 12.0526
    endloop
  endfacet
  facet normal -0.866025 0 -0.5
    outer loop
      vertex -13.3451 4.25 12.9474
      vertex -13.4601 6.25 13.1466
      vertex -13.3451 6.25 12.9474
    endloop
  endfacet
  facet normal -0.866025 -0 -0.5
    outer loop
      vertex -13.4601 6.25 13.1466
      vertex -13.3451 4.25 12.9474
      vertex -13.4601 4.25 13.1466
    endloop
  endfacet
  facet normal -0.866025 0 0.5
    outer loop
      vertex -13.4601 4.25 11.8534
      vertex -13.3451 6.25 12.0526
      vertex -13.4601 6.25 11.8534
    endloop
  endfacet
  facet normal -0.866025 0 0.5
    outer loop
      vertex -13.3451 6.25 12.0526
      vertex -13.4601 4.25 11.8534
      vertex -13.3451 4.25 12.0526
    endloop
  endfacet
  facet normal -0.951057 0 0.309016
    outer loop
      vertex -13.3451 4.25 12.0526
      vertex -13.274 6.25 12.2713
      vertex -13.3451 6.25 12.0526
    endloop
  endfacet
  facet normal -0.951057 0 0.309016
    outer loop
      vertex -13.274 6.25 12.2713
      vertex -13.3451 4.25 12.0526
      vertex -13.274 4.25 12.2713
    endloop
  endfacet
  facet normal -0.743146 0 0.669129
    outer loop
      vertex -13.614 4.25 11.6825
      vertex -13.4601 6.25 11.8534
      vertex -13.614 6.25 11.6825
    endloop
  endfacet
  facet normal -0.743146 0 0.669129
    outer loop
      vertex -13.4601 6.25 11.8534
      vertex -13.614 4.25 11.6825
      vertex -13.4601 4.25 11.8534
    endloop
  endfacet
  facet normal -0.20791 0 0.978148
    outer loop
      vertex -14.235 6.25 11.406
      vertex -14.0101 4.25 11.4538
      vertex -14.0101 6.25 11.4538
    endloop
  endfacet
  facet normal -0.20791 0 0.978148
    outer loop
      vertex -14.0101 4.25 11.4538
      vertex -14.235 6.25 11.406
      vertex -14.235 4.25 11.406
    endloop
  endfacet
  facet normal 0 0 1
    outer loop
      vertex -14.235 6.25 11.406
      vertex -14.35 4.25 11.406
      vertex -14.235 4.25 11.406
    endloop
  endfacet
  facet normal -0 0 1
    outer loop
      vertex -14.465 6.25 11.406
      vertex -14.35 4.25 11.406
      vertex -14.235 6.25 11.406
    endloop
  endfacet
  facet normal 0 0 1
    outer loop
      vertex -14.35 4.25 11.406
      vertex -14.465 6.25 11.406
      vertex -14.465 4.25 11.406
    endloop
  endfacet
  facet normal 0 -1 6.74709e-006
    outer loop
      vertex -14.465 6.25 11.406
      vertex -13.8 6.25 11.5474
      vertex -14.9 6.25 11.5474
    endloop
  endfacet
  facet normal 0 -1 6.74709e-006
    outer loop
      vertex -13.8 6.25 11.5474
      vertex -14.465 6.25 11.406
      vertex -14.235 6.25 11.406
    endloop
  endfacet
  facet normal -0.406738 0 0.913545
    outer loop
      vertex -14.0101 6.25 11.4538
      vertex -13.8 4.25 11.5474
      vertex -13.8 6.25 11.5474
    endloop
  endfacet
  facet normal -0.406738 0 0.913545
    outer loop
      vertex -13.8 4.25 11.5474
      vertex -14.0101 6.25 11.4538
      vertex -14.0101 4.25 11.4538
    endloop
  endfacet
  facet normal 4.14704e-006 -1 1.95104e-005
    outer loop
      vertex -14.6899 6.25 11.4538
      vertex -14.465 6.25 11.406
      vertex -14.9 6.25 11.5474
    endloop
  endfacet
  facet normal 0.994522 -2.37112e-007 0.104527
    outer loop
      vertex -15.438 4.25 12.3856
      vertex -15.426 6.25 12.2713
      vertex -15.45 6.25 12.5
    endloop
  endfacet
  facet normal 0.994522 0 0.104532
    outer loop
      vertex -15.426 6.25 12.2713
      vertex -15.438 4.25 12.3856
      vertex -15.426 4.25 12.2713
    endloop
  endfacet
  facet normal -0.994522 0 -0.104532
    outer loop
      vertex -13.25 4.25 12.5
      vertex -13.274 6.25 12.7287
      vertex -13.25 6.25 12.5
    endloop
  endfacet
  facet normal -0.994522 -0 -0.104532
    outer loop
      vertex -13.274 6.25 12.7287
      vertex -13.25 4.25 12.5
      vertex -13.274 4.25 12.7287
    endloop
  endfacet
  facet normal -0.951057 0 -0.309016
    outer loop
      vertex -13.274 4.25 12.7287
      vertex -13.3451 6.25 12.9474
      vertex -13.274 6.25 12.7287
    endloop
  endfacet
  facet normal -0.951057 -0 -0.309016
    outer loop
      vertex -13.3451 6.25 12.9474
      vertex -13.274 4.25 12.7287
      vertex -13.3451 4.25 12.9474
    endloop
  endfacet
  facet normal -4.14699e-006 -1 1.95102e-005
    outer loop
      vertex -14.0101 6.25 11.4538
      vertex -13.8 6.25 11.5474
      vertex -14.235 6.25 11.406
    endloop
  endfacet
  facet normal 0.587784 0 0.809018
    outer loop
      vertex -15.086 6.25 11.6825
      vertex -14.9 4.25 11.5474
      vertex -14.9 6.25 11.5474
    endloop
  endfacet
  facet normal 0.587784 0 0.809018
    outer loop
      vertex -14.9 4.25 11.5474
      vertex -15.086 6.25 11.6825
      vertex -15.086 4.25 11.6825
    endloop
  endfacet
  facet normal 0.406736 0 0.913546
    outer loop
      vertex -14.9 6.25 11.5474
      vertex -14.6899 4.25 11.4538
      vertex -14.6899 6.25 11.4538
    endloop
  endfacet
  facet normal 0.406736 0 0.913546
    outer loop
      vertex -14.6899 4.25 11.4538
      vertex -14.9 6.25 11.5474
      vertex -14.9 4.25 11.5474
    endloop
  endfacet
  facet normal 0.743146 -0 0.669129
    outer loop
      vertex -15.2399 4.25 11.8534
      vertex -15.086 6.25 11.6825
      vertex -15.2399 6.25 11.8534
    endloop
  endfacet
  facet normal 0.743146 0 0.669129
    outer loop
      vertex -15.086 6.25 11.6825
      vertex -15.2399 4.25 11.8534
      vertex -15.086 4.25 11.6825
    endloop
  endfacet
  facet normal 0.994523 4.98402e-008 0.104522
    outer loop
      vertex -15.438 4.25 12.3856
      vertex -15.45 6.25 12.5
      vertex -15.45 4.25 12.5
    endloop
  endfacet
  facet normal 0.994522 -2.62034e-007 -0.104527
    outer loop
      vertex -15.438 4.25 12.6144
      vertex -15.45 6.25 12.5
      vertex -15.426 6.25 12.7287
    endloop
  endfacet
  facet normal 0.994522 -4.98406e-008 -0.104523
    outer loop
      vertex -15.45 6.25 12.5
      vertex -15.438 4.25 12.6144
      vertex -15.45 4.25 12.5
    endloop
  endfacet
  facet normal 0.743146 0 -0.669129
    outer loop
      vertex -15.086 4.25 13.3175
      vertex -15.2399 6.25 13.1466
      vertex -15.086 6.25 13.3175
    endloop
  endfacet
  facet normal 0.743146 0 -0.669129
    outer loop
      vertex -15.2399 6.25 13.1466
      vertex -15.086 4.25 13.3175
      vertex -15.2399 4.25 13.1466
    endloop
  endfacet
  facet normal -0.743146 0 -0.669129
    outer loop
      vertex -13.4601 4.25 13.1466
      vertex -13.614 6.25 13.3175
      vertex -13.4601 6.25 13.1466
    endloop
  endfacet
  facet normal -0.743146 -0 -0.669129
    outer loop
      vertex -13.614 6.25 13.3175
      vertex -13.4601 4.25 13.1466
      vertex -13.614 4.25 13.3175
    endloop
  endfacet
  facet normal 0 0 -1
    outer loop
      vertex -14.35 4.25 13.594
      vertex -14.235 6.25 13.594
      vertex -14.235 4.25 13.594
    endloop
  endfacet
  facet normal 0 0 -1
    outer loop
      vertex -14.465 6.25 13.594
      vertex -14.35 4.25 13.594
      vertex -14.465 4.25 13.594
    endloop
  endfacet
  facet normal 0 0 -1
    outer loop
      vertex -14.35 4.25 13.594
      vertex -14.465 6.25 13.594
      vertex -14.235 6.25 13.594
    endloop
  endfacet
  facet normal 0.207911 0 -0.978148
    outer loop
      vertex -14.6899 4.25 13.5462
      vertex -14.465 6.25 13.594
      vertex -14.465 4.25 13.594
    endloop
  endfacet
  facet normal 0.207911 0 -0.978148
    outer loop
      vertex -14.465 6.25 13.594
      vertex -14.6899 4.25 13.5462
      vertex -14.6899 6.25 13.5462
    endloop
  endfacet
  facet normal 0.587784 0 -0.809018
    outer loop
      vertex -15.086 4.25 13.3175
      vertex -14.9 6.25 13.4526
      vertex -14.9 4.25 13.4526
    endloop
  endfacet
  facet normal 0.587784 0 -0.809018
    outer loop
      vertex -14.9 6.25 13.4526
      vertex -15.086 4.25 13.3175
      vertex -15.086 6.25 13.3175
    endloop
  endfacet
  facet normal 0.866025 0 -0.5
    outer loop
      vertex -15.2399 4.25 13.1466
      vertex -15.3549 6.25 12.9474
      vertex -15.2399 6.25 13.1466
    endloop
  endfacet
  facet normal 0.866025 0 -0.5
    outer loop
      vertex -15.3549 6.25 12.9474
      vertex -15.2399 4.25 13.1466
      vertex -15.3549 4.25 12.9474
    endloop
  endfacet
  facet normal 0.951057 0 -0.309016
    outer loop
      vertex -15.3549 4.25 12.9474
      vertex -15.426 6.25 12.7287
      vertex -15.3549 6.25 12.9474
    endloop
  endfacet
  facet normal 0.951057 0 -0.309016
    outer loop
      vertex -15.426 6.25 12.7287
      vertex -15.3549 4.25 12.9474
      vertex -15.426 4.25 12.7287
    endloop
  endfacet
  facet normal -0.587784 0 -0.809018
    outer loop
      vertex -13.8 4.25 13.4526
      vertex -13.614 6.25 13.3175
      vertex -13.614 4.25 13.3175
    endloop
  endfacet
  facet normal -0.587784 0 -0.809018
    outer loop
      vertex -13.614 6.25 13.3175
      vertex -13.8 4.25 13.4526
      vertex -13.8 6.25 13.4526
    endloop
  endfacet
  facet normal -0.406738 0 -0.913545
    outer loop
      vertex -14.0101 4.25 13.5462
      vertex -13.8 6.25 13.4526
      vertex -13.8 4.25 13.4526
    endloop
  endfacet
  facet normal -0.406738 0 -0.913545
    outer loop
      vertex -13.8 6.25 13.4526
      vertex -14.0101 4.25 13.5462
      vertex -14.0101 6.25 13.5462
    endloop
  endfacet
  facet normal 0.406736 0 -0.913546
    outer loop
      vertex -14.9 4.25 13.4526
      vertex -14.6899 6.25 13.5462
      vertex -14.6899 4.25 13.5462
    endloop
  endfacet
  facet normal 0.406736 0 -0.913546
    outer loop
      vertex -14.6899 6.25 13.5462
      vertex -14.9 4.25 13.4526
      vertex -14.9 6.25 13.4526
    endloop
  endfacet
  facet normal 0.5 0 0.866026
    outer loop
      vertex -16.9914 4.25 10.975
      vertex -14.35 2.25 9.45
      vertex -14.35 4.25 9.45
    endloop
  endfacet
  facet normal 0.5 0 0.866026
    outer loop
      vertex -14.35 2.25 9.45
      vertex -16.9914 4.25 10.975
      vertex -16.9914 2.25 10.975
    endloop
  endfacet
  facet normal 1 -0 0
    outer loop
      vertex -16.9914 2.25 14.025
      vertex -16.9914 4.25 10.975
      vertex -16.9914 4.25 14.025
    endloop
  endfacet
  facet normal 1 0 0
    outer loop
      vertex -16.9914 4.25 10.975
      vertex -16.9914 2.25 14.025
      vertex -16.9914 2.25 10.975
    endloop
  endfacet
  facet normal 0 -1 0
    outer loop
      vertex -14.35 4.25 15.55
      vertex -14.6899 4.25 13.5462
      vertex -14.465 4.25 13.594
    endloop
  endfacet
  facet normal 0 -1 0
    outer loop
      vertex -14.35 4.25 15.55
      vertex -14.9 4.25 13.4526
      vertex -14.6899 4.25 13.5462
    endloop
  endfacet
  facet normal 1.03253e-006 -1 2.10657e-006
    outer loop
      vertex -16.9914 4.25 14.025
      vertex -15.086 4.25 13.3175
      vertex -14.9 4.25 13.4526
    endloop
  endfacet
  facet normal 1.87554e-007 -1 -1.68873e-007
    outer loop
      vertex -16.9914 4.25 14.025
      vertex -15.2399 4.25 13.1466
      vertex -15.086 4.25 13.3175
    endloop
  endfacet
  facet normal 2.11118e-007 -1 -1.21889e-007
    outer loop
      vertex -16.9914 4.25 14.025
      vertex -15.3549 4.25 12.9474
      vertex -15.2399 4.25 13.1466
    endloop
  endfacet
  facet normal 2.40026e-007 -1 -7.79889e-008
    outer loop
      vertex -16.9914 4.25 14.025
      vertex -15.426 4.25 12.7287
      vertex -15.3549 4.25 12.9474
    endloop
  endfacet
  facet normal 2.80218e-007 -1 -2.94529e-008
    outer loop
      vertex -16.9914 4.25 14.025
      vertex -15.438 4.25 12.6144
      vertex -15.426 4.25 12.7287
    endloop
  endfacet
  facet normal 2.8022e-007 -1 -2.94508e-008
    outer loop
      vertex -16.9914 4.25 14.025
      vertex -15.45 4.25 12.5
      vertex -15.438 4.25 12.6144
    endloop
  endfacet
  facet normal 3.09358e-007 -1 0
    outer loop
      vertex -16.9914 4.25 10.975
      vertex -15.45 4.25 12.5
      vertex -16.9914 4.25 14.025
    endloop
  endfacet
  facet normal 2.8022e-007 -1 2.94506e-008
    outer loop
      vertex -15.45 4.25 12.5
      vertex -16.9914 4.25 10.975
      vertex -15.438 4.25 12.3856
    endloop
  endfacet
  facet normal 2.80218e-007 -1 2.94529e-008
    outer loop
      vertex -15.438 4.25 12.3856
      vertex -16.9914 4.25 10.975
      vertex -15.426 4.25 12.2713
    endloop
  endfacet
  facet normal 2.40026e-007 -1 7.79889e-008
    outer loop
      vertex -15.426 4.25 12.2713
      vertex -16.9914 4.25 10.975
      vertex -15.3549 4.25 12.0526
    endloop
  endfacet
  facet normal 2.11118e-007 -1 1.21889e-007
    outer loop
      vertex -15.3549 4.25 12.0526
      vertex -16.9914 4.25 10.975
      vertex -15.2399 4.25 11.8534
    endloop
  endfacet
  facet normal 1.87554e-007 -1 1.68873e-007
    outer loop
      vertex -16.9914 4.25 10.975
      vertex -15.086 4.25 11.6825
      vertex -15.2399 4.25 11.8534
    endloop
  endfacet
  facet normal 1.03253e-006 -1 -2.10657e-006
    outer loop
      vertex -16.9914 4.25 10.975
      vertex -14.9 4.25 11.5474
      vertex -15.086 4.25 11.6825
    endloop
  endfacet
  facet normal 4.25468e-007 -1 1.11572e-007
    outer loop
      vertex -14.35 4.25 9.45
      vertex -14.9 4.25 11.5474
      vertex -16.9914 4.25 10.975
    endloop
  endfacet
  facet normal 0 -1 0
    outer loop
      vertex -14.9 4.25 11.5474
      vertex -14.35 4.25 9.45
      vertex -14.6899 4.25 11.4538
    endloop
  endfacet
  facet normal 0 -1 0
    outer loop
      vertex -14.6899 4.25 11.4538
      vertex -14.35 4.25 9.45
      vertex -14.465 4.25 11.406
    endloop
  endfacet
  facet normal 0 -1 0
    outer loop
      vertex -14.465 4.25 11.406
      vertex -14.35 4.25 9.45
      vertex -14.35 4.25 11.406
    endloop
  endfacet
  facet normal 4.25468e-007 -1 -1.11572e-007
    outer loop
      vertex -14.9 4.25 13.4526
      vertex -14.35 4.25 15.55
      vertex -16.9914 4.25 14.025
    endloop
  endfacet
  facet normal 0 -1 -0
    outer loop
      vertex -14.35 4.25 15.55
      vertex -14.465 4.25 13.594
      vertex -14.35 4.25 13.594
    endloop
  endfacet
  facet normal 0.5 0 -0.866026
    outer loop
      vertex -16.9914 2.25 14.025
      vertex -14.35 4.25 15.55
      vertex -14.35 2.25 15.55
    endloop
  endfacet
  facet normal 0.5 0 -0.866026
    outer loop
      vertex -14.35 4.25 15.55
      vertex -16.9914 2.25 14.025
      vertex -16.9914 4.25 14.025
    endloop
  endfacet
  facet normal -0.5 0 0.866025
    outer loop
      vertex -14.35 4.25 9.45
      vertex -11.7086 2.25 10.975
      vertex -11.7086 4.25 10.975
    endloop
  endfacet
  facet normal -0.5 0 0.866025
    outer loop
      vertex -11.7086 2.25 10.975
      vertex -14.35 4.25 9.45
      vertex -14.35 2.25 9.45
    endloop
  endfacet
  facet normal 0 -1 0
    outer loop
      vertex -14.35 4.25 9.45
      vertex -14.235 4.25 11.406
      vertex -14.35 4.25 11.406
    endloop
  endfacet
  facet normal 0 -1 -0
    outer loop
      vertex -14.235 4.25 11.406
      vertex -14.35 4.25 9.45
      vertex -11.7086 4.25 10.975
    endloop
  endfacet
  facet normal 0 -1 0
    outer loop
      vertex -14.235 4.25 13.594
      vertex -14.35 4.25 15.55
      vertex -14.35 4.25 13.594
    endloop
  endfacet
  facet normal 0 -1 0
    outer loop
      vertex -14.0101 4.25 13.5462
      vertex -14.35 4.25 15.55
      vertex -14.235 4.25 13.594
    endloop
  endfacet
  facet normal 0 -1 0
    outer loop
      vertex -13.8 4.25 13.4526
      vertex -14.35 4.25 15.55
      vertex -14.0101 4.25 13.5462
    endloop
  endfacet
  facet normal 0 -1 0
    outer loop
      vertex -14.35 4.25 15.55
      vertex -13.8 4.25 13.4526
      vertex -11.7086 4.25 14.025
    endloop
  endfacet
  facet normal 0 -1 0
    outer loop
      vertex -13.614 4.25 13.3175
      vertex -11.7086 4.25 14.025
      vertex -13.8 4.25 13.4526
    endloop
  endfacet
  facet normal 0 -1 0
    outer loop
      vertex -13.4601 4.25 13.1466
      vertex -11.7086 4.25 14.025
      vertex -13.614 4.25 13.3175
    endloop
  endfacet
  facet normal 0 -1 0
    outer loop
      vertex -13.3451 4.25 12.9474
      vertex -11.7086 4.25 14.025
      vertex -13.4601 4.25 13.1466
    endloop
  endfacet
  facet normal 0 -1 0
    outer loop
      vertex -13.274 4.25 12.7287
      vertex -11.7086 4.25 14.025
      vertex -13.3451 4.25 12.9474
    endloop
  endfacet
  facet normal 0 -1 0
    outer loop
      vertex -13.25 4.25 12.5
      vertex -11.7086 4.25 14.025
      vertex -13.274 4.25 12.7287
    endloop
  endfacet
  facet normal 0 -1 0
    outer loop
      vertex -11.7086 4.25 10.975
      vertex -13.25 4.25 12.5
      vertex -13.274 4.25 12.2713
    endloop
  endfacet
  facet normal 0 -1 0
    outer loop
      vertex -11.7086 4.25 10.975
      vertex -13.274 4.25 12.2713
      vertex -13.3451 4.25 12.0526
    endloop
  endfacet
  facet normal 0 -1 0
    outer loop
      vertex -11.7086 4.25 10.975
      vertex -13.3451 4.25 12.0526
      vertex -13.4601 4.25 11.8534
    endloop
  endfacet
  facet normal 0 -1 0
    outer loop
      vertex -13.25 4.25 12.5
      vertex -11.7086 4.25 10.975
      vertex -11.7086 4.25 14.025
    endloop
  endfacet
  facet normal 0 -1 0
    outer loop
      vertex -13.614 4.25 11.6825
      vertex -11.7086 4.25 10.975
      vertex -13.4601 4.25 11.8534
    endloop
  endfacet
  facet normal 0 -1 0
    outer loop
      vertex -13.8 4.25 11.5474
      vertex -11.7086 4.25 10.975
      vertex -13.614 4.25 11.6825
    endloop
  endfacet
  facet normal 0 -1 0
    outer loop
      vertex -14.0101 4.25 11.4538
      vertex -11.7086 4.25 10.975
      vertex -13.8 4.25 11.5474
    endloop
  endfacet
  facet normal 0 -1 0
    outer loop
      vertex -11.7086 4.25 10.975
      vertex -14.0101 4.25 11.4538
      vertex -14.235 4.25 11.406
    endloop
  endfacet
  facet normal -1 0 0
    outer loop
      vertex -11.7086 2.25 10.975
      vertex -11.7086 4.25 14.025
      vertex -11.7086 4.25 10.975
    endloop
  endfacet
  facet normal -1 -0 0
    outer loop
      vertex -11.7086 4.25 14.025
      vertex -11.7086 2.25 10.975
      vertex -11.7086 2.25 14.025
    endloop
  endfacet
  facet normal -0.5 0 -0.866025
    outer loop
      vertex -14.35 2.25 15.55
      vertex -11.7086 4.25 14.025
      vertex -11.7086 2.25 14.025
    endloop
  endfacet
  facet normal -0.5 0 -0.866025
    outer loop
      vertex -11.7086 4.25 14.025
      vertex -14.35 2.25 15.55
      vertex -14.35 4.25 15.55
    endloop
  endfacet
  facet normal 1 -0 0
    outer loop
      vertex 22.45 2.25 25
      vertex 22.45 6.25 0
      vertex 22.45 6.25 25
    endloop
  endfacet
  facet normal 1 0 0
    outer loop
      vertex 22.45 6.25 0
      vertex 22.45 2.25 25
      vertex 22.45 2.25 0
    endloop
  endfacet
  facet normal 0 -1 0
    outer loop
      vertex 8.25 2.25 25
      vertex 14.35 2.25 15.55
      vertex 22.45 2.25 25
    endloop
  endfacet
  facet normal 0 -1 0
    outer loop
      vertex 8.25 2.25 25
      vertex 11.7086 2.25 14.025
      vertex 14.35 2.25 15.55
    endloop
  endfacet
  facet normal 0 -1 0
    outer loop
      vertex 8.25 2.25 25
      vertex 11.7086 2.25 10.975
      vertex 11.7086 2.25 14.025
    endloop
  endfacet
  facet normal 0 -1 -0
    outer loop
      vertex 11.7086 2.25 10.975
      vertex 8.25 2.25 0
      vertex 14.35 2.25 9.45
    endloop
  endfacet
  facet normal 0 -1 0
    outer loop
      vertex 8.25 2.25 0
      vertex 11.7086 2.25 10.975
      vertex 8.25 2.25 25
    endloop
  endfacet
  facet normal 0 -1 0
    outer loop
      vertex 16.9914 2.25 14.025
      vertex 22.45 2.25 25
      vertex 14.35 2.25 15.55
    endloop
  endfacet
  facet normal 0 -1 0
    outer loop
      vertex 16.9914 2.25 10.975
      vertex 22.45 2.25 25
      vertex 16.9914 2.25 14.025
    endloop
  endfacet
  facet normal 0 -1 0
    outer loop
      vertex 22.45 2.25 0
      vertex 14.35 2.25 9.45
      vertex 8.25 2.25 0
    endloop
  endfacet
  facet normal 0 -1 0
    outer loop
      vertex 16.9914 2.25 10.975
      vertex 22.45 2.25 0
      vertex 22.45 2.25 25
    endloop
  endfacet
  facet normal 0 -1 0
    outer loop
      vertex 14.35 2.25 9.45
      vertex 22.45 2.25 0
      vertex 16.9914 2.25 10.975
    endloop
  endfacet
  facet normal -0.994522 0 0.104531
    outer loop
      vertex 15.426 4.25 12.2713
      vertex 15.45 6.25 12.5
      vertex 15.426 6.25 12.2713
    endloop
  endfacet
  facet normal -0.994522 0 0.104531
    outer loop
      vertex 15.45 6.25 12.5
      vertex 15.426 4.25 12.2713
      vertex 15.45 4.25 12.5
    endloop
  endfacet
  facet normal 0.994522 0 -0.104532
    outer loop
      vertex 13.274 6.25 12.7287
      vertex 13.274 4.25 12.7287
      vertex 13.262 4.25 12.6144
    endloop
  endfacet
  facet normal 0.207911 0 0.978148
    outer loop
      vertex 14.0101 6.25 11.4538
      vertex 14.235 4.25 11.406
      vertex 14.235 6.25 11.406
    endloop
  endfacet
  facet normal 0.207911 0 0.978148
    outer loop
      vertex 14.235 4.25 11.406
      vertex 14.0101 6.25 11.4538
      vertex 14.0101 4.25 11.4538
    endloop
  endfacet
  facet normal -0.587784 0 0.809018
    outer loop
      vertex 14.9 6.25 11.5474
      vertex 15.086 4.25 11.6825
      vertex 15.086 6.25 11.6825
    endloop
  endfacet
  facet normal -0.587784 0 0.809018
    outer loop
      vertex 15.086 4.25 11.6825
      vertex 14.9 6.25 11.5474
      vertex 14.9 4.25 11.5474
    endloop
  endfacet
  facet normal -0.20791 0 -0.978148
    outer loop
      vertex 14.465 4.25 13.594
      vertex 14.6899 6.25 13.5462
      vertex 14.6899 4.25 13.5462
    endloop
  endfacet
  facet normal -0.20791 0 -0.978148
    outer loop
      vertex 14.6899 6.25 13.5462
      vertex 14.465 4.25 13.594
      vertex 14.465 6.25 13.594
    endloop
  endfacet
  facet normal 0.866025 -0 0.5
    outer loop
      vertex 13.3451 4.25 12.0526
      vertex 13.4601 6.25 11.8534
      vertex 13.3451 6.25 12.0526
    endloop
  endfacet
  facet normal 0.866025 0 0.5
    outer loop
      vertex 13.4601 6.25 11.8534
      vertex 13.3451 4.25 12.0526
      vertex 13.4601 4.25 11.8534
    endloop
  endfacet
  facet normal 0.951057 -0 0.309016
    outer loop
      vertex 13.274 4.25 12.2713
      vertex 13.3451 6.25 12.0526
      vertex 13.274 6.25 12.2713
    endloop
  endfacet
  facet normal 0.951057 0 0.309016
    outer loop
      vertex 13.3451 6.25 12.0526
      vertex 13.274 4.25 12.2713
      vertex 13.3451 4.25 12.0526
    endloop
  endfacet
  facet normal -0.866025 0 -0.5
    outer loop
      vertex 15.3549 4.25 12.9474
      vertex 15.2399 6.25 13.1466
      vertex 15.3549 6.25 12.9474
    endloop
  endfacet
  facet normal -0.866025 -0 -0.5
    outer loop
      vertex 15.2399 6.25 13.1466
      vertex 15.3549 4.25 12.9474
      vertex 15.2399 4.25 13.1466
    endloop
  endfacet
  facet normal -0.866025 0 0.5
    outer loop
      vertex 15.2399 4.25 11.8534
      vertex 15.3549 6.25 12.0526
      vertex 15.2399 6.25 11.8534
    endloop
  endfacet
  facet normal -0.866025 0 0.5
    outer loop
      vertex 15.3549 6.25 12.0526
      vertex 15.2399 4.25 11.8534
      vertex 15.3549 4.25 12.0526
    endloop
  endfacet
  facet normal -0.951057 0 0.309016
    outer loop
      vertex 15.3549 4.25 12.0526
      vertex 15.426 6.25 12.2713
      vertex 15.3549 6.25 12.0526
    endloop
  endfacet
  facet normal -0.951057 0 0.309016
    outer loop
      vertex 15.426 6.25 12.2713
      vertex 15.3549 4.25 12.0526
      vertex 15.426 4.25 12.2713
    endloop
  endfacet
  facet normal -0.743146 0 0.669129
    outer loop
      vertex 15.086 4.25 11.6825
      vertex 15.2399 6.25 11.8534
      vertex 15.086 6.25 11.6825
    endloop
  endfacet
  facet normal -0.743146 0 0.669129
    outer loop
      vertex 15.2399 6.25 11.8534
      vertex 15.086 4.25 11.6825
      vertex 15.2399 4.25 11.8534
    endloop
  endfacet
  facet normal -0.20791 0 0.978148
    outer loop
      vertex 14.465 6.25 11.406
      vertex 14.6899 4.25 11.4538
      vertex 14.6899 6.25 11.4538
    endloop
  endfacet
  facet normal -0.20791 0 0.978148
    outer loop
      vertex 14.6899 4.25 11.4538
      vertex 14.465 6.25 11.406
      vertex 14.465 4.25 11.406
    endloop
  endfacet
  facet normal 0 0 1
    outer loop
      vertex 14.465 6.25 11.406
      vertex 14.35 4.25 11.406
      vertex 14.465 4.25 11.406
    endloop
  endfacet
  facet normal -0 0 1
    outer loop
      vertex 14.235 6.25 11.406
      vertex 14.35 4.25 11.406
      vertex 14.465 6.25 11.406
    endloop
  endfacet
  facet normal 0 0 1
    outer loop
      vertex 14.35 4.25 11.406
      vertex 14.235 6.25 11.406
      vertex 14.235 4.25 11.406
    endloop
  endfacet
  facet normal 0 -1 6.74709e-006
    outer loop
      vertex 14.235 6.25 11.406
      vertex 14.9 6.25 11.5474
      vertex 13.8 6.25 11.5474
    endloop
  endfacet
  facet normal 0 -1 6.74709e-006
    outer loop
      vertex 14.9 6.25 11.5474
      vertex 14.235 6.25 11.406
      vertex 14.465 6.25 11.406
    endloop
  endfacet
  facet normal -0.406738 0 0.913545
    outer loop
      vertex 14.6899 6.25 11.4538
      vertex 14.9 4.25 11.5474
      vertex 14.9 6.25 11.5474
    endloop
  endfacet
  facet normal -0.406738 0 0.913545
    outer loop
      vertex 14.9 4.25 11.5474
      vertex 14.6899 6.25 11.4538
      vertex 14.6899 4.25 11.4538
    endloop
  endfacet
  facet normal 4.14704e-006 -1 1.95104e-005
    outer loop
      vertex 14.0101 6.25 11.4538
      vertex 14.235 6.25 11.406
      vertex 13.8 6.25 11.5474
    endloop
  endfacet
  facet normal 0.994522 2.37112e-007 0.104527
    outer loop
      vertex 13.262 4.25 12.3856
      vertex 13.274 6.25 12.2713
      vertex 13.25 6.25 12.5
    endloop
  endfacet
  facet normal 0.994522 0 0.104523
    outer loop
      vertex 13.274 6.25 12.2713
      vertex 13.262 4.25 12.3856
      vertex 13.274 4.25 12.2713
    endloop
  endfacet
  facet normal -0.994522 0 -0.104532
    outer loop
      vertex 15.45 4.25 12.5
      vertex 15.426 6.25 12.7287
      vertex 15.45 6.25 12.5
    endloop
  endfacet
  facet normal -0.994522 -0 -0.104532
    outer loop
      vertex 15.426 6.25 12.7287
      vertex 15.45 4.25 12.5
      vertex 15.426 4.25 12.7287
    endloop
  endfacet
  facet normal -0.951057 0 -0.309016
    outer loop
      vertex 15.426 4.25 12.7287
      vertex 15.3549 6.25 12.9474
      vertex 15.426 6.25 12.7287
    endloop
  endfacet
  facet normal -0.951057 -0 -0.309016
    outer loop
      vertex 15.3549 6.25 12.9474
      vertex 15.426 4.25 12.7287
      vertex 15.3549 4.25 12.9474
    endloop
  endfacet
  facet normal -4.14699e-006 -1 1.95102e-005
    outer loop
      vertex 14.6899 6.25 11.4538
      vertex 14.9 6.25 11.5474
      vertex 14.465 6.25 11.406
    endloop
  endfacet
  facet normal 0.587784 0 0.809018
    outer loop
      vertex 13.614 6.25 11.6825
      vertex 13.8 4.25 11.5474
      vertex 13.8 6.25 11.5474
    endloop
  endfacet
  facet normal 0.587784 0 0.809018
    outer loop
      vertex 13.8 4.25 11.5474
      vertex 13.614 6.25 11.6825
      vertex 13.614 4.25 11.6825
    endloop
  endfacet
  facet normal 0.406736 0 0.913546
    outer loop
      vertex 13.8 6.25 11.5474
      vertex 14.0101 4.25 11.4538
      vertex 14.0101 6.25 11.4538
    endloop
  endfacet
  facet normal 0.406736 0 0.913546
    outer loop
      vertex 14.0101 4.25 11.4538
      vertex 13.8 6.25 11.5474
      vertex 13.8 4.25 11.5474
    endloop
  endfacet
  facet normal 0.743146 -0 0.669129
    outer loop
      vertex 13.4601 4.25 11.8534
      vertex 13.614 6.25 11.6825
      vertex 13.4601 6.25 11.8534
    endloop
  endfacet
  facet normal 0.743146 0 0.669129
    outer loop
      vertex 13.614 6.25 11.6825
      vertex 13.4601 4.25 11.8534
      vertex 13.614 4.25 11.6825
    endloop
  endfacet
  facet normal 0.994522 4.98441e-008 0.104531
    outer loop
      vertex 13.262 4.25 12.3856
      vertex 13.25 6.25 12.5
      vertex 13.25 4.25 12.5
    endloop
  endfacet
  facet normal 0.994522 -2.62034e-007 -0.104527
    outer loop
      vertex 13.262 4.25 12.6144
      vertex 13.25 6.25 12.5
      vertex 13.274 6.25 12.7287
    endloop
  endfacet
  facet normal 0.994522 -4.98406e-008 -0.104523
    outer loop
      vertex 13.25 6.25 12.5
      vertex 13.262 4.25 12.6144
      vertex 13.25 4.25 12.5
    endloop
  endfacet
  facet normal 0.743146 0 -0.669129
    outer loop
      vertex 13.614 4.25 13.3175
      vertex 13.4601 6.25 13.1466
      vertex 13.614 6.25 13.3175
    endloop
  endfacet
  facet normal 0.743146 0 -0.669129
    outer loop
      vertex 13.4601 6.25 13.1466
      vertex 13.614 4.25 13.3175
      vertex 13.4601 4.25 13.1466
    endloop
  endfacet
  facet normal -0.743146 0 -0.669129
    outer loop
      vertex 15.2399 4.25 13.1466
      vertex 15.086 6.25 13.3175
      vertex 15.2399 6.25 13.1466
    endloop
  endfacet
  facet normal -0.743146 -0 -0.669129
    outer loop
      vertex 15.086 6.25 13.3175
      vertex 15.2399 4.25 13.1466
      vertex 15.086 4.25 13.3175
    endloop
  endfacet
  facet normal 0 0 -1
    outer loop
      vertex 14.35 4.25 13.594
      vertex 14.465 6.25 13.594
      vertex 14.465 4.25 13.594
    endloop
  endfacet
  facet normal 0 0 -1
    outer loop
      vertex 14.235 6.25 13.594
      vertex 14.35 4.25 13.594
      vertex 14.235 4.25 13.594
    endloop
  endfacet
  facet normal 0 0 -1
    outer loop
      vertex 14.35 4.25 13.594
      vertex 14.235 6.25 13.594
      vertex 14.465 6.25 13.594
    endloop
  endfacet
  facet normal 0.207911 0 -0.978148
    outer loop
      vertex 14.0101 4.25 13.5462
      vertex 14.235 6.25 13.594
      vertex 14.235 4.25 13.594
    endloop
  endfacet
  facet normal 0.207911 0 -0.978148
    outer loop
      vertex 14.235 6.25 13.594
      vertex 14.0101 4.25 13.5462
      vertex 14.0101 6.25 13.5462
    endloop
  endfacet
  facet normal 0.587784 0 -0.809018
    outer loop
      vertex 13.614 4.25 13.3175
      vertex 13.8 6.25 13.4526
      vertex 13.8 4.25 13.4526
    endloop
  endfacet
  facet normal 0.587784 0 -0.809018
    outer loop
      vertex 13.8 6.25 13.4526
      vertex 13.614 4.25 13.3175
      vertex 13.614 6.25 13.3175
    endloop
  endfacet
  facet normal 0.866025 0 -0.5
    outer loop
      vertex 13.4601 4.25 13.1466
      vertex 13.3451 6.25 12.9474
      vertex 13.4601 6.25 13.1466
    endloop
  endfacet
  facet normal 0.866025 0 -0.5
    outer loop
      vertex 13.3451 6.25 12.9474
      vertex 13.4601 4.25 13.1466
      vertex 13.3451 4.25 12.9474
    endloop
  endfacet
  facet normal 0.951057 0 -0.309016
    outer loop
      vertex 13.3451 4.25 12.9474
      vertex 13.274 6.25 12.7287
      vertex 13.3451 6.25 12.9474
    endloop
  endfacet
  facet normal 0.951057 0 -0.309016
    outer loop
      vertex 13.274 6.25 12.7287
      vertex 13.3451 4.25 12.9474
      vertex 13.274 4.25 12.7287
    endloop
  endfacet
  facet normal -0.587784 0 -0.809018
    outer loop
      vertex 14.9 4.25 13.4526
      vertex 15.086 6.25 13.3175
      vertex 15.086 4.25 13.3175
    endloop
  endfacet
  facet normal -0.587784 0 -0.809018
    outer loop
      vertex 15.086 6.25 13.3175
      vertex 14.9 4.25 13.4526
      vertex 14.9 6.25 13.4526
    endloop
  endfacet
  facet normal -0.406738 0 -0.913545
    outer loop
      vertex 14.6899 4.25 13.5462
      vertex 14.9 6.25 13.4526
      vertex 14.9 4.25 13.4526
    endloop
  endfacet
  facet normal -0.406738 0 -0.913545
    outer loop
      vertex 14.9 6.25 13.4526
      vertex 14.6899 4.25 13.5462
      vertex 14.6899 6.25 13.5462
    endloop
  endfacet
  facet normal 0.406736 0 -0.913546
    outer loop
      vertex 13.8 4.25 13.4526
      vertex 14.0101 6.25 13.5462
      vertex 14.0101 4.25 13.5462
    endloop
  endfacet
  facet normal 0.406736 0 -0.913546
    outer loop
      vertex 14.0101 6.25 13.5462
      vertex 13.8 4.25 13.4526
      vertex 13.8 6.25 13.4526
    endloop
  endfacet
  facet normal 0.5 0 0.866025
    outer loop
      vertex 11.7086 4.25 10.975
      vertex 14.35 2.25 9.45
      vertex 14.35 4.25 9.45
    endloop
  endfacet
  facet normal 0.5 0 0.866025
    outer loop
      vertex 14.35 2.25 9.45
      vertex 11.7086 4.25 10.975
      vertex 11.7086 2.25 10.975
    endloop
  endfacet
  facet normal 1 -0 0
    outer loop
      vertex 11.7086 2.25 14.025
      vertex 11.7086 4.25 10.975
      vertex 11.7086 4.25 14.025
    endloop
  endfacet
  facet normal 1 0 0
    outer loop
      vertex 11.7086 4.25 10.975
      vertex 11.7086 2.25 14.025
      vertex 11.7086 2.25 10.975
    endloop
  endfacet
  facet normal 0 -1 0
    outer loop
      vertex 14.35 4.25 15.55
      vertex 14.0101 4.25 13.5462
      vertex 14.235 4.25 13.594
    endloop
  endfacet
  facet normal 0 -1 0
    outer loop
      vertex 14.35 4.25 15.55
      vertex 13.8 4.25 13.4526
      vertex 14.0101 4.25 13.5462
    endloop
  endfacet
  facet normal 1.03253e-006 -1 2.10657e-006
    outer loop
      vertex 11.7086 4.25 14.025
      vertex 13.614 4.25 13.3175
      vertex 13.8 4.25 13.4526
    endloop
  endfacet
  facet normal 1.87554e-007 -1 -1.68873e-007
    outer loop
      vertex 11.7086 4.25 14.025
      vertex 13.4601 4.25 13.1466
      vertex 13.614 4.25 13.3175
    endloop
  endfacet
  facet normal 2.11118e-007 -1 -1.21889e-007
    outer loop
      vertex 11.7086 4.25 14.025
      vertex 13.3451 4.25 12.9474
      vertex 13.4601 4.25 13.1466
    endloop
  endfacet
  facet normal 2.40026e-007 -1 -7.7989e-008
    outer loop
      vertex 11.7086 4.25 14.025
      vertex 13.274 4.25 12.7287
      vertex 13.3451 4.25 12.9474
    endloop
  endfacet
  facet normal 2.80218e-007 -1 -2.9453e-008
    outer loop
      vertex 11.7086 4.25 14.025
      vertex 13.262 4.25 12.6144
      vertex 13.274 4.25 12.7287
    endloop
  endfacet
  facet normal 2.8022e-007 -1 -2.94508e-008
    outer loop
      vertex 11.7086 4.25 14.025
      vertex 13.25 4.25 12.5
      vertex 13.262 4.25 12.6144
    endloop
  endfacet
  facet normal 3.09358e-007 -1 0
    outer loop
      vertex 11.7086 4.25 10.975
      vertex 13.25 4.25 12.5
      vertex 11.7086 4.25 14.025
    endloop
  endfacet
  facet normal 2.80218e-007 -1 2.94527e-008
    outer loop
      vertex 13.25 4.25 12.5
      vertex 11.7086 4.25 10.975
      vertex 13.262 4.25 12.3856
    endloop
  endfacet
  facet normal 2.8022e-007 -1 2.94508e-008
    outer loop
      vertex 13.262 4.25 12.3856
      vertex 11.7086 4.25 10.975
      vertex 13.274 4.25 12.2713
    endloop
  endfacet
  facet normal 2.40026e-007 -1 7.7989e-008
    outer loop
      vertex 13.274 4.25 12.2713
      vertex 11.7086 4.25 10.975
      vertex 13.3451 4.25 12.0526
    endloop
  endfacet
  facet normal 2.11118e-007 -1 1.21889e-007
    outer loop
      vertex 13.3451 4.25 12.0526
      vertex 11.7086 4.25 10.975
      vertex 13.4601 4.25 11.8534
    endloop
  endfacet
  facet normal 1.87554e-007 -1 1.68873e-007
    outer loop
      vertex 11.7086 4.25 10.975
      vertex 13.614 4.25 11.6825
      vertex 13.4601 4.25 11.8534
    endloop
  endfacet
  facet normal 1.03253e-006 -1 -2.10657e-006
    outer loop
      vertex 11.7086 4.25 10.975
      vertex 13.8 4.25 11.5474
      vertex 13.614 4.25 11.6825
    endloop
  endfacet
  facet normal 4.25468e-007 -1 1.11572e-007
    outer loop
      vertex 14.35 4.25 9.45
      vertex 13.8 4.25 11.5474
      vertex 11.7086 4.25 10.975
    endloop
  endfacet
  facet normal 0 -1 0
    outer loop
      vertex 13.8 4.25 11.5474
      vertex 14.35 4.25 9.45
      vertex 14.0101 4.25 11.4538
    endloop
  endfacet
  facet normal 0 -1 0
    outer loop
      vertex 14.0101 4.25 11.4538
      vertex 14.35 4.25 9.45
      vertex 14.235 4.25 11.406
    endloop
  endfacet
  facet normal 0 -1 0
    outer loop
      vertex 14.235 4.25 11.406
      vertex 14.35 4.25 9.45
      vertex 14.35 4.25 11.406
    endloop
  endfacet
  facet normal 4.25468e-007 -1 -1.11572e-007
    outer loop
      vertex 13.8 4.25 13.4526
      vertex 14.35 4.25 15.55
      vertex 11.7086 4.25 14.025
    endloop
  endfacet
  facet normal 0 -1 -0
    outer loop
      vertex 14.35 4.25 15.55
      vertex 14.235 4.25 13.594
      vertex 14.35 4.25 13.594
    endloop
  endfacet
  facet normal 0.5 0 -0.866025
    outer loop
      vertex 11.7086 2.25 14.025
      vertex 14.35 4.25 15.55
      vertex 14.35 2.25 15.55
    endloop
  endfacet
  facet normal 0.5 0 -0.866025
    outer loop
      vertex 14.35 4.25 15.55
      vertex 11.7086 2.25 14.025
      vertex 11.7086 4.25 14.025
    endloop
  endfacet
  facet normal -0.5 0 0.866025
    outer loop
      vertex 14.35 4.25 9.45
      vertex 16.9914 2.25 10.975
      vertex 16.9914 4.25 10.975
    endloop
  endfacet
  facet normal -0.5 0 0.866025
    outer loop
      vertex 16.9914 2.25 10.975
      vertex 14.35 4.25 9.45
      vertex 14.35 2.25 9.45
    endloop
  endfacet
  facet normal 0 -1 0
    outer loop
      vertex 14.35 4.25 9.45
      vertex 14.465 4.25 11.406
      vertex 14.35 4.25 11.406
    endloop
  endfacet
  facet normal 0 -1 -0
    outer loop
      vertex 14.465 4.25 11.406
      vertex 14.35 4.25 9.45
      vertex 16.9914 4.25 10.975
    endloop
  endfacet
  facet normal 0 -1 0
    outer loop
      vertex 14.465 4.25 13.594
      vertex 14.35 4.25 15.55
      vertex 14.35 4.25 13.594
    endloop
  endfacet
  facet normal 0 -1 0
    outer loop
      vertex 14.6899 4.25 13.5462
      vertex 14.35 4.25 15.55
      vertex 14.465 4.25 13.594
    endloop
  endfacet
  facet normal 0 -1 0
    outer loop
      vertex 14.9 4.25 13.4526
      vertex 14.35 4.25 15.55
      vertex 14.6899 4.25 13.5462
    endloop
  endfacet
  facet normal 0 -1 0
    outer loop
      vertex 14.35 4.25 15.55
      vertex 14.9 4.25 13.4526
      vertex 16.9914 4.25 14.025
    endloop
  endfacet
  facet normal 0 -1 0
    outer loop
      vertex 15.086 4.25 13.3175
      vertex 16.9914 4.25 14.025
      vertex 14.9 4.25 13.4526
    endloop
  endfacet
  facet normal 0 -1 0
    outer loop
      vertex 15.2399 4.25 13.1466
      vertex 16.9914 4.25 14.025
      vertex 15.086 4.25 13.3175
    endloop
  endfacet
  facet normal 0 -1 0
    outer loop
      vertex 15.3549 4.25 12.9474
      vertex 16.9914 4.25 14.025
      vertex 15.2399 4.25 13.1466
    endloop
  endfacet
  facet normal 0 -1 0
    outer loop
      vertex 15.426 4.25 12.7287
      vertex 16.9914 4.25 14.025
      vertex 15.3549 4.25 12.9474
    endloop
  endfacet
  facet normal 0 -1 0
    outer loop
      vertex 15.45 4.25 12.5
      vertex 16.9914 4.25 14.025
      vertex 15.426 4.25 12.7287
    endloop
  endfacet
  facet normal 0 -1 0
    outer loop
      vertex 16.9914 4.25 10.975
      vertex 15.45 4.25 12.5
      vertex 15.426 4.25 12.2713
    endloop
  endfacet
  facet normal 0 -1 0
    outer loop
      vertex 16.9914 4.25 10.975
      vertex 15.426 4.25 12.2713
      vertex 15.3549 4.25 12.0526
    endloop
  endfacet
  facet normal 0 -1 0
    outer loop
      vertex 16.9914 4.25 10.975
      vertex 15.3549 4.25 12.0526
      vertex 15.2399 4.25 11.8534
    endloop
  endfacet
  facet normal 0 -1 0
    outer loop
      vertex 15.45 4.25 12.5
      vertex 16.9914 4.25 10.975
      vertex 16.9914 4.25 14.025
    endloop
  endfacet
  facet normal 0 -1 0
    outer loop
      vertex 15.086 4.25 11.6825
      vertex 16.9914 4.25 10.975
      vertex 15.2399 4.25 11.8534
    endloop
  endfacet
  facet normal 0 -1 0
    outer loop
      vertex 14.9 4.25 11.5474
      vertex 16.9914 4.25 10.975
      vertex 15.086 4.25 11.6825
    endloop
  endfacet
  facet normal 0 -1 0
    outer loop
      vertex 14.6899 4.25 11.4538
      vertex 16.9914 4.25 10.975
      vertex 14.9 4.25 11.5474
    endloop
  endfacet
  facet normal 0 -1 0
    outer loop
      vertex 16.9914 4.25 10.975
      vertex 14.6899 4.25 11.4538
      vertex 14.465 4.25 11.406
    endloop
  endfacet
  facet normal -1 0 0
    outer loop
      vertex 16.9914 2.25 10.975
      vertex 16.9914 4.25 14.025
      vertex 16.9914 4.25 10.975
    endloop
  endfacet
  facet normal -1 -0 0
    outer loop
      vertex 16.9914 4.25 14.025
      vertex 16.9914 2.25 10.975
      vertex 16.9914 2.25 14.025
    endloop
  endfacet
  facet normal -0.5 0 -0.866025
    outer loop
      vertex 14.35 2.25 15.55
      vertex 16.9914 4.25 14.025
      vertex 16.9914 2.25 14.025
    endloop
  endfacet
  facet normal -0.5 0 -0.866025
    outer loop
      vertex 16.9914 4.25 14.025
      vertex 14.35 2.25 15.55
      vertex 14.35 4.25 15.55
    endloop
  endfacet
  facet normal 0 -1 0
    outer loop
      vertex -0.862359 -8.20481 0
      vertex 0.862359 -8.20481 25
      vertex -0.862359 -8.20481 25
    endloop
  endfacet
  facet normal 0 -1 -0
    outer loop
      vertex 0.862359 -8.20481 25
      vertex -0.862359 -8.20481 0
      vertex 0.862359 -8.20481 0
    endloop
  endfacet
  facet normal 0.994522 -0.104529 0
    outer loop
      vertex 8.06972 -1.71527 25
      vertex 8.25 0 0
      vertex 8.25 0 25
    endloop
  endfacet
  facet normal 0.994522 -0.104529 0
    outer loop
      vertex 8.25 0 0
      vertex 8.06972 -1.71527 25
      vertex 8.06972 -1.71527 0
    endloop
  endfacet
  facet normal 0.207912 -0.978148 0
    outer loop
      vertex 0.862359 -8.20481 0
      vertex 2.54939 -7.84622 25
      vertex 0.862359 -8.20481 25
    endloop
  endfacet
  facet normal 0.207912 -0.978148 0
    outer loop
      vertex 2.54939 -7.84622 25
      vertex 0.862359 -8.20481 0
      vertex 2.54939 -7.84622 0
    endloop
  endfacet
  facet normal 0.743145 -0.669131 0
    outer loop
      vertex 5.52033 -6.13094 25
      vertex 6.67439 -4.84923 0
      vertex 6.67439 -4.84923 25
    endloop
  endfacet
  facet normal 0.743145 -0.669131 0
    outer loop
      vertex 6.67439 -4.84923 0
      vertex 5.52033 -6.13094 25
      vertex 5.52033 -6.13094 0
    endloop
  endfacet
  facet normal 0.951057 -0.309017 0
    outer loop
      vertex 7.53675 -3.35558 25
      vertex 8.06972 -1.71527 0
      vertex 8.06972 -1.71527 25
    endloop
  endfacet
  facet normal 0.951057 -0.309017 0
    outer loop
      vertex 8.06972 -1.71527 0
      vertex 7.53675 -3.35558 25
      vertex 7.53675 -3.35558 0
    endloop
  endfacet
  facet normal 0.866025 -0.5 0
    outer loop
      vertex 6.67439 -4.84923 25
      vertex 7.53675 -3.35558 0
      vertex 7.53675 -3.35558 25
    endloop
  endfacet
  facet normal 0.866025 -0.5 0
    outer loop
      vertex 7.53675 -3.35558 0
      vertex 6.67439 -4.84923 25
      vertex 6.67439 -4.84923 0
    endloop
  endfacet
  facet normal -0.866025 -0.5 0
    outer loop
      vertex -6.67439 -4.84923 0
      vertex -7.53675 -3.35558 25
      vertex -7.53675 -3.35558 0
    endloop
  endfacet
  facet normal -0.866025 -0.5 0
    outer loop
      vertex -7.53675 -3.35558 25
      vertex -6.67439 -4.84923 0
      vertex -6.67439 -4.84923 25
    endloop
  endfacet
  facet normal -0.994522 -0.104529 0
    outer loop
      vertex -8.06972 -1.71527 0
      vertex -8.25 0 25
      vertex -8.25 0 0
    endloop
  endfacet
  facet normal -0.994522 -0.104529 0
    outer loop
      vertex -8.25 0 25
      vertex -8.06972 -1.71527 0
      vertex -8.06972 -1.71527 25
    endloop
  endfacet
  facet normal 0.587785 -0.809017 0
    outer loop
      vertex 4.125 -7.14471 0
      vertex 5.52033 -6.13094 25
      vertex 4.125 -7.14471 25
    endloop
  endfacet
  facet normal 0.587785 -0.809017 0
    outer loop
      vertex 5.52033 -6.13094 25
      vertex 4.125 -7.14471 0
      vertex 5.52033 -6.13094 0
    endloop
  endfacet
  facet normal 0.406737 -0.913545 0
    outer loop
      vertex 2.54939 -7.84622 0
      vertex 4.125 -7.14471 25
      vertex 2.54939 -7.84622 25
    endloop
  endfacet
  facet normal 0.406737 -0.913545 0
    outer loop
      vertex 4.125 -7.14471 25
      vertex 2.54939 -7.84622 0
      vertex 4.125 -7.14471 0
    endloop
  endfacet
  facet normal -0.406737 -0.913545 0
    outer loop
      vertex -4.125 -7.14471 0
      vertex -2.54939 -7.84622 25
      vertex -4.125 -7.14471 25
    endloop
  endfacet
  facet normal -0.406737 -0.913545 -0
    outer loop
      vertex -2.54939 -7.84622 25
      vertex -4.125 -7.14471 0
      vertex -2.54939 -7.84622 0
    endloop
  endfacet
  facet normal -0.743145 -0.669131 0
    outer loop
      vertex -5.52033 -6.13094 0
      vertex -6.67439 -4.84923 25
      vertex -6.67439 -4.84923 0
    endloop
  endfacet
  facet normal -0.743145 -0.669131 0
    outer loop
      vertex -6.67439 -4.84923 25
      vertex -5.52033 -6.13094 0
      vertex -5.52033 -6.13094 25
    endloop
  endfacet
  facet normal -0.951057 -0.309017 0
    outer loop
      vertex -7.53675 -3.35558 0
      vertex -8.06972 -1.71527 25
      vertex -8.06972 -1.71527 0
    endloop
  endfacet
  facet normal -0.951057 -0.309017 0
    outer loop
      vertex -8.06972 -1.71527 25
      vertex -7.53675 -3.35558 0
      vertex -7.53675 -3.35558 25
    endloop
  endfacet
  facet normal -0.587785 -0.809017 0
    outer loop
      vertex -5.52033 -6.13094 0
      vertex -4.125 -7.14471 25
      vertex -5.52033 -6.13094 25
    endloop
  endfacet
  facet normal -0.587785 -0.809017 -0
    outer loop
      vertex -4.125 -7.14471 25
      vertex -5.52033 -6.13094 0
      vertex -4.125 -7.14471 0
    endloop
  endfacet
  facet normal -0.207912 -0.978148 0
    outer loop
      vertex -2.54939 -7.84622 0
      vertex -0.862359 -8.20481 25
      vertex -2.54939 -7.84622 25
    endloop
  endfacet
  facet normal -0.207912 -0.978148 -0
    outer loop
      vertex -0.862359 -8.20481 25
      vertex -2.54939 -7.84622 0
      vertex -0.862359 -8.20481 0
    endloop
  endfacet
  facet normal -1 0 0
    outer loop
      vertex -8.25 0 0
      vertex -8.25 2.25 25
      vertex -8.25 2.25 0
    endloop
  endfacet
  facet normal -1 -0 0
    outer loop
      vertex -8.25 2.25 25
      vertex -8.25 0 0
      vertex -8.25 0 25
    endloop
  endfacet
  facet normal 1 -0 0
    outer loop
      vertex 8.25 0 25
      vertex 8.25 2.25 0
      vertex 8.25 2.25 25
    endloop
  endfacet
  facet normal 1 0 0
    outer loop
      vertex 8.25 2.25 0
      vertex 8.25 0 25
      vertex 8.25 0 0
    endloop
  endfacet
  facet normal -0.994522 0.104529 0
    outer loop
      vertex 6.11342 -1.29945 0
      vertex 6.25 0 25
      vertex 6.25 0 0
    endloop
  endfacet
  facet normal -0.994522 0.104529 0
    outer loop
      vertex 6.25 0 25
      vertex 6.11342 -1.29945 0
      vertex 6.11342 -1.29945 25
    endloop
  endfacet
  facet normal 0.207912 0.978148 -0
    outer loop
      vertex -0.653302 -6.21576 0
      vertex -1.93136 -5.9441 25
      vertex -0.653302 -6.21576 25
    endloop
  endfacet
  facet normal 0.207912 0.978148 0
    outer loop
      vertex -1.93136 -5.9441 25
      vertex -0.653302 -6.21576 0
      vertex -1.93136 -5.9441 0
    endloop
  endfacet
  facet normal -0.743145 0.669131 0
    outer loop
      vertex 4.18207 -4.64465 0
      vertex 5.05636 -3.67366 25
      vertex 5.05636 -3.67366 0
    endloop
  endfacet
  facet normal -0.743145 0.669131 0
    outer loop
      vertex 5.05636 -3.67366 25
      vertex 4.18207 -4.64465 0
      vertex 4.18207 -4.64465 25
    endloop
  endfacet
  facet normal -0.951056 0.309017 0
    outer loop
      vertex 5.70966 -2.5421 0
      vertex 6.11342 -1.29945 25
      vertex 6.11342 -1.29945 0
    endloop
  endfacet
  facet normal -0.951056 0.309017 0
    outer loop
      vertex 6.11342 -1.29945 25
      vertex 5.70966 -2.5421 0
      vertex 5.70966 -2.5421 25
    endloop
  endfacet
  facet normal -0.866025 0.5 0
    outer loop
      vertex 5.05636 -3.67366 0
      vertex 5.70966 -2.5421 25
      vertex 5.70966 -2.5421 0
    endloop
  endfacet
  facet normal -0.866025 0.5 0
    outer loop
      vertex 5.70966 -2.5421 25
      vertex 5.05636 -3.67366 0
      vertex 5.05636 -3.67366 25
    endloop
  endfacet
  facet normal 0.866025 0.5 0
    outer loop
      vertex -5.05636 -3.67366 25
      vertex -5.70966 -2.5421 0
      vertex -5.70966 -2.5421 25
    endloop
  endfacet
  facet normal 0.866025 0.5 0
    outer loop
      vertex -5.70966 -2.5421 0
      vertex -5.05636 -3.67366 25
      vertex -5.05636 -3.67366 0
    endloop
  endfacet
  facet normal 0.994522 0.104529 0
    outer loop
      vertex -6.11342 -1.29945 25
      vertex -6.25 0 0
      vertex -6.25 0 25
    endloop
  endfacet
  facet normal 0.994522 0.104529 0
    outer loop
      vertex -6.25 0 0
      vertex -6.11342 -1.29945 25
      vertex -6.11342 -1.29945 0
    endloop
  endfacet
  facet normal 0.951056 0.309017 0
    outer loop
      vertex -5.70966 -2.5421 25
      vertex -6.11342 -1.29945 0
      vertex -6.11342 -1.29945 25
    endloop
  endfacet
  facet normal 0.951056 0.309017 0
    outer loop
      vertex -6.11342 -1.29945 0
      vertex -5.70966 -2.5421 25
      vertex -5.70966 -2.5421 0
    endloop
  endfacet
  facet normal -0.207912 0.978148 0
    outer loop
      vertex 1.93136 -5.9441 0
      vertex 0.653302 -6.21576 25
      vertex 1.93136 -5.9441 25
    endloop
  endfacet
  facet normal -0.207912 0.978148 0
    outer loop
      vertex 0.653302 -6.21576 25
      vertex 1.93136 -5.9441 0
      vertex 0.653302 -6.21576 0
    endloop
  endfacet
  facet normal -0.587786 0.809017 0
    outer loop
      vertex 4.18207 -4.64465 0
      vertex 3.125 -5.41266 25
      vertex 4.18207 -4.64465 25
    endloop
  endfacet
  facet normal -0.587786 0.809017 0
    outer loop
      vertex 3.125 -5.41266 25
      vertex 4.18207 -4.64465 0
      vertex 3.125 -5.41266 0
    endloop
  endfacet
  facet normal 0 1 -0
    outer loop
      vertex 0.653302 -6.21576 0
      vertex -0.653302 -6.21576 25
      vertex 0.653302 -6.21576 25
    endloop
  endfacet
  facet normal 0 1 0
    outer loop
      vertex -0.653302 -6.21576 25
      vertex 0.653302 -6.21576 0
      vertex -0.653302 -6.21576 0
    endloop
  endfacet
  facet normal 0.587786 0.809017 -0
    outer loop
      vertex -3.125 -5.41266 0
      vertex -4.18207 -4.64465 25
      vertex -3.125 -5.41266 25
    endloop
  endfacet
  facet normal 0.587786 0.809017 0
    outer loop
      vertex -4.18207 -4.64465 25
      vertex -3.125 -5.41266 0
      vertex -4.18207 -4.64465 0
    endloop
  endfacet
  facet normal 0.406736 0.913546 -0
    outer loop
      vertex -1.93136 -5.9441 0
      vertex -3.125 -5.41266 25
      vertex -1.93136 -5.9441 25
    endloop
  endfacet
  facet normal 0.406736 0.913546 0
    outer loop
      vertex -3.125 -5.41266 25
      vertex -1.93136 -5.9441 0
      vertex -3.125 -5.41266 0
    endloop
  endfacet
  facet normal 0.743145 0.669131 0
    outer loop
      vertex -4.18207 -4.64465 25
      vertex -5.05636 -3.67366 0
      vertex -5.05636 -3.67366 25
    endloop
  endfacet
  facet normal 0.743145 0.669131 0
    outer loop
      vertex -5.05636 -3.67366 0
      vertex -4.18207 -4.64465 25
      vertex -4.18207 -4.64465 0
    endloop
  endfacet
  facet normal -0.406736 0.913546 0
    outer loop
      vertex 3.125 -5.41266 0
      vertex 1.93136 -5.9441 25
      vertex 3.125 -5.41266 25
    endloop
  endfacet
  facet normal -0.406736 0.913546 0
    outer loop
      vertex 1.93136 -5.9441 25
      vertex 3.125 -5.41266 0
      vertex 1.93136 -5.9441 0
    endloop
  endfacet
  facet normal 1 -0 0
    outer loop
      vertex -6.25 0 25
      vertex -6.25 6.25 0
      vertex -6.25 6.25 25
    endloop
  endfacet
  facet normal 1 0 0
    outer loop
      vertex -6.25 6.25 0
      vertex -6.25 0 25
      vertex -6.25 0 0
    endloop
  endfacet
  facet normal -1 0 0
    outer loop
      vertex 6.25 0 0
      vertex 6.25 6.25 25
      vertex 6.25 6.25 0
    endloop
  endfacet
  facet normal -1 -0 0
    outer loop
      vertex 6.25 6.25 25
      vertex 6.25 0 0
      vertex 6.25 0 25
    endloop
  endfacet
  facet normal 1 -0 0
    outer loop
      vertex 22.45 8.25 25
      vertex 22.45 12.25 0
      vertex 22.45 12.25 25
    endloop
  endfacet
  facet normal 1 0 0
    outer loop
      vertex 22.45 12.25 0
      vertex 22.45 8.25 25
      vertex 22.45 8.25 0
    endloop
  endfacet
  facet normal -0 0 1
    outer loop
      vertex 6.25 12.25 25
      vertex 22.45 8.25 25
      vertex 22.45 12.25 25
    endloop
  endfacet
  facet normal 0 0 1
    outer loop
      vertex 22.45 8.25 25
      vertex 6.25 12.25 25
      vertex 6.25 8.25 25
    endloop
  endfacet
  facet normal -1 0 0
    outer loop
      vertex 6.25 8.25 0
      vertex 6.25 12.25 25
      vertex 6.25 12.25 0
    endloop
  endfacet
  facet normal -1 -0 0
    outer loop
      vertex 6.25 12.25 25
      vertex 6.25 8.25 0
      vertex 6.25 8.25 25
    endloop
  endfacet
  facet normal 0 0 -1
    outer loop
      vertex 6.25 8.25 0
      vertex 22.45 12.25 0
      vertex 22.45 8.25 0
    endloop
  endfacet
  facet normal -0 0 -1
    outer loop
      vertex 22.45 12.25 0
      vertex 6.25 8.25 0
      vertex 6.25 12.25 0
    endloop
  endfacet
  facet normal 0 1 0
    outer loop
      vertex 22.45 12.25 25
      vertex 14.35 12.25 15.55
      vertex 6.25 12.25 25
    endloop
  endfacet
  facet normal 0 1 0
    outer loop
      vertex 22.45 12.25 25
      vertex 16.9914 12.25 14.025
      vertex 14.35 12.25 15.55
    endloop
  endfacet
  facet normal 0 1 0
    outer loop
      vertex 22.45 12.25 25
      vertex 16.9914 12.25 10.975
      vertex 16.9914 12.25 14.025
    endloop
  endfacet
  facet normal 0 1 0
    outer loop
      vertex 16.9914 12.25 10.975
      vertex 22.45 12.25 0
      vertex 14.35 12.25 9.45
    endloop
  endfacet
  facet normal 0 1 -0
    outer loop
      vertex 22.45 12.25 0
      vertex 16.9914 12.25 10.975
      vertex 22.45 12.25 25
    endloop
  endfacet
  facet normal 0 1 -0
    outer loop
      vertex 11.7086 12.25 14.025
      vertex 6.25 12.25 25
      vertex 14.35 12.25 15.55
    endloop
  endfacet
  facet normal 0 1 -0
    outer loop
      vertex 11.7086 12.25 10.975
      vertex 6.25 12.25 25
      vertex 11.7086 12.25 14.025
    endloop
  endfacet
  facet normal 0 1 0
    outer loop
      vertex 6.25 12.25 0
      vertex 14.35 12.25 9.45
      vertex 22.45 12.25 0
    endloop
  endfacet
  facet normal 0 1 0
    outer loop
      vertex 11.7086 12.25 10.975
      vertex 6.25 12.25 0
      vertex 6.25 12.25 25
    endloop
  endfacet
  facet normal 0 1 0
    outer loop
      vertex 14.35 12.25 9.45
      vertex 6.25 12.25 0
      vertex 11.7086 12.25 10.975
    endloop
  endfacet
  facet normal 0 -1 0
    outer loop
      vertex 6.25 8.25 25
      vertex 14.235 8.25 13.594
      vertex 22.45 8.25 25
    endloop
  endfacet
  facet normal 0 -1 0
    outer loop
      vertex 6.25 8.25 25
      vertex 14.0101 8.25 13.5462
      vertex 14.235 8.25 13.594
    endloop
  endfacet
  facet normal 0 -1 0
    outer loop
      vertex 6.25 8.25 25
      vertex 13.8 8.25 13.4526
      vertex 14.0101 8.25 13.5462
    endloop
  endfacet
  facet normal 0 -1 0
    outer loop
      vertex 6.25 8.25 25
      vertex 13.614 8.25 13.3175
      vertex 13.8 8.25 13.4526
    endloop
  endfacet
  facet normal 0 -1 0
    outer loop
      vertex 6.25 8.25 25
      vertex 13.4601 8.25 13.1466
      vertex 13.614 8.25 13.3175
    endloop
  endfacet
  facet normal 0 -1 0
    outer loop
      vertex 6.25 8.25 25
      vertex 13.3451 8.25 12.9474
      vertex 13.4601 8.25 13.1466
    endloop
  endfacet
  facet normal 0 -1 0
    outer loop
      vertex 6.25 8.25 25
      vertex 13.274 8.25 12.7287
      vertex 13.3451 8.25 12.9474
    endloop
  endfacet
  facet normal 0 -1 0
    outer loop
      vertex 6.25 8.25 25
      vertex 13.25 8.25 12.5
      vertex 13.274 8.25 12.7287
    endloop
  endfacet
  facet normal 0 -1 0
    outer loop
      vertex 6.25 8.25 0
      vertex 13.25 8.25 12.5
      vertex 6.25 8.25 25
    endloop
  endfacet
  facet normal 0 -1 -0
    outer loop
      vertex 13.25 8.25 12.5
      vertex 6.25 8.25 0
      vertex 13.274 8.25 12.2713
    endloop
  endfacet
  facet normal 0 -1 -0
    outer loop
      vertex 13.8 8.25 11.5474
      vertex 6.25 8.25 0
      vertex 14.9 8.25 11.5474
    endloop
  endfacet
  facet normal 0 -1 -0
    outer loop
      vertex 13.614 8.25 11.6825
      vertex 6.25 8.25 0
      vertex 13.8 8.25 11.5474
    endloop
  endfacet
  facet normal 0 -1 -0
    outer loop
      vertex 13.4601 8.25 11.8534
      vertex 6.25 8.25 0
      vertex 13.614 8.25 11.6825
    endloop
  endfacet
  facet normal 0 -1 -0
    outer loop
      vertex 13.3451 8.25 12.0526
      vertex 6.25 8.25 0
      vertex 13.4601 8.25 11.8534
    endloop
  endfacet
  facet normal 0 -1 -0
    outer loop
      vertex 13.274 8.25 12.2713
      vertex 6.25 8.25 0
      vertex 13.3451 8.25 12.0526
    endloop
  endfacet
  facet normal 0 -1 0
    outer loop
      vertex 14.465 8.25 13.594
      vertex 22.45 8.25 25
      vertex 14.235 8.25 13.594
    endloop
  endfacet
  facet normal 0 -1 0
    outer loop
      vertex 14.6899 8.25 13.5462
      vertex 22.45 8.25 25
      vertex 14.465 8.25 13.594
    endloop
  endfacet
  facet normal 0 -1 0
    outer loop
      vertex 14.9 8.25 13.4526
      vertex 22.45 8.25 25
      vertex 14.6899 8.25 13.5462
    endloop
  endfacet
  facet normal 0 -1 0
    outer loop
      vertex 15.086 8.25 13.3175
      vertex 22.45 8.25 25
      vertex 14.9 8.25 13.4526
    endloop
  endfacet
  facet normal 0 -1 0
    outer loop
      vertex 15.2399 8.25 13.1466
      vertex 22.45 8.25 25
      vertex 15.086 8.25 13.3175
    endloop
  endfacet
  facet normal 0 -1 0
    outer loop
      vertex 15.3549 8.25 12.9474
      vertex 22.45 8.25 25
      vertex 15.2399 8.25 13.1466
    endloop
  endfacet
  facet normal 0 -1 0
    outer loop
      vertex 15.426 8.25 12.7287
      vertex 22.45 8.25 25
      vertex 15.3549 8.25 12.9474
    endloop
  endfacet
  facet normal 0 -1 0
    outer loop
      vertex 15.45 8.25 12.5
      vertex 22.45 8.25 25
      vertex 15.426 8.25 12.7287
    endloop
  endfacet
  facet normal 0 -1 0
    outer loop
      vertex 22.45 8.25 0
      vertex 15.45 8.25 12.5
      vertex 15.426 8.25 12.2713
    endloop
  endfacet
  facet normal 0 -1 0
    outer loop
      vertex 22.45 8.25 0
      vertex 15.426 8.25 12.2713
      vertex 15.3549 8.25 12.0526
    endloop
  endfacet
  facet normal 0 -1 0
    outer loop
      vertex 22.45 8.25 0
      vertex 14.9 8.25 11.5474
      vertex 6.25 8.25 0
    endloop
  endfacet
  facet normal 0 -1 0
    outer loop
      vertex 14.9 8.25 11.5474
      vertex 22.45 8.25 0
      vertex 15.086 8.25 11.6825
    endloop
  endfacet
  facet normal 0 -1 0
    outer loop
      vertex 15.45 8.25 12.5
      vertex 22.45 8.25 0
      vertex 22.45 8.25 25
    endloop
  endfacet
  facet normal 0 -1 0
    outer loop
      vertex 15.2399 8.25 11.8534
      vertex 22.45 8.25 0
      vertex 15.3549 8.25 12.0526
    endloop
  endfacet
  facet normal 0 -1 0
    outer loop
      vertex 15.086 8.25 11.6825
      vertex 22.45 8.25 0
      vertex 15.2399 8.25 11.8534
    endloop
  endfacet
  facet normal 0.994522 -0 0.104531
    outer loop
      vertex 13.25 8.25 12.5
      vertex 13.274 10.25 12.2713
      vertex 13.25 10.25 12.5
    endloop
  endfacet
  facet normal 0.994522 0 0.104531
    outer loop
      vertex 13.274 10.25 12.2713
      vertex 13.25 8.25 12.5
      vertex 13.274 8.25 12.2713
    endloop
  endfacet
  facet normal -0.994522 -0 -0.104532
    outer loop
      vertex 15.426 10.25 12.7287
      vertex 15.438 10.25 12.6144
      vertex 15.426 8.25 12.7287
    endloop
  endfacet
  facet normal -0.207911 0 0.978148
    outer loop
      vertex 14.465 10.25 11.406
      vertex 14.6899 8.25 11.4538
      vertex 14.6899 10.25 11.4538
    endloop
  endfacet
  facet normal -0.207911 0 0.978148
    outer loop
      vertex 14.6899 8.25 11.4538
      vertex 14.465 10.25 11.406
      vertex 14.465 8.25 11.406
    endloop
  endfacet
  facet normal 0.587784 0 0.809018
    outer loop
      vertex 13.614 10.25 11.6825
      vertex 13.8 8.25 11.5474
      vertex 13.8 10.25 11.5474
    endloop
  endfacet
  facet normal 0.587784 0 0.809018
    outer loop
      vertex 13.8 8.25 11.5474
      vertex 13.614 10.25 11.6825
      vertex 13.614 8.25 11.6825
    endloop
  endfacet
  facet normal 0.20791 0 -0.978148
    outer loop
      vertex 14.0101 8.25 13.5462
      vertex 14.235 10.25 13.594
      vertex 14.235 8.25 13.594
    endloop
  endfacet
  facet normal 0.20791 0 -0.978148
    outer loop
      vertex 14.235 10.25 13.594
      vertex 14.0101 8.25 13.5462
      vertex 14.0101 10.25 13.5462
    endloop
  endfacet
  facet normal -0.866025 0 0.5
    outer loop
      vertex 15.2399 8.25 11.8534
      vertex 15.3549 10.25 12.0526
      vertex 15.2399 10.25 11.8534
    endloop
  endfacet
  facet normal -0.866025 0 0.5
    outer loop
      vertex 15.3549 10.25 12.0526
      vertex 15.2399 8.25 11.8534
      vertex 15.3549 8.25 12.0526
    endloop
  endfacet
  facet normal -0.951057 0 0.309016
    outer loop
      vertex 15.3549 8.25 12.0526
      vertex 15.426 10.25 12.2713
      vertex 15.3549 10.25 12.0526
    endloop
  endfacet
  facet normal -0.951057 0 0.309016
    outer loop
      vertex 15.426 10.25 12.2713
      vertex 15.3549 8.25 12.0526
      vertex 15.426 8.25 12.2713
    endloop
  endfacet
  facet normal 0.866025 0 -0.5
    outer loop
      vertex 13.4601 8.25 13.1466
      vertex 13.3451 10.25 12.9474
      vertex 13.4601 10.25 13.1466
    endloop
  endfacet
  facet normal 0.866025 0 -0.5
    outer loop
      vertex 13.3451 10.25 12.9474
      vertex 13.4601 8.25 13.1466
      vertex 13.3451 8.25 12.9474
    endloop
  endfacet
  facet normal 0.866025 -0 0.5
    outer loop
      vertex 13.3451 8.25 12.0526
      vertex 13.4601 10.25 11.8534
      vertex 13.3451 10.25 12.0526
    endloop
  endfacet
  facet normal 0.866025 0 0.5
    outer loop
      vertex 13.4601 10.25 11.8534
      vertex 13.3451 8.25 12.0526
      vertex 13.4601 8.25 11.8534
    endloop
  endfacet
  facet normal 0.951057 -0 0.309016
    outer loop
      vertex 13.274 8.25 12.2713
      vertex 13.3451 10.25 12.0526
      vertex 13.274 10.25 12.2713
    endloop
  endfacet
  facet normal 0.951057 0 0.309016
    outer loop
      vertex 13.3451 10.25 12.0526
      vertex 13.274 8.25 12.2713
      vertex 13.3451 8.25 12.0526
    endloop
  endfacet
  facet normal 0.743146 -0 0.669129
    outer loop
      vertex 13.4601 8.25 11.8534
      vertex 13.614 10.25 11.6825
      vertex 13.4601 10.25 11.8534
    endloop
  endfacet
  facet normal 0.743146 0 0.669129
    outer loop
      vertex 13.614 10.25 11.6825
      vertex 13.4601 8.25 11.8534
      vertex 13.614 8.25 11.6825
    endloop
  endfacet
  facet normal 0.20791 0 0.978148
    outer loop
      vertex 14.0101 10.25 11.4538
      vertex 14.235 8.25 11.406
      vertex 14.235 10.25 11.406
    endloop
  endfacet
  facet normal 0.20791 0 0.978148
    outer loop
      vertex 14.235 8.25 11.406
      vertex 14.0101 10.25 11.4538
      vertex 14.0101 8.25 11.4538
    endloop
  endfacet
  facet normal -0 0 1
    outer loop
      vertex 14.35 10.25 11.406
      vertex 14.465 8.25 11.406
      vertex 14.465 10.25 11.406
    endloop
  endfacet
  facet normal 0 0 1
    outer loop
      vertex 14.235 8.25 11.406
      vertex 14.35 10.25 11.406
      vertex 14.235 10.25 11.406
    endloop
  endfacet
  facet normal 0 0 1
    outer loop
      vertex 14.35 10.25 11.406
      vertex 14.235 8.25 11.406
      vertex 14.465 8.25 11.406
    endloop
  endfacet
  facet normal 0 1 6.74709e-006
    outer loop
      vertex 14.465 8.25 11.406
      vertex 13.8 8.25 11.5474
      vertex 14.9 8.25 11.5474
    endloop
  endfacet
  facet normal 0 1 6.74709e-006
    outer loop
      vertex 13.8 8.25 11.5474
      vertex 14.465 8.25 11.406
      vertex 14.235 8.25 11.406
    endloop
  endfacet
  facet normal 0.406738 0 0.913545
    outer loop
      vertex 13.8 10.25 11.5474
      vertex 14.0101 8.25 11.4538
      vertex 14.0101 10.25 11.4538
    endloop
  endfacet
  facet normal 0.406738 0 0.913545
    outer loop
      vertex 14.0101 8.25 11.4538
      vertex 13.8 10.25 11.5474
      vertex 13.8 8.25 11.5474
    endloop
  endfacet
  facet normal -4.14704e-006 1 1.95104e-005
    outer loop
      vertex 14.9 8.25 11.5474
      vertex 14.6899 8.25 11.4538
      vertex 14.465 8.25 11.406
    endloop
  endfacet
  facet normal -0.994522 0 0.104532
    outer loop
      vertex 15.426 8.25 12.2713
      vertex 15.438 10.25 12.3856
      vertex 15.426 10.25 12.2713
    endloop
  endfacet
  facet normal -0.994522 2.37113e-007 0.104527
    outer loop
      vertex 15.438 10.25 12.3856
      vertex 15.426 8.25 12.2713
      vertex 15.45 8.25 12.5
    endloop
  endfacet
  facet normal 0.994522 0 -0.104532
    outer loop
      vertex 13.274 8.25 12.7287
      vertex 13.25 10.25 12.5
      vertex 13.274 10.25 12.7287
    endloop
  endfacet
  facet normal 0.994522 0 -0.104532
    outer loop
      vertex 13.25 10.25 12.5
      vertex 13.274 8.25 12.7287
      vertex 13.25 8.25 12.5
    endloop
  endfacet
  facet normal 0.951057 0 -0.309016
    outer loop
      vertex 13.3451 8.25 12.9474
      vertex 13.274 10.25 12.7287
      vertex 13.3451 10.25 12.9474
    endloop
  endfacet
  facet normal 0.951057 0 -0.309016
    outer loop
      vertex 13.274 10.25 12.7287
      vertex 13.3451 8.25 12.9474
      vertex 13.274 8.25 12.7287
    endloop
  endfacet
  facet normal 4.14699e-006 1 1.95102e-005
    outer loop
      vertex 14.235 8.25 11.406
      vertex 14.0101 8.25 11.4538
      vertex 13.8 8.25 11.5474
    endloop
  endfacet
  facet normal -0.587784 0 0.809018
    outer loop
      vertex 14.9 10.25 11.5474
      vertex 15.086 8.25 11.6825
      vertex 15.086 10.25 11.6825
    endloop
  endfacet
  facet normal -0.587784 0 0.809018
    outer loop
      vertex 15.086 8.25 11.6825
      vertex 14.9 10.25 11.5474
      vertex 14.9 8.25 11.5474
    endloop
  endfacet
  facet normal -0.406736 0 0.913546
    outer loop
      vertex 14.6899 10.25 11.4538
      vertex 14.9 8.25 11.5474
      vertex 14.9 10.25 11.5474
    endloop
  endfacet
  facet normal -0.406736 0 0.913546
    outer loop
      vertex 14.9 8.25 11.5474
      vertex 14.6899 10.25 11.4538
      vertex 14.6899 8.25 11.4538
    endloop
  endfacet
  facet normal -0.743146 0 0.669129
    outer loop
      vertex 15.086 8.25 11.6825
      vertex 15.2399 10.25 11.8534
      vertex 15.086 10.25 11.6825
    endloop
  endfacet
  facet normal -0.743146 0 0.669129
    outer loop
      vertex 15.2399 10.25 11.8534
      vertex 15.086 8.25 11.6825
      vertex 15.2399 8.25 11.8534
    endloop
  endfacet
  facet normal -0.994523 -4.98402e-008 0.104522
    outer loop
      vertex 15.45 8.25 12.5
      vertex 15.45 10.25 12.5
      vertex 15.438 10.25 12.3856
    endloop
  endfacet
  facet normal -0.994522 4.98406e-008 -0.104523
    outer loop
      vertex 15.45 8.25 12.5
      vertex 15.438 10.25 12.6144
      vertex 15.45 10.25 12.5
    endloop
  endfacet
  facet normal -0.994522 2.62034e-007 -0.104527
    outer loop
      vertex 15.438 10.25 12.6144
      vertex 15.45 8.25 12.5
      vertex 15.426 8.25 12.7287
    endloop
  endfacet
  facet normal -0.743146 0 -0.669129
    outer loop
      vertex 15.2399 8.25 13.1466
      vertex 15.086 10.25 13.3175
      vertex 15.2399 10.25 13.1466
    endloop
  endfacet
  facet normal -0.743146 -0 -0.669129
    outer loop
      vertex 15.086 10.25 13.3175
      vertex 15.2399 8.25 13.1466
      vertex 15.086 8.25 13.3175
    endloop
  endfacet
  facet normal 0.743146 0 -0.669129
    outer loop
      vertex 13.614 8.25 13.3175
      vertex 13.4601 10.25 13.1466
      vertex 13.614 10.25 13.3175
    endloop
  endfacet
  facet normal 0.743146 0 -0.669129
    outer loop
      vertex 13.4601 10.25 13.1466
      vertex 13.614 8.25 13.3175
      vertex 13.4601 8.25 13.1466
    endloop
  endfacet
  facet normal 0 0 -1
    outer loop
      vertex 14.465 8.25 13.594
      vertex 14.35 10.25 13.594
      vertex 14.465 10.25 13.594
    endloop
  endfacet
  facet normal 0 0 -1
    outer loop
      vertex 14.235 8.25 13.594
      vertex 14.35 10.25 13.594
      vertex 14.465 8.25 13.594
    endloop
  endfacet
  facet normal -0 0 -1
    outer loop
      vertex 14.35 10.25 13.594
      vertex 14.235 8.25 13.594
      vertex 14.235 10.25 13.594
    endloop
  endfacet
  facet normal -0.207911 0 -0.978148
    outer loop
      vertex 14.465 8.25 13.594
      vertex 14.6899 10.25 13.5462
      vertex 14.6899 8.25 13.5462
    endloop
  endfacet
  facet normal -0.207911 0 -0.978148
    outer loop
      vertex 14.6899 10.25 13.5462
      vertex 14.465 8.25 13.594
      vertex 14.465 10.25 13.594
    endloop
  endfacet
  facet normal -0.587784 0 -0.809018
    outer loop
      vertex 14.9 8.25 13.4526
      vertex 15.086 10.25 13.3175
      vertex 15.086 8.25 13.3175
    endloop
  endfacet
  facet normal -0.587784 0 -0.809018
    outer loop
      vertex 15.086 10.25 13.3175
      vertex 14.9 8.25 13.4526
      vertex 14.9 10.25 13.4526
    endloop
  endfacet
  facet normal -0.866025 0 -0.5
    outer loop
      vertex 15.3549 8.25 12.9474
      vertex 15.2399 10.25 13.1466
      vertex 15.3549 10.25 12.9474
    endloop
  endfacet
  facet normal -0.866025 -0 -0.5
    outer loop
      vertex 15.2399 10.25 13.1466
      vertex 15.3549 8.25 12.9474
      vertex 15.2399 8.25 13.1466
    endloop
  endfacet
  facet normal -0.951057 0 -0.309016
    outer loop
      vertex 15.426 8.25 12.7287
      vertex 15.3549 10.25 12.9474
      vertex 15.426 10.25 12.7287
    endloop
  endfacet
  facet normal -0.951057 -0 -0.309016
    outer loop
      vertex 15.3549 10.25 12.9474
      vertex 15.426 8.25 12.7287
      vertex 15.3549 8.25 12.9474
    endloop
  endfacet
  facet normal 0.587784 0 -0.809018
    outer loop
      vertex 13.614 8.25 13.3175
      vertex 13.8 10.25 13.4526
      vertex 13.8 8.25 13.4526
    endloop
  endfacet
  facet normal 0.587784 0 -0.809018
    outer loop
      vertex 13.8 10.25 13.4526
      vertex 13.614 8.25 13.3175
      vertex 13.614 10.25 13.3175
    endloop
  endfacet
  facet normal 0.406738 0 -0.913545
    outer loop
      vertex 13.8 8.25 13.4526
      vertex 14.0101 10.25 13.5462
      vertex 14.0101 8.25 13.5462
    endloop
  endfacet
  facet normal 0.406738 0 -0.913545
    outer loop
      vertex 14.0101 10.25 13.5462
      vertex 13.8 8.25 13.4526
      vertex 13.8 10.25 13.4526
    endloop
  endfacet
  facet normal -0.406736 0 -0.913546
    outer loop
      vertex 14.6899 8.25 13.5462
      vertex 14.9 10.25 13.4526
      vertex 14.9 8.25 13.4526
    endloop
  endfacet
  facet normal -0.406736 0 -0.913546
    outer loop
      vertex 14.9 10.25 13.4526
      vertex 14.6899 8.25 13.5462
      vertex 14.6899 10.25 13.5462
    endloop
  endfacet
  facet normal -0.5 0 0.866026
    outer loop
      vertex 14.35 12.25 9.45
      vertex 16.9914 10.25 10.975
      vertex 16.9914 12.25 10.975
    endloop
  endfacet
  facet normal -0.5 0 0.866026
    outer loop
      vertex 16.9914 10.25 10.975
      vertex 14.35 12.25 9.45
      vertex 14.35 10.25 9.45
    endloop
  endfacet
  facet normal -1 0 0
    outer loop
      vertex 16.9914 10.25 10.975
      vertex 16.9914 12.25 14.025
      vertex 16.9914 12.25 10.975
    endloop
  endfacet
  facet normal -1 -0 0
    outer loop
      vertex 16.9914 12.25 14.025
      vertex 16.9914 10.25 10.975
      vertex 16.9914 10.25 14.025
    endloop
  endfacet
  facet normal 0 1 0
    outer loop
      vertex 14.35 10.25 15.55
      vertex 14.6899 10.25 13.5462
      vertex 14.465 10.25 13.594
    endloop
  endfacet
  facet normal 0 1 0
    outer loop
      vertex 14.35 10.25 15.55
      vertex 14.9 10.25 13.4526
      vertex 14.6899 10.25 13.5462
    endloop
  endfacet
  facet normal -3.31231e-007 1 -4.55902e-007
    outer loop
      vertex 16.9914 10.25 14.025
      vertex 15.086 10.25 13.3175
      vertex 14.9 10.25 13.4526
    endloop
  endfacet
  facet normal -3.75107e-007 1 -3.37747e-007
    outer loop
      vertex 16.9914 10.25 14.025
      vertex 15.2399 10.25 13.1466
      vertex 15.086 10.25 13.3175
    endloop
  endfacet
  facet normal -4.22237e-007 1 -2.43779e-007
    outer loop
      vertex 16.9914 10.25 14.025
      vertex 15.3549 10.25 12.9474
      vertex 15.2399 10.25 13.1466
    endloop
  endfacet
  facet normal -4.80052e-007 1 -1.55978e-007
    outer loop
      vertex 16.9914 10.25 14.025
      vertex 15.426 10.25 12.7287
      vertex 15.3549 10.25 12.9474
    endloop
  endfacet
  facet normal -5.60435e-007 1 -5.89059e-008
    outer loop
      vertex 16.9914 10.25 14.025
      vertex 15.438 10.25 12.6144
      vertex 15.426 10.25 12.7287
    endloop
  endfacet
  facet normal -5.60439e-007 1 -5.89016e-008
    outer loop
      vertex 16.9914 10.25 14.025
      vertex 15.45 10.25 12.5
      vertex 15.438 10.25 12.6144
    endloop
  endfacet
  facet normal -6.18715e-007 1 0
    outer loop
      vertex 16.9914 10.25 10.975
      vertex 15.45 10.25 12.5
      vertex 16.9914 10.25 14.025
    endloop
  endfacet
  facet normal -5.6044e-007 1 5.89012e-008
    outer loop
      vertex 15.45 10.25 12.5
      vertex 16.9914 10.25 10.975
      vertex 15.438 10.25 12.3856
    endloop
  endfacet
  facet normal -5.60435e-007 1 5.89059e-008
    outer loop
      vertex 15.438 10.25 12.3856
      vertex 16.9914 10.25 10.975
      vertex 15.426 10.25 12.2713
    endloop
  endfacet
  facet normal -4.80052e-007 1 1.55978e-007
    outer loop
      vertex 15.426 10.25 12.2713
      vertex 16.9914 10.25 10.975
      vertex 15.3549 10.25 12.0526
    endloop
  endfacet
  facet normal -4.22237e-007 1 2.43779e-007
    outer loop
      vertex 15.3549 10.25 12.0526
      vertex 16.9914 10.25 10.975
      vertex 15.2399 10.25 11.8534
    endloop
  endfacet
  facet normal -3.75107e-007 1 3.37747e-007
    outer loop
      vertex 16.9914 10.25 10.975
      vertex 15.086 10.25 11.6825
      vertex 15.2399 10.25 11.8534
    endloop
  endfacet
  facet normal -3.31231e-007 1 4.55902e-007
    outer loop
      vertex 16.9914 10.25 10.975
      vertex 14.9 10.25 11.5474
      vertex 15.086 10.25 11.6825
    endloop
  endfacet
  facet normal -4.25468e-007 1 1.11572e-007
    outer loop
      vertex 14.35 10.25 9.45
      vertex 14.9 10.25 11.5474
      vertex 16.9914 10.25 10.975
    endloop
  endfacet
  facet normal 0 1 0
    outer loop
      vertex 14.9 10.25 11.5474
      vertex 14.35 10.25 9.45
      vertex 14.6899 10.25 11.4538
    endloop
  endfacet
  facet normal 0 1 0
    outer loop
      vertex 14.6899 10.25 11.4538
      vertex 14.35 10.25 9.45
      vertex 14.465 10.25 11.406
    endloop
  endfacet
  facet normal 0 1 0
    outer loop
      vertex 14.465 10.25 11.406
      vertex 14.35 10.25 9.45
      vertex 14.35 10.25 11.406
    endloop
  endfacet
  facet normal -4.25468e-007 1 -1.11572e-007
    outer loop
      vertex 14.9 10.25 13.4526
      vertex 14.35 10.25 15.55
      vertex 16.9914 10.25 14.025
    endloop
  endfacet
  facet normal 0 1 0
    outer loop
      vertex 14.35 10.25 15.55
      vertex 14.465 10.25 13.594
      vertex 14.35 10.25 13.594
    endloop
  endfacet
  facet normal -0.5 0 -0.866026
    outer loop
      vertex 14.35 10.25 15.55
      vertex 16.9914 12.25 14.025
      vertex 16.9914 10.25 14.025
    endloop
  endfacet
  facet normal -0.5 0 -0.866026
    outer loop
      vertex 16.9914 12.25 14.025
      vertex 14.35 10.25 15.55
      vertex 14.35 12.25 15.55
    endloop
  endfacet
  facet normal 0.5 0 0.866025
    outer loop
      vertex 11.7086 12.25 10.975
      vertex 14.35 10.25 9.45
      vertex 14.35 12.25 9.45
    endloop
  endfacet
  facet normal 0.5 0 0.866025
    outer loop
      vertex 14.35 10.25 9.45
      vertex 11.7086 12.25 10.975
      vertex 11.7086 10.25 10.975
    endloop
  endfacet
  facet normal 0 1 -0
    outer loop
      vertex 14.35 10.25 9.45
      vertex 14.235 10.25 11.406
      vertex 14.35 10.25 11.406
    endloop
  endfacet
  facet normal 0 1 0
    outer loop
      vertex 14.235 10.25 11.406
      vertex 14.35 10.25 9.45
      vertex 11.7086 10.25 10.975
    endloop
  endfacet
  facet normal 0 1 0
    outer loop
      vertex 14.235 10.25 13.594
      vertex 14.35 10.25 15.55
      vertex 14.35 10.25 13.594
    endloop
  endfacet
  facet normal 0 1 0
    outer loop
      vertex 14.0101 10.25 13.5462
      vertex 14.35 10.25 15.55
      vertex 14.235 10.25 13.594
    endloop
  endfacet
  facet normal 0 1 0
    outer loop
      vertex 13.8 10.25 13.4526
      vertex 14.35 10.25 15.55
      vertex 14.0101 10.25 13.5462
    endloop
  endfacet
  facet normal 0 1 0
    outer loop
      vertex 14.35 10.25 15.55
      vertex 13.8 10.25 13.4526
      vertex 11.7086 10.25 14.025
    endloop
  endfacet
  facet normal 0 1 -0
    outer loop
      vertex 13.614 10.25 13.3175
      vertex 11.7086 10.25 14.025
      vertex 13.8 10.25 13.4526
    endloop
  endfacet
  facet normal 0 1 -0
    outer loop
      vertex 13.4601 10.25 13.1466
      vertex 11.7086 10.25 14.025
      vertex 13.614 10.25 13.3175
    endloop
  endfacet
  facet normal 0 1 -0
    outer loop
      vertex 13.3451 10.25 12.9474
      vertex 11.7086 10.25 14.025
      vertex 13.4601 10.25 13.1466
    endloop
  endfacet
  facet normal 0 1 -0
    outer loop
      vertex 13.274 10.25 12.7287
      vertex 11.7086 10.25 14.025
      vertex 13.3451 10.25 12.9474
    endloop
  endfacet
  facet normal 0 1 -0
    outer loop
      vertex 13.25 10.25 12.5
      vertex 11.7086 10.25 14.025
      vertex 13.274 10.25 12.7287
    endloop
  endfacet
  facet normal 0 1 0
    outer loop
      vertex 11.7086 10.25 10.975
      vertex 13.25 10.25 12.5
      vertex 13.274 10.25 12.2713
    endloop
  endfacet
  facet normal 0 1 0
    outer loop
      vertex 11.7086 10.25 10.975
      vertex 13.274 10.25 12.2713
      vertex 13.3451 10.25 12.0526
    endloop
  endfacet
  facet normal 0 1 0
    outer loop
      vertex 11.7086 10.25 10.975
      vertex 13.3451 10.25 12.0526
      vertex 13.4601 10.25 11.8534
    endloop
  endfacet
  facet normal 0 1 0
    outer loop
      vertex 13.25 10.25 12.5
      vertex 11.7086 10.25 10.975
      vertex 11.7086 10.25 14.025
    endloop
  endfacet
  facet normal 0 1 0
    outer loop
      vertex 13.614 10.25 11.6825
      vertex 11.7086 10.25 10.975
      vertex 13.4601 10.25 11.8534
    endloop
  endfacet
  facet normal 0 1 0
    outer loop
      vertex 13.8 10.25 11.5474
      vertex 11.7086 10.25 10.975
      vertex 13.614 10.25 11.6825
    endloop
  endfacet
  facet normal 0 1 0
    outer loop
      vertex 14.0101 10.25 11.4538
      vertex 11.7086 10.25 10.975
      vertex 13.8 10.25 11.5474
    endloop
  endfacet
  facet normal 0 1 0
    outer loop
      vertex 11.7086 10.25 10.975
      vertex 14.0101 10.25 11.4538
      vertex 14.235 10.25 11.406
    endloop
  endfacet
  facet normal 1 -0 0
    outer loop
      vertex 11.7086 10.25 14.025
      vertex 11.7086 12.25 10.975
      vertex 11.7086 12.25 14.025
    endloop
  endfacet
  facet normal 1 0 0
    outer loop
      vertex 11.7086 12.25 10.975
      vertex 11.7086 10.25 14.025
      vertex 11.7086 10.25 10.975
    endloop
  endfacet
  facet normal 0.5 0 -0.866025
    outer loop
      vertex 11.7086 10.25 14.025
      vertex 14.35 12.25 15.55
      vertex 14.35 10.25 15.55
    endloop
  endfacet
  facet normal 0.5 0 -0.866025
    outer loop
      vertex 14.35 12.25 15.55
      vertex 11.7086 10.25 14.025
      vertex 11.7086 12.25 14.025
    endloop
  endfacet
  facet normal -0 0 1
    outer loop
      vertex -22.45 12.25 25
      vertex 6.25 8.25 25
      vertex 6.25 12.25 25
    endloop
  endfacet
  facet normal 0 0 1
    outer loop
      vertex 6.25 8.25 25
      vertex -22.45 12.25 25
      vertex -22.45 8.25 25
    endloop
  endfacet
  facet normal -1 0 0
    outer loop
      vertex -22.45 8.25 0
      vertex -22.45 12.25 25
      vertex -22.45 12.25 0
    endloop
  endfacet
  facet normal -1 -0 0
    outer loop
      vertex -22.45 12.25 25
      vertex -22.45 8.25 0
      vertex -22.45 8.25 25
    endloop
  endfacet
  facet normal 0 0 -1
    outer loop
      vertex -22.45 8.25 0
      vertex 6.25 12.25 0
      vertex 6.25 8.25 0
    endloop
  endfacet
  facet normal -0 0 -1
    outer loop
      vertex 6.25 12.25 0
      vertex -22.45 8.25 0
      vertex -22.45 12.25 0
    endloop
  endfacet
  facet normal 0 1 0
    outer loop
      vertex 6.25 12.25 25
      vertex -14.35 12.25 15.55
      vertex -22.45 12.25 25
    endloop
  endfacet
  facet normal 0 1 0
    outer loop
      vertex 6.25 12.25 25
      vertex -11.7086 12.25 14.025
      vertex -14.35 12.25 15.55
    endloop
  endfacet
  facet normal 0 1 0
    outer loop
      vertex 6.25 12.25 25
      vertex -11.7086 12.25 10.975
      vertex -11.7086 12.25 14.025
    endloop
  endfacet
  facet normal 0 1 0
    outer loop
      vertex -11.7086 12.25 10.975
      vertex 6.25 12.25 0
      vertex -14.35 12.25 9.45
    endloop
  endfacet
  facet normal 0 1 -0
    outer loop
      vertex 6.25 12.25 0
      vertex -11.7086 12.25 10.975
      vertex 6.25 12.25 25
    endloop
  endfacet
  facet normal 0 1 -0
    outer loop
      vertex -16.9914 12.25 14.025
      vertex -22.45 12.25 25
      vertex -14.35 12.25 15.55
    endloop
  endfacet
  facet normal 0 1 -0
    outer loop
      vertex -16.9914 12.25 10.975
      vertex -22.45 12.25 25
      vertex -16.9914 12.25 14.025
    endloop
  endfacet
  facet normal 0 1 0
    outer loop
      vertex -16.9914 12.25 10.975
      vertex -22.45 12.25 0
      vertex -22.45 12.25 25
    endloop
  endfacet
  facet normal 0 1 0
    outer loop
      vertex -14.35 12.25 9.45
      vertex -22.45 12.25 0
      vertex -16.9914 12.25 10.975
    endloop
  endfacet
  facet normal 0 1 0
    outer loop
      vertex -22.45 12.25 0
      vertex -14.35 12.25 9.45
      vertex 6.25 12.25 0
    endloop
  endfacet
  facet normal 0 -1 0
    outer loop
      vertex -14.235 8.25 13.594
      vertex -22.45 8.25 25
      vertex -14.465 8.25 13.594
    endloop
  endfacet
  facet normal 0 -1 0
    outer loop
      vertex -22.45 8.25 25
      vertex -14.6899 8.25 13.5462
      vertex -14.465 8.25 13.594
    endloop
  endfacet
  facet normal 0 -1 0
    outer loop
      vertex -22.45 8.25 25
      vertex -14.9 8.25 13.4526
      vertex -14.6899 8.25 13.5462
    endloop
  endfacet
  facet normal 0 -1 0
    outer loop
      vertex -22.45 8.25 25
      vertex -15.086 8.25 13.3175
      vertex -14.9 8.25 13.4526
    endloop
  endfacet
  facet normal 0 -1 0
    outer loop
      vertex -22.45 8.25 25
      vertex -15.2399 8.25 13.1466
      vertex -15.086 8.25 13.3175
    endloop
  endfacet
  facet normal 0 -1 0
    outer loop
      vertex -22.45 8.25 25
      vertex -15.3549 8.25 12.9474
      vertex -15.2399 8.25 13.1466
    endloop
  endfacet
  facet normal 0 -1 0
    outer loop
      vertex -22.45 8.25 25
      vertex -15.426 8.25 12.7287
      vertex -15.3549 8.25 12.9474
    endloop
  endfacet
  facet normal 0 -1 0
    outer loop
      vertex -22.45 8.25 25
      vertex -15.45 8.25 12.5
      vertex -15.426 8.25 12.7287
    endloop
  endfacet
  facet normal 0 -1 0
    outer loop
      vertex -22.45 8.25 0
      vertex -15.45 8.25 12.5
      vertex -22.45 8.25 25
    endloop
  endfacet
  facet normal 0 -1 -0
    outer loop
      vertex -15.45 8.25 12.5
      vertex -22.45 8.25 0
      vertex -15.426 8.25 12.2713
    endloop
  endfacet
  facet normal 0 -1 -0
    outer loop
      vertex -14.9 8.25 11.5474
      vertex -22.45 8.25 0
      vertex -13.8 8.25 11.5474
    endloop
  endfacet
  facet normal 0 -1 -0
    outer loop
      vertex -15.086 8.25 11.6825
      vertex -22.45 8.25 0
      vertex -14.9 8.25 11.5474
    endloop
  endfacet
  facet normal 0 -1 -0
    outer loop
      vertex -15.2399 8.25 11.8534
      vertex -22.45 8.25 0
      vertex -15.086 8.25 11.6825
    endloop
  endfacet
  facet normal 0 -1 -0
    outer loop
      vertex -15.3549 8.25 12.0526
      vertex -22.45 8.25 0
      vertex -15.2399 8.25 11.8534
    endloop
  endfacet
  facet normal 0 -1 -0
    outer loop
      vertex -15.426 8.25 12.2713
      vertex -22.45 8.25 0
      vertex -15.3549 8.25 12.0526
    endloop
  endfacet
  facet normal 0 -1 0
    outer loop
      vertex -14.0101 8.25 13.5462
      vertex -22.45 8.25 25
      vertex -14.235 8.25 13.594
    endloop
  endfacet
  facet normal 0 -1 0
    outer loop
      vertex -22.45 8.25 25
      vertex -14.0101 8.25 13.5462
      vertex 6.25 8.25 25
    endloop
  endfacet
  facet normal 0 -1 0
    outer loop
      vertex -13.8 8.25 13.4526
      vertex 6.25 8.25 25
      vertex -14.0101 8.25 13.5462
    endloop
  endfacet
  facet normal 0 -1 0
    outer loop
      vertex -13.614 8.25 13.3175
      vertex 6.25 8.25 25
      vertex -13.8 8.25 13.4526
    endloop
  endfacet
  facet normal 0 -1 0
    outer loop
      vertex -13.4601 8.25 13.1466
      vertex 6.25 8.25 25
      vertex -13.614 8.25 13.3175
    endloop
  endfacet
  facet normal 0 -1 0
    outer loop
      vertex -13.3451 8.25 12.9474
      vertex 6.25 8.25 25
      vertex -13.4601 8.25 13.1466
    endloop
  endfacet
  facet normal 0 -1 0
    outer loop
      vertex -13.274 8.25 12.7287
      vertex 6.25 8.25 25
      vertex -13.3451 8.25 12.9474
    endloop
  endfacet
  facet normal 0 -1 0
    outer loop
      vertex -13.25 8.25 12.5
      vertex 6.25 8.25 25
      vertex -13.274 8.25 12.7287
    endloop
  endfacet
  facet normal 0 -1 0
    outer loop
      vertex 6.25 8.25 0
      vertex -13.25 8.25 12.5
      vertex -13.274 8.25 12.2713
    endloop
  endfacet
  facet normal 0 -1 0
    outer loop
      vertex 6.25 8.25 0
      vertex -13.274 8.25 12.2713
      vertex -13.3451 8.25 12.0526
    endloop
  endfacet
  facet normal 0 -1 0
    outer loop
      vertex 6.25 8.25 0
      vertex -13.3451 8.25 12.0526
      vertex -13.4601 8.25 11.8534
    endloop
  endfacet
  facet normal 0 -1 0
    outer loop
      vertex 6.25 8.25 0
      vertex -13.4601 8.25 11.8534
      vertex -13.614 8.25 11.6825
    endloop
  endfacet
  facet normal 0 -1 0
    outer loop
      vertex 6.25 8.25 0
      vertex -13.614 8.25 11.6825
      vertex -13.8 8.25 11.5474
    endloop
  endfacet
  facet normal 0 -1 0
    outer loop
      vertex 6.25 8.25 0
      vertex -13.8 8.25 11.5474
      vertex -22.45 8.25 0
    endloop
  endfacet
  facet normal 0 -1 0
    outer loop
      vertex -13.25 8.25 12.5
      vertex 6.25 8.25 0
      vertex 6.25 8.25 25
    endloop
  endfacet
  facet normal 0.994522 -0 0.104531
    outer loop
      vertex -15.45 8.25 12.5
      vertex -15.426 10.25 12.2713
      vertex -15.45 10.25 12.5
    endloop
  endfacet
  facet normal 0.994522 0 0.104531
    outer loop
      vertex -15.426 10.25 12.2713
      vertex -15.45 8.25 12.5
      vertex -15.426 8.25 12.2713
    endloop
  endfacet
  facet normal -0.994522 -0 -0.104532
    outer loop
      vertex -13.274 10.25 12.7287
      vertex -13.262 10.25 12.6144
      vertex -13.274 8.25 12.7287
    endloop
  endfacet
  facet normal -0.207911 0 0.978148
    outer loop
      vertex -14.235 10.25 11.406
      vertex -14.0101 8.25 11.4538
      vertex -14.0101 10.25 11.4538
    endloop
  endfacet
  facet normal -0.207911 0 0.978148
    outer loop
      vertex -14.0101 8.25 11.4538
      vertex -14.235 10.25 11.406
      vertex -14.235 8.25 11.406
    endloop
  endfacet
  facet normal 0.587784 0 0.809018
    outer loop
      vertex -15.086 10.25 11.6825
      vertex -14.9 8.25 11.5474
      vertex -14.9 10.25 11.5474
    endloop
  endfacet
  facet normal 0.587784 0 0.809018
    outer loop
      vertex -14.9 8.25 11.5474
      vertex -15.086 10.25 11.6825
      vertex -15.086 8.25 11.6825
    endloop
  endfacet
  facet normal 0.20791 0 -0.978148
    outer loop
      vertex -14.6899 8.25 13.5462
      vertex -14.465 10.25 13.594
      vertex -14.465 8.25 13.594
    endloop
  endfacet
  facet normal 0.20791 0 -0.978148
    outer loop
      vertex -14.465 10.25 13.594
      vertex -14.6899 8.25 13.5462
      vertex -14.6899 10.25 13.5462
    endloop
  endfacet
  facet normal -0.866025 0 0.5
    outer loop
      vertex -13.4601 8.25 11.8534
      vertex -13.3451 10.25 12.0526
      vertex -13.4601 10.25 11.8534
    endloop
  endfacet
  facet normal -0.866025 0 0.5
    outer loop
      vertex -13.3451 10.25 12.0526
      vertex -13.4601 8.25 11.8534
      vertex -13.3451 8.25 12.0526
    endloop
  endfacet
  facet normal -0.951057 0 0.309016
    outer loop
      vertex -13.3451 8.25 12.0526
      vertex -13.274 10.25 12.2713
      vertex -13.3451 10.25 12.0526
    endloop
  endfacet
  facet normal -0.951057 0 0.309016
    outer loop
      vertex -13.274 10.25 12.2713
      vertex -13.3451 8.25 12.0526
      vertex -13.274 8.25 12.2713
    endloop
  endfacet
  facet normal 0.866025 0 -0.5
    outer loop
      vertex -15.2399 8.25 13.1466
      vertex -15.3549 10.25 12.9474
      vertex -15.2399 10.25 13.1466
    endloop
  endfacet
  facet normal 0.866025 0 -0.5
    outer loop
      vertex -15.3549 10.25 12.9474
      vertex -15.2399 8.25 13.1466
      vertex -15.3549 8.25 12.9474
    endloop
  endfacet
  facet normal 0.866025 -0 0.5
    outer loop
      vertex -15.3549 8.25 12.0526
      vertex -15.2399 10.25 11.8534
      vertex -15.3549 10.25 12.0526
    endloop
  endfacet
  facet normal 0.866025 0 0.5
    outer loop
      vertex -15.2399 10.25 11.8534
      vertex -15.3549 8.25 12.0526
      vertex -15.2399 8.25 11.8534
    endloop
  endfacet
  facet normal 0.951057 -0 0.309016
    outer loop
      vertex -15.426 8.25 12.2713
      vertex -15.3549 10.25 12.0526
      vertex -15.426 10.25 12.2713
    endloop
  endfacet
  facet normal 0.951057 0 0.309016
    outer loop
      vertex -15.3549 10.25 12.0526
      vertex -15.426 8.25 12.2713
      vertex -15.3549 8.25 12.0526
    endloop
  endfacet
  facet normal 0.743146 -0 0.669129
    outer loop
      vertex -15.2399 8.25 11.8534
      vertex -15.086 10.25 11.6825
      vertex -15.2399 10.25 11.8534
    endloop
  endfacet
  facet normal 0.743146 0 0.669129
    outer loop
      vertex -15.086 10.25 11.6825
      vertex -15.2399 8.25 11.8534
      vertex -15.086 8.25 11.6825
    endloop
  endfacet
  facet normal 0.20791 0 0.978148
    outer loop
      vertex -14.6899 10.25 11.4538
      vertex -14.465 8.25 11.406
      vertex -14.465 10.25 11.406
    endloop
  endfacet
  facet normal 0.20791 0 0.978148
    outer loop
      vertex -14.465 8.25 11.406
      vertex -14.6899 10.25 11.4538
      vertex -14.6899 8.25 11.4538
    endloop
  endfacet
  facet normal -0 0 1
    outer loop
      vertex -14.35 10.25 11.406
      vertex -14.235 8.25 11.406
      vertex -14.235 10.25 11.406
    endloop
  endfacet
  facet normal 0 0 1
    outer loop
      vertex -14.465 8.25 11.406
      vertex -14.35 10.25 11.406
      vertex -14.465 10.25 11.406
    endloop
  endfacet
  facet normal 0 0 1
    outer loop
      vertex -14.35 10.25 11.406
      vertex -14.465 8.25 11.406
      vertex -14.235 8.25 11.406
    endloop
  endfacet
  facet normal 0 1 6.74709e-006
    outer loop
      vertex -14.235 8.25 11.406
      vertex -14.9 8.25 11.5474
      vertex -13.8 8.25 11.5474
    endloop
  endfacet
  facet normal 0 1 6.74709e-006
    outer loop
      vertex -14.9 8.25 11.5474
      vertex -14.235 8.25 11.406
      vertex -14.465 8.25 11.406
    endloop
  endfacet
  facet normal 0.406738 0 0.913545
    outer loop
      vertex -14.9 10.25 11.5474
      vertex -14.6899 8.25 11.4538
      vertex -14.6899 10.25 11.4538
    endloop
  endfacet
  facet normal 0.406738 0 0.913545
    outer loop
      vertex -14.6899 8.25 11.4538
      vertex -14.9 10.25 11.5474
      vertex -14.9 8.25 11.5474
    endloop
  endfacet
  facet normal -4.14704e-006 1 1.95104e-005
    outer loop
      vertex -13.8 8.25 11.5474
      vertex -14.0101 8.25 11.4538
      vertex -14.235 8.25 11.406
    endloop
  endfacet
  facet normal -0.994522 0 0.104523
    outer loop
      vertex -13.274 8.25 12.2713
      vertex -13.262 10.25 12.3856
      vertex -13.274 10.25 12.2713
    endloop
  endfacet
  facet normal -0.994522 -2.37113e-007 0.104527
    outer loop
      vertex -13.262 10.25 12.3856
      vertex -13.274 8.25 12.2713
      vertex -13.25 8.25 12.5
    endloop
  endfacet
  facet normal 0.994522 0 -0.104532
    outer loop
      vertex -15.426 8.25 12.7287
      vertex -15.45 10.25 12.5
      vertex -15.426 10.25 12.7287
    endloop
  endfacet
  facet normal 0.994522 0 -0.104532
    outer loop
      vertex -15.45 10.25 12.5
      vertex -15.426 8.25 12.7287
      vertex -15.45 8.25 12.5
    endloop
  endfacet
  facet normal 0.951057 0 -0.309016
    outer loop
      vertex -15.3549 8.25 12.9474
      vertex -15.426 10.25 12.7287
      vertex -15.3549 10.25 12.9474
    endloop
  endfacet
  facet normal 0.951057 0 -0.309016
    outer loop
      vertex -15.426 10.25 12.7287
      vertex -15.3549 8.25 12.9474
      vertex -15.426 8.25 12.7287
    endloop
  endfacet
  facet normal 4.14699e-006 1 1.95102e-005
    outer loop
      vertex -14.465 8.25 11.406
      vertex -14.6899 8.25 11.4538
      vertex -14.9 8.25 11.5474
    endloop
  endfacet
  facet normal -0.587784 0 0.809018
    outer loop
      vertex -13.8 10.25 11.5474
      vertex -13.614 8.25 11.6825
      vertex -13.614 10.25 11.6825
    endloop
  endfacet
  facet normal -0.587784 0 0.809018
    outer loop
      vertex -13.614 8.25 11.6825
      vertex -13.8 10.25 11.5474
      vertex -13.8 8.25 11.5474
    endloop
  endfacet
  facet normal -0.406736 0 0.913546
    outer loop
      vertex -14.0101 10.25 11.4538
      vertex -13.8 8.25 11.5474
      vertex -13.8 10.25 11.5474
    endloop
  endfacet
  facet normal -0.406736 0 0.913546
    outer loop
      vertex -13.8 8.25 11.5474
      vertex -14.0101 10.25 11.4538
      vertex -14.0101 8.25 11.4538
    endloop
  endfacet
  facet normal -0.743146 0 0.669129
    outer loop
      vertex -13.614 8.25 11.6825
      vertex -13.4601 10.25 11.8534
      vertex -13.614 10.25 11.6825
    endloop
  endfacet
  facet normal -0.743146 0 0.669129
    outer loop
      vertex -13.4601 10.25 11.8534
      vertex -13.614 8.25 11.6825
      vertex -13.4601 8.25 11.8534
    endloop
  endfacet
  facet normal -0.994522 -4.98441e-008 0.104531
    outer loop
      vertex -13.25 8.25 12.5
      vertex -13.25 10.25 12.5
      vertex -13.262 10.25 12.3856
    endloop
  endfacet
  facet normal -0.994522 4.98406e-008 -0.104523
    outer loop
      vertex -13.25 8.25 12.5
      vertex -13.262 10.25 12.6144
      vertex -13.25 10.25 12.5
    endloop
  endfacet
  facet normal -0.994522 2.62034e-007 -0.104527
    outer loop
      vertex -13.262 10.25 12.6144
      vertex -13.25 8.25 12.5
      vertex -13.274 8.25 12.7287
    endloop
  endfacet
  facet normal -0.743146 0 -0.669129
    outer loop
      vertex -13.4601 8.25 13.1466
      vertex -13.614 10.25 13.3175
      vertex -13.4601 10.25 13.1466
    endloop
  endfacet
  facet normal -0.743146 -0 -0.669129
    outer loop
      vertex -13.614 10.25 13.3175
      vertex -13.4601 8.25 13.1466
      vertex -13.614 8.25 13.3175
    endloop
  endfacet
  facet normal 0.743146 0 -0.669129
    outer loop
      vertex -15.086 8.25 13.3175
      vertex -15.2399 10.25 13.1466
      vertex -15.086 10.25 13.3175
    endloop
  endfacet
  facet normal 0.743146 0 -0.669129
    outer loop
      vertex -15.2399 10.25 13.1466
      vertex -15.086 8.25 13.3175
      vertex -15.2399 8.25 13.1466
    endloop
  endfacet
  facet normal 0 0 -1
    outer loop
      vertex -14.235 8.25 13.594
      vertex -14.35 10.25 13.594
      vertex -14.235 10.25 13.594
    endloop
  endfacet
  facet normal 0 0 -1
    outer loop
      vertex -14.465 8.25 13.594
      vertex -14.35 10.25 13.594
      vertex -14.235 8.25 13.594
    endloop
  endfacet
  facet normal -0 0 -1
    outer loop
      vertex -14.35 10.25 13.594
      vertex -14.465 8.25 13.594
      vertex -14.465 10.25 13.594
    endloop
  endfacet
  facet normal -0.207911 0 -0.978148
    outer loop
      vertex -14.235 8.25 13.594
      vertex -14.0101 10.25 13.5462
      vertex -14.0101 8.25 13.5462
    endloop
  endfacet
  facet normal -0.207911 0 -0.978148
    outer loop
      vertex -14.0101 10.25 13.5462
      vertex -14.235 8.25 13.594
      vertex -14.235 10.25 13.594
    endloop
  endfacet
  facet normal -0.587784 0 -0.809018
    outer loop
      vertex -13.8 8.25 13.4526
      vertex -13.614 10.25 13.3175
      vertex -13.614 8.25 13.3175
    endloop
  endfacet
  facet normal -0.587784 0 -0.809018
    outer loop
      vertex -13.614 10.25 13.3175
      vertex -13.8 8.25 13.4526
      vertex -13.8 10.25 13.4526
    endloop
  endfacet
  facet normal -0.866025 0 -0.5
    outer loop
      vertex -13.3451 8.25 12.9474
      vertex -13.4601 10.25 13.1466
      vertex -13.3451 10.25 12.9474
    endloop
  endfacet
  facet normal -0.866025 -0 -0.5
    outer loop
      vertex -13.4601 10.25 13.1466
      vertex -13.3451 8.25 12.9474
      vertex -13.4601 8.25 13.1466
    endloop
  endfacet
  facet normal -0.951057 0 -0.309016
    outer loop
      vertex -13.274 8.25 12.7287
      vertex -13.3451 10.25 12.9474
      vertex -13.274 10.25 12.7287
    endloop
  endfacet
  facet normal -0.951057 -0 -0.309016
    outer loop
      vertex -13.3451 10.25 12.9474
      vertex -13.274 8.25 12.7287
      vertex -13.3451 8.25 12.9474
    endloop
  endfacet
  facet normal 0.587784 0 -0.809018
    outer loop
      vertex -15.086 8.25 13.3175
      vertex -14.9 10.25 13.4526
      vertex -14.9 8.25 13.4526
    endloop
  endfacet
  facet normal 0.587784 0 -0.809018
    outer loop
      vertex -14.9 10.25 13.4526
      vertex -15.086 8.25 13.3175
      vertex -15.086 10.25 13.3175
    endloop
  endfacet
  facet normal 0.406738 0 -0.913545
    outer loop
      vertex -14.9 8.25 13.4526
      vertex -14.6899 10.25 13.5462
      vertex -14.6899 8.25 13.5462
    endloop
  endfacet
  facet normal 0.406738 0 -0.913545
    outer loop
      vertex -14.6899 10.25 13.5462
      vertex -14.9 8.25 13.4526
      vertex -14.9 10.25 13.4526
    endloop
  endfacet
  facet normal -0.406736 0 -0.913546
    outer loop
      vertex -14.0101 8.25 13.5462
      vertex -13.8 10.25 13.4526
      vertex -13.8 8.25 13.4526
    endloop
  endfacet
  facet normal -0.406736 0 -0.913546
    outer loop
      vertex -13.8 10.25 13.4526
      vertex -14.0101 8.25 13.5462
      vertex -14.0101 10.25 13.5462
    endloop
  endfacet
  facet normal -0.5 0 0.866025
    outer loop
      vertex -14.35 12.25 9.45
      vertex -11.7086 10.25 10.975
      vertex -11.7086 12.25 10.975
    endloop
  endfacet
  facet normal -0.5 0 0.866025
    outer loop
      vertex -11.7086 10.25 10.975
      vertex -14.35 12.25 9.45
      vertex -14.35 10.25 9.45
    endloop
  endfacet
  facet normal -1 0 0
    outer loop
      vertex -11.7086 10.25 10.975
      vertex -11.7086 12.25 14.025
      vertex -11.7086 12.25 10.975
    endloop
  endfacet
  facet normal -1 -0 0
    outer loop
      vertex -11.7086 12.25 14.025
      vertex -11.7086 10.25 10.975
      vertex -11.7086 10.25 14.025
    endloop
  endfacet
  facet normal 0 1 0
    outer loop
      vertex -14.35 10.25 15.55
      vertex -14.0101 10.25 13.5462
      vertex -14.235 10.25 13.594
    endloop
  endfacet
  facet normal 0 1 0
    outer loop
      vertex -14.35 10.25 15.55
      vertex -13.8 10.25 13.4526
      vertex -14.0101 10.25 13.5462
    endloop
  endfacet
  facet normal -3.31231e-007 1 -4.55902e-007
    outer loop
      vertex -11.7086 10.25 14.025
      vertex -13.614 10.25 13.3175
      vertex -13.8 10.25 13.4526
    endloop
  endfacet
  facet normal -3.75107e-007 1 -3.37747e-007
    outer loop
      vertex -11.7086 10.25 14.025
      vertex -13.4601 10.25 13.1466
      vertex -13.614 10.25 13.3175
    endloop
  endfacet
  facet normal -4.22237e-007 1 -2.43779e-007
    outer loop
      vertex -11.7086 10.25 14.025
      vertex -13.3451 10.25 12.9474
      vertex -13.4601 10.25 13.1466
    endloop
  endfacet
  facet normal -4.80052e-007 1 -1.55978e-007
    outer loop
      vertex -11.7086 10.25 14.025
      vertex -13.274 10.25 12.7287
      vertex -13.3451 10.25 12.9474
    endloop
  endfacet
  facet normal -5.60436e-007 1 -5.89059e-008
    outer loop
      vertex -11.7086 10.25 14.025
      vertex -13.262 10.25 12.6144
      vertex -13.274 10.25 12.7287
    endloop
  endfacet
  facet normal -5.6044e-007 1 -5.89016e-008
    outer loop
      vertex -11.7086 10.25 14.025
      vertex -13.25 10.25 12.5
      vertex -13.262 10.25 12.6144
    endloop
  endfacet
  facet normal -6.18715e-007 1 0
    outer loop
      vertex -11.7086 10.25 10.975
      vertex -13.25 10.25 12.5
      vertex -11.7086 10.25 14.025
    endloop
  endfacet
  facet normal -5.60436e-007 1 5.89054e-008
    outer loop
      vertex -13.25 10.25 12.5
      vertex -11.7086 10.25 10.975
      vertex -13.262 10.25 12.3856
    endloop
  endfacet
  facet normal -5.60439e-007 1 5.89016e-008
    outer loop
      vertex -13.262 10.25 12.3856
      vertex -11.7086 10.25 10.975
      vertex -13.274 10.25 12.2713
    endloop
  endfacet
  facet normal -4.80052e-007 1 1.55978e-007
    outer loop
      vertex -13.274 10.25 12.2713
      vertex -11.7086 10.25 10.975
      vertex -13.3451 10.25 12.0526
    endloop
  endfacet
  facet normal -4.22237e-007 1 2.43779e-007
    outer loop
      vertex -13.3451 10.25 12.0526
      vertex -11.7086 10.25 10.975
      vertex -13.4601 10.25 11.8534
    endloop
  endfacet
  facet normal -3.75107e-007 1 3.37747e-007
    outer loop
      vertex -11.7086 10.25 10.975
      vertex -13.614 10.25 11.6825
      vertex -13.4601 10.25 11.8534
    endloop
  endfacet
  facet normal -3.31231e-007 1 4.55902e-007
    outer loop
      vertex -11.7086 10.25 10.975
      vertex -13.8 10.25 11.5474
      vertex -13.614 10.25 11.6825
    endloop
  endfacet
  facet normal -4.25468e-007 1 1.11572e-007
    outer loop
      vertex -14.35 10.25 9.45
      vertex -13.8 10.25 11.5474
      vertex -11.7086 10.25 10.975
    endloop
  endfacet
  facet normal 0 1 0
    outer loop
      vertex -13.8 10.25 11.5474
      vertex -14.35 10.25 9.45
      vertex -14.0101 10.25 11.4538
    endloop
  endfacet
  facet normal 0 1 0
    outer loop
      vertex -14.0101 10.25 11.4538
      vertex -14.35 10.25 9.45
      vertex -14.235 10.25 11.406
    endloop
  endfacet
  facet normal 0 1 0
    outer loop
      vertex -14.235 10.25 11.406
      vertex -14.35 10.25 9.45
      vertex -14.35 10.25 11.406
    endloop
  endfacet
  facet normal -4.25468e-007 1 -1.11572e-007
    outer loop
      vertex -13.8 10.25 13.4526
      vertex -14.35 10.25 15.55
      vertex -11.7086 10.25 14.025
    endloop
  endfacet
  facet normal 0 1 0
    outer loop
      vertex -14.35 10.25 15.55
      vertex -14.235 10.25 13.594
      vertex -14.35 10.25 13.594
    endloop
  endfacet
  facet normal -0.5 0 -0.866025
    outer loop
      vertex -14.35 10.25 15.55
      vertex -11.7086 12.25 14.025
      vertex -11.7086 10.25 14.025
    endloop
  endfacet
  facet normal -0.5 0 -0.866025
    outer loop
      vertex -11.7086 12.25 14.025
      vertex -14.35 10.25 15.55
      vertex -14.35 12.25 15.55
    endloop
  endfacet
  facet normal 0.5 0 0.866025
    outer loop
      vertex -16.9914 12.25 10.975
      vertex -14.35 10.25 9.45
      vertex -14.35 12.25 9.45
    endloop
  endfacet
  facet normal 0.5 0 0.866025
    outer loop
      vertex -14.35 10.25 9.45
      vertex -16.9914 12.25 10.975
      vertex -16.9914 10.25 10.975
    endloop
  endfacet
  facet normal 0 1 -0
    outer loop
      vertex -14.35 10.25 9.45
      vertex -14.465 10.25 11.406
      vertex -14.35 10.25 11.406
    endloop
  endfacet
  facet normal 0 1 0
    outer loop
      vertex -14.465 10.25 11.406
      vertex -14.35 10.25 9.45
      vertex -16.9914 10.25 10.975
    endloop
  endfacet
  facet normal 0 1 0
    outer loop
      vertex -14.465 10.25 13.594
      vertex -14.35 10.25 15.55
      vertex -14.35 10.25 13.594
    endloop
  endfacet
  facet normal 0 1 0
    outer loop
      vertex -14.6899 10.25 13.5462
      vertex -14.35 10.25 15.55
      vertex -14.465 10.25 13.594
    endloop
  endfacet
  facet normal 0 1 0
    outer loop
      vertex -14.9 10.25 13.4526
      vertex -14.35 10.25 15.55
      vertex -14.6899 10.25 13.5462
    endloop
  endfacet
  facet normal 0 1 0
    outer loop
      vertex -14.35 10.25 15.55
      vertex -14.9 10.25 13.4526
      vertex -16.9914 10.25 14.025
    endloop
  endfacet
  facet normal 0 1 -0
    outer loop
      vertex -15.086 10.25 13.3175
      vertex -16.9914 10.25 14.025
      vertex -14.9 10.25 13.4526
    endloop
  endfacet
  facet normal 0 1 -0
    outer loop
      vertex -15.2399 10.25 13.1466
      vertex -16.9914 10.25 14.025
      vertex -15.086 10.25 13.3175
    endloop
  endfacet
  facet normal 0 1 -0
    outer loop
      vertex -15.3549 10.25 12.9474
      vertex -16.9914 10.25 14.025
      vertex -15.2399 10.25 13.1466
    endloop
  endfacet
  facet normal 0 1 -0
    outer loop
      vertex -15.426 10.25 12.7287
      vertex -16.9914 10.25 14.025
      vertex -15.3549 10.25 12.9474
    endloop
  endfacet
  facet normal 0 1 -0
    outer loop
      vertex -15.45 10.25 12.5
      vertex -16.9914 10.25 14.025
      vertex -15.426 10.25 12.7287
    endloop
  endfacet
  facet normal 0 1 0
    outer loop
      vertex -16.9914 10.25 10.975
      vertex -15.45 10.25 12.5
      vertex -15.426 10.25 12.2713
    endloop
  endfacet
  facet normal 0 1 0
    outer loop
      vertex -16.9914 10.25 10.975
      vertex -15.426 10.25 12.2713
      vertex -15.3549 10.25 12.0526
    endloop
  endfacet
  facet normal 0 1 0
    outer loop
      vertex -16.9914 10.25 10.975
      vertex -15.3549 10.25 12.0526
      vertex -15.2399 10.25 11.8534
    endloop
  endfacet
  facet normal 0 1 0
    outer loop
      vertex -15.45 10.25 12.5
      vertex -16.9914 10.25 10.975
      vertex -16.9914 10.25 14.025
    endloop
  endfacet
  facet normal 0 1 0
    outer loop
      vertex -15.086 10.25 11.6825
      vertex -16.9914 10.25 10.975
      vertex -15.2399 10.25 11.8534
    endloop
  endfacet
  facet normal 0 1 0
    outer loop
      vertex -14.9 10.25 11.5474
      vertex -16.9914 10.25 10.975
      vertex -15.086 10.25 11.6825
    endloop
  endfacet
  facet normal 0 1 0
    outer loop
      vertex -14.6899 10.25 11.4538
      vertex -16.9914 10.25 10.975
      vertex -14.9 10.25 11.5474
    endloop
  endfacet
  facet normal 0 1 0
    outer loop
      vertex -16.9914 10.25 10.975
      vertex -14.6899 10.25 11.4538
      vertex -14.465 10.25 11.406
    endloop
  endfacet
  facet normal 1 -0 0
    outer loop
      vertex -16.9914 10.25 14.025
      vertex -16.9914 12.25 10.975
      vertex -16.9914 12.25 14.025
    endloop
  endfacet
  facet normal 1 0 0
    outer loop
      vertex -16.9914 12.25 10.975
      vertex -16.9914 10.25 14.025
      vertex -16.9914 10.25 10.975
    endloop
  endfacet
  facet normal 0.5 0 -0.866025
    outer loop
      vertex -16.9914 10.25 14.025
      vertex -14.35 12.25 15.55
      vertex -14.35 10.25 15.55
    endloop
  endfacet
  facet normal 0.5 0 -0.866025
    outer loop
      vertex -14.35 12.25 15.55
      vertex -16.9914 10.25 14.025
      vertex -16.9914 12.25 14.025
    endloop
  endfacet
  facet normal 1 -0 0
    outer loop
      vertex 6.25 8.25 25
      vertex 6.25 12.25 0
      vertex 6.25 12.25 25
    endloop
  endfacet
  facet normal 1 0 0
    outer loop
      vertex 6.25 12.25 0
      vertex 6.25 8.25 25
      vertex 6.25 8.25 0
    endloop
  endfacet
endsolid OpenSCAD_Model
